Season,Team,Races,Top5,Top10,Wins,Avg_Finish,Total_Points,Total_Laps,Total_Laps_Led,Lead_Lap_Finishes,Avg_Start,Best_Finish,Worst_Finish,Finishes,Top_5 Pct,Top_10 Pct,Win_Pct,Laps_Led_Pct
1957,Johnny Dodson (Owner),2,0,1,0.0,13.0,,141.0,0.0,0,16.0,10.0,16.0,1,0.0,50.0,0.0,0.0
1959,Charley Griffith (Owner),9,1,3,0.0,19.78,0.0,1135.0,0.0,0,20.11,3.0,39.0,5,11.11,33.33,0.0,0.0
1960,Paul McDuffie (Owner),7,3,3,1.0,20.71,5118.0,1404.0,48.0,1,13.14,1.0,42.0,3,42.86,42.86,14.29,3.42
1961,Raeford Johnson (Owner),32,2,10,0.0,16.72,5878.0,5058.0,0.0,0,16.0,5.0,36.0,13,6.25,31.25,0.0,0.0
1966,Bondy Long (Owner),12,6,8,2.0,10.08,12706.0,2823.0,391.0,4,8.75,1.0,36.0,8,50.0,66.67,16.67,13.85
1970,Bill Dennis (Owner),22,0,5,0.0,19.73,1209.0,3537.0,0.0,0,19.82,6.0,36.0,7,0.0,22.73,0.0,0.0
1976,Morgan-McClure,9,0,0,0.0,24.11,816.0,2012.0,0.0,0,30.0,17.0,33.0,4,0.0,0.0,0.0,0.0
1989,Jimmy Means Racing,23,0,0,0.0,28.91,1759.0,4944.0,4.0,1,31.17,12.0,41.0,9,0.0,0.0,0.0,0.08
1991,Alan Kulwicki Racing,29,4,11,1.0,17.0,3354.0,8507.0,233.0,9,6.83,1.0,35.0,22,13.79,37.93,3.45,2.74
1991,B & B Racing,3,0,0,0.0,24.67,267.0,621.0,0.0,0,39.67,12.0,38.0,2,0.0,0.0,0.0,0.0
1991,Greg Sacks Racing,1,0,0,0.0,42.0,37.0,20.0,0.0,0,25.0,42.0,42.0,0,0.0,0.0,0.0,0.0
1993,Tom Craigen (Owner),2,0,0,0.0,36.0,110.0,96.0,0.0,0,40.5,30.0,42.0,1,0.0,0.0,0.0,0.0
2003,A.J. Foyt Racing,20,0,0,0.0,33.95,1228.0,4587.0,5.0,2,34.95,16.0,43.0,12,0.0,0.0,0.0,0.11
2004,Chip Ganassi Racing,109,14,40,0.0,17.78,12339.0,30772.0,529.0,62,18.31,2.0,39.0,91,12.84,36.7,0.0,1.72
2004,Petty Enterprises,71,0,1,0.0,26.89,5865.0,18971.0,7.0,20,27.62,7.0,39.0,51,0.0,1.41,0.0,0.04
2015,Richard Petty Motorsports,72,3,9,0.0,21.13,1649.0,20181.0,25.0,36,23.85,4.0,43.0,68,4.17,12.5,0.0,0.12
2022,Rick Ware Racing,72,0,3,0.0,27.89,478.0,17264.0,4.0,16,31.85,6.0,38.0,59,0.0,4.17,0.0,0.02
2025,Spire Motorsports,108,6,17,0.0,20.67,1995.0,27221.0,238.0,64,18.81,2.0,39.0,95,5.56,15.74,0.0,0.87
1955,Bill Blair (Owner),6,0,0,0.0,21.33,632.0,927.0,0.0,0,19.5,12.0,39.0,3,0.0,0.0,0.0,0.0
1958,Frankie Schneider (Owner),6,5,5,1.0,7.0,1116.0,1183.0,106.0,2,5.17,1.0,27.0,6,83.33,83.33,16.67,8.96
1959,Reds Kagle (Owner),3,1,1,0.0,17.67,132.0,469.0,0.0,0,15.33,4.0,33.0,1,33.33,33.33,0.0,0.0
1959,,111,0,16,0.0,20.07,10644.0,16158.0,6.0,0,20.06,6.0,50.0,51,0.0,14.41,0.0,0.04
1950,Owens Racing,2,0,0,0.0,15.0,,131.0,0.0,0,10.0,14.0,16.0,0,0.0,0.0,0.0,0.0
1953,Fred Dove (Owner),19,0,4,0.0,16.63,,734.0,0.0,0,32.0,7.0,46.0,3,0.0,21.05,0.0,0.0
1957,Negre Racing,6,1,3,0.0,14.33,,519.0,0.0,0,12.0,5.0,33.0,3,16.67,50.0,0.0,0.0
1958,Johnny Mello (Owner),1,0,0,0.0,14.0,,165.0,0.0,0,20.0,14.0,14.0,0,0.0,0.0,0.0,0.0
1959,Spook Crawford (Owner),11,1,1,0.0,19.91,394.0,2152.0,0.0,0,19.55,4.0,34.0,6,9.09,9.09,0.0,0.0
1961,John Hamby (Owner),2,0,0,0.0,21.0,320.0,515.0,0.0,0,27.0,16.0,26.0,1,0.0,0.0,0.0,0.0
1963,Ralph Sparks (Owner),7,0,1,0.0,16.0,1252.0,995.0,0.0,0,14.29,9.0,22.0,2,0.0,14.29,0.0,0.0
1968,Harold Rhodes (Owner),5,0,1,0.0,17.6,405.0,1256.0,0.0,0,19.8,7.0,24.0,3,0.0,20.0,0.0,0.0
1968,McDuffie Racing,32,0,9,0.0,17.75,1370.0,5587.0,0.0,0,19.25,6.0,42.0,13,0.0,28.13,0.0,0.0
1969,Harry Melton (Owner),44,0,3,0.0,18.52,2249.0,8001.0,0.0,0,25.0,9.0,42.0,23,0.0,6.82,0.0,0.0
1973,Brown Racing (Jerry Brown),13,0,0,0.0,34.38,452.0,1094.0,0.0,0,28.15,16.0,60.0,1,0.0,0.0,0.0,0.0
1975,Harris Racing,11,0,0,0.0,18.64,932.0,2668.0,4.0,0,30.36,11.0,45.0,7,0.0,0.0,0.0,0.15
1975,John Kieper (Owner),2,0,0,0.0,22.0,103.0,191.0,0.0,0,27.5,20.0,24.0,0,0.0,0.0,0.0,0.0
1978,Gordon Racing,26,0,1,0.0,20.08,2674.0,7021.0,0.0,0,30.12,9.0,40.0,19,0.0,3.85,0.0,0.0
1981,Hamby Racing,28,0,0,0.0,21.64,1376.0,6334.0,0.0,0,30.04,11.0,35.0,18,0.0,0.0,0.0,0.0
1983,Irv Sanderson (Owner),5,0,1,0.0,21.2,500.0,1296.0,0.0,0,24.4,8.0,33.0,3,0.0,20.0,0.0,0.0
1990,HL Waters (Owner),1,0,0,0.0,31.0,70.0,310.0,0.0,0,39.0,31.0,31.0,0,0.0,0.0,0.0,0.0
1996,Mark Rypien Motorsports,5,0,0,0.0,31.2,347.0,961.0,0.0,0,22.2,22.0,43.0,3,0.0,0.0,0.0,0.0
1999,Team SABCO,70,3,8,1.0,24.06,6485.0,19636.0,213.0,14,19.97,1.0,42.0,62,4.29,11.43,1.43,1.08
1999,Wood Brothers Racing,34,0,1,0.0,23.21,3191.0,9851.0,5.0,9,28.79,10.0,40.0,32,0.0,2.94,0.0,0.05
2002,MB2 Motorsports,36,0,0,0.0,27.03,2954.0,9813.0,46.0,8,24.17,13.0,43.0,27,0.0,0.0,0.0,0.47
2013,Earnhardt Ganassi Racing,72,8,17,1.0,17.9,1901.0,20754.0,209.0,49,16.15,1.0,41.0,71,11.11,23.61,1.39,1.01
1962,Dick Getty (Owner),6,0,2,0.0,13.33,1416.0,879.0,0.0,0,17.17,7.0,18.0,3,0.0,33.33,0.0,0.0
1965,Nichels Engineering,3,0,0,0.0,29.0,596.0,400.0,11.0,0,7.0,21.0,34.0,0,0.0,0.0,0.0,2.75
1990,,1,0,0,0.0,38.0,49.0,35.0,0.0,0,39.0,38.0,38.0,0,0.0,0.0,0.0,0.0
1950,Glenn Dunaway (Owner),7,2,3,0.0,15.43,,866.0,0.0,0,21.5,2.0,39.0,3,28.57,42.86,0.0,0.0
1958,Lennie Page (Owner),8,0,2,0.0,17.25,836.0,901.0,0.0,0,18.43,7.0,44.0,5,0.0,25.0,0.0,0.0
1959,Larry Frank (Owner),14,4,9,0.0,9.86,3856.0,3210.0,39.0,1,12.79,2.0,24.0,10,28.57,64.29,0.0,1.21
1961,Bob Barron (Owner),31,0,4,0.0,17.65,5344.0,4870.0,0.0,0,21.81,8.0,37.0,18,0.0,12.9,0.0,0.0
1963,Herman Beam (Owner),41,4,14,0.0,13.1,16286.0,9564.0,0.0,0,16.83,5.0,30.0,38,9.76,34.15,0.0,0.0
1964,Fred Harless (Owner),7,0,0,0.0,21.71,1534.0,1371.0,0.0,0,19.86,11.0,41.0,3,0.0,0.0,0.0,0.0
1965,Stroppe Motorsports,1,0,0,0.0,32.0,0.0,37.0,36.0,0,2.0,32.0,32.0,0,0.0,0.0,0.0,97.3
1966,Scott Racing,44,3,17,0.0,13.77,21594.0,9675.0,0.0,0,21.55,3.0,38.0,34,6.82,38.64,0.0,0.0
1971,Cliff Stewart Racing,5,2,3,0.0,10.2,276.0,1360.0,50.0,1,3.8,3.0,24.0,2,40.0,60.0,0.0,3.68
1978,Steve Peles (Owner),3,0,0,0.0,21.33,297.0,979.0,0.0,0,35.67,19.0,24.0,2,0.0,0.0,0.0,0.0
1979,Ranier Racing,26,12,15,3.0,16.12,3249.0,6107.0,1083.0,7,4.77,1.0,40.0,15,46.15,57.69,11.54,17.73
1990,Roush Racing,29,16,23,3.0,6.55,4404.0,9636.0,448.0,22,5.45,1.0,26.0,28,55.17,79.31,10.34,4.65
1994,Melling Racing,15,0,0,0.0,29.27,1133.0,2811.0,1.0,1,29.73,15.0,42.0,8,0.0,0.0,0.0,0.04
2005,Morgan-McClure Motorsports,32,0,1,0.0,28.22,2555.0,8574.0,9.0,8,32.84,8.0,43.0,26,0.0,3.13,0.0,0.1
2010,Wood Brothers Racing,13,0,0,0.0,24.31,1176.0,3509.0,1.0,7,28.69,15.0,37.0,12,0.0,0.0,0.0,0.03
2013,Germain Racing,36,0,1,0.0,24.19,719.0,10303.0,8.0,15,26.86,9.0,37.0,33,0.0,2.78,0.0,0.08
2022,MBM Motorsports,2,0,0,0.0,25.5,11.0,254.0,1.0,1,37.5,25.0,26.0,2,0.0,0.0,0.0,0.39
1951,Stanley Moore (Owner),3,0,0,0.0,46.0,,156.0,0.0,0,19.0,14.0,81.0,0,0.0,0.0,0.0,0.0
1960,Roy Tyner (Owner),17,1,3,0.0,22.88,1158.0,1355.0,0.0,0,24.71,4.0,50.0,5,5.88,17.65,0.0,0.0
1960,Frank Galpin (Owner),3,1,1,0.0,12.67,476.0,283.0,0.0,0,11.5,4.0,22.0,3,33.33,33.33,0.0,0.0
1961,Jack Chatenay (Owner),7,0,0,0.0,16.29,1264.0,589.0,0.0,0,19.4,12.0,21.0,5,0.0,0.0,0.0,0.0
1964,Louis Weathersbee (Owner),27,9,12,2.0,10.59,7248.0,4121.0,192.0,3,9.89,1.0,26.0,15,33.33,44.44,7.41,4.66
1965,GC Spencer Racing,46,14,25,0.0,11.8,24170.0,9064.0,90.0,1,8.54,2.0,37.0,21,30.43,54.35,0.0,0.99
1966,Arrington Racing,20,0,3,0.0,25.25,5840.0,2475.0,0.0,0,20.45,6.0,44.0,5,0.0,15.0,0.0,0.0
1967,Roy Dutton (Owner),8,0,1,0.0,17.13,4716.0,1591.0,0.0,0,28.38,8.0,32.0,6,0.0,12.5,0.0,0.0
1968,Neil Castles (Owner),45,3,14,0.0,16.24,2282.0,9047.0,0.0,0,18.89,3.0,50.0,20,6.67,31.11,0.0,0.0
1971,James Rupe (Owner),3,1,1,0.0,17.0,132.0,653.0,0.0,0,14.33,5.0,26.0,1,33.33,33.33,0.0,0.0
1971,Jack Balmer (Owner),3,0,0,0.0,15.0,231.0,1242.0,0.0,0,16.67,14.0,16.0,2,0.0,0.0,0.0,0.0
1978,Harry Clary (Owner),14,0,2,0.0,25.5,1214.0,2805.0,0.0,0,16.86,9.0,40.0,4,0.0,14.29,0.0,0.0
1980,Osterlund Motorsports,33,19,24,5.0,8.88,4791.0,9887.0,1185.0,13,9.21,1.0,35.0,28,57.58,72.73,15.15,11.99
1980,Ogden Racing,5,0,0,0.0,33.6,274.0,269.0,0.0,0,22.0,30.0,42.0,0,0.0,0.0,0.0,0.0
1981,Ogden Racing,4,0,0,0.0,23.75,367.0,577.0,0.0,0,25.75,15.0,34.0,2,0.0,0.0,0.0,0.0
1985,Richard Childress Racing,28,10,16,4.0,14.68,3561.0,8231.0,1237.0,9,9.54,1.0,40.0,19,35.71,57.14,14.29,15.03
1986,KC Racing,2,0,0,0.0,34.0,122.0,94.0,0.0,0,38.0,26.0,42.0,1,0.0,0.0,0.0,0.0
1997,MB2 Motorsports,31,1,2,0.0,23.35,2901.0,8558.0,4.0,9,25.19,5.0,41.0,25,3.23,6.45,0.0,0.05
2003,Roush Racing,179,31,66,6.0,17.1,20746.0,49748.0,1427.0,103,20.6,1.0,43.0,152,17.32,36.87,3.35,2.87
2018,Richard Childress Racing,74,2,17,1.0,17.64,1510.0,20578.0,80.0,42,17.05,1.0,39.0,68,2.7,22.97,1.35,0.39
2021,23XI Racing,36,3,3,1.0,19.67,690.0,8528.0,62.0,21,19.94,1.0,39.0,32,8.33,8.33,2.78,0.73
1954,Coz Concilla (Owner),2,2,2,0.0,4.0,,782.0,0.0,0,2.0,4.0,4.0,2,100.0,100.0,0.0,0.0
1954,Herschel Buchanan (Owner),1,1,1,0.0,5.0,,160.0,0.0,0,,5.0,5.0,1,100.0,100.0,0.0,0.0
1969,Frank Townsend (Owner),1,0,0,0.0,34.0,51.0,40.0,0.0,0,18.0,34.0,34.0,0,0.0,0.0,0.0,0.0
1975,,5,0,0,0.0,24.8,361.0,280.0,0.0,0,16.0,11.0,32.0,1,0.0,0.0,0.0,0.0
1950,Ted Chester (Owner),1,0,0,0.0,30.0,,21.0,0.0,0,19.0,30.0,30.0,0,0.0,0.0,0.0,0.0
1951,Joe Beccue (Owner),7,1,2,0.0,20.57,,457.0,0.0,0,17.25,5.0,45.0,3,14.29,28.57,0.0,0.0
1953,Leland Colvin (Owner),1,0,0,0.0,45.0,0.0,198.0,41.0,0,6.0,45.0,45.0,0,0.0,0.0,0.0,20.71
1957,Danny Letner (Owner),2,0,1,0.0,13.0,,209.0,0.0,0,8.0,7.0,19.0,1,0.0,50.0,0.0,0.0
1958,Petty Enterprises,62,27,44,7.0,9.9,10308.0,10909.0,439.0,13,7.84,1.0,50.0,49,43.55,70.97,11.29,4.02
1962,Neil Castles (Owner),7,0,0,0.0,20.57,716.0,347.0,0.0,0,20.57,16.0,31.0,2,0.0,0.0,0.0,0.0
1964,Doug Moore (Owner),8,0,0,0.0,21.38,1140.0,1085.0,0.0,0,24.13,11.0,34.0,3,0.0,0.0,0.0,0.0
1968,John Glazebrook (Owner),4,0,0,0.0,25.0,93.0,367.0,0.0,0,22.75,18.0,36.0,0,0.0,0.0,0.0,0.0
1969,Mario Rossi (Owner),24,12,13,4.0,14.5,1906.0,5689.0,1017.0,8,8.54,1.0,43.0,12,50.0,54.17,16.67,17.88
1970,Howard & Egerton Racing,2,0,0,0.0,25.5,0.0,300.0,47.0,0,9.5,24.0,27.0,0,0.0,0.0,0.0,15.67
1974,Don Pruitt (Owner),1,0,0,0.0,32.0,,28.0,0.0,0,30.0,32.0,32.0,0,0.0,0.0,0.0,0.0
1974,Donlavey Racing,24,3,8,0.0,20.33,,5410.0,117.0,1,11.75,4.0,37.0,8,12.5,33.33,0.0,2.16
1978,Pee Wee Griffin (Owner),3,0,1,0.0,24.33,214.0,644.0,0.0,0,14.33,9.0,35.0,1,0.0,33.33,0.0,0.0
1987,Dingman Brothers Racing,16,0,0,0.0,29.75,1100.0,2705.0,1.0,0,24.25,19.0,42.0,5,0.0,0.0,0.0,0.04
1993,Stringer Motorsports,3,0,0,0.0,34.33,180.0,272.0,0.0,0,36.0,27.0,40.0,0,0.0,0.0,0.0,0.0
2005,Wood Brothers Racing,36,2,9,0.0,20.75,3692.0,9841.0,30.0,19,21.44,2.0,41.0,31,5.56,25.0,0.0,0.3
2011,Roush Fenway Racing,144,38,64,5.0,14.36,4361.0,41257.0,2178.0,106,13.42,1.0,39.0,134,26.39,44.44,3.47,5.28
2011,Robby Gordon Motorsports,34,0,0,0.0,34.29,268.0,4564.0,20.0,4,37.15,16.0,43.0,12,0.0,0.0,0.0,0.44
2016,Team Penske,72,32,48,7.0,11.0,2231.0,20497.0,1252.0,59,8.83,1.0,39.0,66,44.44,66.67,9.72,6.11
2017,Stewart-Haas Racing,144,26,52,3.0,16.72,3506.0,39936.0,895.0,89,13.97,1.0,40.0,118,18.06,36.11,2.08,2.24
2021,MBM Motorsports,25,0,0,0.0,33.36,9.0,4499.0,0.0,1,37.8,23.0,40.0,14,0.0,0.0,0.0,0.0
2025,Haas Factory Team,36,2,3,0.0,23.58,486.0,9070.0,10.0,23,23.64,4.0,36.0,32,5.56,8.33,0.0,0.11
1951,Buddy Helms (Owner),1,0,0,0.0,13.0,,132.0,0.0,0,36.0,13.0,13.0,0,0.0,0.0,0.0,0.0
1952,Snowden Racing,8,1,2,0.0,14.75,0.0,1104.0,0.0,0,17.71,5.0,30.0,2,12.5,25.0,0.0,0.0
1977,,5,0,0,0.0,25.0,397.0,520.0,0.0,0,21.2,12.0,40.0,2,0.0,0.0,0.0,0.0
1950,Frank Christian (Owner),11,3,5,1.0,14.0,,1470.0,374.0,2,6.78,1.0,28.0,5,27.27,45.45,9.09,25.44
1953,Chet Williams (Owner),2,0,0,0.0,22.0,,374.0,0.0,0,33.5,17.0,27.0,1,0.0,0.0,0.0,0.0
1955,Eddie Pagan (Owner),2,0,0,0.0,19.0,230.0,287.0,0.0,0,17.0,17.0,21.0,1,0.0,0.0,0.0,0.0
1961,Fred Wheat (Owner),7,0,0,0.0,28.86,2430.0,940.0,0.0,0,26.43,12.0,52.0,2,0.0,0.0,0.0,0.0
1965,Gene Cline (Owner),41,1,7,0.0,17.66,10836.0,5798.0,0.0,0,20.27,5.0,39.0,18,2.44,17.07,0.0,0.0
1966,Handy Racing,14,0,0,0.0,25.0,4088.0,1492.0,0.0,0,23.79,12.0,42.0,2,0.0,0.0,0.0,0.0
1968,Ken Cline (Owner),7,0,0,0.0,24.86,127.0,396.0,0.0,0,25.71,14.0,34.0,2,0.0,0.0,0.0,0.0
1975,Ranier Racing,12,1,4,0.0,18.5,1170.0,2926.0,1.0,0,22.83,4.0,33.0,6,8.33,33.33,0.0,0.03
1981,Newsom Racing,10,0,0,0.0,25.9,853.0,1972.0,0.0,0,32.5,20.0,33.0,2,0.0,0.0,0.0,0.0
2000,MB2 Motorsports,50,2,7,0.0,19.82,5248.0,14687.0,45.0,21,20.74,2.0,40.0,47,4.0,14.0,0.0,0.31
2012,Stewart-Haas Racing,82,18,30,4.0,16.02,2169.0,23077.0,459.0,45,17.23,1.0,38.0,73,21.95,36.59,4.88,1.99
1951,Frank Carlini (Owner),1,0,0,0.0,28.0,,,0.0,0,,28.0,28.0,0,0.0,0.0,0.0,
1962,Joe Jones (Owner),2,0,0,0.0,19.0,256.0,250.0,0.0,0,22.5,17.0,21.0,1,0.0,0.0,0.0,0.0
1962,Rocky Hinton (Owner),7,0,1,0.0,20.57,4366.0,1223.0,0.0,0,24.43,9.0,38.0,4,0.0,14.29,0.0,0.0
1950,Hans Winter (Owner),1,1,1,0.0,4.0,,48.0,0.0,1,8.0,4.0,4.0,1,100.0,100.0,0.0,0.0
1951,Hubert Hamilton (Owner),7,4,6,0.0,8.43,,367.0,0.0,0,30.33,3.0,28.0,4,57.14,85.71,0.0,0.0
1955,Phil Oates (Owner),7,0,3,0.0,11.43,1276.0,1134.0,0.0,1,10.43,6.0,17.0,7,0.0,42.86,0.0,0.0
1957,Sonny Morgan (Owner),1,0,0,0.0,39.0,,,0.0,0,31.0,39.0,39.0,0,0.0,0.0,0.0,
1958,Johnny Gardner (Owner),14,0,0,0.0,21.93,276.0,1569.0,0.0,0,22.15,11.0,39.0,8,0.0,0.0,0.0,0.0
1959,Lynton Tyson (Owner),20,4,9,1.0,12.45,5054.0,4619.0,1.0,2,14.95,1.0,30.0,13,20.0,45.0,5.0,0.02
1960,John Masoni (Owner),28,13,17,3.0,13.89,9252.0,4636.0,320.0,7,10.29,1.0,59.0,18,46.43,60.71,10.71,6.9
1968,Larry Wehrs (Owner),10,0,2,0.0,17.8,848.0,3240.0,0.0,0,22.6,7.0,35.0,7,0.0,20.0,0.0,0.0
1973,Fred Elder (Owner),3,1,1,0.0,19.0,192.0,381.0,0.0,0,15.67,3.0,36.0,1,33.33,33.33,0.0,0.0
1973,Finney Racing,1,0,0,0.0,41.0,20.0,55.0,0.0,0,43.0,41.0,41.0,0,0.0,0.0,0.0,0.0
1975,Puskarich Racing,3,0,0,0.0,27.0,246.0,184.0,0.0,0,31.67,12.0,37.0,1,0.0,0.0,0.0,0.0
1988,Mach 1 Racing,29,1,5,0.0,23.0,2803.0,6847.0,453.0,4,14.14,2.0,42.0,13,3.45,17.24,0.0,6.62
1990,S & H Racing,6,0,0,0.0,30.67,426.0,1599.0,0.0,0,35.17,20.0,39.0,2,0.0,0.0,0.0,0.0
1991,Bud Moore Engineering,29,4,14,0.0,15.86,3438.0,9021.0,86.0,6,21.03,3.0,42.0,23,13.79,48.28,0.0,0.95
1993,SABCO Racing,60,9,18,1.0,17.88,6753.0,18065.0,527.0,13,22.02,1.0,37.0,49,15.0,30.0,1.67,2.92
1995,Brooks/SABCO Racing,22,0,0,0.0,30.95,1548.0,5338.0,2.0,1,27.41,12.0,41.0,12,0.0,0.0,0.0,0.04
2009,Mayfield Motorsports,5,0,0,0.0,35.8,288.0,1362.0,2.0,0,32.8,32.0,40.0,4,0.0,0.0,0.0,0.15
2012,FAS Lane Racing,36,0,0,0.0,30.28,285.0,8943.0,4.0,5,38.83,16.0,42.0,28,0.0,0.0,0.0,0.04
2022,Live Fast Motorsports,36,0,1,0.0,29.64,8.0,7636.0,8.0,6,34.78,7.0,39.0,27,0.0,2.78,0.0,0.1
2023,Beard Motorsports,5,0,0,0.0,26.0,0.0,758.0,0.0,3,30.4,14.0,37.0,4,0.0,0.0,0.0,0.0
1950,Elmer Wilson (Owner),2,0,0,0.0,14.5,,360.0,0.0,0,52.0,11.0,18.0,1,0.0,0.0,0.0,0.0
1957,Ted Chamberlain (Owner),5,0,1,0.0,24.6,,903.0,0.0,0,31.0,9.0,49.0,3,0.0,20.0,0.0,0.0
1963,Fred Clark (Owner),2,0,0,0.0,38.5,172.0,210.0,0.0,0,30.5,32.0,45.0,0,0.0,0.0,0.0,0.0
1964,J.L. Thomas (Owner),5,0,0,0.0,19.4,2928.0,653.0,0.0,0,21.6,12.0,26.0,1,0.0,0.0,0.0,0.0
1969,Wayne Smith (Owner),2,0,0,0.0,22.0,140.0,532.0,0.0,0,32.0,17.0,27.0,1,0.0,0.0,0.0,0.0
1969,Ed Hessert (Owner),14,0,4,0.0,15.57,1025.0,2535.0,1.0,0,20.14,6.0,27.0,8,0.0,28.57,0.0,0.04
1970,Frasson Racing,19,0,2,0.0,15.79,1455.0,4358.0,0.0,0,19.89,9.0,28.0,15,0.0,10.53,0.0,0.0
1971,John Soares Jr. (Owner),5,0,1,0.0,20.6,354.0,1138.0,0.0,0,28.6,6.0,38.0,3,0.0,20.0,0.0,0.0
1976,Cliff Stewart Racing,8,0,1,0.0,26.25,546.0,1678.0,0.0,0,24.13,9.0,40.0,4,0.0,12.5,0.0,0.0
1977,Schmitt Racing,3,0,0,0.0,30.0,219.0,144.0,0.0,0,14.33,19.0,41.0,1,0.0,0.0,0.0,0.0
1978,Butch Hartman (Owner),1,0,0,0.0,36.0,55.0,121.0,0.0,0,27.0,36.0,36.0,0,0.0,0.0,0.0,0.0
1979,Champion Racing,1,0,0,0.0,33.0,64.0,179.0,0.0,0,39.0,33.0,33.0,0,0.0,0.0,0.0,0.0
1985,Ranier-Lundy Racing,16,6,7,2.0,18.63,1861.0,3450.0,664.0,6,9.38,1.0,40.0,7,37.5,43.75,12.5,19.25
1992,Hill Motorsports,5,0,0,0.0,34.6,296.0,658.0,0.0,0,39.0,27.0,38.0,1,0.0,0.0,0.0,0.0
1995,Leo Jackson Motorsports,31,0,1,0.0,25.87,2663.0,8191.0,37.0,3,20.71,10.0,42.0,24,0.0,3.23,0.0,0.45
2004,Haas CNC Racing,37,0,4,0.0,26.14,3140.0,9495.0,1.0,9,22.38,9.0,43.0,27,0.0,10.81,0.0,0.01
2011,Germain Racing,55,0,0,0.0,33.38,542.0,9372.0,10.0,6,33.62,12.0,43.0,27,0.0,0.0,0.0,0.11
2020,Richard Petty Motorsports,36,1,5,0.0,21.08,601.0,9079.0,14.0,18,22.22,5.0,38.0,30,2.78,13.89,0.0,0.15
2023,Spire Motorsports,72,2,3,0.0,24.33,945.0,17322.0,77.0,36,28.29,4.0,40.0,65,2.78,4.17,0.0,0.44
1949,Al Wagoner (Owner),2,1,2,0.0,6.5,,178.0,0.0,0,13.0,5.0,8.0,1,50.0,100.0,0.0,0.0
1969,Johnny Steele (Owner),1,0,0,0.0,43.0,24.0,3.0,0.0,0,41.0,43.0,43.0,0,0.0,0.0,0.0,0.0
1953,Sosebee Racing,15,2,9,0.0,10.07,,733.0,73.0,1,15.0,2.0,23.0,5,13.33,60.0,0.0,9.96
1955,Marvin Panch (Owner),2,1,1,0.0,9.0,272.0,169.0,15.0,0,6.5,2.0,16.0,1,50.0,50.0,0.0,8.88
1955,Jim Reed (Owner),14,4,4,0.0,18.14,2416.0,1691.0,32.0,1,12.69,2.0,41.0,5,28.57,28.57,0.0,1.89
1956,Negre Racing,5,2,4,0.0,8.0,,936.0,0.0,0,8.25,4.0,15.0,4,40.0,80.0,0.0,0.0
1958,Bill Poor (Owner),26,1,7,0.0,14.62,2560.0,4286.0,0.0,0,20.71,5.0,23.0,23,3.85,26.92,0.0,0.0
1958,Jim Rush (Owner),2,0,0,0.0,36.0,,151.0,0.0,0,14.5,29.0,43.0,1,0.0,0.0,0.0,0.0
1960,Dick Foley (Owner),2,0,0,0.0,36.5,140.0,69.0,0.0,0,27.0,12.0,61.0,1,0.0,0.0,0.0,0.0
1961,Scotty Cain (Owner),4,0,1,0.0,18.0,784.0,218.0,0.0,0,6.0,8.0,32.0,2,0.0,25.0,0.0,0.0
1963,Smokey Yunick Racing,7,1,3,1.0,16.57,3582.0,1278.0,62.0,1,10.0,1.0,37.0,3,14.29,42.86,14.29,4.85
1965,Floyd Johnson (Owner),1,0,0,0.0,33.0,100.0,36.0,0.0,0,19.0,33.0,33.0,0,0.0,0.0,0.0,0.0
1968,James Brown (Owner),3,0,1,0.0,22.67,159.0,419.0,0.0,0,35.33,10.0,30.0,1,0.0,33.33,0.0,0.0
1969,Tom Friedkin (Owner),2,1,1,1.0,10.0,114.0,452.0,95.0,1,3.0,1.0,19.0,1,50.0,50.0,50.0,21.02
1978,Jockos Racing,1,0,0,0.0,37.0,52.0,45.0,0.0,0,37.0,37.0,37.0,0,0.0,0.0,0.0,0.0
1983,J.B. Racing,5,0,0,0.0,26.4,419.0,1183.0,0.0,0,31.0,13.0,36.0,1,0.0,0.0,0.0,0.0
1985,Edwards Racing,2,0,0,0.0,28.5,155.0,633.0,0.0,0,38.5,21.0,36.0,1,0.0,0.0,0.0,0.0
1987,Blue Max Racing,29,9,16,2.0,12.83,3818.0,8323.0,450.0,12,12.69,1.0,41.0,22,31.03,55.17,6.9,5.41
1999,Hendrick Motorsports,102,20,34,8.0,18.26,11567.0,28460.0,1684.0,44,18.18,1.0,43.0,84,19.61,33.33,7.84,5.92
1999,Mattei Motorsports,34,1,3,0.0,25.56,2974.0,9022.0,48.0,7,21.15,5.0,42.0,24,2.94,8.82,0.0,0.53
2002,Ultra Motorsports,2,0,0,0.0,33.0,128.0,572.0,0.0,0,32.5,31.0,35.0,2,0.0,0.0,0.0,0.0
2018,BK Racing,36,0,0,0.0,30.92,135.0,9120.0,0.0,2,33.58,17.0,40.0,30,0.0,0.0,0.0,0.0
1958,John Dodd Sr. (Owner),1,0,0,0.0,22.0,320.0,290.0,0.0,0,21.0,22.0,22.0,0,0.0,0.0,0.0,0.0
1963,Paul Lewis (Owner),1,0,0,0.0,37.0,122.0,2.0,0.0,0,37.0,37.0,37.0,0,0.0,0.0,0.0,0.0
1950,Ralph Chaney (Owner),1,0,1,0.0,9.0,,188.0,0.0,0,,9.0,9.0,0,0.0,100.0,0.0,0.0
1959,Joe Jones (Owner),7,0,2,0.0,14.43,1680.0,1444.0,0.0,0,24.86,8.0,22.0,7,0.0,28.57,0.0,0.0
1960,Lynton Tyson (Owner),5,1,1,0.0,20.0,1154.0,637.0,35.0,0,21.4,3.0,30.0,2,20.0,20.0,0.0,5.49
1960,Robert Ramey (Owner),5,0,0,0.0,33.6,464.0,635.0,0.0,0,30.6,18.0,44.0,2,0.0,0.0,0.0,0.0
1960,Carl Dane (Owner),3,1,1,0.0,14.67,354.0,216.0,0.0,0,17.5,5.0,28.0,1,33.33,33.33,0.0,0.0
1960,Bob Smith (Owner),3,0,2,0.0,13.0,444.0,288.0,0.0,0,23.5,8.0,23.0,2,0.0,66.67,0.0,0.0
1962,Joe Lee Johnson (Owner),5,0,0,0.0,23.2,640.0,471.0,0.0,0,15.0,12.0,38.0,1,0.0,0.0,0.0,0.0
1963,Lewis Osborne (Owner),3,0,0,0.0,28.33,860.0,355.0,0.0,0,32.0,22.0,34.0,1,0.0,0.0,0.0,0.0
1968,K&K Insurance Racing,52,27,38,3.0,8.4,3594.0,13697.0,1389.0,10,6.25,1.0,36.0,40,51.92,73.08,5.77,10.14
1969,Fred Bear (Owner),21,1,6,0.0,17.33,981.0,4510.0,0.0,0,16.57,5.0,35.0,11,4.76,28.57,0.0,0.0
1973,McGee Racing,23,2,6,0.0,17.83,1526.0,6552.0,4.0,0,22.74,4.0,36.0,12,8.7,26.09,0.0,0.06
1975,DeWitt Racing,30,11,17,1.0,14.43,3820.0,8528.0,496.0,4,7.5,1.0,43.0,17,36.67,56.67,3.33,5.82
1976,Bud Moore Engineering,30,16,16,1.0,15.5,3745.0,7335.0,1028.0,5,4.53,1.0,39.0,16,53.33,53.33,3.33,14.01
1978,Cronkrite Racing,5,0,1,0.0,16.2,464.0,1211.0,0.0,0,24.4,7.0,29.0,4,0.0,20.0,0.0,0.0
1980,Hylton Engineering,30,0,4,0.0,17.27,3349.0,8917.0,26.0,0,26.0,7.0,39.0,27,0.0,13.33,0.0,0.29
1980,Gordon Racing,27,0,3,0.0,19.59,2820.0,7432.0,0.0,0,28.3,8.0,37.0,22,0.0,11.11,0.0,0.0
1983,Race Hill Farm Team,28,1,7,0.0,17.89,3113.0,7187.0,22.0,1,12.89,4.0,41.0,17,3.57,25.0,0.0,0.31
1989,TriStar Motorsports,3,0,0,0.0,33.0,73.0,553.0,0.0,0,32.0,30.0,38.0,1,0.0,0.0,0.0,0.0
1990,SABCO Racing,28,2,13,1.0,15.71,3362.0,8595.0,840.0,9,11.93,1.0,41.0,23,7.14,46.43,3.57,9.77
2006,Evernham Motorsports,72,12,21,6.0,21.17,7505.0,19938.0,820.0,40,16.81,1.0,41.0,60,16.67,29.17,8.33,4.11
2007,Robert Yates Racing,72,1,3,0.0,27.03,5929.0,19706.0,29.0,19,28.07,4.0,42.0,62,1.39,4.17,0.0,0.15
2013,BK Racing,72,0,0,0.0,30.75,961.0,18375.0,8.0,12,33.74,16.0,43.0,54,0.0,0.0,0.0,0.04
2013,FAS Lane Racing,36,0,0,0.0,31.72,443.0,9926.0,1.0,4,38.67,18.0,42.0,31,0.0,0.0,0.0,0.01
2016,Circle Sport - Leavine Family Racing,38,0,2,0.0,24.76,510.0,10769.0,3.0,14,28.37,10.0,39.0,35,0.0,5.26,0.0,0.03
2025,Joe Gibbs Racing,144,47,69,13.0,13.99,4086.0,36500.0,2494.0,119,12.24,1.0,38.0,129,32.64,47.92,9.03,6.83
2025,RFK Racing,108,14,43,0.0,16.19,2533.0,27834.0,402.0,80,17.61,2.0,39.0,97,12.96,39.81,0.0,1.44
1949,Rice Racing,10,6,7,0.0,12.0,,1001.0,180.0,1,13.0,3.0,30.0,6,60.0,70.0,0.0,17.98
1957,Harvey Henderson (Owner),1,0,0,0.0,15.0,,172.0,0.0,0,13.0,15.0,15.0,1,0.0,0.0,0.0,0.0
1964,Norm Nelson (Owner),1,0,0,0.0,23.0,0.0,77.0,2.0,0,21.0,23.0,23.0,0,0.0,0.0,0.0,2.6
1967,Pistone Racing,1,0,1,0.0,6.0,400.0,278.0,0.0,0,7.0,6.0,6.0,1,0.0,100.0,0.0,0.0
1967,A.C. Rakestraw (Owner),5,0,1,0.0,28.0,3148.0,844.0,0.0,0,30.0,7.0,42.0,2,0.0,20.0,0.0,0.0
1950,Fred Johnson (Owner),2,0,1,0.0,17.0,,244.0,0.0,0,25.0,8.0,26.0,0,0.0,50.0,0.0,0.0
1950,F.J. Bland (Owner),1,0,1,0.0,7.0,,380.0,23.0,0,38.0,7.0,7.0,1,0.0,100.0,0.0,6.05
1950,McGriff Motorsports,1,0,1,0.0,9.0,,374.0,0.0,0,44.0,9.0,9.0,1,0.0,100.0,0.0,0.0
1953,Bub King (Owner),14,0,5,0.0,16.21,0.0,1029.0,0.0,0,24.8,6.0,38.0,5,0.0,35.71,0.0,0.0
1953,Bill Blair (Owner),21,6,8,1.0,15.48,,1043.0,51.0,1,18.86,1.0,33.0,4,28.57,38.1,4.76,4.89
1953,George Osborne (Owner),2,0,0,0.0,16.5,,477.0,0.0,0,25.0,16.0,17.0,1,0.0,0.0,0.0,0.0
1956,Bob Fish (Owner),1,0,0,0.0,58.0,,,0.0,0,33.0,58.0,58.0,0,0.0,0.0,0.0,
1957,Bill Morton (Owner),5,0,4,0.0,9.4,,653.0,0.0,0,16.75,7.0,12.0,4,0.0,80.0,0.0,0.0
1960,Rex White (Owner),37,25,33,6.0,4.92,20444.0,8405.0,342.0,13,5.78,1.0,23.0,35,67.57,89.19,16.22,4.07
1960,Charles Griffin (Owner),1,0,0,0.0,28.0,70.0,181.0,0.0,0,28.0,28.0,28.0,1,0.0,0.0,0.0,0.0
1964,Fred Harb (Owner),1,0,1,0.0,8.0,0.0,188.0,0.0,0,9.0,8.0,8.0,1,0.0,100.0,0.0,0.0
1965,Bown Racing,1,0,0,0.0,27.0,300.0,47.0,0.0,0,9.0,27.0,27.0,0,0.0,0.0,0.0,0.0
1965,Lyle Stelter (Owner),27,7,14,1.0,13.11,10516.0,3871.0,209.0,1,12.81,1.0,39.0,16,25.93,51.85,3.7,5.4
1967,Whitey Gerkin (Owner),2,0,0,0.0,29.5,0.0,407.0,2.0,0,16.5,15.0,44.0,0,0.0,0.0,0.0,0.49
1969,Bill France (Owner),1,0,1,0.0,9.0,0.0,152.0,28.0,0,13.0,9.0,9.0,0,0.0,100.0,0.0,18.42
1970,Bill Clifton (Owner),2,0,0,0.0,35.0,96.0,60.0,0.0,0,23.5,28.0,42.0,0,0.0,0.0,0.0,0.0
1971,Gray Racing,38,0,4,0.0,21.11,2347.0,7565.0,0.0,0,24.79,8.0,43.0,19,0.0,10.53,0.0,0.0
1971,Ramo Stott (Owner),3,0,1,0.0,9.33,165.0,476.0,0.0,1,18.67,6.0,11.0,3,0.0,33.33,0.0,0.0
1972,Willie Humphries (Owner),5,1,1,0.0,29.0,220.0,474.0,0.0,0,15.4,4.0,41.0,1,20.0,20.0,0.0,0.0
1972,Arrington Racing,21,1,10,0.0,15.9,1394.0,5670.0,0.0,0,16.9,5.0,34.0,13,4.76,47.62,0.0,0.0
1975,Dalton Racing,17,0,3,0.0,18.94,1809.0,4492.0,0.0,0,24.59,9.0,32.0,11,0.0,17.65,0.0,0.0
1976,Jerry Lankford (Owner),8,0,2,0.0,17.13,772.0,2049.0,0.0,0,21.38,9.0,33.0,6,0.0,25.0,0.0,0.0
1983,Riley Racing,3,0,0,0.0,33.0,192.0,329.0,0.0,0,33.67,29.0,38.0,0,0.0,0.0,0.0,0.0
1985,U. S. Motorsports Inc.,27,0,0,0.0,23.93,2396.0,6845.0,0.0,0,31.52,15.0,34.0,15,0.0,0.0,0.0,0.0
1990,Close Racing,14,0,0,0.0,24.14,1278.0,3450.0,7.0,1,30.64,11.0,38.0,10,0.0,0.0,0.0,0.2
1991,Barkdoll Motorsports,4,0,0,0.0,24.0,364.0,646.0,0.0,0,31.25,19.0,35.0,3,0.0,0.0,0.0,0.0
1991,Close Racing,13,0,0,0.0,28.92,991.0,3199.0,0.0,0,29.85,17.0,39.0,6,0.0,0.0,0.0,0.0
1991,Venturini Motorsports,2,0,0,0.0,39.5,89.0,71.0,0.0,0,37.0,39.0,40.0,0,0.0,0.0,0.0,0.0
1994,Marcis Auto Racing,23,0,1,0.0,26.96,1910.0,5914.0,17.0,2,28.0,10.0,41.0,16,0.0,4.35,0.0,0.29
2000,Donlavey Racing,18,0,0,0.0,33.61,1119.0,3429.0,0.0,2,33.39,14.0,42.0,9,0.0,0.0,0.0,0.0
2009,Joe Gibbs Racing,111,27,40,9.0,16.48,13322.0,31231.0,2573.0,74,15.76,1.0,43.0,102,24.32,36.04,8.11,8.24
2009,Team Red Bull,69,5,14,1.0,22.83,6670.0,19100.0,118.0,30,18.78,1.0,41.0,56,7.25,20.29,1.45,0.62
2012,BK Racing,73,0,1,0.0,26.71,1262.0,19707.0,18.0,14,32.93,8.0,43.0,65,0.0,1.37,0.0,0.09
2014,Richard Petty Motorsports,72,5,14,1.0,20.69,1690.0,20041.0,72.0,43,19.51,1.0,43.0,65,6.94,19.44,1.39,0.36
2020,Petty Ware Racing,36,0,0,0.0,33.56,10.0,8398.0,0.0,2,34.25,17.0,40.0,28,0.0,0.0,0.0,0.0
1957,Larson Racing,10,1,5,0.0,15.1,,1244.0,0.0,0,17.6,5.0,30.0,5,10.0,50.0,0.0,0.0
1959,Carl Tyler (Owner),2,0,0,0.0,38.5,112.0,63.0,0.0,0,32.5,23.0,54.0,1,0.0,0.0,0.0,0.0
1960,Owens Racing,17,8,8,2.0,14.65,8882.0,3157.0,482.0,5,4.94,1.0,51.0,10,47.06,47.06,11.76,15.27
1960,James Norton (Owner),5,0,1,0.0,13.2,,814.0,0.0,0,16.0,10.0,18.0,2,0.0,20.0,0.0,0.0
1962,Rex White (Owner),38,18,23,8.0,10.37,19504.0,7807.0,1124.0,10,6.89,1.0,31.0,25,47.37,60.53,21.05,14.4
1969,DeWitt Racing,53,18,28,0.0,13.45,3223.0,11874.0,20.0,0,10.15,2.0,45.0,32,33.96,52.83,0.0,0.17
1969,Ellington Racing,15,0,4,0.0,18.33,1210.0,2988.0,0.0,0,18.73,7.0,32.0,7,0.0,26.67,0.0,0.0
1972,Langley-Woodfield Racing,31,1,10,0.0,16.45,2136.0,8291.0,0.0,0,24.55,5.0,35.0,22,3.23,32.26,0.0,0.0
1983,Linro Motorsports,3,0,0,0.0,32.33,198.0,312.0,0.0,0,34.67,26.0,36.0,1,0.0,0.0,0.0,0.0
1985,DiGard  Motorsports,31,7,13,1.0,15.58,3685.0,8427.0,405.0,6,14.29,1.0,35.0,22,22.58,41.94,3.23,4.81
1988,Hope Motorsports,2,0,0,0.0,28.0,158.0,241.0,0.0,0,33.0,26.0,30.0,2,0.0,0.0,0.0,0.0
1990,Alan Kulwicki Racing,29,5,13,1.0,14.55,3599.0,8635.0,400.0,14,11.9,1.0,35.0,23,17.24,44.83,3.45,4.63
1990,Don Freymiller (Owner),3,0,0,0.0,29.33,230.0,340.0,4.0,0,33.33,24.0,39.0,2,0.0,0.0,0.0,1.18
1992,Sadler Racing,4,0,0,0.0,30.5,291.0,788.0,2.0,0,34.75,19.0,42.0,2,0.0,0.0,0.0,0.25
1992,Ferree Racing,1,0,0,0.0,29.0,76.0,50.0,0.0,0,30.0,29.0,29.0,1,0.0,0.0,0.0,0.0
2001,PPI Motorsports,53,4,7,1.0,26.68,4502.0,13282.0,171.0,15,21.68,1.0,43.0,35,7.55,13.21,1.89,1.29
2004,Arnold Motorsports,34,0,0,0.0,35.44,1942.0,6108.0,5.0,0,35.56,22.0,43.0,13,0.0,0.0,0.0,0.08
2005,Chip Ganassi Racing,114,9,25,0.0,21.47,11464.0,30903.0,204.0,57,24.04,2.0,43.0,96,7.89,21.93,0.0,0.66
2005,Front Row Motorsports,11,0,0,0.0,34.0,671.0,2831.0,0.0,1,35.09,29.0,42.0,8,0.0,0.0,0.0,0.0
2009,Roush Fenway Racing,180,25,49,3.0,18.06,20184.0,50525.0,997.0,126,20.88,1.0,43.0,167,13.89,27.22,1.67,1.97
1951,Bob Osiecki (Owner),7,1,2,0.0,20.0,,494.0,0.0,1,53.0,5.0,53.0,1,14.29,28.57,0.0,0.0
1951,Paul Newkirk (Owner),1,1,1,0.0,5.0,,241.0,0.0,0,38.0,5.0,5.0,1,100.0,100.0,0.0,0.0
1953,J.O. Goode (Owner),9,2,5,0.0,13.0,,617.0,0.0,0,,4.0,29.0,3,22.22,55.56,0.0,0.0
1956,Ralph Liguori (Owner),12,0,3,0.0,23.42,,776.0,0.0,0,18.18,6.0,55.0,3,0.0,25.0,0.0,0.0
1957,Bobby Waddell (Owner),1,0,0,0.0,23.0,,39.0,0.0,0,24.0,23.0,23.0,0,0.0,0.0,0.0,0.0
1959,Bill Clifton (Owner),1,0,1,0.0,10.0,,439.0,0.0,0,15.0,10.0,10.0,1,0.0,100.0,0.0,0.0
1960,W.J. Ridgeway (Owner),16,1,2,0.0,24.5,5696.0,1763.0,76.0,0,19.31,2.0,64.0,5,6.25,12.5,0.0,4.31
1962,Wood Brothers Racing,14,5,8,0.0,11.79,14742.0,3552.0,156.0,4,6.86,2.0,33.0,9,35.71,57.14,0.0,4.39
1965,Buck Baker Racing,121,20,56,0.0,14.5,54006.0,21684.0,0.0,2,16.21,2.0,40.0,69,16.53,46.28,0.0,0.0
1968,Roy Trantham (Owner),3,0,1,0.0,19.67,162.0,816.0,0.0,1,13.33,8.0,28.0,1,0.0,33.33,0.0,0.0
1969,Champion Racing,54,1,9,0.0,18.7,2897.0,10628.0,0.0,0,17.69,5.0,43.0,26,1.85,16.67,0.0,0.0
1970,Ramo Stott (Owner),3,0,3,0.0,8.0,129.0,424.0,0.0,0,15.33,8.0,8.0,3,0.0,100.0,0.0,0.0
1981,Gordon Racing,28,0,3,0.0,19.25,2579.0,7900.0,104.0,0,26.46,6.0,37.0,22,0.0,10.71,0.0,1.32
1982,Buck Baker Racing,3,0,0,0.0,29.0,161.0,473.0,0.0,0,28.67,20.0,35.0,1,0.0,0.0,0.0,0.0
1983,Marcis Auto Racing,30,0,7,0.0,17.5,3361.0,7771.0,24.0,1,22.1,7.0,34.0,19,0.0,23.33,0.0,0.31
1985,Ellington Racing,13,0,2,0.0,24.69,932.0,2411.0,2.0,0,16.77,10.0,42.0,5,0.0,15.38,0.0,0.08
1990,Hendrick Motorsports,102,22,45,1.0,15.5,12343.0,29816.0,826.0,38,13.74,1.0,40.0,82,21.57,44.12,0.98,2.77
1993,Marcis Auto Racing,24,0,0,0.0,26.46,2022.0,6365.0,14.0,0,33.88,15.0,39.0,17,0.0,0.0,0.0,0.22
1999,Bahari' Racing,11,0,0,0.0,33.64,683.0,2403.0,0.0,0,32.09,18.0,42.0,8,0.0,0.0,0.0,0.0
2019,Roush Fenway Racing,72,4,17,0.0,17.51,1539.0,19556.0,128.0,42,17.49,2.0,40.0,66,5.56,23.61,0.0,0.65
2020,Chip Ganassi Racing,72,9,24,1.0,16.83,1622.0,18732.0,184.0,46,13.67,1.0,40.0,62,12.5,33.33,1.39,0.98
2024,Spire Motorsports,108,4,14,0.0,21.63,1708.0,27829.0,67.0,67,23.09,2.0,40.0,98,3.7,12.96,0.0,0.24
1949,Pat Kirkwood (Owner),1,0,0,0.0,29.0,,,0.0,0,19.0,29.0,29.0,0,0.0,0.0,0.0,
1954,Sam Knox (Owner),5,0,1,0.0,20.4,,135.0,0.0,0,37.0,10.0,26.0,1,0.0,20.0,0.0,0.0
1954,Chester Price (Owner),2,0,0,0.0,24.0,,277.0,0.0,0,13.0,16.0,32.0,0,0.0,0.0,0.0,0.0
1959,Paul Walton (Owner),2,1,1,0.0,10.0,,358.0,0.0,0,8.0,4.0,16.0,1,50.0,50.0,0.0,0.0
1969,Ober Logging,1,0,0,0.0,12.0,117.0,160.0,0.0,0,23.0,12.0,12.0,1,0.0,0.0,0.0,0.0
1953,Buddy Shuman (Owner),2,0,0,0.0,27.0,,,0.0,0,7.0,23.0,31.0,0,0.0,0.0,0.0,
1954,Jack Smith (Owner),6,0,1,0.0,18.5,,381.0,0.0,0,23.0,6.0,24.0,2,0.0,16.67,0.0,0.0
1959,Raul Cilloniz (Owner),2,0,0,0.0,15.0,1272.0,229.0,0.0,0,32.5,12.0,18.0,2,0.0,0.0,0.0,0.0
1960,Shep Langdon (Owner),4,0,1,0.0,14.25,720.0,588.0,0.0,0,20.25,7.0,20.0,3,0.0,25.0,0.0,0.0
1964,Ray Osborne (Owner),18,0,2,0.0,21.89,3362.0,1948.0,0.0,0,25.33,9.0,40.0,5,0.0,11.11,0.0,0.0
1966,Emory Gilliam (Owner),9,0,1,0.0,21.67,1174.0,815.0,36.0,0,13.11,9.0,31.0,2,0.0,11.11,0.0,4.42
1969,Roy Tyner (Owner),24,0,1,0.0,24.13,1384.0,3936.0,0.0,0,27.29,10.0,44.0,8,0.0,4.17,0.0,0.0
1970,Gordon Racing,55,3,12,0.0,18.84,2906.0,10038.0,0.0,0,20.36,4.0,40.0,31,5.45,21.82,0.0,0.0
1971,Nichels Engineering,23,8,11,0.0,19.65,1041.0,4241.0,152.0,1,8.39,2.0,48.0,10,34.78,47.83,0.0,3.58
1979,Ballard Racing,24,1,7,0.0,18.71,2473.0,5186.0,0.0,0,18.88,4.0,41.0,14,4.17,29.17,0.0,0.0
1983,Cronkrite Racing,3,0,0,0.0,32.67,113.0,296.0,0.0,0,26.33,27.0,42.0,0,0.0,0.0,0.0,0.0
1989,Melling Racing,29,8,14,3.0,12.97,3774.0,9037.0,380.0,12,8.86,1.0,39.0,25,27.59,48.28,10.34,4.2
1991,Smokey Yunick Racing,2,0,0,0.0,29.5,149.0,361.0,0.0,0,32.5,27.0,32.0,1,0.0,0.0,0.0,0.0
1992,Martin Birrane Racing,11,0,0,0.0,24.82,974.0,2142.0,0.0,1,24.55,13.0,40.0,10,0.0,0.0,0.0,0.0
1992,Moroso Racing,3,0,0,0.0,29.33,225.0,951.0,0.0,0,32.0,20.0,35.0,2,0.0,0.0,0.0,0.0
1993,Bobby Allison Motorsports,30,5,10,0.0,16.5,3496.0,8867.0,64.0,9,19.77,2.0,39.0,26,16.67,33.33,0.0,0.72
1997,Richard Childress Racing,63,7,19,0.0,19.03,6885.0,18082.0,254.0,26,21.02,2.0,42.0,55,11.11,30.16,0.0,1.4
1997,Penske Racing South,32,8,12,1.0,18.69,3598.0,8747.0,779.0,14,18.63,1.0,43.0,22,25.0,37.5,3.13,8.91
2023,Team Penske,108,20,40,4.0,16.89,2618.0,26878.0,903.0,78,14.3,1.0,37.0,96,18.52,37.04,3.7,3.36
1954,Joe Savatier (Owner),3,0,1,0.0,11.33,,995.0,0.0,0,20.0,8.0,14.0,3,0.0,33.33,0.0,0.0
1954,Fred Bince (Owner),2,0,0,0.0,23.0,,426.0,0.0,0,3.0,19.0,27.0,1,0.0,0.0,0.0,0.0
1957,Hoyt Platt (Owner),1,0,0,0.0,21.0,,50.0,0.0,0,30.0,21.0,21.0,1,0.0,0.0,0.0,0.0
1969,Robert Link (Owner),1,0,0,0.0,28.0,69.0,62.0,0.0,0,37.0,28.0,28.0,0,0.0,0.0,0.0,0.0
1950,Jimmy Florian (Owner),10,3,6,1.0,13.7,,1060.0,40.0,1,33.0,1.0,41.0,3,30.0,60.0,10.0,3.77
1952,Iggy Katona (Owner),2,0,1,0.0,13.5,,180.0,0.0,0,8.0,8.0,19.0,1,0.0,50.0,0.0,0.0
1954,Ralph Liguori (Owner),22,2,10,0.0,16.59,,3240.0,0.0,0,17.25,3.0,51.0,14,9.09,45.45,0.0,0.0
1954,George Parrish (Owner),3,0,0,0.0,26.0,,440.0,0.0,0,12.0,19.0,37.0,1,0.0,0.0,0.0,0.0
1956,John Dodd Sr. (Owner),5,0,1,0.0,21.8,,400.0,0.0,0,17.25,10.0,27.0,1,0.0,20.0,0.0,0.0
1961,Leroy Faucett (Owner),6,0,1,0.0,20.83,3660.0,890.0,0.0,0,23.0,9.0,35.0,4,0.0,16.67,0.0,0.0
1965,Johnny Steele (Owner),1,0,0,0.0,37.0,100.0,16.0,0.0,0,26.0,37.0,37.0,0,0.0,0.0,0.0,0.0
1965,Toy Bolton (Owner),26,2,6,0.0,20.04,10480.0,3352.0,0.0,0,17.92,2.0,39.0,7,7.69,23.08,0.0,0.0
1971,K&K Insurance Racing,26,16,18,4.0,10.69,1945.0,7037.0,1791.0,7,4.0,1.0,49.0,17,61.54,69.23,15.38,25.45
1980,Gray Racing,23,0,1,0.0,23.39,1538.0,4777.0,0.0,0,28.22,10.0,40.0,10,0.0,4.35,0.0,0.0
1981,Lennie Pond (Owner),9,0,0,0.0,21.44,888.0,2145.0,0.0,0,18.67,11.0,36.0,4,0.0,0.0,0.0,0.0
1982,Junior Johnson & Associates,33,17,20,12.0,10.15,4800.0,10138.0,3027.0,15,5.33,1.0,36.0,25,51.52,60.61,36.36,29.86
1982,Pistone Racing,1,0,0,0.0,29.0,0.0,81.0,0.0,0,30.0,29.0,29.0,0,0.0,0.0,0.0,0.0
1984,Wawak Racing,4,0,0,0.0,27.75,243.0,873.0,0.0,0,34.5,22.0,32.0,2,0.0,0.0,0.0,0.0
1985,Benfield Racing,6,0,0,0.0,33.17,381.0,542.0,0.0,0,25.5,24.0,41.0,0,0.0,0.0,0.0,0.0
1988,Junior Johnson & Associates,29,11,18,1.0,10.79,4007.0,9206.0,207.0,13,12.76,1.0,32.0,26,37.93,62.07,3.45,2.25
1988,Curb Racing,19,0,0,0.0,25.58,1468.0,4057.0,1.0,1,35.37,14.0,37.0,11,0.0,0.0,0.0,0.02
1988,Bahre Racing,1,0,0,0.0,24.0,91.0,271.0,0.0,0,27.0,24.0,24.0,0,0.0,0.0,0.0,0.0
1989,Junior Johnson & Associates,29,9,11,2.0,15.14,3569.0,8236.0,105.0,10,13.21,1.0,40.0,23,31.03,37.93,6.9,1.27
1990,Dick Midgley Motorsports,1,0,0,0.0,15.0,118.0,74.0,0.0,1,37.0,15.0,15.0,1,0.0,0.0,0.0,0.0
1991,Moroso Racing,17,0,1,0.0,20.35,1737.0,4766.0,0.0,2,27.0,7.0,41.0,13,0.0,5.88,0.0,0.0
1992,Close Racing,3,0,0,0.0,26.0,255.0,547.0,0.0,0,32.33,11.0,36.0,1,0.0,0.0,0.0,0.0
1994,TTC Motorsports Inc.,2,0,0,0.0,31.0,140.0,372.0,0.0,0,39.0,31.0,31.0,2,0.0,0.0,0.0,0.0
1995,Roush Racing,62,20,35,4.0,11.97,8269.0,18973.0,783.0,32,12.97,1.0,38.0,60,32.26,56.45,6.45,4.13
1996,Sadler Racing,12,0,0,0.0,33.25,759.0,2850.0,0.0,0,29.33,23.0,42.0,7,0.0,0.0,0.0,0.0
2005,Robert Yates Racing,72,5,19,1.0,17.92,8044.0,21084.0,387.0,47,17.28,1.0,39.0,68,6.94,26.39,1.39,1.84
1950,Larry Shurter (Owner),1,0,0,0.0,25.0,,37.0,0.0,0,27.0,25.0,25.0,0,0.0,0.0,0.0,0.0
1951,Lloyd Dane (Owner),6,2,3,0.0,17.17,,465.0,0.0,0,11.33,3.0,59.0,2,33.33,50.0,0.0,0.0
1951,Les Snow (Owner),2,0,1,0.0,13.5,,222.0,0.0,0,22.0,6.0,21.0,0,0.0,50.0,0.0,0.0
1955,Julian Petty (Owner),30,12,21,0.0,9.07,5680.0,4556.0,0.0,2,11.5,2.0,26.0,23,40.0,70.0,0.0,0.0
1957,Walt Palozi (Owner),4,1,2,0.0,14.0,,408.0,0.0,0,18.75,4.0,23.0,1,25.0,50.0,0.0,0.0
1958,Eddie Skinner (Owner),5,0,0,0.0,19.2,544.0,750.0,0.0,0,18.0,11.0,25.0,3,0.0,0.0,0.0,0.0
1960,Dale Swanson (Owner),9,3,5,1.0,13.22,8218.0,2567.0,1.0,1,15.67,1.0,33.0,6,33.33,55.56,11.11,0.04
1961,Don Every (Owner),2,0,0,0.0,12.0,2320.0,448.0,0.0,0,22.5,11.0,13.0,2,0.0,0.0,0.0,0.0
1967,Junior Johnson & Associates,20,9,10,1.0,14.1,20406.0,4873.0,733.0,4,4.25,1.0,36.0,10,45.0,50.0,5.0,15.04
1968,Donlavey Racing,4,0,0,0.0,33.25,209.0,420.0,0.0,0,24.25,29.0,38.0,0,0.0,0.0,0.0,0.0
1969,GC Spencer Racing,44,4,12,0.0,19.64,2546.0,8231.0,0.0,0,15.11,4.0,40.0,16,9.09,27.27,0.0,0.0
1969,Richard Childress Racing,1,0,0,0.0,23.0,0.0,80.0,0.0,0,26.0,23.0,23.0,0,0.0,0.0,0.0,0.0
1973,James Bryant (Owner),3,1,2,0.0,13.33,226.0,813.0,0.0,0,17.33,2.0,28.0,2,33.33,66.67,0.0,0.0
1980,Vandiver Racing,4,0,1,0.0,27.25,328.0,610.0,0.0,0,33.25,8.0,39.0,2,0.0,25.0,0.0,0.0
1983,Steve Moore (Owner),2,0,0,0.0,22.5,191.0,316.0,0.0,0,36.5,22.0,23.0,1,0.0,0.0,0.0,0.0
1991,U. S. Motorsports Inc.,29,0,0,0.0,21.97,2841.0,9074.0,6.0,0,29.62,12.0,37.0,25,0.0,0.0,0.0,0.07
1992,Linro Motorsports,4,0,0,0.0,34.75,235.0,411.0,0.0,0,36.0,30.0,40.0,2,0.0,0.0,0.0,0.0
1994,Bobby Allison Motorsports,30,0,3,0.0,25.2,2638.0,7994.0,4.0,2,21.0,7.0,43.0,20,0.0,10.0,0.0,0.05
1996,Precision Products Racing,31,1,5,0.0,20.32,3190.0,8972.0,1.0,9,21.74,4.0,41.0,25,3.23,16.13,0.0,0.01
1955,Doug Cox (Owner),1,0,0,0.0,14.0,96.0,181.0,0.0,0,24.0,14.0,14.0,1,0.0,0.0,0.0,0.0
1956,Don Oldenberg (Owner),3,0,0,0.0,32.33,,495.0,0.0,0,21.33,16.0,60.0,1,0.0,0.0,0.0,0.0
1957,Lorrin Bates (Owner),3,0,0,0.0,15.33,,240.0,0.0,0,17.67,15.0,16.0,2,0.0,0.0,0.0,0.0
1963,Coz Concilla (Owner),4,0,0,0.0,25.0,966.0,382.0,0.0,0,24.5,14.0,41.0,1,0.0,0.0,0.0,0.0
1953,Gifford Wood (Owner),2,0,0,0.0,15.5,,136.0,0.0,0,,13.0,18.0,0,0.0,0.0,0.0,0.0
1956,Al White (Owner),2,0,0,0.0,13.5,,330.0,0.0,0,14.0,11.0,16.0,0,0.0,0.0,0.0,0.0
1957,Nick Porter (Owner),6,0,4,0.0,9.67,,722.0,0.0,0,14.5,6.0,16.0,5,0.0,66.67,0.0,0.0
1961,Lee Reitzel (Owner),18,0,3,0.0,19.0,4476.0,2567.0,0.0,0,23.33,9.0,43.0,12,0.0,16.67,0.0,0.0
1962,Wade Younts (Owner),37,3,12,0.0,14.92,11946.0,7268.0,0.0,0,17.95,4.0,35.0,25,8.11,32.43,0.0,0.0
1963,Hubert Westmoreland (Owner),15,1,9,0.0,10.87,4098.0,3414.0,0.0,0,16.8,4.0,27.0,11,6.67,60.0,0.0,0.0
1964,Bob Cooper (Owner),52,4,14,0.0,18.25,15490.0,6807.0,0.0,0,19.5,3.0,44.0,22,7.69,26.92,0.0,0.0
1965,Allen McMillion (Owner),20,0,3,0.0,16.8,5086.0,3544.0,0.0,0,24.3,8.0,32.0,13,0.0,15.0,0.0,0.0
1966,Wood Brothers Racing,18,5,5,1.0,14.28,13374.0,4572.0,340.0,4,6.28,1.0,30.0,7,27.78,27.78,5.56,7.44
1967,Jon Thorne (Owner),12,2,4,1.0,19.5,10006.0,2326.0,21.0,1,12.0,1.0,34.0,4,16.67,33.33,8.33,0.9
1968,Don Tarr (Owner),15,0,0,0.0,25.4,832.0,1937.0,0.0,0,27.33,14.0,45.0,3,0.0,0.0,0.0,0.0
1970,C.J. Grana (Owner),3,0,1,0.0,22.0,72.0,243.0,0.0,0,17.67,9.0,30.0,1,0.0,33.33,0.0,0.0
1977,Ballard Racing,26,1,1,0.0,20.35,2658.0,6310.0,0.0,0,25.58,5.0,34.0,12,3.85,3.85,0.0,0.0
1981,Ulrich Racing,51,1,5,0.0,21.71,3510.0,12836.0,0.0,0,25.9,4.0,39.0,28,1.96,9.8,0.0,0.0
1983,Junior Johnson & Associates,30,22,25,6.0,7.73,4620.0,9403.0,2363.0,20,7.13,1.0,40.0,26,73.33,83.33,20.0,25.13
1983,Bahre Racing,1,0,0,0.0,40.0,43.0,36.0,0.0,0,19.0,40.0,40.0,0,0.0,0.0,0.0,0.0
1989,Wood Brothers Racing,29,0,11,0.0,17.17,3110.0,8791.0,23.0,4,20.66,6.0,42.0,23,0.0,37.93,0.0,0.26
1991,RahMoc Enterprises,29,1,4,0.0,20.79,2938.0,8974.0,11.0,3,27.14,3.0,31.0,27,3.45,13.79,0.0,0.12
2000,Dale Earnhardt Inc.,68,9,18,3.0,19.0,7450.0,19570.0,715.0,31,15.85,1.0,43.0,57,13.24,26.47,4.41,3.65
2000,Team SABCO,65,2,8,0.0,23.2,6171.0,17974.0,90.0,19,28.02,2.0,42.0,58,3.08,12.31,0.0,0.5
2006,Robby Gordon Motorsports,36,1,3,0.0,25.33,3163.0,9200.0,8.0,16,27.47,4.0,43.0,27,2.78,8.33,0.0,0.09
2016,Richard Petty Motorsports,72,1,2,0.0,25.5,1119.0,19612.0,7.0,22,26.1,2.0,40.0,61,1.39,2.78,0.0,0.04
2019,Petty Ware Racing,36,0,0,0.0,32.03,16.0,8378.0,1.0,1,34.14,19.0,40.0,28,0.0,0.0,0.0,0.01
1954,Jim Dane (Owner),1,1,1,0.0,2.0,,495.0,180.0,0,4.0,2.0,2.0,1,100.0,100.0,0.0,36.36
1954,Bob Colvin (Owner),2,0,0,0.0,34.5,,168.0,0.0,0,,21.0,48.0,1,0.0,0.0,0.0,0.0
1974,,14,0,0,0.0,26.57,,1544.0,0.0,0,30.14,13.0,36.0,3,0.0,0.0,0.0,0.0
1952,Frank Arford (Owner),6,1,3,0.0,13.17,,1366.0,0.0,0,13.5,5.0,25.0,4,16.67,50.0,0.0,0.0
1957,Bill White (Owner),1,0,0,0.0,55.0,,,0.0,0,35.0,55.0,55.0,0,0.0,0.0,0.0,
1958,Ted Chamberlain (Owner),9,0,1,0.0,17.44,656.0,809.0,0.0,0,20.25,10.0,28.0,6,0.0,11.11,0.0,0.0
1958,William Long (Owner),1,0,0,0.0,20.0,,85.0,0.0,0,16.0,20.0,20.0,0,0.0,0.0,0.0,0.0
1958,Ratus Walters (Owner),2,0,0,0.0,31.0,380.0,124.0,0.0,0,31.0,23.0,39.0,0,0.0,0.0,0.0,0.0
1959,Tommy Thompson (Owner),7,0,0,0.0,21.71,400.0,1013.0,0.0,0,27.43,12.0,30.0,3,0.0,0.0,0.0,0.0
1959,Bobby Waddell (Owner),9,0,1,0.0,17.78,152.0,721.0,0.0,0,13.11,10.0,31.0,2,0.0,11.11,0.0,0.0
1960,Reb Wickersham (Owner),7,0,0,0.0,27.14,710.0,1119.0,0.0,0,36.57,23.0,33.0,6,0.0,0.0,0.0,0.0
1960,Jim McNeil (Owner),2,0,1,0.0,13.0,226.0,135.0,0.0,0,17.0,9.0,17.0,1,0.0,50.0,0.0,0.0
1961,Doc White (Owner),10,2,6,1.0,10.7,2588.0,1883.0,40.0,1,16.0,1.0,31.0,8,20.0,60.0,10.0,2.12
1961,Dudley Farrell (Owner),15,4,8,1.0,18.4,10436.0,3024.0,136.0,3,11.07,1.0,46.0,8,26.67,53.33,6.67,4.5
1965,Holman Moody,78,43,49,13.0,9.45,64023.0,17316.0,3086.0,24,4.62,1.0,32.0,50,55.13,62.82,16.67,17.82
1966,Allen McMillion (Owner),13,0,3,0.0,15.31,4168.0,3047.0,0.0,0,26.31,9.0,29.0,10,0.0,23.08,0.0,0.0
1966,Champion Racing,9,0,0,0.0,25.89,2276.0,1120.0,0.0,0,22.44,15.0,38.0,2,0.0,0.0,0.0,0.0
1967,Petty Enterprises,55,43,45,27.0,5.82,59870.0,14361.0,5538.0,34,3.55,1.0,37.0,44,78.18,81.82,49.09,38.56
1970,Matthews Racing,20,9,11,3.0,11.8,841.0,5205.0,685.0,4,6.95,1.0,35.0,10,45.0,55.0,15.0,13.16
1970,Tom Hunter (Owner),12,0,3,0.0,17.0,1051.0,2717.0,0.0,0,31.33,7.0,34.0,8,0.0,25.0,0.0,0.0
1970,Robbins Racing,1,0,0,0.0,32.0,57.0,105.0,0.0,0,33.0,32.0,32.0,0,0.0,0.0,0.0,0.0
1971,Paul Stockwell (Owner),2,0,0,0.0,32.0,114.0,64.0,0.0,0,30.0,27.0,37.0,0,0.0,0.0,0.0,0.0
1971,Junior Fields (Owner),20,0,4,0.0,22.9,1074.0,3436.0,5.0,0,14.15,7.0,49.0,10,0.0,20.0,0.0,0.15
1976,Hagan Enterprises,25,0,4,0.0,17.68,2758.0,6451.0,0.0,0,20.88,8.0,35.0,16,0.0,16.0,0.0,0.0
1982,Richard Childress Racing,30,6,13,0.0,16.37,3542.0,7753.0,141.0,5,7.57,2.0,35.0,17,20.0,43.33,0.0,1.82
1986,Hamby Racing,28,0,0,0.0,24.46,2519.0,6440.0,3.0,0,27.36,11.0,40.0,16,0.0,0.0,0.0,0.05
1986,Petris Racing,2,0,0,0.0,29.0,152.0,149.0,0.0,0,23.0,24.0,34.0,0,0.0,0.0,0.0,0.0
1988,Blue Max Racing,29,19,23,6.0,7.07,4464.0,9222.0,907.0,21,8.17,1.0,35.0,27,65.52,79.31,20.69,9.84
1989,Richard Childress Racing,29,14,19,5.0,10.28,4164.0,9112.0,2735.0,19,8.03,1.0,42.0,27,48.28,65.52,17.24,30.02
1989,Hylton Engineering,4,0,0,0.0,36.0,150.0,158.0,2.0,0,36.0,31.0,39.0,0,0.0,0.0,0.0,1.27
1989,Combs Racing,2,0,0,0.0,23.0,188.0,531.0,0.0,0,32.5,12.0,34.0,1,0.0,0.0,0.0,0.0
1998,Stavola Brothers Racing,13,0,1,0.0,32.54,853.0,2782.0,0.0,0,24.15,8.0,43.0,7,0.0,7.69,0.0,0.0
1999,LJ Racing,10,0,0,0.0,35.3,571.0,2502.0,0.0,0,31.0,26.0,43.0,6,0.0,0.0,0.0,0.0
2000,Bill Davis Racing,68,4,19,1.0,21.25,6808.0,17748.0,518.0,25,19.54,1.0,43.0,57,5.88,27.94,1.47,2.92
2001,Penske Racing South,79,16,25,1.0,19.23,8466.0,21458.0,1237.0,44,19.0,1.0,43.0,69,20.25,31.65,1.27,5.76
1951,Bill Harrison (Owner),1,0,0,0.0,12.0,,133.0,0.0,0,22.0,12.0,12.0,0,0.0,0.0,0.0,0.0
1954,Walt Smith (Owner),1,0,1,0.0,6.0,,477.0,0.0,0,21.0,6.0,6.0,1,0.0,100.0,0.0,0.0
1954,Bob Havenmann (Owner),2,0,1,0.0,9.5,,694.0,0.0,0,14.0,8.0,11.0,2,0.0,50.0,0.0,0.0
1951,B.R. Waller (Owner),2,0,1,0.0,36.0,,215.0,0.0,0,9.0,7.0,65.0,0,0.0,50.0,0.0,0.0
1952,Ed Benedict (Owner),11,1,4,0.0,18.36,,1807.0,0.0,0,13.0,4.0,53.0,4,9.09,36.36,0.0,0.0
1953,Herb Thomas Racing,45,27,35,12.0,6.69,0.0,5294.0,1872.0,16,3.79,1.0,26.0,29,60.0,77.78,26.67,35.36
1954,Irving Frye (Owner),3,0,0,0.0,27.33,,413.0,4.0,0,22.0,19.0,35.0,2,0.0,0.0,0.0,0.97
1957,Ike Kiser (Owner),1,0,0,0.0,17.0,,141.0,0.0,0,15.0,17.0,17.0,1,0.0,0.0,0.0,0.0
1957,Howard Phillippi (Owner),3,0,1,0.0,16.33,,334.0,0.0,0,17.0,10.0,25.0,1,0.0,33.33,0.0,0.0
1957,Bill Benson (Owner),11,0,2,0.0,16.36,,1320.0,0.0,0,20.1,7.0,26.0,7,0.0,18.18,0.0,0.0
1958,John Whitford (Owner),14,5,6,0.0,14.79,4104.0,2705.0,157.0,2,10.21,2.0,31.0,7,35.71,42.86,0.0,5.8
1960,Ted Haak (Owner),2,0,1,0.0,11.5,538.0,227.0,0.0,0,24.0,10.0,13.0,1,0.0,50.0,0.0,0.0
1961,Elmo Henderson (Owner),1,0,0,0.0,15.0,176.0,189.0,0.0,0,3.0,15.0,15.0,0,0.0,0.0,0.0,0.0
1963,Stroppe Motorsports,33,7,18,1.0,13.85,27218.0,6994.0,124.0,1,12.76,1.0,37.0,24,21.21,54.55,3.03,1.77
1970,Joe Hines (Owner),1,0,0,0.0,17.0,34.0,43.0,0.0,0,19.0,17.0,17.0,1,0.0,0.0,0.0,0.0
1972,Hylton Engineering,32,10,24,1.0,9.31,2668.0,9898.0,111.0,1,15.06,1.0,35.0,28,31.25,75.0,3.13,1.12
1973,Owens Racing,2,1,1,0.0,20.0,124.0,231.0,0.0,0,8.0,3.0,37.0,1,50.0,50.0,0.0,0.0
1974,Langley-Woodfield Racing,24,0,3,0.0,19.13,,5829.0,0.0,0,27.25,6.0,38.0,15,0.0,12.5,0.0,0.0
1975,Robertson Racing,29,0,2,0.0,20.66,2835.0,6953.0,0.0,0,27.41,10.0,35.0,12,0.0,6.9,0.0,0.0
1979,George Elliott Racing,10,1,4,0.0,14.2,1190.0,2061.0,8.0,0,14.7,2.0,38.0,8,10.0,40.0,0.0,0.39
1980,Robertson Racing,30,0,4,0.0,20.33,3066.0,7522.0,0.0,0,23.13,8.0,38.0,17,0.0,13.33,0.0,0.0
1980,Mike Miller (Owner),2,0,0,0.0,33.5,125.0,176.0,0.0,0,15.5,28.0,39.0,0,0.0,0.0,0.0,0.0
1981,Fields Racing,6,0,0,0.0,21.5,418.0,1681.0,0.0,0,25.67,15.0,28.0,3,0.0,0.0,0.0,0.0
1985,Morgan-McClure Motorsports,16,1,4,0.0,22.56,1410.0,3378.0,5.0,0,15.5,5.0,40.0,6,6.25,25.0,0.0,0.15
1990,Petty Enterprises,29,0,1,0.0,25.03,2556.0,7438.0,5.0,2,26.28,9.0,38.0,17,0.0,3.45,0.0,0.07
1997,Brett Bodine Racing,31,0,2,0.0,25.35,2716.0,8666.0,4.0,5,27.42,6.0,42.0,26,0.0,6.45,0.0,0.05
2015,Tommy Baldwin Racing,35,0,0,0.0,31.6,436.0,9212.0,3.0,5,34.37,16.0,43.0,29,0.0,0.0,0.0,0.03
2021,Trackhouse Racing,36,1,4,0.0,20.06,641.0,8826.0,74.0,18,20.14,4.0,37.0,32,2.78,11.11,0.0,0.84
1963,Possum Jones (Owner),7,0,2,0.0,19.86,2306.0,909.0,0.0,0,20.29,7.0,36.0,3,0.0,28.57,0.0,0.0
1951,Jesse James Taylor (Owner),10,1,3,0.0,18.1,,519.0,104.0,0,4.4,2.0,58.0,1,10.0,30.0,0.0,20.04
1955,Elton Hildreth (Owner),4,0,0,0.0,26.5,128.0,135.0,0.0,0,22.5,14.0,42.0,0,0.0,0.0,0.0,0.0
1955,Gus Davis (Owner),3,2,2,0.0,7.67,460.0,368.0,79.0,0,6.0,2.0,16.0,2,66.67,66.67,0.0,21.47
1962,Cliff Stewart Racing,44,13,19,1.0,14.11,13348.0,8136.0,34.0,4,15.6,1.0,43.0,25,29.55,43.18,2.27,0.42
1965,Gary Weaver (Owner),18,4,8,0.0,16.89,8674.0,2915.0,3.0,0,18.83,3.0,43.0,8,22.22,44.44,0.0,0.1
1972,Gordon Racing,31,4,16,0.0,14.52,2262.0,9033.0,3.0,0,12.48,4.0,43.0,25,12.9,51.61,0.0,0.03
1982,Fields Racing,3,0,0,0.0,24.67,79.0,738.0,0.0,0,27.0,22.0,28.0,2,0.0,0.0,0.0,0.0
1983,Bay Darnell (Owner),2,0,1,0.0,19.5,146.0,274.0,0.0,0,29.0,7.0,32.0,1,0.0,50.0,0.0,0.0
1985,Lois Williams (Owner),2,0,0,0.0,12.5,251.0,209.0,0.0,0,15.5,12.0,13.0,2,0.0,0.0,0.0,0.0
1986,Dick Midgley Motorsports,2,0,0,0.0,27.0,164.0,130.0,0.0,0,31.0,18.0,36.0,1,0.0,0.0,0.0,0.0
1989,Osterlund Motorsports,27,1,4,0.0,21.15,2708.0,7557.0,3.0,2,28.37,4.0,41.0,21,3.7,14.81,0.0,0.04
1989,Bahari' Racing,29,0,5,0.0,19.55,3057.0,8372.0,9.0,3,18.28,6.0,36.0,19,0.0,17.24,0.0,0.11
1994,Roush Racing,62,16,28,2.0,14.55,7727.0,18785.0,783.0,23,14.06,1.0,41.0,49,25.81,45.16,3.23,4.17
1997,Precision Products Racing,28,1,3,0.0,26.64,2350.0,7670.0,12.0,8,29.0,3.0,43.0,22,3.57,10.71,0.0,0.16
1998,Bahari' Racing,29,0,0,0.0,29.48,2177.0,8025.0,16.0,3,23.9,11.0,43.0,20,0.0,0.0,0.0,0.2
2000,Joe Bessey Racing,25,0,0,0.0,29.04,1907.0,6060.0,21.0,5,31.88,12.0,43.0,17,0.0,0.0,0.0,0.35
2006,CJM Racing,4,0,0,0.0,39.25,181.0,573.0,0.0,0,35.0,32.0,43.0,1,0.0,0.0,0.0,0.0
2015,HScott Motorsports,70,0,1,0.0,30.16,971.0,18069.0,2.0,14,30.46,8.0,43.0,62,0.0,1.43,0.0,0.01
2017,Germain Racing,36,0,0,0.0,20.72,591.0,10210.0,40.0,20,26.19,11.0,36.0,33,0.0,0.0,0.0,0.39
2021,Hendrick Motorsports,144,55,83,17.0,12.29,4770.0,35511.0,4119.0,112,9.13,1.0,40.0,130,38.19,57.64,11.81,11.6
2022,Petty GMS Motorsports,72,3,14,1.0,19.4,1414.0,17846.0,149.0,41,23.94,1.0,36.0,58,4.17,19.44,1.39,0.83
1956,James Jones (Owner),1,0,0,0.0,15.0,,169.0,0.0,0,21.0,15.0,15.0,1,0.0,0.0,0.0,0.0
1956,Gus Holzmueller (Owner),21,1,8,0.0,13.52,0.0,3787.0,0.0,0,20.81,4.0,30.0,16,4.76,38.1,0.0,0.0
1959,Bobby Keck (Owner),18,0,0,0.0,17.44,1910.0,2484.0,0.0,0,19.06,11.0,34.0,11,0.0,0.0,0.0,0.0
1960,Beau Morgan (Owner),8,0,1,0.0,22.25,2884.0,1323.0,0.0,0,26.63,9.0,48.0,5,0.0,12.5,0.0,0.0
1964,Jack Smith (Owner),1,0,0,0.0,21.0,80.0,57.0,0.0,0,5.0,21.0,21.0,0,0.0,0.0,0.0,0.0
1972,Champion Racing,30,0,4,0.0,20.1,1852.0,7276.0,0.0,0,25.7,6.0,43.0,19,0.0,13.33,0.0,0.0
1977,Robertson Racing,21,0,0,0.0,21.95,2040.0,5136.0,0.0,0,27.29,14.0,36.0,12,0.0,0.0,0.0,0.0
1977,Jim Stacy Racing,13,3,5,2.0,16.62,1364.0,3223.0,446.0,2,5.15,1.0,38.0,5,23.08,38.46,15.38,13.84
1981,Hylton Engineering,30,0,1,0.0,21.57,2903.0,7542.0,13.0,0,27.33,8.0,39.0,19,0.0,3.33,0.0,0.17
1983,Newsom Racing,1,0,0,0.0,28.0,79.0,199.0,0.0,0,33.0,28.0,28.0,0,0.0,0.0,0.0,0.0
2004,Penske-Jasper Racing,36,1,4,0.0,25.44,3165.0,9703.0,30.0,10,20.89,4.0,42.0,28,2.78,11.11,0.0,0.31
2007,Ginn Racing,58,5,9,0.0,22.52,5649.0,16286.0,87.0,28,24.33,2.0,43.0,51,8.62,15.52,0.0,0.53
2008,Penske Racing,106,7,18,2.0,23.85,9918.0,29826.0,236.0,44,21.42,1.0,43.0,93,6.6,16.98,1.89,0.79
2014,HScott Motorsports,36,0,0,0.0,25.64,665.0,10080.0,16.0,13,25.94,15.0,42.0,30,0.0,0.0,0.0,0.16
1951,J.B. Watkins (Owner),4,0,1,0.0,25.5,,479.0,0.0,0,21.33,6.0,39.0,0,0.0,25.0,0.0,0.0
1962,Wildcat Williams (Owner),7,0,0,0.0,27.86,1908.0,935.0,0.0,0,28.43,19.0,43.0,2,0.0,0.0,0.0,0.0
1953,Tommy Thompson (Owner),2,1,1,0.0,16.5,,39.0,0.0,1,7.5,3.0,30.0,1,50.0,50.0,0.0,0.0
1954,Petty Enterprises,35,23,31,7.0,6.26,,5916.0,595.0,11,6.5,1.0,38.0,31,65.71,88.57,20.0,10.06
1954,Phil Oates (Owner),33,11,24,0.0,9.88,,5167.0,0.0,2,13.2,2.0,33.0,28,33.33,72.73,0.0,0.0
1956,Eddie Pagan (Owner),8,4,4,1.0,9.13,,1366.0,1.0,1,9.0,1.0,18.0,7,50.0,50.0,12.5,0.07
1956,Ralph Briggs (Owner),1,0,0,0.0,37.0,,3.0,0.0,0,30.0,37.0,37.0,0,0.0,0.0,0.0,0.0
1957,Hubert Westmoreland (Owner),6,2,6,0.0,6.17,,1153.0,37.0,1,14.5,2.0,9.0,6,33.33,100.0,0.0,3.21
1959,Wood Brothers Racing,23,9,13,0.0,10.91,1280.0,4445.0,98.0,5,7.0,2.0,34.0,15,39.13,56.52,0.0,2.2
1961,J.I. Divers (Owner),5,0,1,0.0,19.6,778.0,828.0,0.0,0,24.8,10.0,32.0,3,0.0,20.0,0.0,0.0
1964,Hubert Westmoreland (Owner),1,0,0,0.0,26.0,16.0,0.0,0.0,0,11.0,26.0,26.0,0,0.0,0.0,0.0,
1964,Al White (Owner),7,0,3,0.0,14.57,1684.0,1484.0,0.0,0,21.86,7.0,23.0,5,0.0,42.86,0.0,0.0
1966,John McCarthy (Owner),21,0,5,0.0,17.52,5644.0,3247.0,0.0,0,16.76,6.0,35.0,12,0.0,23.81,0.0,0.0
1968,Hylton Engineering,39,16,27,0.0,10.95,2517.0,9731.0,15.0,1,10.67,2.0,44.0,31,41.03,69.23,0.0,0.15
1969,Pete Hazelwood (Owner),17,0,1,0.0,17.82,598.0,2383.0,0.0,0,22.76,10.0,28.0,4,0.0,5.88,0.0,0.0
1973,J.H. Crawford (Owner),1,1,1,1.0,1.0,125.0,188.0,19.0,1,24.0,1.0,1.0,1,100.0,100.0,100.0,10.11
1973,Randy Tissot (Owner),3,0,0,0.0,17.0,204.0,816.0,0.0,0,36.33,15.0,20.0,3,0.0,0.0,0.0,0.0
1979,Cunningham-Kelley,9,0,2,0.0,25.78,779.0,1249.0,11.0,0,22.11,9.0,40.0,2,0.0,22.22,0.0,0.88
1979,John Kennedy (Owner),7,0,0,0.0,25.71,483.0,983.0,0.0,0,27.86,14.0,41.0,4,0.0,0.0,0.0,0.0
1988,Potter Racing,2,0,0,0.0,38.0,98.0,104.0,0.0,0,27.5,37.0,39.0,0,0.0,0.0,0.0,0.0
1990,Branch-Ragan Racing,4,0,0,0.0,34.5,238.0,398.0,0.0,0,33.5,24.0,41.0,0,0.0,0.0,0.0,0.0
1991,Team III Racing,29,0,2,0.0,22.38,2791.0,8118.0,3.0,3,26.07,6.0,43.0,22,0.0,6.9,0.0,0.04
1996,Brett Bodine Racing,30,0,1,0.0,23.2,2814.0,8732.0,3.0,3,24.47,9.0,40.0,27,0.0,3.33,0.0,0.03
1996,Krogh Racing,2,0,0,0.0,38.0,98.0,222.0,0.0,0,36.0,35.0,41.0,1,0.0,0.0,0.0,0.0
1999,Joe Bessey Racing,34,1,2,0.0,24.74,3053.0,9535.0,9.0,6,21.68,3.0,41.0,29,2.94,5.88,0.0,0.09
1999,Rudd Performance Motorsports,34,3,5,0.0,26.18,2922.0,9230.0,21.0,8,20.32,3.0,43.0,27,8.82,14.71,0.0,0.23
2005,Competitive Edge Motorsports,7,0,0,0.0,37.57,352.0,1286.0,0.0,0,35.14,31.0,43.0,3,0.0,0.0,0.0,0.0
2008,Bill Davis Racing,36,0,2,0.0,27.53,2924.0,10249.0,9.0,9,26.28,9.0,43.0,29,0.0,5.56,0.0,0.09
2013,Roush Fenway Racing,108,14,32,3.0,15.61,3104.0,30955.0,683.0,84,15.45,1.0,40.0,106,12.96,29.63,2.78,2.21
1966,Curtis Satterfield (Owner),6,0,0,0.0,31.83,772.0,377.0,0.0,0,24.17,23.0,44.0,1,0.0,0.0,0.0,0.0
1950,Jim Davis (Owner),1,0,0,0.0,33.0,,8.0,0.0,0,,33.0,33.0,0,0.0,0.0,0.0,0.0
1951,Tommy Thompson (Owner),4,1,2,1.0,7.75,,250.0,58.0,1,11.33,1.0,12.0,1,25.0,50.0,25.0,23.2
1952,Dick Eagan (Owner),2,0,1,0.0,13.5,,,0.0,0,17.0,9.0,18.0,0,0.0,50.0,0.0,
1955,Ralph Liguori (Owner),10,0,5,0.0,12.9,1092.0,1056.0,0.0,0,17.2,7.0,21.0,5,0.0,50.0,0.0,0.0
1958,Jess Potter (Owner),36,0,5,0.0,16.86,2424.0,5549.0,0.0,0,21.28,8.0,38.0,26,0.0,13.89,0.0,0.0
1958,Brownie Pitt (Owner),6,0,0,0.0,23.17,320.0,304.0,0.0,0,23.4,16.0,29.0,2,0.0,0.0,0.0,0.0
1963,Wade Younts (Owner),29,6,15,0.0,12.62,8898.0,6494.0,0.0,0,14.72,3.0,30.0,18,20.69,51.72,0.0,0.0
1965,Glen Sweet (Owner),25,4,7,0.0,19.6,5226.0,2919.0,0.0,0,16.12,2.0,39.0,7,16.0,28.0,0.0,0.0
1971,Friday Hassler (Owner),29,4,13,0.0,17.97,2277.0,5650.0,68.0,0,11.72,2.0,40.0,17,13.79,44.83,0.0,1.2
1972,Eddie Yarboro (Owner),6,0,0,0.0,20.5,366.0,1728.0,0.0,0,27.83,13.0,29.0,4,0.0,0.0,0.0,0.0
1974,Louis Nissen (Owner),1,0,0,0.0,11.0,,178.0,0.0,0,20.0,11.0,11.0,1,0.0,0.0,0.0,0.0
1977,Gwinn-Wawak,7,0,1,0.0,21.0,369.0,1221.0,0.0,0,14.71,6.0,42.0,4,0.0,14.29,0.0,0.0
1979,Cronkrite Racing,3,0,0,0.0,28.67,188.0,251.0,0.0,0,31.0,22.0,40.0,1,0.0,0.0,0.0,0.0
1980,Marcis Auto Racing,31,4,14,0.0,15.58,3745.0,9012.0,94.0,2,12.68,3.0,39.0,23,12.9,45.16,0.0,1.04
1981,Bud Moore Engineering,31,10,12,3.0,19.0,3452.0,6709.0,537.0,6,10.06,1.0,39.0,14,32.26,38.71,9.68,8.0
1983,Potter Racing,6,0,0,0.0,27.17,404.0,680.0,0.0,0,33.83,21.0,36.0,2,0.0,0.0,0.0,0.0
1985,Newsom Racing,6,0,0,0.0,29.33,450.0,834.0,0.0,0,33.33,21.0,38.0,1,0.0,0.0,0.0,0.0
1986,A.J. Foyt Racing,5,0,0,0.0,31.0,355.0,640.0,1.0,0,17.0,17.0,42.0,1,0.0,0.0,0.0,0.16
1995,Marcis Auto Racing,28,0,0,0.0,29.14,2126.0,7319.0,3.0,1,30.0,15.0,40.0,21,0.0,0.0,0.0,0.04
1998,Petty Enterprises,66,3,12,0.0,22.67,6357.0,17645.0,137.0,24,21.89,3.0,42.0,54,4.55,18.18,0.0,0.78
1998,Wood Brothers Racing,32,0,5,0.0,20.0,3340.0,9519.0,14.0,9,26.31,9.0,40.0,29,0.0,15.63,0.0,0.15
2003,Quest Motor Racing,18,0,0,0.0,39.11,822.0,2897.0,0.0,0,38.89,29.0,43.0,6,0.0,0.0,0.0,0.0
2012,Furniture Row Racing,36,1,6,0.0,20.47,848.0,9929.0,2.0,14,17.78,5.0,40.0,33,2.78,16.67,0.0,0.02
1949,Ken Schroeder (Owner),1,0,0,0.0,22.0,,168.0,0.0,0,37.0,22.0,22.0,0,0.0,0.0,0.0,0.0
1958,Marvin Porter (Owner),2,0,1,0.0,22.5,,309.0,0.0,0,22.0,10.0,35.0,1,0.0,50.0,0.0,0.0
1955,,191,7,37,0.0,18.37,16797.0,22373.0,28.0,0,20.54,2.0,63.0,107,3.66,19.37,0.0,0.13
1950,Harold Mays (Owner),2,1,1,0.0,9.0,,367.0,0.0,0,45.0,3.0,15.0,2,50.0,50.0,0.0,0.0
1953,Adams Racing,1,0,0,0.0,39.0,,217.0,0.0,0,44.0,39.0,39.0,0,0.0,0.0,0.0,0.0
1956,Jack Chatenay (Owner),5,0,1,0.0,28.0,,508.0,0.0,0,21.75,10.0,48.0,2,0.0,20.0,0.0,0.0
1957,Roy Tyner (Owner),10,0,2,0.0,17.1,,1705.0,0.0,0,22.56,9.0,27.0,8,0.0,20.0,0.0,0.0
1958,Herman Beam (Owner),20,0,1,0.0,16.7,2400.0,3821.0,0.0,0,21.17,10.0,25.0,18,0.0,5.0,0.0,0.0
1958,Rex White (Owner),5,1,3,0.0,15.4,1752.0,1096.0,118.0,0,9.0,3.0,37.0,3,20.0,60.0,0.0,10.77
1959,Shep Langdon (Owner),22,0,6,0.0,14.68,3756.0,4156.0,0.0,0,17.32,6.0,25.0,15,0.0,27.27,0.0,0.0
1967,Wood Brothers Racing,16,7,8,2.0,17.31,16192.0,3634.0,908.0,5,3.94,1.0,44.0,7,43.75,50.0,12.5,24.99
1971,Dean Barnicle (Owner),3,0,2,0.0,18.67,291.0,369.0,0.0,0,16.33,7.0,42.0,2,0.0,66.67,0.0,0.0
1973,Jerry Lankford (Owner),2,0,0,0.0,27.0,96.0,144.0,0.0,0,13.0,25.0,29.0,0,0.0,0.0,0.0,0.0
1974,Russell Large (Owner),5,0,0,0.0,27.0,,469.0,9.0,0,20.2,19.0,37.0,0,0.0,0.0,0.0,1.92
1983,Bobby Hawkins (Owner),10,1,4,0.0,22.1,943.0,1643.0,18.0,1,11.4,3.0,39.0,4,10.0,40.0,0.0,1.1
1983,Mach 1 Racing,30,10,16,1.0,14.07,3790.0,9024.0,60.0,8,11.37,1.0,37.0,22,33.33,53.33,3.33,0.66
1999,Jasper Motorsports,28,0,0,0.0,30.11,2050.0,7785.0,3.0,2,29.0,14.0,43.0,23,0.0,0.0,0.0,0.04
2002,A.J. Foyt Racing,35,1,2,0.0,28.37,2751.0,9267.0,3.0,6,31.14,4.0,43.0,27,2.86,5.71,0.0,0.03
2008,Chip Ganassi Racing,86,3,5,0.0,27.21,7082.0,24537.0,30.0,23,25.26,2.0,43.0,72,3.49,5.81,0.0,0.12
2009,Phoenix Racing,27,1,3,1.0,33.89,1699.0,3518.0,8.0,5,30.63,1.0,43.0,9,3.7,11.11,3.7,0.23
2015,Team Penske,72,31,53,7.0,10.11,2516.0,20603.0,2615.0,63,8.46,1.0,41.0,71,43.06,73.61,9.72,12.69
2018,Rick Ware Racing,41,0,0,0.0,32.56,43.0,10012.0,1.0,1,34.85,12.0,40.0,30,0.0,0.0,0.0,0.01
2020,Stewart-Haas Racing,144,30,64,10.0,13.63,4002.0,38488.0,2121.0,110,12.38,1.0,39.0,133,20.83,44.44,6.94,5.51
2020,Front Row Motorsports,72,0,7,0.0,21.67,1122.0,19238.0,7.0,38,24.36,7.0,40.0,65,0.0,9.72,0.0,0.04
1954,Charles Vance (Owner),9,2,4,1.0,17.44,,1947.0,211.0,1,12.0,1.0,52.0,5,22.22,44.44,11.11,10.84
1958,Langley-Woodfield Racing,7,1,3,0.0,17.71,320.0,1117.0,0.0,0,21.67,5.0,43.0,4,14.29,42.86,0.0,0.0
1959,Whitey Norman (Owner),6,0,0,0.0,26.5,,899.0,0.0,0,25.17,17.0,40.0,2,0.0,0.0,0.0,0.0
1955,George Parrish (Owner),12,0,1,0.0,22.58,880.0,1057.0,0.0,0,24.33,10.0,69.0,5,0.0,8.33,0.0,0.0
1960,Bob Ross (Owner),2,0,0,0.0,20.0,174.0,104.0,0.0,0,24.5,11.0,29.0,2,0.0,0.0,0.0,0.0
1961,Chuck Parkko (Owner),4,3,3,0.0,5.25,1440.0,493.0,0.0,1,8.0,2.0,12.0,3,75.0,75.0,0.0,0.0
1964,Tom Spell (Owner),15,1,1,0.0,18.6,3964.0,1518.0,0.0,0,16.73,4.0,39.0,4,6.67,6.67,0.0,0.0
1965,Bob McDonald (Owner),1,0,0,0.0,15.0,1400.0,151.0,0.0,0,20.0,15.0,15.0,1,0.0,0.0,0.0,0.0
1973,Williams Racing,22,0,3,0.0,24.73,1230.0,4684.0,0.0,0,27.18,7.0,46.0,8,0.0,13.64,0.0,0.0
1975,Frasson Racing,9,0,1,0.0,22.78,860.0,1352.0,1.0,0,30.78,8.0,37.0,3,0.0,11.11,0.0,0.07
1976,Neil Bonnett (Owner),13,1,4,0.0,23.23,1130.0,2174.0,1.0,0,13.54,5.0,39.0,4,7.69,30.77,0.0,0.05
1977,Richard Childress Racing,30,0,11,0.0,16.43,3463.0,7973.0,27.0,0,16.77,6.0,34.0,21,0.0,36.67,0.0,0.34
1979,Warren Racing,31,0,3,0.0,20.0,3199.0,8480.0,0.0,0,23.9,8.0,40.0,21,0.0,9.68,0.0,0.0
1979,Race Hill Farm Team,25,0,4,0.0,19.36,2520.0,6370.0,35.0,0,13.44,6.0,39.0,12,0.0,16.0,0.0,0.55
1985,Helen Rae Motorsports,11,0,0,0.0,29.0,765.0,2009.0,1.0,0,22.82,22.0,39.0,2,0.0,0.0,0.0,0.05
1989,Robert Yates Racing,29,7,13,2.0,16.21,3481.0,8287.0,241.0,11,15.48,1.0,40.0,23,24.14,44.83,6.9,2.91
1989,Bob Tullius (Owner),8,0,1,0.0,21.38,798.0,1893.0,8.0,1,31.5,9.0,40.0,6,0.0,12.5,0.0,0.42
1999,NEMCO Motorsports,1,1,1,0.0,2.0,175.0,90.0,3.0,1,7.0,2.0,2.0,1,100.0,100.0,0.0,3.33
2001,Dale Earnhardt Inc.,108,18,32,5.0,19.46,11777.0,30148.0,1466.0,52,19.55,1.0,43.0,95,16.67,29.63,4.63,4.86
2006,Bill Davis Racing,38,1,2,0.0,25.0,3326.0,10928.0,9.0,13,28.21,4.0,40.0,36,2.63,5.26,0.0,0.08
2010,Phoenix Racing,28,0,1,0.0,34.46,1680.0,3556.0,7.0,4,31.96,10.0,43.0,9,0.0,3.57,0.0,0.2
1950,Mike Klapak (Owner),4,0,0,0.0,23.5,,158.0,0.0,0,,14.0,40.0,0,0.0,0.0,0.0,0.0
1955,John McGinley (Owner),1,0,0,0.0,12.0,112.0,157.0,0.0,0,21.0,12.0,12.0,1,0.0,0.0,0.0,0.0
1957,Matthews Racing,4,1,1,0.0,22.0,,713.0,56.0,1,13.25,3.0,41.0,2,25.0,25.0,0.0,7.85
1958,Hoss Kagle (Owner),3,1,2,0.0,10.67,152.0,351.0,0.0,0,20.33,5.0,17.0,2,33.33,66.67,0.0,0.0
1958,Tiny Benson (Owner),4,0,2,0.0,12.75,368.0,445.0,0.0,0,10.25,8.0,19.0,3,0.0,50.0,0.0,0.0
1960,Happy Steigel (Owner),5,0,0,0.0,27.2,818.0,514.0,0.0,0,29.4,15.0,40.0,3,0.0,0.0,0.0,0.0
1960,John Dodd Sr. (Owner),2,0,0,0.0,27.5,90.0,51.0,0.0,0,19.0,19.0,36.0,0,0.0,0.0,0.0,0.0
1963,GC Spencer Racing,14,3,6,0.0,14.79,2868.0,2005.0,0.0,0,11.86,2.0,35.0,6,21.43,42.86,0.0,0.0
1964,W.S. Jenkins (Owner),6,0,0,0.0,17.83,1024.0,1506.0,0.0,0,25.5,11.0,32.0,3,0.0,0.0,0.0,0.0
1970,Marvin Rowley (Owner),2,0,0,0.0,27.0,144.0,137.0,0.0,0,13.0,25.0,29.0,0,0.0,0.0,0.0,0.0
1973,Champion Racing,26,0,1,0.0,24.69,1368.0,5103.0,0.0,0,24.35,10.0,39.0,12,0.0,3.85,0.0,0.0
1973,Buster Davis (Owner),4,0,0,0.0,31.75,154.0,365.0,0.0,0,35.25,21.0,40.0,1,0.0,0.0,0.0,0.0
1973,Ernie Conn (Owner),3,1,3,0.0,6.67,266.0,797.0,0.0,0,18.33,5.0,9.0,3,33.33,100.0,0.0,0.0
1976,Handy Racing,2,0,0,0.0,27.0,85.0,392.0,0.0,0,32.0,26.0,28.0,0,0.0,0.0,0.0,0.0
1978,Oswald Racing,6,0,0,0.0,26.5,501.0,1113.0,0.0,0,31.17,18.0,38.0,0,0.0,0.0,0.0,0.0
1979,Hylton Engineering,30,0,5,0.0,16.9,3405.0,8658.0,11.0,0,22.3,6.0,38.0,24,0.0,16.67,0.0,0.13
1982,Race Hill Farm Team,30,3,15,0.0,15.73,3545.0,8048.0,1.0,2,15.43,3.0,36.0,20,10.0,50.0,0.0,0.01
1985,Junior Johnson & Associates,56,29,39,5.0,8.95,8189.0,17608.0,1588.0,25,9.39,1.0,42.0,46,51.79,69.64,8.93,9.02
1985,Good Racing,3,0,0,0.0,21.67,294.0,977.0,0.0,0,33.33,17.0,30.0,2,0.0,0.0,0.0,0.0
1989,Lake Speed Racing,29,1,5,0.0,21.03,2599.0,7764.0,11.0,3,22.48,5.0,38.0,21,3.45,17.24,0.0,0.14
1991,Jimmy Means Racing,24,0,0,0.0,28.38,1884.0,5304.0,3.0,0,34.96,19.0,39.0,14,0.0,0.0,0.0,0.06
1999,Petty Enterprises,66,3,19,1.0,22.29,6497.0,17234.0,249.0,22,20.58,1.0,43.0,52,4.55,28.79,1.52,1.44
2003,MB2 Motorsports,36,1,3,0.0,27.06,2986.0,9579.0,9.0,8,18.61,4.0,42.0,29,2.78,8.33,0.0,0.09
2009,Stewart-Haas Racing,72,20,38,4.0,12.56,9532.0,20936.0,628.0,57,13.29,1.0,36.0,70,27.78,52.78,5.56,3.0
2025,Legacy Motor Club,74,7,14,0.0,20.28,1352.0,18740.0,48.0,45,23.8,3.0,40.0,66,9.46,18.92,0.0,0.26
1951,Lou Mangini (Owner),3,1,1,0.0,13.67,,247.0,24.0,0,16.0,2.0,20.0,1,33.33,33.33,0.0,9.72
1965,Reid Shaw (Owner),9,1,3,0.0,20.56,1864.0,1336.0,0.0,0,14.44,5.0,42.0,3,11.11,33.33,0.0,0.0
1966,Herman Beam (Owner),2,0,0,0.0,25.0,60.0,331.0,0.0,0,13.0,24.0,26.0,0,0.0,0.0,0.0,0.0
1953,O.C. Francis (Owner),1,0,1,0.0,8.0,,,0.0,0,,8.0,8.0,0,0.0,100.0,0.0,
1958,Paul Spaulding (Owner),29,12,16,6.0,12.62,6268.0,4420.0,317.0,8,9.82,1.0,54.0,18,41.38,55.17,20.69,7.17
1959,Sam Arena (Owner),3,0,0,0.0,29.33,480.0,182.0,0.0,0,34.67,22.0,36.0,1,0.0,0.0,0.0,0.0
1962,Matt DeMatthews (Owner),9,0,0,0.0,33.67,974.0,251.0,0.0,0,32.44,13.0,45.0,0,0.0,0.0,0.0,0.0
1965,Bub Strickler (Owner),13,1,4,0.0,14.31,7304.0,2636.0,0.0,0,20.0,3.0,25.0,5,7.69,30.77,0.0,0.0
1966,Seifert Racing,22,0,3,0.0,19.36,4844.0,3773.0,0.0,0,24.68,6.0,42.0,11,0.0,13.64,0.0,0.0
1968,Bud Moore Engineering,14,3,7,0.0,15.07,1301.0,3738.0,1.0,0,7.71,4.0,32.0,7,21.43,50.0,0.0,0.03
1970,GC Spencer Racing,20,3,9,0.0,16.5,1410.0,4618.0,0.0,0,13.8,4.0,36.0,10,15.0,45.0,0.0,0.0
1970,Bob Freeman (Owner),12,0,0,0.0,20.92,523.0,1790.0,0.0,0,25.42,12.0,37.0,3,0.0,0.0,0.0,0.0
1975,Negre Racing,25,0,4,0.0,21.08,2410.0,5849.0,2.0,0,26.24,7.0,40.0,14,0.0,16.0,0.0,0.03
1980,Borneman Motorsports,2,0,0,0.0,32.5,131.0,84.0,0.0,0,21.0,31.0,34.0,0,0.0,0.0,0.0,0.0
1981,Hill Racing,7,0,0,0.0,28.14,550.0,826.0,0.0,0,30.57,16.0,41.0,2,0.0,0.0,0.0,0.0
1982,Donlavey Racing,30,0,10,0.0,17.87,3333.0,7983.0,4.0,0,19.2,6.0,38.0,18,0.0,33.33,0.0,0.05
1982,Gordon Racing,20,0,1,0.0,22.45,1174.0,3953.0,1.0,0,30.55,10.0,40.0,10,0.0,5.0,0.0,0.03
1986,Richard Childress Racing,29,16,23,5.0,7.38,4468.0,9212.0,2127.0,15,6.9,1.0,27.0,25,55.17,79.31,17.24,23.09
1987,Alan Kulwicki Racing,29,3,9,0.0,18.24,3238.0,7758.0,102.0,7,14.14,2.0,40.0,18,10.34,31.03,0.0,1.31
1988,Richard Childress Racing,30,13,19,3.0,9.87,4299.0,9565.0,1776.0,17,10.77,1.0,40.0,28,43.33,63.33,10.0,18.57
1994,Diamond Ridge Motorsports,28,0,3,0.0,22.82,2660.0,8394.0,1.0,2,26.61,7.0,39.0,24,0.0,10.71,0.0,0.01
1996,Wood Brothers Racing,31,1,11,0.0,16.94,3535.0,9279.0,18.0,11,22.45,5.0,42.0,29,3.23,35.48,0.0,0.19
2005,Kirk Shelmerdine Racing,3,0,0,0.0,42.33,108.0,73.0,0.0,0,38.67,42.0,43.0,0,0.0,0.0,0.0,0.0
2007,Evernham Motorsports,68,0,4,0.0,26.1,5828.0,18609.0,103.0,23,18.26,6.0,43.0,59,0.0,5.88,0.0,0.55
2011,Tommy Baldwin Racing,42,1,1,0.0,30.02,562.0,10991.0,30.0,5,36.38,3.0,42.0,30,2.38,2.38,0.0,0.27
1957,Elton Hildreth (Owner),2,0,0,0.0,30.5,,153.0,0.0,0,30.0,26.0,35.0,0,0.0,0.0,0.0,0.0
1959,Talmadge Cochrane (Owner),1,0,0,0.0,22.0,,87.0,0.0,0,10.0,22.0,22.0,1,0.0,0.0,0.0,0.0
1955,Fred Dove (Owner),5,1,3,0.0,12.4,612.0,788.0,0.0,0,16.2,3.0,25.0,4,20.0,60.0,0.0,0.0
1956,Tom Harbison (Owner),25,9,14,1.0,15.04,,3753.0,107.0,4,13.28,1.0,72.0,15,36.0,56.0,4.0,2.85
1957,John Findlay (Owner),3,0,1,0.0,15.33,,382.0,0.0,0,16.0,6.0,27.0,2,0.0,33.33,0.0,0.0
1959,L.D. Austin (Owner),32,0,12,0.0,15.56,4300.0,5754.0,0.0,0,22.59,7.0,44.0,27,0.0,37.5,0.0,0.0
1960,R.L. Baird (Owner),4,0,1,0.0,16.5,416.0,407.0,0.0,0,20.75,10.0,24.0,1,0.0,25.0,0.0,0.0
1966,Bernard Alvarez (Owner),9,1,1,0.0,21.89,2760.0,1584.0,27.0,0,13.56,3.0,37.0,2,11.11,11.11,0.0,1.7
1967,Negre Racing,56,5,22,0.0,16.25,21660.0,10541.0,0.0,0,20.34,4.0,42.0,33,8.93,39.29,0.0,0.0
1969,Frank Sessoms (Owner),1,0,0,0.0,17.0,0.0,128.0,0.0,0,16.0,17.0,17.0,1,0.0,0.0,0.0,0.0
1970,Marcis Auto Racing,35,6,12,0.0,18.06,2213.0,6485.0,14.0,0,11.37,3.0,39.0,14,17.14,34.29,0.0,0.22
1970,Martin Fay (Owner),1,0,0,0.0,32.0,57.0,24.0,0.0,0,16.0,32.0,32.0,0,0.0,0.0,0.0,0.0
1973,Dean Barnicle (Owner),2,0,2,0.0,7.0,176.0,329.0,0.0,0,24.0,6.0,8.0,2,0.0,100.0,0.0,0.0
1976,Donald Green (Owner),1,0,0,0.0,18.0,109.0,378.0,0.0,0,29.0,18.0,18.0,1,0.0,0.0,0.0,0.0
1977,DeWitt Racing,30,20,22,4.0,7.77,4570.0,9410.0,1400.0,15,4.73,1.0,27.0,24,66.67,73.33,13.33,14.88
1984,Donlavey Racing,30,1,5,0.0,18.53,3265.0,8157.0,185.0,0,19.63,3.0,38.0,19,3.33,16.67,0.0,2.27
1985,Mach 1 Racing,28,14,19,3.0,10.0,4028.0,8805.0,1270.0,12,8.36,1.0,38.0,22,50.0,67.86,10.71,14.42
1988,Arrington Racing,15,0,0,0.0,26.2,711.0,3744.0,0.0,1,29.93,15.0,41.0,8,0.0,0.0,0.0,0.0
1988,Don Gibbs Racing,5,0,0,0.0,35.8,283.0,636.0,2.0,0,25.4,31.0,40.0,1,0.0,0.0,0.0,0.31
1992,Jimmy Means Racing,26,0,0,0.0,29.81,1913.0,5075.0,0.0,2,32.65,13.0,42.0,11,0.0,0.0,0.0,0.0
1992,Active Motorsports,9,0,0,0.0,29.89,660.0,2166.0,0.0,0,32.89,22.0,38.0,5,0.0,0.0,0.0,0.0
1996,Morgan-McClure Motorsports,31,5,10,2.0,16.26,3682.0,8877.0,332.0,13,17.77,1.0,41.0,25,16.13,32.26,6.45,3.74
1996,Joe Gibbs Racing,31,5,14,1.0,17.35,3590.0,8916.0,337.0,12,11.77,1.0,41.0,26,16.13,45.16,3.23,3.78
1997,American Equipment Motorsports,27,0,0,0.0,28.78,2075.0,7287.0,1.0,4,25.41,16.0,42.0,20,0.0,0.0,0.0,0.01
1997,Larry Hedrick Motorsports,31,3,6,0.0,21.81,3061.0,8800.0,2.0,7,25.16,4.0,41.0,26,9.68,19.35,0.0,0.02
1999,No Fear Racing,4,0,0,0.0,38.25,198.0,746.0,9.0,0,16.75,34.0,42.0,2,0.0,0.0,0.0,1.21
2010,Roush Fenway Racing,144,24,56,4.0,15.3,17473.0,42296.0,1091.0,110,18.25,1.0,41.0,137,16.67,38.89,2.78,2.58
2011,JTG Daugherty Racing,36,1,2,0.0,24.78,696.0,10228.0,6.0,12,22.42,4.0,38.0,32,2.78,5.56,0.0,0.06
2022,Hendrick Motorsports,144,34,62,11.0,14.83,4083.0,34977.0,2375.0,105,11.42,1.0,38.0,121,23.61,43.06,7.64,6.79
1954,Eddie Pagan (Owner),3,0,0,0.0,17.0,,943.0,0.0,0,23.0,12.0,21.0,3,0.0,0.0,0.0,0.0
1958,Chuck Hansen (Owner),7,0,1,0.0,20.86,916.0,1011.0,0.0,0,25.0,10.0,41.0,5,0.0,14.29,0.0,0.0
1969,Coz Concilla (Owner),1,0,0,0.0,11.0,120.0,163.0,0.0,0,28.0,11.0,11.0,1,0.0,0.0,0.0,0.0
1953,Herschel Buchanan (Owner),14,4,6,0.0,16.07,,506.0,0.0,1,20.0,3.0,42.0,4,28.57,42.86,0.0,0.0
1954,Joe Blair (Owner),11,3,5,0.0,16.27,,1645.0,0.0,0,18.0,2.0,44.0,6,27.27,45.45,0.0,0.0
1954,R. Spearman (Owner),4,0,0,0.0,14.0,,649.0,0.0,0,24.0,12.0,15.0,3,0.0,0.0,0.0,0.0
1956,Jim Reed (Owner),11,5,5,0.0,13.91,0.0,1505.0,286.0,2,9.91,2.0,25.0,5,45.45,45.45,0.0,19.0
1956,Jesse James Taylor (Owner),3,0,0,0.0,32.67,,269.0,0.0,0,37.0,14.0,69.0,2,0.0,0.0,0.0,0.0
1958,Carl Tyler (Owner),10,0,0,0.0,20.8,436.0,1016.0,0.0,0,25.78,11.0,34.0,3,0.0,0.0,0.0,0.0
1959,Petty Enterprises,64,33,44,11.0,9.42,13286.0,12272.0,1144.0,16,8.71,1.0,57.0,45,51.56,68.75,17.19,9.32
1961,Jack Meeks (Owner),3,0,0,0.0,25.67,434.0,252.0,0.0,0,26.0,15.0,38.0,1,0.0,0.0,0.0,0.0
1963,Frank Waite (Owner),5,0,0,0.0,18.6,816.0,701.0,0.0,0,20.6,12.0,40.0,4,0.0,0.0,0.0,0.0
1967,K&K Insurance Racing,23,6,10,0.0,15.87,35952.0,4986.0,70.0,0,11.83,2.0,42.0,12,26.09,43.48,0.0,1.4
1980,Mike Kempton (Owner),3,0,0,0.0,31.67,52.0,198.0,0.0,0,34.67,21.0,37.0,1,0.0,0.0,0.0,0.0
1981,McDuffie Racing,28,0,1,0.0,18.75,3000.0,7108.0,8.0,0,28.11,10.0,33.0,20,0.0,3.57,0.0,0.11
1990,Schmitt Racing,2,0,0,0.0,19.0,212.0,384.0,0.0,1,34.5,18.0,20.0,2,0.0,0.0,0.0,0.0
1990,Allen Beebe,2,0,0,0.0,32.5,131.0,333.0,0.0,0,35.0,30.0,35.0,1,0.0,0.0,0.0,0.0
1990,Hylton Engineering,3,0,0,0.0,34.0,70.0,377.0,0.0,0,34.0,31.0,36.0,0,0.0,0.0,0.0,0.0
1999,Brett Bodine Racing,32,0,0,0.0,30.0,2351.0,8940.0,4.0,0,30.28,12.0,43.0,30,0.0,0.0,0.0,0.04
2004,PPI Motorsports,36,0,0,0.0,27.5,2903.0,9498.0,1.0,8,29.53,11.0,43.0,26,0.0,0.0,0.0,0.01
1949,Woodie Wilson (Owner),1,0,0,0.0,17.0,,,0.0,0,,17.0,17.0,0,0.0,0.0,0.0,
1952,Jack Holloway (Owner),1,0,0,0.0,29.0,,12.0,0.0,0,27.0,29.0,29.0,0,0.0,0.0,0.0,0.0
1954,Sam Arena (Owner),2,0,1,0.0,17.0,,688.0,0.0,0,7.0,10.0,24.0,1,0.0,50.0,0.0,0.0
1957,A.L. Bumgarner (Owner),21,2,9,0.0,15.05,,3231.0,209.0,1,9.95,3.0,51.0,11,9.52,42.86,0.0,6.47
1959,Fred Harb (Owner),17,2,5,0.0,19.53,80.0,2324.0,0.0,0,15.35,3.0,44.0,7,11.76,29.41,0.0,0.0
1960,Ned Jarrett (Owner),40,20,26,5.0,9.9,14660.0,7399.0,382.0,8,8.88,1.0,43.0,28,50.0,65.0,12.5,5.16
1962,Mamie Reynolds (Owner),7,1,2,1.0,18.57,1770.0,1568.0,19.0,1,12.57,1.0,38.0,3,14.29,28.57,14.29,1.21
1967,J.T. Putney (Owner),28,1,10,0.0,17.57,15458.0,5803.0,0.0,0,20.0,3.0,44.0,14,3.57,35.71,0.0,0.0
1969,Tom Hunter (Owner),9,0,0,0.0,17.56,696.0,2252.0,0.0,0,29.0,11.0,33.0,6,0.0,0.0,0.0,0.0
1970,Wayne Smith (Owner),9,0,0,0.0,29.89,327.0,596.0,0.0,0,31.33,19.0,39.0,2,0.0,0.0,0.0,0.0
1971,Donlavey Racing,26,4,10,0.0,18.62,2037.0,5354.0,47.0,1,11.81,3.0,48.0,14,15.38,38.46,0.0,0.88
1971,Wiltshire Racing,1,0,0,0.0,28.0,23.0,2.0,0.0,0,29.0,28.0,28.0,0,0.0,0.0,0.0,0.0
1973,Langley-Woodfield Racing,27,0,4,0.0,17.59,1804.0,8016.0,0.0,0,22.85,7.0,38.0,20,0.0,14.81,0.0,0.0
1975,Hylton Engineering,30,2,16,0.0,11.7,3914.0,9650.0,11.0,0,18.7,4.0,33.0,27,6.67,53.33,0.0,0.11
1975,Langley-Woodfield Racing,29,2,6,0.0,16.48,3314.0,7983.0,0.0,0,25.03,5.0,30.0,18,6.9,20.69,0.0,0.0
1976,Newsom Racing,7,0,0,0.0,25.43,607.0,1604.0,0.0,0,31.14,18.0,38.0,1,0.0,0.0,0.0,0.0
1977,Emerson Racing,1,0,0,0.0,15.0,118.0,154.0,0.0,0,38.0,15.0,15.0,1,0.0,0.0,0.0,0.0
1981,Donlavey Racing,30,3,18,1.0,12.37,3890.0,8528.0,28.0,5,17.63,1.0,38.0,23,10.0,60.0,3.33,0.33
1989,Stavola Brothers Racing,56,7,16,0.0,17.73,6176.0,16676.0,106.0,11,22.48,3.0,39.0,41,12.5,28.57,0.0,0.64
1991,Larry Hedrick Motorsports,11,0,0,0.0,28.64,848.0,1543.0,0.0,0,27.18,14.0,41.0,4,0.0,0.0,0.0,0.0
1996,Diamond Ridge Motorsports,29,1,2,0.0,27.9,2322.0,6783.0,15.0,4,26.48,5.0,42.0,20,3.45,6.9,0.0,0.22
2002,Quest Motor Racing,4,0,0,0.0,39.0,184.0,486.0,0.0,0,32.75,35.0,43.0,1,0.0,0.0,0.0,0.0
2003,Chip Ganassi Racing,109,6,25,0.0,22.83,10523.0,29258.0,375.0,49,20.76,2.0,43.0,87,5.5,22.94,0.0,1.28
2009,Wood Brothers Racing,13,0,0,0.0,23.54,1201.0,3236.0,0.0,6,21.46,15.0,36.0,11,0.0,0.0,0.0,0.0
1949,B.E. Renfro (Owner),2,0,0,0.0,20.5,,,0.0,0,,17.0,24.0,0,0.0,0.0,0.0,
1951,Dick Eagan (Owner),3,1,2,0.0,11.0,,,0.0,0,11.0,3.0,22.0,1,33.33,66.67,0.0,
1957,Bill Poor (Owner),2,0,0,0.0,16.0,,167.0,0.0,0,28.0,13.0,19.0,1,0.0,0.0,0.0,0.0
1963,Rocky Hinton (Owner),3,0,0,0.0,25.33,734.0,316.0,0.0,0,26.33,16.0,31.0,1,0.0,0.0,0.0,0.0
1951,Herb Thomas Racing,47,18,24,5.0,12.77,,2054.0,774.0,5,11.89,1.0,57.0,18,38.3,51.06,10.64,37.68
1956,John Kieper (Owner),8,4,7,1.0,5.75,,1479.0,1.0,3,7.86,1.0,15.0,8,50.0,87.5,12.5,0.07
1958,Jesse James Taylor (Owner),1,0,0,0.0,37.0,,95.0,0.0,0,47.0,37.0,37.0,0,0.0,0.0,0.0,0.0
1960,Dick Joslin (Owner),1,0,0,0.0,44.0,70.0,35.0,0.0,0,37.0,44.0,44.0,0,0.0,0.0,0.0,0.0
1964,Shorty Johns (Owner),6,0,1,0.0,23.0,2256.0,629.0,0.0,0,16.83,9.0,36.0,2,0.0,16.67,0.0,0.0
1967,Eddie Yarboro (Owner),8,0,3,0.0,18.13,1828.0,1318.0,0.0,0,20.5,9.0,32.0,2,0.0,37.5,0.0,0.0
1969,Strong Racing,11,0,0,0.0,25.0,669.0,2187.0,0.0,0,29.18,11.0,38.0,4,0.0,0.0,0.0,0.0
1972,Marcis Auto Racing,22,5,7,0.0,18.68,1254.0,5393.0,4.0,0,15.59,3.0,46.0,12,22.73,31.82,0.0,0.07
1977,Puskarich Racing,2,0,0,0.0,29.0,152.0,51.0,0.0,0,32.5,28.0,30.0,0,0.0,0.0,0.0,0.0
1978,Hylton Engineering,31,0,7,0.0,19.32,3180.0,8252.0,16.0,0,18.16,7.0,39.0,19,0.0,22.58,0.0,0.19
1982,Matthews Racing,2,0,0,0.0,24.5,0.0,533.0,0.0,0,32.0,23.0,26.0,0,0.0,0.0,0.0,0.0
1987,Beahr Racing Enterprises,1,0,0,0.0,38.0,0.0,29.0,0.0,0,32.0,38.0,38.0,0,0.0,0.0,0.0,0.0
1997,Joe Gibbs Racing,32,9,18,1.0,13.72,4101.0,9482.0,484.0,21,13.31,1.0,40.0,31,28.13,56.25,3.13,5.1
1997,Filmar Racing,31,0,2,0.0,27.97,2462.0,8333.0,0.0,5,23.77,6.0,43.0,22,0.0,6.45,0.0,0.0
2013,Penske Racing,73,20,35,2.0,14.84,2168.0,20527.0,799.0,54,11.79,1.0,40.0,67,27.4,47.95,2.74,3.89
2013,NEMCO Motorsports,35,0,0,0.0,36.43,8.0,7315.0,0.0,2,39.74,25.0,43.0,19,0.0,0.0,0.0,0.0
2018,Joe Gibbs Racing,144,44,72,9.0,13.34,4126.0,39445.0,1983.0,100,11.42,1.0,40.0,131,30.56,50.0,6.25,5.03
2023,Legacy Motor Club,75,1,7,0.0,24.07,888.0,17421.0,26.0,33,25.19,3.0,38.0,58,1.33,9.33,0.0,0.15
2025,Wood Brothers Racing,36,3,8,1.0,21.67,648.0,8224.0,207.0,20,15.81,1.0,39.0,27,8.33,22.22,2.78,2.52
1961,,101,3,13,0.0,20.24,16364.0,13065.0,112.0,0,21.81,2.0,45.0,47,2.97,12.87,0.0,0.86
1953,Bob Walden (Owner),4,0,2,0.0,11.25,,325.0,0.0,0,,8.0,18.0,0,0.0,50.0,0.0,0.0
1955,Curly Weida (Owner),1,0,0,0.0,15.0,220.0,228.0,0.0,0,17.0,15.0,15.0,1,0.0,0.0,0.0,0.0
1955,Stroppe Motorsports,1,0,1,0.0,7.0,190.0,102.0,0.0,0,6.0,7.0,7.0,1,0.0,100.0,0.0,0.0
1956,W.H. Atkinson (Owner),1,0,0,0.0,51.0,,,0.0,0,48.0,51.0,51.0,0,0.0,0.0,0.0,
1958,Eddie Pagan (Owner),23,11,17,0.0,9.22,4088.0,3972.0,57.0,1,7.48,2.0,36.0,19,47.83,73.91,0.0,1.44
1958,Ken Corman (Owner),8,2,3,0.0,17.13,804.0,897.0,0.0,1,18.75,3.0,35.0,4,25.0,37.5,0.0,0.0
1958,Dick Walters (Owner),4,0,0,0.0,17.0,56.0,305.0,0.0,0,20.25,14.0,19.0,2,0.0,0.0,0.0,0.0
1966,Clay Esteridge (Owner),5,0,0,0.0,28.4,574.0,328.0,0.0,0,26.4,17.0,39.0,0,0.0,0.0,0.0,0.0
1969,Marcis Auto Racing,2,0,0,0.0,21.5,150.0,344.0,0.0,0,21.5,19.0,24.0,0,0.0,0.0,0.0,0.0
1972,DeWitt Racing,31,10,19,0.0,14.52,2256.0,7922.0,19.0,0,11.23,2.0,40.0,20,32.26,61.29,0.0,0.24
1973,B & B Racing,10,1,3,0.0,21.8,508.0,2041.0,0.0,0,20.1,4.0,38.0,4,10.0,30.0,0.0,0.0
1978,Frasson Racing,5,0,0,0.0,18.8,533.0,1436.0,0.0,0,31.2,14.0,24.0,3,0.0,0.0,0.0,0.0
1983,Gray Racing,8,0,0,0.0,29.5,265.0,1417.0,0.0,0,28.0,21.0,38.0,3,0.0,0.0,0.0,0.0
1986,Junior Johnson & Associates,58,27,35,4.0,12.91,7700.0,16206.0,909.0,24,10.36,1.0,40.0,42,46.55,60.34,6.9,5.61
1993,Penske Racing South,30,19,21,10.0,9.4,4446.0,9641.0,2860.0,23,11.87,1.0,39.0,25,63.33,70.0,33.33,29.66
1993,Loy Allen Sr. (Owner),4,0,0,0.0,31.25,277.0,573.0,0.0,0,29.5,26.0,41.0,2,0.0,0.0,0.0,0.0
1994,Moroso Racing,5,0,0,0.0,29.2,377.0,1042.0,0.0,0,29.8,20.0,43.0,3,0.0,0.0,0.0,0.0
2020,Wood Brothers Racing,36,3,11,0.0,14.75,911.0,9767.0,91.0,27,14.03,2.0,36.0,35,8.33,30.56,0.0,0.93
1951,Coleman Lawrence (Owner),6,0,2,0.0,14.5,,130.0,0.0,0,29.2,7.0,20.0,0,0.0,33.33,0.0,0.0
1952,O.C. Francis (Owner),3,0,0,0.0,16.33,,303.0,0.0,0,16.0,11.0,24.0,1,0.0,0.0,0.0,0.0
1953,Slick Smith (Owner),1,0,1,0.0,7.0,,,0.0,0,,7.0,7.0,0,0.0,100.0,0.0,
1962,H.G. Rosier (Owner),4,0,1,0.0,23.75,1490.0,653.0,0.0,0,21.25,6.0,41.0,1,0.0,25.0,0.0,0.0
1956,Bob White (Owner),5,0,2,0.0,25.0,,521.0,0.0,0,17.75,9.0,47.0,2,0.0,40.0,0.0,0.0
1958,Billy Rafter (Owner),19,1,8,0.0,12.32,2524.0,3160.0,0.0,0,15.89,5.0,32.0,18,5.26,42.11,0.0,0.0
1960,Buck Baker Racing,35,13,21,1.0,11.6,11754.0,6656.0,3.0,1,12.14,1.0,34.0,28,37.14,60.0,2.86,0.05
1961,Lloyd Dane (Owner),4,1,2,1.0,12.25,1032.0,396.0,1.0,1,4.0,1.0,26.0,3,25.0,50.0,25.0,0.25
1962,Curtis Crider (Owner),62,3,18,0.0,15.19,14292.0,11333.0,0.0,0,19.72,3.0,43.0,44,4.84,29.03,0.0,0.0
1962,Holman Moody,34,16,19,4.0,14.29,28464.0,7787.0,791.0,8,7.58,1.0,45.0,18,47.06,55.88,11.76,10.16
1962,Reb Wickersham (Owner),2,0,0,0.0,27.5,192.0,276.0,0.0,0,26.5,16.0,39.0,0,0.0,0.0,0.0,0.0
1963,Holman Moody,61,38,47,11.0,8.2,68120.0,14983.0,3086.0,24,6.18,1.0,35.0,48,62.3,77.05,18.03,20.6
1967,Ken Carpenter (Owner),14,0,3,0.0,16.14,2700.0,2260.0,0.0,0,21.21,7.0,31.0,9,0.0,21.43,0.0,0.0
1969,Bob Burcham (Owner),1,0,0,0.0,34.0,0.0,2.0,0.0,0,36.0,34.0,34.0,0,0.0,0.0,0.0,0.0
1975,Ed Gibson (Owner),4,0,1,0.0,24.0,279.0,799.0,1.0,0,11.0,7.0,36.0,1,0.0,25.0,0.0,0.13
1981,Wilson Racing,8,0,0,0.0,28.13,639.0,989.0,7.0,0,17.5,11.0,42.0,2,0.0,0.0,0.0,0.71
1981,Joe May (Owner),3,0,0,0.0,31.67,131.0,139.0,0.0,0,27.67,30.0,33.0,0,0.0,0.0,0.0,0.0
1985,Beahr Racing Enterprises,3,0,0,0.0,29.67,125.0,623.0,0.0,0,32.0,22.0,39.0,0,0.0,0.0,0.0,0.0
1989,Pearson Racing,29,0,2,0.0,21.66,2860.0,7993.0,5.0,2,21.62,6.0,40.0,18,0.0,6.9,0.0,0.06
1993,Jimmy Means Racing,29,0,0,0.0,29.66,2157.0,6358.0,2.0,0,34.83,16.0,41.0,15,0.0,0.0,0.0,0.03
2000,Mansion Motorsports,3,0,0,0.0,36.33,162.0,739.0,0.0,0,40.0,32.0,41.0,2,0.0,0.0,0.0,0.0
2001,Petty Enterprises,89,1,2,0.0,29.94,6555.0,22839.0,56.0,11,26.92,2.0,43.0,67,1.12,2.25,0.0,0.25
2002,NEMCO Motorsports,1,0,0,0.0,25.0,88.0,110.0,0.0,1,19.0,25.0,25.0,1,0.0,0.0,0.0,0.0
2005,Mach 1 Motorsports,8,0,0,0.0,41.5,318.0,360.0,3.0,0,37.75,36.0,43.0,0,0.0,0.0,0.0,0.83
2005,Peak Fitness Racing,23,0,0,0.0,34.09,1347.0,5956.0,1.0,1,32.65,21.0,42.0,15,0.0,0.0,0.0,0.02
2013,TriStar Motorsports,15,0,0,0.0,41.07,22.0,712.0,0.0,1,37.67,29.0,43.0,1,0.0,0.0,0.0,0.0
2013,Leavine Family Racing,20,0,1,0.0,37.8,100.0,2713.0,3.0,3,35.55,9.0,43.0,3,0.0,5.0,0.0,0.11
1950,John Eanes (Owner),16,7,7,4.0,15.75,,1924.0,1110.0,5,6.77,1.0,60.0,7,43.75,43.75,25.0,57.69
1951,Earl Blevins (Owner),3,0,0,0.0,19.0,,370.0,0.0,0,11.0,13.0,23.0,0,0.0,0.0,0.0,0.0
1952,John Eanes (Owner),11,1,3,0.0,24.09,,861.0,12.0,0,14.6,5.0,61.0,3,9.09,27.27,0.0,1.39
1953,Bob Pronger (Owner),2,0,1,0.0,29.0,,356.0,0.0,0,10.0,7.0,51.0,1,0.0,50.0,0.0,0.0
1955,J.M. Fitzgibbons (Owner),14,0,2,0.0,16.93,1124.0,1291.0,0.0,0,15.0,6.0,26.0,6,0.0,14.29,0.0,0.0
1960,Fred Harb (Owner),24,2,7,0.0,14.92,2432.0,3697.0,0.0,0,16.25,5.0,30.0,12,8.33,29.17,0.0,0.0
1966,Harold Rhodes (Owner),11,0,1,0.0,21.27,8334.0,1989.0,0.0,0,22.91,10.0,36.0,6,0.0,9.09,0.0,0.0
1969,Giachetti Brothers,7,0,0,0.0,24.86,435.0,812.0,0.0,0,29.71,13.0,39.0,4,0.0,0.0,0.0,0.0
1970,Champion Racing,38,0,6,0.0,18.08,2350.0,7493.0,0.0,0,19.26,7.0,40.0,18,0.0,15.79,0.0,0.0
1973,Ballard Racing,29,0,4,0.0,19.14,1848.0,8187.0,5.0,0,19.17,6.0,48.0,20,0.0,13.79,0.0,0.06
1973,Gordon Racing,28,8,18,0.0,11.29,2224.0,8995.0,2.0,0,9.43,3.0,29.0,23,28.57,64.29,0.0,0.02
1974,Don Nuzum (Owner),2,0,0,0.0,24.0,,154.0,0.0,0,24.0,20.0,28.0,0,0.0,0.0,0.0,0.0
1974,Zervakis Enterprises,1,0,0,0.0,21.0,,150.0,79.0,0,2.0,21.0,21.0,0,0.0,0.0,0.0,52.67
1976,Means Racing,19,0,0,0.0,23.68,1752.0,4336.0,1.0,0,24.11,11.0,40.0,12,0.0,0.0,0.0,0.02
1979,Hamby Racing,21,0,1,0.0,23.9,1918.0,5386.0,0.0,0,22.76,10.0,38.0,11,0.0,4.76,0.0,0.0
1982,Bob Schacht Motorsports,3,0,0,0.0,21.33,297.0,576.0,0.0,0,27.33,16.0,27.0,1,0.0,0.0,0.0,0.0
1984,RahMoc Enterprises,30,3,9,0.0,17.1,3416.0,9383.0,30.0,1,16.43,4.0,42.0,23,10.0,30.0,0.0,0.32
1990,RahMoc Enterprises,29,1,3,0.0,23.79,2666.0,8036.0,0.0,3,23.14,5.0,39.0,14,3.45,10.34,0.0,0.0
1997,Cale Yarborough Motorsports,32,3,3,1.0,23.56,3019.0,9333.0,135.0,6,22.97,1.0,40.0,29,9.38,9.38,3.13,1.45
2002,Morgan-McClure Motorsports,36,0,1,0.0,27.75,2886.0,10074.0,2.0,4,22.89,6.0,43.0,30,0.0,2.78,0.0,0.02
2008,Dale Earnhardt Inc.,144,8,24,0.0,22.17,14109.0,41642.0,268.0,72,20.49,2.0,43.0,136,5.56,16.67,0.0,0.64
2010,Stewart-Haas Racing,72,13,31,3.0,14.76,8930.0,21260.0,600.0,55,12.57,1.0,36.0,67,18.06,43.06,4.17,2.82
2010,Gunselman Motorsports,16,0,0,0.0,40.5,664.0,1018.0,0.0,0,38.13,37.0,43.0,0,0.0,0.0,0.0,0.0
2015,Chip Ganassi Racing,72,6,20,0.0,17.04,1924.0,20364.0,129.0,50,14.72,2.0,42.0,65,8.33,27.78,0.0,0.63
1951,Buddy Teasley (Owner),1,0,0,0.0,11.0,,135.0,0.0,0,25.0,11.0,11.0,0,0.0,0.0,0.0,0.0
1951,John DuBoise (Owner),2,1,1,0.0,9.5,,127.0,0.0,0,12.0,4.0,15.0,1,50.0,50.0,0.0,0.0
1952,Ranier-Lundy Racing,4,2,2,0.0,9.0,,978.0,0.0,0,17.0,2.0,18.0,3,50.0,50.0,0.0,0.0
1953,Charles Weidler (Owner),2,0,0,0.0,38.5,,9.0,0.0,0,48.0,30.0,47.0,0,0.0,0.0,0.0,0.0
1955,Nace Mattingly (Owner),3,1,1,0.0,10.67,992.0,696.0,0.0,0,17.67,5.0,14.0,3,33.33,33.33,0.0,0.0
1956,Nace Mattingly (Owner),4,1,1,0.0,27.75,,394.0,0.0,0,29.0,5.0,63.0,1,25.0,25.0,0.0,0.0
1965,DeWitt Racing,2,0,1,0.0,26.0,360.0,281.0,0.0,0,21.5,10.0,42.0,1,0.0,50.0,0.0,0.0
1957,Howard Coulter (Owner),4,0,0,0.0,20.75,,365.0,0.0,0,9.25,18.0,22.0,0,0.0,0.0,0.0,0.0
1958,Leland Colvin (Owner),2,0,1,0.0,13.5,,237.0,0.0,0,16.0,8.0,19.0,1,0.0,50.0,0.0,0.0
1960,Tommy Irwin (Owner),13,4,10,0.0,10.31,562.0,2104.0,0.0,0,10.54,4.0,37.0,8,30.77,76.92,0.0,0.0
1965,Doug Yates (Owner),4,0,1,0.0,20.0,604.0,271.0,13.0,0,8.75,9.0,32.0,0,0.0,25.0,0.0,4.8
1970,Robertson Racing,75,3,27,2.0,15.99,4396.0,14971.0,216.0,2,19.69,1.0,35.0,46,4.0,36.0,2.67,1.44
1975,Donlavey Racing,30,6,16,0.0,14.47,3380.0,8614.0,60.0,2,10.53,2.0,38.0,20,20.0,53.33,0.0,0.7
1975,Tom Williams (Owner),4,0,0,0.0,27.0,131.0,430.0,0.0,0,33.0,20.0,34.0,1,0.0,0.0,0.0,0.0
1976,Arrington Racing,25,0,3,0.0,20.12,2573.0,6256.0,0.0,0,21.08,7.0,40.0,15,0.0,12.0,0.0,0.0
1977,Mike Kempton (Owner),3,0,0,0.0,26.67,249.0,490.0,0.0,0,31.67,20.0,30.0,1,0.0,0.0,0.0,0.0
1978,Jim Stacy Racing,17,4,10,0.0,16.59,1851.0,3863.0,38.0,1,10.35,2.0,39.0,10,23.53,58.82,0.0,0.98
1979,Ellington Racing,20,7,10,0.0,14.7,2508.0,4921.0,277.0,3,9.45,2.0,37.0,12,35.0,50.0,0.0,5.63
1986,Stavola Brothers Racing,58,10,29,2.0,14.19,7239.0,16512.0,153.0,16,14.91,1.0,42.0,47,17.24,50.0,3.45,0.93
1988,U. S. Motorsports Inc.,25,0,0,0.0,23.48,2319.0,7337.0,1.0,0,29.6,11.0,37.0,18,0.0,0.0,0.0,0.01
1991,AAG Racing,4,0,0,0.0,32.0,268.0,714.0,0.0,0,24.75,26.0,40.0,0,0.0,0.0,0.0,0.0
1993,Roulo Brothers Racing,5,0,0,0.0,25.4,434.0,1067.0,0.0,1,25.2,13.0,39.0,4,0.0,0.0,0.0,0.0
1996,David Blair Motorsports,11,0,0,0.0,27.45,892.0,3213.0,1.0,0,20.18,15.0,37.0,8,0.0,0.0,0.0,0.03
2011,Richard Petty Motorsports,72,6,22,1.0,17.17,1949.0,20599.0,100.0,46,16.19,1.0,39.0,70,8.33,30.56,1.39,0.49
2023,Rick Ware Racing,72,0,2,0.0,28.11,180.0,16440.0,7.0,20,30.83,7.0,39.0,57,0.0,2.78,0.0,0.04
1954,Carl Dane (Owner),1,1,1,0.0,5.0,,486.0,0.0,0,4.0,5.0,5.0,1,100.0,100.0,0.0,0.0
1955,Langley-Woodfield Racing,3,0,1,0.0,30.0,180.0,344.0,0.0,0,30.67,8.0,59.0,2,0.0,33.33,0.0,0.0
1956,Jimmy Vaughn (Owner),1,0,0,0.0,19.0,,361.0,0.0,0,18.0,19.0,19.0,1,0.0,0.0,0.0,0.0
1957,Frankie Schneider (Owner),4,0,1,0.0,22.5,,917.0,0.0,0,9.5,8.0,47.0,3,0.0,25.0,0.0,0.0
1957,Lyle Sokoll (Owner),1,0,0,0.0,40.0,,111.0,0.0,0,33.0,40.0,40.0,0,0.0,0.0,0.0,0.0
1960,Joe Lee Johnson (Owner),4,1,1,0.0,19.75,472.0,637.0,0.0,1,15.25,3.0,35.0,1,25.0,25.0,0.0,0.0
1953,Doug Meeks (Owner),10,0,0,0.0,22.4,,222.0,0.0,0,22.5,12.0,35.0,0,0.0,0.0,0.0,0.0
1955,Ken Fisher (Owner),9,0,1,0.0,23.56,388.0,453.0,0.0,0,18.33,10.0,47.0,1,0.0,11.11,0.0,0.0
1955,John McVitty (Owner),7,0,2,0.0,14.0,684.0,951.0,0.0,0,18.29,8.0,20.0,5,0.0,28.57,0.0,0.0
1955,J.W. Campbell (Owner),6,0,2,0.0,15.5,660.0,738.0,0.0,0,19.67,7.0,27.0,4,0.0,33.33,0.0,0.0
1959,Harlan Richardson (Owner),10,0,2,0.0,16.5,120.0,1893.0,0.0,0,15.6,6.0,28.0,5,0.0,20.0,0.0,0.0
1959,Frank Hayworth (Owner),1,0,0,0.0,24.0,,159.0,0.0,0,22.0,24.0,24.0,0,0.0,0.0,0.0,0.0
1960,Paul Parks (Owner),3,0,0,0.0,27.67,202.0,273.0,0.0,0,43.0,18.0,37.0,2,0.0,0.0,0.0,0.0
1969,Ervin Pruitt (Owner),26,0,1,0.0,21.54,822.0,3655.0,0.0,0,25.54,10.0,50.0,10,0.0,3.85,0.0,0.0
1970,Bill Andersen (Owner),1,0,0,0.0,20.0,0.0,95.0,0.0,0,36.0,20.0,20.0,1,0.0,0.0,0.0,0.0
1973,Faustina Racing,4,0,1,0.0,18.5,140.0,920.0,0.0,0,35.0,7.0,35.0,2,0.0,25.0,0.0,0.0
1977,K&K Insurance Racing,11,2,4,0.0,16.73,1285.0,2964.0,47.0,0,9.09,4.0,37.0,7,18.18,36.36,0.0,1.59
1979,Arrington Racing,33,1,7,0.0,16.7,3674.0,8573.0,2.0,0,22.12,3.0,32.0,22,3.03,21.21,0.0,0.02
1985,Bobby Gerhart Racing,5,0,0,0.0,26.2,422.0,1166.0,0.0,0,30.6,24.0,31.0,3,0.0,0.0,0.0,0.0
1991,Spears Racing,3,0,0,0.0,18.33,324.0,848.0,0.0,1,24.33,15.0,21.0,3,0.0,0.0,0.0,0.0
1996,Petty Enterprises,31,3,11,1.0,16.55,3639.0,9153.0,648.0,13,19.94,1.0,39.0,28,9.68,35.48,3.23,7.08
2001,Marcis Auto Racing,4,0,0,0.0,34.75,235.0,1226.0,0.0,0,15.75,32.0,38.0,4,0.0,0.0,0.0,0.0
2009,Germain Racing,15,0,1,0.0,31.13,1047.0,3470.0,0.0,3,33.27,8.0,42.0,13,0.0,6.67,0.0,0.0
2011,Curb Agajanian Motorsports,1,0,0,0.0,26.0,0.0,270.0,0.0,0,26.0,26.0,26.0,1,0.0,0.0,0.0,0.0
2016,GO FAS Racing,36,0,0,0.0,33.28,229.0,9950.0,5.0,4,37.47,19.0,40.0,34,0.0,0.0,0.0,0.05
2025,Front Row Motorsports,108,3,13,0.0,22.35,1677.0,27500.0,52.0,62,23.73,2.0,39.0,93,2.78,12.04,0.0,0.19
1949,Buddy Elliott (Owner),5,2,3,0.0,12.8,,347.0,0.0,1,3.5,2.0,31.0,2,40.0,60.0,0.0,0.0
1949,W.O. Taylor (Owner),2,0,1,0.0,15.5,,352.0,0.0,0,23.0,8.0,23.0,1,0.0,50.0,0.0,0.0
1953,Charlie Causey (Owner),3,0,0,0.0,20.67,,35.0,0.0,0,40.0,16.0,24.0,1,0.0,0.0,0.0,0.0
1951,C.H. Dingler (Owner),3,0,0,0.0,18.0,,,0.0,0,,12.0,25.0,0,0.0,0.0,0.0,
1952,Jimmy Florian (Owner),6,0,2,0.0,18.0,,283.0,0.0,0,19.5,10.0,42.0,3,0.0,33.33,0.0,0.0
1953,Michael Jarema (Owner),3,0,0,0.0,21.67,,244.0,0.0,0,16.5,15.0,34.0,0,0.0,0.0,0.0,0.0
1956,Dave Everett (Owner),7,0,2,0.0,12.43,,886.0,0.0,0,22.14,9.0,16.0,7,0.0,28.57,0.0,0.0
1956,Fred Frazier (Owner),8,1,4,0.0,13.0,,1402.0,0.0,0,21.0,5.0,22.0,4,12.5,50.0,0.0,0.0
1957,Roger Baldwin (Owner),2,0,0,0.0,31.5,,337.0,0.0,0,38.5,16.0,47.0,1,0.0,0.0,0.0,0.0
1959,Gerald Duke (Owner),4,1,1,0.0,24.0,264.0,594.0,0.0,0,15.5,4.0,38.0,2,25.0,25.0,0.0,0.0
1965,Bill Clifton (Owner),1,0,1,0.0,7.0,2000.0,172.0,0.0,0,8.0,7.0,7.0,1,0.0,100.0,0.0,0.0
1965,Clem Proctor (Owner),1,0,0,0.0,28.0,200.0,47.0,0.0,0,10.0,28.0,28.0,0,0.0,0.0,0.0,0.0
1968,Holman Moody,52,38,40,17.0,6.31,3494.0,13794.0,4287.0,30,3.63,1.0,31.0,41,73.08,76.92,32.69,31.08
1970,Ken Spikes (Owner),5,0,0,0.0,29.6,284.0,786.0,0.0,0,35.4,14.0,39.0,2,0.0,0.0,0.0,0.0
1973,Penske Racing South,10,2,3,1.0,22.3,432.0,1981.0,0.0,1,11.5,1.0,37.0,3,20.0,30.0,10.0,0.0
1974,Fred Elder (Owner),2,0,0,0.0,35.0,,37.0,0.0,0,12.0,34.0,36.0,0,0.0,0.0,0.0,0.0
1976,Harris Racing,3,0,0,0.0,27.67,240.0,324.0,0.0,0,28.67,25.0,30.0,0,0.0,0.0,0.0,0.0
1977,Ernie Stierly (Owner),2,0,0,0.0,27.5,161.0,137.0,0.0,0,35.0,20.0,35.0,1,0.0,0.0,0.0,0.0
1978,Ballard Racing,29,0,7,0.0,18.79,3110.0,6626.0,3.0,0,20.9,7.0,34.0,18,0.0,24.14,0.0,0.05
1983,Petty Enterprises,60,9,23,3.0,14.57,7407.0,17784.0,292.0,11,17.13,1.0,38.0,45,15.0,38.33,5.0,1.64
1988,Winkle Motorsports,23,0,1,0.0,28.22,1545.0,4618.0,7.0,0,25.61,7.0,42.0,10,0.0,4.35,0.0,0.15
1992,Junior Johnson & Associates,59,20,30,5.0,12.93,7741.0,17882.0,1491.0,23,11.63,1.0,35.0,52,33.9,50.85,8.47,8.34
1993,Melling Racing,9,0,1,0.0,26.89,744.0,1491.0,0.0,1,30.11,8.0,38.0,6,0.0,11.11,0.0,0.0
1995,Bobby Allison Motorsports,31,2,8,0.0,18.58,3384.0,9335.0,70.0,9,21.74,2.0,42.0,26,6.45,25.81,0.0,0.75
1997,Ranier-Lundy Racing,7,0,0,0.0,34.14,429.0,1296.0,3.0,0,30.14,25.0,42.0,3,0.0,0.0,0.0,0.23
1997,Standridge Racing,1,0,0,0.0,42.0,37.0,51.0,0.0,0,26.0,42.0,42.0,0,0.0,0.0,0.0,0.0
2000,Wood Brothers Racing,33,0,1,0.0,26.73,2762.0,8644.0,6.0,8,27.09,7.0,43.0,28,0.0,3.03,0.0,0.07
2002,PPI Motorsports,36,3,9,0.0,19.25,3888.0,10054.0,382.0,17,16.72,3.0,41.0,32,8.33,25.0,0.0,3.8
2012,Penske Racing,73,15,27,5.0,15.08,1659.0,20588.0,850.0,45,15.85,1.0,37.0,68,20.55,36.99,6.85,4.13
2017,Roush Fenway Racing,72,6,15,2.0,18.28,1421.0,20206.0,64.0,44,18.53,1.0,39.0,61,8.33,20.83,2.78,0.32
2025,Live Fast Motorsports,12,0,0,0.0,27.25,63.0,1933.0,1.0,5,37.33,16.0,36.0,9,0.0,0.0,0.0,0.05
1950,Ed Lawrence (Owner),3,0,1,0.0,14.33,,76.0,12.0,0,14.0,10.0,21.0,1,0.0,33.33,0.0,15.79
1957,L.D. Austin (Owner),40,1,13,0.0,13.63,,6920.0,0.0,0,20.95,5.0,42.0,34,2.5,32.5,0.0,0.0
1959,Bob Welborn (Owner),25,7,10,1.0,16.04,2708.0,3441.0,96.0,2,12.44,1.0,46.0,11,28.0,40.0,4.0,2.79
1966,Fox Racing,9,3,4,1.0,18.89,9194.0,1499.0,107.0,2,6.56,1.0,41.0,4,33.33,44.44,11.11,7.14
1972,Marvin Welty (Owner),5,0,0,0.0,36.4,146.0,236.0,0.0,0,20.8,33.0,40.0,0,0.0,0.0,0.0,0.0
1975,Michael Brockman (Owner),1,0,0,0.0,39.0,46.0,31.0,0.0,0,20.0,39.0,39.0,0,0.0,0.0,0.0,0.0
1976,Goffco,5,0,0,0.0,24.0,455.0,810.0,0.0,0,30.4,17.0,31.0,3,0.0,0.0,0.0,0.0
1978,Ranier Racing,28,11,19,1.0,11.57,3794.0,8443.0,319.0,2,7.71,1.0,39.0,20,39.29,67.86,3.57,3.78
1982,Cronkrite Racing,4,0,0,0.0,30.25,246.0,542.0,0.0,0,26.0,24.0,40.0,0,0.0,0.0,0.0,0.0
1983,Ranier-Lundy Racing,16,4,8,4.0,16.56,1960.0,3783.0,608.0,4,8.0,1.0,40.0,8,25.0,50.0,25.0,16.07
1985,Gray Racing,4,0,0,0.0,25.75,203.0,523.0,0.0,0,37.0,20.0,36.0,2,0.0,0.0,0.0,0.0
1988,Bailey Racing,7,0,0,0.0,31.57,478.0,1180.0,0.0,0,36.71,16.0,41.0,3,0.0,0.0,0.0,0.0
1993,Gilliland Racing,3,0,0,0.0,33.67,186.0,309.0,0.0,0,35.67,32.0,37.0,2,0.0,0.0,0.0,0.0
1998,Yarborough-Burdette Motorsports,28,1,1,0.0,28.57,2173.0,7512.0,0.0,3,25.0,4.0,42.0,21,3.57,3.57,0.0,0.0
1999,Richard Childress Racing,67,12,35,3.0,14.21,8393.0,19284.0,692.0,37,19.24,1.0,42.0,63,17.91,52.24,4.48,3.59
1999,Dale Earnhardt Inc.,39,0,6,0.0,20.72,3981.0,10938.0,167.0,10,23.64,6.0,43.0,34,0.0,15.38,0.0,1.53
2008,Phoenix Racing,7,0,0,0.0,33.43,351.0,1525.0,0.0,1,25.0,22.0,43.0,4,0.0,0.0,0.0,0.0
2010,Michael Waltrip Racing,74,7,16,1.0,18.57,8133.0,20778.0,195.0,52,16.8,1.0,42.0,68,9.46,21.62,1.35,0.94
2011,Michael Waltrip Racing,75,4,16,0.0,20.25,1800.0,20877.0,162.0,43,18.49,2.0,40.0,69,5.33,21.33,0.0,0.78
2024,Front Row Motorsports,73,2,11,0.0,21.32,1255.0,18872.0,386.0,42,18.45,2.0,38.0,62,2.74,15.07,0.0,2.05
2025,Rick Ware Racing,39,0,0,0.0,30.54,261.0,9487.0,42.0,11,34.41,13.0,38.0,27,0.0,0.0,0.0,0.44
1954,Gary Drake (Owner),27,1,7,0.0,16.93,,3808.0,0.0,0,17.0,4.0,43.0,15,3.7,25.93,0.0,0.0
1958,John Potter (Owner),2,1,1,0.0,12.0,,258.0,0.0,0,22.0,4.0,20.0,2,50.0,50.0,0.0,0.0
1959,E.J. Trivette (Owner),4,0,0,0.0,25.0,,534.0,0.0,0,20.25,18.0,32.0,1,0.0,0.0,0.0,0.0
1960,Damon Leonard (Owner),2,0,0,0.0,40.5,130.0,105.0,0.0,0,33.0,32.0,49.0,1,0.0,0.0,0.0,0.0
1961,Tommy Irwin (Owner),2,1,1,0.0,8.5,288.0,296.0,166.0,0,3.5,2.0,15.0,1,50.0,50.0,0.0,56.08
1966,Matthews Racing,7,2,4,0.0,16.14,10528.0,1360.0,210.0,2,11.29,2.0,43.0,4,28.57,57.14,0.0,15.44
1966,Bob Derrington (Owner),10,0,0,0.0,19.8,6314.0,1549.0,0.0,0,26.4,11.0,38.0,5,0.0,0.0,0.0,0.0
1967,Tom Friedkin (Owner),49,21,26,4.0,12.53,27606.0,9712.0,1074.0,6,6.88,1.0,35.0,24,42.86,53.06,8.16,11.06
1971,Marcis Auto Racing,24,7,11,0.0,15.79,1746.0,5559.0,293.0,0,9.38,2.0,40.0,14,29.17,45.83,0.0,5.27
1971,Roberts Racing,22,0,2,0.0,26.18,1003.0,2782.0,0.0,0,26.59,7.0,46.0,6,0.0,9.09,0.0,0.0
1973,McDuffie Racing,27,3,10,0.0,17.44,1812.0,7388.0,11.0,0,21.44,5.0,40.0,17,11.11,37.04,0.0,0.15
1973,Donlavey Racing,25,2,11,0.0,19.12,1488.0,6114.0,0.0,0,19.2,5.0,44.0,13,8.0,44.0,0.0,0.0
1975,Ken Friez (Owner),3,0,0,0.0,24.33,143.0,436.0,0.0,0,27.0,12.0,31.0,0,0.0,0.0,0.0,0.0
1979,Bailey Racing,4,0,0,0.0,24.5,255.0,738.0,0.0,0,29.0,16.0,35.0,2,0.0,0.0,0.0,0.0
1979,RahMoc Enterprises,5,0,0,0.0,24.6,330.0,1220.0,1.0,0,28.0,14.0,39.0,2,0.0,0.0,0.0,0.08
1987,Bahari' Racing,29,0,1,0.0,21.76,2840.0,7790.0,1.0,0,19.76,10.0,39.0,21,0.0,3.45,0.0,0.01
1988,Bahari' Racing,28,1,3,0.0,20.75,2852.0,7537.0,6.0,3,22.21,2.0,36.0,20,3.57,10.71,0.0,0.08
1989,Douglas Smith (Owner),4,0,0,0.0,31.5,274.0,937.0,0.0,0,30.0,27.0,35.0,1,0.0,0.0,0.0,0.0
1992,Travis Carter Enterprises,7,0,0,0.0,27.14,576.0,1853.0,1.0,0,25.0,12.0,37.0,3,0.0,0.0,0.0,0.05
1999,Bill Elliott Racing,37,1,2,0.0,22.41,3582.0,10428.0,24.0,8,21.54,5.0,41.0,33,2.7,5.41,0.0,0.23
2002,Ultra-Evernham Motorsports,38,0,0,0.0,28.53,2942.0,10504.0,0.0,8,30.21,11.0,42.0,33,0.0,0.0,0.0,0.0
2011,Hendrick Motorsports,144,33,61,5.0,14.45,4339.0,41774.0,2164.0,109,15.63,1.0,41.0,134,22.92,42.36,3.47,5.18
2017,BK Racing,69,0,1,0.0,31.03,125.0,18024.0,0.0,3,34.35,9.0,40.0,54,0.0,1.45,0.0,0.0
1957,Phil Orr (Owner),1,0,0,0.0,13.0,,,0.0,0,22.0,13.0,13.0,0,0.0,0.0,0.0,
1957,Bobby Keck (Owner),17,0,2,0.0,17.47,,2243.0,0.0,0,18.88,8.0,38.0,9,0.0,11.76,0.0,0.0
1958,Don Henison (Owner),2,0,0,0.0,25.5,,133.0,0.0,0,20.5,14.0,37.0,1,0.0,0.0,0.0,0.0
1960,Nace Mattingly (Owner),2,0,1,0.0,9.5,288.0,361.0,0.0,0,13.0,7.0,12.0,2,0.0,50.0,0.0,0.0
1961,Julian Buesink (Owner),4,0,0,0.0,23.0,1356.0,408.0,0.0,0,25.5,17.0,30.0,2,0.0,0.0,0.0,0.0
1967,George Davis (Owner),22,2,7,0.0,16.0,5874.0,3632.0,0.0,0,18.27,4.0,37.0,12,9.09,31.82,0.0,0.0
1976,Hollar Racing,3,0,0,0.0,30.67,213.0,384.0,0.0,0,31.0,22.0,39.0,1,0.0,0.0,0.0,0.0
1978,Race Hill Farm Team,4,0,1,0.0,13.75,368.0,1298.0,0.0,0,23.5,9.0,18.0,3,0.0,25.0,0.0,0.0
1986,Bobby Gerhart Racing,4,0,0,0.0,29.75,295.0,575.0,0.0,0,32.5,22.0,35.0,2,0.0,0.0,0.0,0.0
1991,Wood Brothers Racing,29,3,8,1.0,19.38,3124.0,7767.0,47.0,9,16.41,1.0,41.0,20,10.34,27.59,3.45,0.61
1991,KC Racing,1,0,0,0.0,38.0,54.0,57.0,1.0,0,40.0,38.0,38.0,1,0.0,0.0,0.0,1.75
1994,Jimmy Means Racing,12,0,0,0.0,31.67,816.0,2900.0,0.0,0,35.0,22.0,41.0,7,0.0,0.0,0.0,0.0
1996,Travis Carter Motorsports,31,2,9,0.0,17.71,3476.0,9339.0,156.0,12,26.03,4.0,40.0,29,6.45,29.03,0.0,1.67
2000,Joe Gibbs Racing,68,31,47,10.0,9.9,9700.0,19493.0,1677.0,53,14.19,1.0,42.0,63,45.59,69.12,14.71,8.6
2005,Daytona Speed Inc.,2,0,0,0.0,43.0,68.0,17.0,0.0,0,38.0,43.0,43.0,0,0.0,0.0,0.0,0.0
2007,Team Red Bull,40,1,5,0.0,27.88,3230.0,11229.0,107.0,16,25.4,5.0,43.0,33,2.5,12.5,0.0,0.95
2010,JTG Daugherty Racing,36,2,5,0.0,22.61,3472.0,10027.0,84.0,16,21.75,3.0,41.0,28,5.56,13.89,0.0,0.84
2019,GO FAS Racing,36,0,2,0.0,25.92,401.0,9541.0,0.0,9,29.67,6.0,38.0,32,0.0,5.56,0.0,0.0
2024,Rick Ware Racing,72,1,3,0.0,25.28,838.0,18751.0,31.0,39,31.21,4.0,39.0,65,1.39,4.17,0.0,0.17
1952,Buckshot Morris (Owner),5,1,1,0.0,20.0,,620.0,0.0,0,10.0,4.0,48.0,2,20.0,20.0,0.0,0.0
1953,Ronnie Kohler (Owner),1,0,0,0.0,11.0,,,0.0,0,,11.0,11.0,0,0.0,0.0,0.0,
1960,B.G. Holloway (Owner),2,0,1,0.0,16.0,1544.0,484.0,0.0,0,29.0,9.0,23.0,1,0.0,50.0,0.0,0.0
1950,Hub McBride (Owner),1,0,0,0.0,32.0,,341.0,0.0,0,8.0,32.0,32.0,0,0.0,0.0,0.0,0.0
1953,Junior Johnson & Associates,1,0,0,0.0,38.0,,222.0,0.0,0,26.0,38.0,38.0,0,0.0,0.0,0.0,0.0
1955,Carl Krueger (Owner),10,1,3,0.0,16.0,1108.0,1294.0,0.0,0,16.67,5.0,28.0,5,10.0,30.0,0.0,0.0
1958,Howard Phillippi (Owner),4,0,2,0.0,11.75,456.0,299.0,0.0,0,7.67,9.0,17.0,3,0.0,50.0,0.0,0.0
1959,Dick Foley (Owner),3,0,0,0.0,33.33,1368.0,226.0,0.0,0,37.67,31.0,37.0,1,0.0,0.0,0.0,0.0
1966,Ken Carpenter (Owner),10,0,1,0.0,21.3,1632.0,2063.0,0.0,0,27.5,10.0,34.0,5,0.0,10.0,0.0,0.0
1969,Warren Racing,8,0,0,0.0,26.63,513.0,1143.0,0.0,0,26.38,13.0,45.0,3,0.0,0.0,0.0,0.0
1972,Gray Racing,28,0,2,0.0,22.89,1570.0,6209.0,0.0,0,30.93,7.0,39.0,19,0.0,7.14,0.0,0.0
1973,Buxton Racing,2,0,0,0.0,21.0,120.0,611.0,0.0,0,42.5,18.0,24.0,2,0.0,0.0,0.0,0.0
1978,Robert Gee (Owner),11,0,3,0.0,19.55,874.0,2138.0,0.0,0,24.64,8.0,38.0,8,0.0,27.27,0.0,0.0
1980,Cunningham-Kelley,5,0,1,0.0,21.2,445.0,709.0,0.0,0,31.4,8.0,37.0,3,0.0,20.0,0.0,0.0
1983,Satterfield Racing,13,0,0,0.0,28.15,705.0,2580.0,0.0,0,26.62,19.0,39.0,3,0.0,0.0,0.0,0.0
1985,Donlavey Racing,28,0,3,0.0,18.43,3024.0,7786.0,4.0,0,21.29,10.0,40.0,21,0.0,10.71,0.0,0.05
1986,Stoke Racing,4,0,0,0.0,26.25,337.0,341.0,0.0,0,31.25,22.0,30.0,1,0.0,0.0,0.0,0.0
1987,Morgan-McClure Motorsports,20,0,1,0.0,25.15,1760.0,3540.0,20.0,0,19.4,7.0,42.0,8,0.0,5.0,0.0,0.56
1993,King Racing,30,3,9,0.0,18.9,3271.0,8527.0,102.0,8,12.07,2.0,41.0,24,10.0,30.0,0.0,1.2
2013,Brian Keselowski Motorsports,3,0,0,0.0,40.0,9.0,325.0,0.0,0,42.33,39.0,41.0,0,0.0,0.0,0.0,0.0
2018,Richard Petty Motorsports,36,1,3,0.0,24.5,463.0,9391.0,19.0,6,24.75,2.0,38.0,30,2.78,8.33,0.0,0.2
1951,Felix Wilkes (Owner),2,0,0,0.0,43.5,,18.0,0.0,0,23.0,36.0,51.0,0,0.0,0.0,0.0,0.0
1967,Wayne Smith (Owner),1,0,0,0.0,44.0,100.0,2.0,0.0,0,39.0,44.0,44.0,0,0.0,0.0,0.0,0.0
1953,Pepper Cunningham (Owner),1,0,0,0.0,18.0,,,0.0,0,22.0,18.0,18.0,0,0.0,0.0,0.0,
1953,Pete Mann (Owner),1,0,0,0.0,13.0,,340.0,0.0,0,21.0,13.0,13.0,1,0.0,0.0,0.0,0.0
1954,Don Oldenberg (Owner),6,0,3,0.0,13.17,,806.0,0.0,0,22.5,6.0,23.0,5,0.0,50.0,0.0,0.0
1955,Dave Terrell (Owner),26,3,10,0.0,15.35,3252.0,3275.0,9.0,1,15.36,3.0,41.0,13,11.54,38.46,0.0,0.27
1956,Hoss Kagle (Owner),3,0,0,0.0,16.33,,337.0,0.0,0,20.67,11.0,26.0,2,0.0,0.0,0.0,0.0
1956,Ed Brown (Owner),1,0,0,0.0,23.0,,72.0,0.0,0,7.0,23.0,23.0,1,0.0,0.0,0.0,0.0
1956,Ike Kiser (Owner),15,0,3,0.0,20.07,,1513.0,0.0,0,25.13,7.0,40.0,5,0.0,20.0,0.0,0.0
1959,Larson Racing,2,0,2,0.0,9.5,,529.0,0.0,0,8.5,9.0,10.0,1,0.0,100.0,0.0,0.0
1961,Gerald Duke (Owner),1,0,0,0.0,20.0,48.0,39.0,0.0,0,11.0,20.0,20.0,0,0.0,0.0,0.0,0.0
1961,James Turner (Owner),7,0,2,0.0,24.71,4082.0,959.0,0.0,0,14.0,8.0,50.0,2,0.0,28.57,0.0,0.0
1961,Adcox-Kirby,1,0,0,0.0,31.0,90.0,116.0,0.0,0,46.0,31.0,31.0,0,0.0,0.0,0.0,0.0
1968,Langley-Woodfield Racing,46,6,25,0.0,13.33,2746.0,10438.0,0.0,0,14.41,3.0,40.0,31,13.04,54.35,0.0,0.0
1968,Gray Racing,53,0,7,0.0,18.02,2397.0,9527.0,0.0,0,23.66,8.0,44.0,30,0.0,13.21,0.0,0.0
1968,Bailey Racing,2,0,0,0.0,36.0,120.0,187.0,0.0,0,16.0,23.0,49.0,0,0.0,0.0,0.0,0.0
1972,Richard Childress Racing,14,0,0,0.0,27.43,660.0,1502.0,0.0,0,26.07,16.0,37.0,2,0.0,0.0,0.0,0.0
1980,DeWitt Racing,9,2,5,0.0,17.56,1029.0,2172.0,4.0,1,9.56,4.0,37.0,5,22.22,55.56,0.0,0.18
1980,Wawak Racing,24,0,1,0.0,23.25,1742.0,5379.0,0.0,0,30.79,10.0,39.0,12,0.0,4.17,0.0,0.0
1983,Bud Moore Engineering,30,9,14,2.0,15.33,3732.0,7701.0,1027.0,8,9.2,1.0,35.0,17,30.0,46.67,6.67,13.34
1985,KC Racing,1,0,0,0.0,26.0,85.0,73.0,0.0,0,41.0,26.0,26.0,1,0.0,0.0,0.0,0.0
1989,S & H Racing,6,0,0,0.0,29.83,441.0,1055.0,0.0,0,33.0,13.0,37.0,1,0.0,0.0,0.0,0.0
1993,Joe Gibbs Racing,30,13,18,1.0,12.37,4000.0,9149.0,263.0,17,19.7,1.0,32.0,25,43.33,60.0,3.33,2.87
2000,Carter-Haas Motorsports,63,2,5,0.0,27.08,5235.0,16319.0,51.0,14,26.98,5.0,43.0,49,3.17,7.94,0.0,0.31
2004,Penske Racing South,76,14,25,3.0,18.34,8574.0,21747.0,1265.0,41,11.91,1.0,41.0,62,18.42,32.89,3.95,5.82
2004,Wood Brothers Racing,36,1,3,0.0,21.17,3615.0,9615.0,5.0,14,23.72,2.0,40.0,30,2.78,8.33,0.0,0.05
2007,Penske Racing,74,13,29,2.0,17.38,8642.0,20718.0,1172.0,48,14.12,1.0,43.0,63,17.57,39.19,2.7,5.66
2009,JTG Daugherty Racing,36,4,7,0.0,19.61,3830.0,10130.0,19.0,21,19.25,2.0,41.0,34,11.11,19.44,0.0,0.19
2017,Front Row Motorsports,72,0,3,0.0,25.71,828.0,20003.0,16.0,12,29.17,6.0,39.0,62,0.0,4.17,0.0,0.08
2024,23XI Racing,75,18,35,3.0,14.87,2033.0,19532.0,736.0,56,13.19,1.0,36.0,67,24.0,46.67,4.0,3.77
1950,Julian Buesink (Owner),42,12,23,2.0,13.14,,3338.0,155.0,3,20.0,1.0,71.0,17,28.57,54.76,4.76,4.64
1950,Dailey Moyer (Owner),6,1,3,0.0,22.17,,818.0,0.0,0,26.25,5.0,70.0,1,16.67,50.0,0.0,0.0
1951,Frank Christian (Owner),35,19,21,7.0,9.86,0.0,2967.0,1331.0,9,3.14,1.0,36.0,20,54.29,60.0,20.0,44.86
1956,Ernest Woods (Owner),11,1,2,0.0,22.09,,1375.0,0.0,0,20.82,4.0,67.0,6,9.09,18.18,0.0,0.0
1958,Chester Barron (Owner),1,0,0,0.0,31.0,,49.0,0.0,0,26.0,31.0,31.0,0,0.0,0.0,0.0,0.0
1959,Don Taylor (Owner),2,0,0,0.0,16.0,,430.0,0.0,0,16.0,12.0,20.0,1,0.0,0.0,0.0,0.0
1960,Harry Huhn (Owner),4,0,0,0.0,31.5,290.0,614.0,0.0,0,35.5,27.0,38.0,3,0.0,0.0,0.0,0.0
1963,Julian Buesink (Owner),2,0,0,0.0,15.5,1208.0,248.0,0.0,0,21.5,11.0,20.0,1,0.0,0.0,0.0,0.0
1964,C.L. Kilpatrick (Owner),1,0,0,0.0,26.0,20.0,13.0,0.0,0,20.0,26.0,26.0,0,0.0,0.0,0.0,0.0
1966,Petty Enterprises,46,22,25,9.0,11.98,32400.0,10565.0,3037.0,15,4.59,1.0,38.0,25,47.83,54.35,19.57,28.75
1967,Ralph Murphy (Owner),19,0,0,0.0,20.05,2562.0,1921.0,0.0,0,22.95,11.0,43.0,3,0.0,0.0,0.0,0.0
1967,Johnny Steele (Owner),4,0,0,0.0,21.75,478.0,389.0,0.0,0,26.0,15.0,31.0,0,0.0,0.0,0.0,0.0
1971,David Ray Boggs (Owner),7,0,2,0.0,19.43,527.0,1985.0,0.0,0,23.43,6.0,42.0,5,0.0,28.57,0.0,0.0
1974,Gordon Racing,30,1,10,0.0,16.2,,7396.0,2.0,0,19.1,4.0,34.0,20,3.33,33.33,0.0,0.03
1982,DiGard  Motorsports,30,14,20,8.0,9.33,4417.0,9184.0,2423.0,12,7.7,1.0,27.0,22,46.67,66.67,26.67,26.38
1986,RahMoc Enterprises,31,1,5,0.0,20.35,3225.0,7932.0,233.0,3,17.03,3.0,42.0,16,3.23,16.13,0.0,2.94
1992,Porter Racing,2,0,0,0.0,28.5,155.0,502.0,0.0,0,39.0,24.0,33.0,1,0.0,0.0,0.0,0.0
1992,Hylton Engineering,8,0,0,0.0,34.5,476.0,611.0,0.0,0,38.25,25.0,40.0,2,0.0,0.0,0.0,0.0
2001,Ultra Motorsports,32,1,6,0.0,24.0,2950.0,9297.0,24.0,9,29.66,2.0,42.0,29,3.13,18.75,0.0,0.26
2002,Evernham Motorsports,74,8,17,2.0,21.11,7583.0,21119.0,305.0,33,16.27,1.0,42.0,63,10.81,22.97,2.7,1.44
2002,Dale Earnhardt Inc.,108,15,29,3.0,20.56,11335.0,30137.0,1298.0,47,16.56,1.0,43.0,96,13.89,26.85,2.78,4.31
2007,Morgan-McClure Motorsports,16,0,0,0.0,34.88,939.0,3706.0,4.0,3,26.06,14.0,43.0,8,0.0,0.0,0.0,0.11
2010,Earnhardt Ganassi Racing,72,15,26,4.0,17.18,8443.0,20820.0,757.0,46,12.5,1.0,39.0,61,20.83,36.11,5.56,3.64
1960,Red Hollingsworth (Owner),2,0,0,0.0,29.5,84.0,266.0,0.0,0,35.0,28.0,31.0,0,0.0,0.0,0.0,0.0
1965,Shorty Johns (Owner),7,0,0,0.0,22.0,3164.0,1090.0,2.0,0,20.43,12.0,37.0,3,0.0,0.0,0.0,0.18
1950,Jim Rathmann (Owner),1,0,0,0.0,12.0,,46.0,0.0,0,17.0,12.0,12.0,0,0.0,0.0,0.0,0.0
1955,Jim Dane (Owner),2,1,2,0.0,5.0,610.0,350.0,0.0,0,8.0,3.0,7.0,2,50.0,100.0,0.0,0.0
1956,Gus Davis (Owner),2,1,1,0.0,9.0,,215.0,0.0,0,10.0,5.0,13.0,2,50.0,50.0,0.0,0.0
1956,Jim Cushman (Owner),3,0,1,0.0,19.0,,174.0,0.0,0,25.67,10.0,27.0,1,0.0,33.33,0.0,0.0
1957,Dick Beaty (Owner),22,2,9,0.0,11.45,0.0,3688.0,0.0,0,14.86,5.0,21.0,18,9.09,40.91,0.0,0.0
1957,Bob Welborn (Owner),14,4,8,1.0,11.64,,3030.0,457.0,1,11.58,1.0,23.0,10,28.57,57.14,7.14,15.08
1962,Petty Enterprises,74,40,54,11.0,7.73,44952.0,18018.0,2165.0,20,8.67,1.0,32.0,59,54.05,72.97,14.86,12.02
1965,Al Self (Owner),1,0,0,0.0,26.0,400.0,49.0,0.0,0,30.0,26.0,26.0,0,0.0,0.0,0.0,0.0
1965,Bruce Worrell (Owner),1,0,0,0.0,41.0,100.0,1.0,0.0,0,29.0,41.0,41.0,0,0.0,0.0,0.0,0.0
1965,Paul Lewis (Owner),21,3,12,0.0,10.81,16150.0,4958.0,0.0,0,16.19,4.0,21.0,13,14.29,57.14,0.0,0.0
1967,Robertson Racing,20,0,2,0.0,24.9,3158.0,2189.0,0.0,0,23.45,6.0,42.0,4,0.0,10.0,0.0,0.0
1968,Lyle Stelter (Owner),17,4,7,0.0,16.35,909.0,2967.0,0.0,0,15.35,3.0,41.0,8,23.53,41.18,0.0,0.0
1979,Canavan Racing,7,0,0,0.0,29.71,456.0,698.0,0.0,0,30.57,18.0,39.0,1,0.0,0.0,0.0,0.0
1980,Hale Racing,1,0,0,0.0,29.0,76.0,37.0,0.0,0,35.0,29.0,29.0,0,0.0,0.0,0.0,0.0
1986,Fedewa Racing,4,0,0,0.0,25.0,352.0,819.0,0.0,0,30.75,21.0,34.0,2,0.0,0.0,0.0,0.0
1989,Mach 1 Racing,13,0,1,0.0,21.0,1315.0,4160.0,14.0,1,21.08,6.0,34.0,8,0.0,7.69,0.0,0.34
1989,Bud Moore Engineering,29,1,6,0.0,19.59,3051.0,8202.0,2.0,6,15.76,5.0,36.0,20,3.45,20.69,0.0,0.02
1990,Bahre Racing,1,0,0,0.0,20.0,103.0,323.0,0.0,0,29.0,20.0,20.0,1,0.0,0.0,0.0,0.0
1997,Melling Racing,26,0,0,0.0,24.23,2353.0,7554.0,3.0,4,24.0,11.0,38.0,21,0.0,0.0,0.0,0.04
2011,Joe Gibbs Racing,108,23,38,5.0,16.21,3071.0,30938.0,1963.0,71,16.76,1.0,39.0,99,21.3,35.19,4.63,6.34
2014,Circle Sport,68,1,2,0.0,31.46,226.0,18053.0,12.0,10,34.19,4.0,43.0,54,1.47,2.94,0.0,0.07
2014,Wood Brothers Racing,12,0,0,0.0,32.25,0.0,2533.0,8.0,2,21.25,19.0,43.0,7,0.0,0.0,0.0,0.32
1952,C.D. Wilson (Owner),6,2,3,0.0,16.83,,487.0,0.0,1,16.17,2.0,43.0,3,33.33,50.0,0.0,0.0
1957,Slim Rominger (Owner),1,0,1,0.0,10.0,,279.0,0.0,0,19.0,10.0,10.0,1,0.0,100.0,0.0,0.0
1950,Chester Alford (Owner),1,0,0,0.0,24.0,,38.0,0.0,0,18.0,24.0,24.0,0,0.0,0.0,0.0,0.0
1955,Larry Dorsey (Owner),2,1,1,0.0,14.0,16.0,241.0,0.0,0,10.5,4.0,24.0,1,50.0,50.0,0.0,0.0
1959,Happy Steigel (Owner),7,0,0,0.0,20.86,1976.0,810.0,0.0,0,25.29,11.0,32.0,3,0.0,0.0,0.0,0.0
1963,Wood Brothers Racing,25,18,22,3.0,5.16,28554.0,6563.0,782.0,9,4.84,1.0,22.0,22,72.0,88.0,12.0,11.92
1973,Cunningham-Kelley,21,1,8,0.0,18.52,1364.0,5454.0,15.0,0,11.05,3.0,40.0,12,4.76,38.1,0.0,0.28
1976,Champion Racing,13,0,0,0.0,25.08,1141.0,2245.0,0.0,0,27.46,14.0,37.0,5,0.0,0.0,0.0,0.0
1981,Ronnie Thomas Racing,23,0,1,0.0,23.04,2124.0,5731.0,0.0,0,26.43,9.0,42.0,15,0.0,4.35,0.0,0.0
1984,Morgan-McClure Motorsports,27,0,2,0.0,23.26,2357.0,6376.0,2.0,2,19.93,9.0,39.0,12,0.0,7.41,0.0,0.03
1986,Jackson Bros. Motorsports,31,3,9,0.0,21.29,3148.0,5779.0,14.0,5,13.84,5.0,41.0,15,9.68,29.03,0.0,0.24
1990,Stavola Brothers Racing,29,1,4,0.0,19.79,3048.0,8281.0,60.0,4,23.66,5.0,42.0,21,3.45,13.79,0.0,0.72
1998,Triad Motorsports,12,0,0,0.0,33.67,744.0,3280.0,0.0,0,25.75,23.0,43.0,9,0.0,0.0,0.0,0.0
2006,MB2 Motorsports,41,0,1,0.0,26.29,3466.0,11249.0,15.0,13,20.61,9.0,42.0,35,0.0,2.44,0.0,0.13
2013,Swan Racing,36,0,0,0.0,29.97,385.0,9803.0,5.0,7,32.06,12.0,40.0,31,0.0,0.0,0.0,0.05
2014,Tommy Baldwin Racing,82,0,0,0.0,30.62,1084.0,21007.0,12.0,11,34.93,14.0,43.0,66,0.0,0.0,0.0,0.06
2014,BK Racing,103,0,0,0.0,33.0,1052.0,25967.0,1.0,9,34.57,13.0,43.0,78,0.0,0.0,0.0,0.0
2015,Michael Waltrip Racing,72,2,13,0.0,22.18,1583.0,19640.0,20.0,36,20.36,3.0,43.0,63,2.78,18.06,0.0,0.1
2020,Team Penske,108,36,62,8.0,11.94,3654.0,28743.0,2559.0,85,8.46,1.0,40.0,97,33.33,57.41,7.41,8.9
2022,Joe Gibbs Racing,144,34,68,6.0,15.25,3993.0,35229.0,2396.0,109,13.13,1.0,37.0,122,23.61,47.22,4.17,6.8
1957,Max Welborn (Owner),7,4,5,0.0,9.71,,1561.0,193.0,2,14.67,2.0,28.0,5,57.14,71.43,0.0,12.36
1956,Bud Harbaugh (Owner),1,0,0,0.0,15.0,,,0.0,0,55.0,15.0,15.0,1,0.0,0.0,0.0,
1957,William Meyer (Owner),9,0,0,0.0,19.78,,880.0,0.0,0,24.78,11.0,30.0,2,0.0,0.0,0.0,0.0
1959,Joe Lee Johnson (Owner),10,3,5,1.0,13.2,2176.0,2538.0,1.0,1,11.8,1.0,30.0,7,30.0,50.0,10.0,0.04
1961,William Peach (Owner),4,0,1,0.0,14.0,864.0,352.0,0.0,0,22.0,10.0,16.0,3,0.0,25.0,0.0,0.0
1963,Bud Moore Engineering,35,15,24,3.0,8.89,26526.0,8575.0,878.0,6,6.86,1.0,29.0,24,42.86,68.57,8.57,10.24
1964,James Racing,1,0,1,0.0,8.0,288.0,173.0,0.0,0,10.0,8.0,8.0,1,0.0,100.0,0.0,0.0
1965,Bud Moore Engineering,22,9,12,1.0,12.68,29004.0,4334.0,769.0,4,6.05,1.0,32.0,10,40.91,54.55,4.55,17.74
1969,McDuffie Racing,45,0,12,0.0,16.38,2424.0,9156.0,0.0,0,20.98,6.0,39.0,28,0.0,26.67,0.0,0.0
1970,Don Tarr (Owner),17,0,5,0.0,22.06,904.0,2507.0,5.0,0,22.76,7.0,46.0,9,0.0,29.41,0.0,0.2
1972,Ellington Racing,11,3,6,0.0,15.18,630.0,2804.0,13.0,1,8.73,4.0,39.0,6,27.27,54.55,0.0,0.46
1978,Lynda Ferreri (Owner),7,0,1,0.0,22.29,592.0,1147.0,0.0,0,22.43,10.0,35.0,3,0.0,14.29,0.0,0.0
1985,Arrington Racing,28,0,1,0.0,18.57,3010.0,8361.0,1.0,0,26.29,10.0,31.0,23,0.0,3.57,0.0,0.01
1995,Elliott-Hardy Racing,31,4,11,0.0,15.1,3746.0,9348.0,123.0,12,19.35,4.0,41.0,28,12.9,35.48,0.0,1.32
2009,Front Row Motorsports,49,0,0,0.0,32.49,3211.0,10892.0,9.0,8,37.29,16.0,43.0,36,0.0,0.0,0.0,0.08
2013,JTG Daugherty Racing,36,0,1,0.0,26.72,624.0,9406.0,7.0,14,27.44,10.0,43.0,31,0.0,2.78,0.0,0.07
2018,RBR Enterprises,2,0,0,0.0,18.5,0.0,393.0,0.0,0,35.5,14.0,23.0,2,0.0,0.0,0.0,0.0
2023,23XI Racing,74,15,26,2.0,15.95,1959.0,18495.0,757.0,57,11.93,1.0,39.0,66,20.27,35.14,2.7,4.09
1955,Jim McLain (Owner),1,0,0,0.0,22.0,96.0,82.0,0.0,0,26.0,22.0,22.0,1,0.0,0.0,0.0,0.0
1962,George Alsobrook (Owner),1,0,0,0.0,14.0,192.0,32.0,0.0,0,13.0,14.0,14.0,0,0.0,0.0,0.0,0.0
1966,Glen Sweet (Owner),1,0,0,0.0,19.0,140.0,265.0,0.0,0,4.0,19.0,19.0,0,0.0,0.0,0.0,0.0
1950,Herb Thomas Racing,15,4,8,1.0,10.8,,860.0,176.0,1,13.0,1.0,23.0,5,26.67,53.33,6.67,20.47
1950,Johnny Grubb (Owner),4,0,1,0.0,11.0,,530.0,0.0,0,32.0,9.0,12.0,1,0.0,25.0,0.0,0.0
1950,Adams Racing,2,1,2,0.0,5.5,,193.0,0.0,0,16.0,5.0,6.0,1,50.0,100.0,0.0,0.0
1954,Gene Comstock (Owner),13,0,1,0.0,18.77,,2001.0,0.0,0,15.0,9.0,45.0,9,0.0,7.69,0.0,0.0
1957,Romeo Gelsi (Owner),1,0,0,0.0,52.0,,,0.0,0,40.0,52.0,52.0,0,0.0,0.0,0.0,
1957,Sam Arena (Owner),2,0,0,0.0,20.5,,194.0,0.0,0,26.0,15.0,26.0,1,0.0,0.0,0.0,0.0
1958,Doug Cox (Owner),14,3,9,0.0,11.71,3736.0,2479.0,0.0,1,17.54,2.0,36.0,10,21.43,64.29,0.0,0.0
1961,Joe Jones (Owner),23,1,3,0.0,23.57,3814.0,2615.0,0.0,0,23.41,4.0,56.0,7,4.35,13.04,0.0,0.0
1964,Scott Racing,85,8,33,1.0,14.06,24394.0,14738.0,27.0,1,18.31,1.0,38.0,43,9.41,38.82,1.18,0.18
1966,DeWitt Racing,46,11,30,0.0,12.74,21432.0,9979.0,74.0,0,13.72,2.0,38.0,33,23.91,65.22,0.0,0.74
1967,Larry Miller (Owner),15,0,1,0.0,19.2,2130.0,1558.0,0.0,0,22.53,7.0,37.0,6,0.0,6.67,0.0,0.0
1967,Allen McMillion (Owner),3,0,2,0.0,8.33,1098.0,641.0,0.0,0,27.0,6.0,12.0,3,0.0,66.67,0.0,0.0
1976,Gwinn-Wawak,19,0,9,0.0,16.95,2062.0,4888.0,0.0,0,21.32,6.0,33.0,13,0.0,47.37,0.0,0.0
1978,Richard Childress Racing,30,1,12,0.0,15.37,3566.0,8946.0,52.0,0,15.7,3.0,33.0,26,3.33,40.0,0.0,0.58
1978,Cunningham-Kelley,11,0,3,0.0,24.82,991.0,2109.0,4.0,0,10.64,7.0,41.0,4,0.0,27.27,0.0,0.19
1979,Junior Miller Racing,2,0,0,0.0,21.0,200.0,516.0,0.0,0,25.5,16.0,26.0,1,0.0,0.0,0.0,0.0
1981,Wood Brothers Racing,22,7,8,3.0,20.14,2449.0,4917.0,1549.0,6,7.09,1.0,37.0,8,31.82,36.36,13.64,31.5
1984,Branch-Ragan Racing,10,0,0,0.0,25.4,873.0,1839.0,1.0,1,31.3,11.0,40.0,6,0.0,0.0,0.0,0.05
1989,Dick Johnson Racing,4,0,0,0.0,27.5,322.0,497.0,0.0,0,25.0,22.0,32.0,3,0.0,0.0,0.0,0.0
1991,Bobby Allison Motorsports,29,3,7,0.0,18.48,3199.0,8813.0,69.0,6,17.62,2.0,39.0,23,10.34,24.14,0.0,0.78
1992,Whitcomb Racing,29,0,3,0.0,19.55,3033.0,8483.0,0.0,4,20.97,7.0,35.0,23,0.0,10.34,0.0,0.0
1994,TriStar Motorsports,19,0,0,0.0,28.84,1468.0,4446.0,12.0,0,21.47,11.0,42.0,12,0.0,0.0,0.0,0.27
1997,Dale Earnhardt Inc.,4,0,0,0.0,30.5,286.0,1037.0,0.0,0,25.0,15.0,41.0,3,0.0,0.0,0.0,0.0
2005,Petty Enterprises,72,0,2,0.0,24.6,6529.0,20495.0,22.0,30,29.88,8.0,43.0,67,0.0,2.78,0.0,0.11
2014,Joe Gibbs Racing,108,29,55,2.0,15.03,3161.0,30141.0,1345.0,84,13.87,1.0,42.0,100,26.85,50.93,1.85,4.46
1953,Joe Kersey (Owner),1,0,0,0.0,17.0,,,0.0,0,,17.0,17.0,0,0.0,0.0,0.0,
1952,Frank Christian (Owner),37,15,20,2.0,12.3,,4625.0,1066.0,6,6.17,1.0,64.0,23,40.54,54.05,5.41,23.05
1952,Claude Alexander (Owner),8,2,4,0.0,14.38,,614.0,0.0,2,12.67,2.0,27.0,2,25.0,50.0,0.0,0.0
1952,Harvey Henderson (Owner),1,0,0,0.0,13.0,,,0.0,0,20.0,13.0,13.0,0,0.0,0.0,0.0,
1956,Bob Bunselmeyer (Owner),4,0,1,0.0,19.5,,413.0,0.0,0,34.75,7.0,38.0,3,0.0,25.0,0.0,0.0
1958,Bobby Keck (Owner),30,0,7,0.0,16.37,2836.0,4660.0,0.0,0,19.24,6.0,46.0,25,0.0,23.33,0.0,0.0
1958,Danny Graves (Owner),2,0,0,0.0,29.5,,90.0,0.0,0,2.0,24.0,35.0,0,0.0,0.0,0.0,0.0
1960,Charles French (Owner),4,0,0,0.0,19.25,308.0,317.0,0.0,0,14.0,16.0,27.0,3,0.0,0.0,0.0,0.0
1962,Ratus Walters (Owner),31,3,10,1.0,19.74,15412.0,5129.0,85.0,2,17.42,1.0,47.0,15,9.68,32.26,3.23,1.66
1968,Margo Hamm (Owner),29,0,1,0.0,22.1,1174.0,3769.0,0.0,0,21.55,10.0,44.0,5,0.0,3.45,0.0,0.0
1969,Negre Racing,15,0,2,0.0,19.0,771.0,2958.0,0.0,0,22.33,7.0,29.0,6,0.0,13.33,0.0,0.0
1969,Flo Starr (Owner),1,0,0,0.0,20.0,0.0,92.0,0.0,0,14.0,20.0,20.0,0,0.0,0.0,0.0,0.0
1971,Giachetti Brothers,6,1,2,0.0,22.33,120.0,682.0,1.0,0,23.17,2.0,40.0,3,16.67,33.33,0.0,0.15
1980,Wangerin Racing,3,0,0,0.0,28.0,237.0,548.0,0.0,0,36.33,13.0,37.0,1,0.0,0.0,0.0,0.0
1981,Cliff Stewart Racing,29,6,13,1.0,15.86,3447.0,8593.0,462.0,3,13.66,1.0,36.0,21,20.69,44.83,3.45,5.38
1985,Freelander Motorsports,14,0,1,0.0,26.43,1100.0,2853.0,0.0,0,17.57,10.0,40.0,4,0.0,7.14,0.0,0.0
1990,Marcis Auto Racing,29,0,0,0.0,20.72,2944.0,8940.0,8.0,1,25.93,12.0,35.0,25,0.0,0.0,0.0,0.09
1992,Wood Brothers Racing,29,3,11,0.0,14.31,3549.0,9093.0,60.0,7,13.48,2.0,38.0,26,10.34,37.93,0.0,0.66
1992,Morgan-McClure Motorsports,29,9,11,3.0,15.62,3580.0,8561.0,477.0,11,7.1,1.0,37.0,20,31.03,37.93,10.34,5.57
2001,Morgan-McClure Motorsports,34,0,0,0.0,27.94,2697.0,9914.0,10.0,6,31.18,11.0,43.0,28,0.0,0.0,0.0,0.1
2002,MBV Motorsports,36,3,7,1.0,21.92,3583.0,9974.0,153.0,14,20.5,1.0,43.0,27,8.33,19.44,2.78,1.53
2004,SCORE Motorsports,21,0,0,0.0,37.29,1079.0,3042.0,1.0,1,38.43,23.0,43.0,5,0.0,0.0,0.0,0.03
2023,Stewart-Haas Racing,144,13,29,0.0,18.88,2916.0,36460.0,663.0,98,18.84,2.0,39.0,132,9.03,20.14,0.0,1.82
1949,Anthony Davella (Owner),1,0,0,0.0,36.0,,,0.0,0,7.0,36.0,36.0,0,0.0,0.0,0.0,
1950,Hubert Westmoreland (Owner),6,4,4,2.0,9.5,,827.0,359.0,3,22.25,1.0,28.0,4,66.67,66.67,33.33,43.41
1953,Andy Winfree (Owner),7,0,3,0.0,14.57,,277.0,0.0,0,27.0,7.0,26.0,0,0.0,42.86,0.0,0.0
1956,Hubert Westmoreland (Owner),25,8,15,0.0,12.32,,3577.0,0.0,1,12.6,4.0,65.0,18,32.0,60.0,0.0,0.0
1959,Walt Palozi (Owner),2,0,0,0.0,18.0,,429.0,0.0,0,11.0,13.0,23.0,0,0.0,0.0,0.0,0.0
1961,Tom Daniels (Owner),22,2,7,0.0,19.59,5860.0,2988.0,0.0,0,15.0,2.0,45.0,8,9.09,31.82,0.0,0.0
1961,Dick Getty (Owner),4,0,0,0.0,16.5,728.0,310.0,0.0,0,24.67,13.0,21.0,3,0.0,0.0,0.0,0.0
1969,Bill Dennis (Owner),4,0,0,0.0,31.0,187.0,381.0,0.0,0,23.5,23.0,42.0,0,0.0,0.0,0.0,0.0
1970,Warren Racing,46,0,2,0.0,19.57,2625.0,7709.0,71.0,0,18.09,6.0,44.0,16,0.0,4.35,0.0,0.92
1971,Petty Enterprises,64,50,56,22.0,5.09,6695.0,18353.0,5660.0,41,3.98,1.0,38.0,56,78.13,87.5,34.38,30.84
1971,Garn Racing,12,0,0,0.0,24.5,528.0,1367.0,0.0,0,27.67,18.0,36.0,3,0.0,0.0,0.0,0.0
1979,Al Rudd Auto,4,0,1,0.0,20.75,355.0,709.0,64.0,1,23.25,7.0,32.0,2,0.0,25.0,0.0,9.03
1980,Warren Racing,20,0,0,0.0,25.05,1608.0,4303.0,0.0,0,29.0,13.0,38.0,9,0.0,0.0,0.0,0.0
1981,Tommy Ellis (Owner),4,1,1,0.0,23.25,227.0,651.0,2.0,0,12.5,4.0,33.0,1,25.0,25.0,0.0,0.31
1982,Ogden Racing,3,0,0,0.0,22.33,191.0,608.0,0.0,0,24.33,11.0,34.0,1,0.0,0.0,0.0,0.0
1984,Sacks & Sons,29,0,1,0.0,25.1,2545.0,6348.0,0.0,0,24.34,9.0,39.0,15,0.0,3.45,0.0,0.0
1997,Jasper Motorsports,22,0,0,0.0,34.86,1285.0,4621.0,0.0,0,29.59,13.0,43.0,13,0.0,0.0,0.0,0.0
2016,Roush Fenway Racing,109,7,14,0.0,20.39,2240.0,30072.0,82.0,62,19.32,2.0,40.0,95,6.42,12.84,0.0,0.27
2021,Richard Childress Racing,72,4,24,0.0,14.72,1888.0,18246.0,70.0,51,15.44,2.0,39.0,67,5.56,33.33,0.0,0.38
2025,TRICON Garage,1,0,0,0.0,38.0,1.0,71.0,0.0,0,39.0,38.0,38.0,0,0.0,0.0,0.0,0.0
1958,Charlie Cregar (Owner),1,0,0,0.0,30.0,40.0,127.0,0.0,0,6.0,30.0,30.0,0,0.0,0.0,0.0,0.0
1969,Bob England (Owner),1,0,0,0.0,44.0,21.0,1.0,0.0,0,36.0,44.0,44.0,0,0.0,0.0,0.0,0.0
1958,Julian Buesink (Owner),7,3,6,0.0,7.29,2264.0,1273.0,0.0,1,10.43,2.0,15.0,7,42.86,85.71,0.0,0.0
1961,Jack Smith (Owner),34,12,19,2.0,11.15,25636.0,7287.0,379.0,5,11.21,1.0,37.0,22,35.29,55.88,5.88,5.2
1961,Bob Rose (Owner),3,0,0,0.0,21.67,1540.0,362.0,0.0,0,26.67,14.0,26.0,2,0.0,0.0,0.0,0.0
1963,Petty Enterprises,104,51,65,19.0,10.35,45608.0,22021.0,2514.0,27,8.91,1.0,42.0,70,49.04,62.5,18.27,11.42
1965,Roy Tyner (Owner),37,1,10,0.0,18.59,8346.0,4888.0,0.0,0,21.54,4.0,39.0,13,2.7,27.03,0.0,0.0
1965,Ronald Smith (Owner),6,0,1,0.0,23.33,1060.0,169.0,0.0,0,21.17,10.0,43.0,1,0.0,16.67,0.0,0.0
1967,Bud Hartje (Owner),46,26,39,0.0,8.3,36392.0,11526.0,109.0,0,9.98,2.0,43.0,40,56.52,84.78,0.0,0.95
1967,GC Spencer Racing,27,3,7,0.0,19.96,8764.0,4521.0,0.0,0,13.22,3.0,44.0,7,11.11,25.93,0.0,0.0
1968,Buck Baker Racing,27,2,4,0.0,19.0,1150.0,4235.0,0.0,0,22.33,5.0,44.0,10,7.41,14.81,0.0,0.0
1973,DuWayne Wahl (Owner),1,0,0,0.0,39.0,24.0,7.0,0.0,0,33.0,39.0,39.0,0,0.0,0.0,0.0,0.0
1975,Bobby Allison Motorsports,2,0,0,0.0,24.5,0.0,474.0,12.0,0,20.0,14.0,35.0,0,0.0,0.0,0.0,2.53
1976,Ellington Racing,14,3,6,1.0,19.86,988.0,2759.0,183.0,2,10.43,1.0,38.0,5,21.43,42.86,7.14,6.63
1980,RahMoc Enterprises,29,0,5,0.0,20.69,2731.0,6943.0,2.0,0,19.97,7.0,41.0,16,0.0,17.24,0.0,0.03
1980,Price Racing,22,0,0,0.0,21.64,1928.0,6047.0,0.0,0,29.91,13.0,31.0,16,0.0,0.0,0.0,0.0
1982,Bobby Hawkins (Owner),10,2,2,0.0,26.5,863.0,1297.0,7.0,1,12.5,3.0,38.0,2,20.0,20.0,0.0,0.54
1983,Robert McEntyre (Owner),10,0,3,0.0,19.5,1050.0,1963.0,0.0,0,20.0,8.0,33.0,6,0.0,30.0,0.0,0.0
1983,McCray Motorsports,4,0,0,0.0,28.25,313.0,760.0,0.0,0,22.75,23.0,39.0,1,0.0,0.0,0.0,0.0
1984,Hylton Engineering,30,0,1,0.0,20.73,3040.0,8719.0,20.0,0,27.4,10.0,41.0,22,0.0,3.33,0.0,0.23
1985,Wood Brothers Racing,28,7,12,0.0,13.68,3523.0,8796.0,75.0,5,12.32,2.0,37.0,24,25.0,42.86,0.0,0.85
1987,Baker-Schiff Racing,21,3,10,0.0,16.48,2373.0,4623.0,91.0,8,15.95,2.0,41.0,14,14.29,47.62,0.0,1.97
1997,Donlavey Racing,29,2,2,0.0,23.52,2699.0,8565.0,0.0,4,21.17,3.0,42.0,23,6.9,6.9,0.0,0.0
2000,Melling Racing,28,0,0,0.0,31.89,1900.0,7226.0,4.0,3,27.68,16.0,42.0,21,0.0,0.0,0.0,0.06
2009,Penske Racing,108,12,28,2.0,21.14,11078.0,29705.0,755.0,56,20.6,1.0,40.0,91,11.11,25.93,1.85,2.54
2014,GO FAS Racing,36,0,0,0.0,33.14,283.0,10082.0,3.0,5,37.78,11.0,43.0,34,0.0,0.0,0.0,0.03
1960,John Rostek (Owner),5,2,3,1.0,15.0,1282.0,658.0,65.0,1,10.0,1.0,39.0,3,40.0,60.0,20.0,9.88
1962,Harry Leake (Owner),1,0,0,0.0,19.0,128.0,98.0,0.0,0,16.0,19.0,19.0,1,0.0,0.0,0.0,0.0
1966,Ron Staughton (Owner),1,0,0,0.0,27.0,32.0,27.0,0.0,0,32.0,27.0,27.0,0,0.0,0.0,0.0,0.0
1951,Andy Pierce (Owner),2,0,0,0.0,21.5,,,0.0,0,1.0,18.0,25.0,0,0.0,0.0,0.0,
1953,B.A. Pless (Owner),2,0,0,0.0,23.0,,338.0,0.0,0,8.0,14.0,32.0,1,0.0,0.0,0.0,0.0
1956,Mauri Rose (Owner),13,3,5,0.0,16.08,0.0,1527.0,0.0,0,14.23,4.0,30.0,4,23.08,38.46,0.0,0.0
1956,Lorrin Bates (Owner),5,0,1,0.0,11.8,,700.0,0.0,0,17.6,10.0,14.0,4,0.0,20.0,0.0,0.0
1957,Tom Harbison (Owner),3,0,0,0.0,19.33,,77.0,0.0,0,23.33,11.0,27.0,1,0.0,0.0,0.0,0.0
1957,Fred Harb (Owner),5,0,0,0.0,19.6,,591.0,0.0,0,23.5,11.0,37.0,2,0.0,0.0,0.0,0.0
1969,J.D. Bracken (Owner),1,0,0,0.0,20.0,31.0,101.0,0.0,0,5.0,20.0,20.0,0,0.0,0.0,0.0,0.0
1975,Arrington Racing,27,0,3,0.0,18.44,2848.0,7877.0,0.0,0,26.48,6.0,38.0,21,0.0,11.11,0.0,0.0
1977,Wood Brothers Racing,22,16,16,2.0,9.64,3227.0,5694.0,888.0,12,5.36,1.0,37.0,16,72.73,72.73,9.09,15.6
1977,Donlavey Racing,28,7,20,0.0,13.21,3518.0,7866.0,8.0,1,13.61,2.0,39.0,18,25.0,71.43,0.0,0.1
1977,Charles Dean (Owner),4,0,0,0.0,24.0,167.0,610.0,0.0,0,32.75,12.0,33.0,2,0.0,0.0,0.0,0.0
1978,Vandiver Racing,4,0,0,0.0,26.0,258.0,874.0,0.0,0,28.75,12.0,38.0,1,0.0,0.0,0.0,0.0
1984,Bowman Racing,5,0,0,0.0,31.2,347.0,834.0,0.0,0,30.2,18.0,38.0,1,0.0,0.0,0.0,0.0
1986,Bill Terry (Owner),14,1,3,0.0,16.5,1620.0,4530.0,7.0,1,24.43,4.0,32.0,11,7.14,21.43,0.0,0.15
1987,Junior Johnson & Associates,29,13,22,1.0,11.14,4007.0,8608.0,593.0,14,7.1,1.0,37.0,24,44.83,75.86,3.45,6.89
1990,Lake Speed Racing,8,0,0,0.0,27.13,479.0,1450.0,3.0,0,30.25,11.0,38.0,3,0.0,0.0,0.0,0.21
1993,Larry Hedrick Motorsports,30,1,3,0.0,22.87,2849.0,7745.0,3.0,2,25.5,5.0,39.0,20,3.33,10.0,0.0,0.04
1995,A.G. Dillard Motorsports,27,0,2,0.0,26.19,2292.0,6513.0,43.0,4,25.52,6.0,41.0,19,0.0,7.41,0.0,0.66
1996,Hendrick Motorsports,93,45,58,12.0,11.62,12817.0,27823.0,3331.0,55,11.03,1.0,42.0,83,48.39,62.37,12.9,11.97
1998,Robert Yates Racing,65,20,26,3.0,18.46,7379.0,17657.0,942.0,32,13.94,1.0,43.0,54,30.77,40.0,4.62,5.33
2006,Competitive Edge Motorsports,4,0,0,0.0,39.5,138.0,658.0,0.0,0,35.0,38.0,41.0,1,0.0,0.0,0.0,0.0
2015,GO FAS Racing,30,0,0,0.0,35.17,121.0,7778.0,4.0,4,38.6,23.0,43.0,26,0.0,0.0,0.0,0.05
2016,Wood Brothers Racing,36,3,9,0.0,18.5,812.0,10018.0,11.0,23,14.89,4.0,39.0,34,8.33,25.0,0.0,0.11
1951,Billy Tibbett (Owner),2,0,0,0.0,32.0,,318.0,0.0,0,57.0,15.0,49.0,0,0.0,0.0,0.0,0.0
1951,Larry Bettinger (Owner),3,2,3,1.0,4.0,,200.0,19.0,1,10.0,1.0,8.0,3,66.67,100.0,33.33,9.5
1952,,193,8,37,0.0,19.1,0.0,22246.0,0.0,1,19.58,3.0,63.0,77,4.15,19.17,0.0,0.0
1952,Paul Nunn (Owner),4,0,1,0.0,30.5,,402.0,0.0,0,12.0,8.0,65.0,2,0.0,25.0,0.0,0.0
1957,Team Amick Motorsports,15,7,10,1.0,12.13,,2718.0,31.0,6,10.47,1.0,43.0,10,46.67,66.67,6.67,1.14
1960,Lloyd Chick (Owner),2,0,0,0.0,45.5,10.0,50.0,0.0,0,48.0,28.0,63.0,0,0.0,0.0,0.0,0.0
1966,Shorty Johns (Owner),12,0,1,0.0,29.75,2278.0,1446.0,0.0,0,19.25,7.0,43.0,1,0.0,8.33,0.0,0.0
1971,Bill Andersen (Owner),1,0,0,0.0,34.0,51.0,27.0,0.0,0,39.0,34.0,34.0,0,0.0,0.0,0.0,0.0
1971,Negre Racing,39,1,3,0.0,19.62,2178.0,7882.0,0.0,0,22.18,5.0,44.0,22,2.56,7.69,0.0,0.0
1971,Robertson Racing,50,2,15,0.0,16.92,3161.0,11510.0,0.0,0,20.96,4.0,39.0,34,4.0,30.0,0.0,0.0
1971,Tom Hunter (Owner),11,0,0,0.0,21.64,782.0,1862.0,0.0,0,28.18,11.0,34.0,5,0.0,0.0,0.0,0.0
1972,Owens Racing,3,2,2,0.0,11.0,194.0,709.0,0.0,0,9.0,2.0,28.0,2,66.67,66.67,0.0,0.0
1973,Hylton Engineering,29,1,11,0.0,14.14,2138.0,9329.0,1.0,0,18.83,4.0,45.0,26,3.45,37.93,0.0,0.01
1976,Lynda Ferreri (Owner),5,0,0,0.0,21.0,0.0,1183.0,0.0,0,24.0,15.0,33.0,3,0.0,0.0,0.0,0.0
1981,Marcis Auto Racing,30,4,9,0.0,17.67,3417.0,7712.0,177.0,4,16.7,3.0,40.0,16,13.33,30.0,0.0,2.3
1983,Hamby Racing,35,0,2,0.0,22.06,3391.0,8904.0,0.0,0,25.54,10.0,41.0,22,0.0,5.71,0.0,0.0
1988,S & H Racing,8,0,0,0.0,27.38,647.0,2007.0,0.0,0,35.13,18.0,37.0,3,0.0,0.0,0.0,0.0
1992,Larry Hedrick Motorsports,29,0,0,0.0,25.86,2482.0,7315.0,6.0,0,24.03,11.0,43.0,19,0.0,0.0,0.0,0.08
2010,Germain Racing,30,0,0,0.0,33.6,1876.0,5503.0,2.0,3,30.1,21.0,43.0,15,0.0,0.0,0.0,0.04
1955,Hooker Hood (Owner),4,0,1,0.0,21.25,528.0,445.0,0.0,0,14.0,8.0,41.0,2,0.0,25.0,0.0,0.0
1969,Jim Whitehead (Owner),1,0,0,0.0,40.0,33.0,5.0,0.0,0,22.0,40.0,40.0,0,0.0,0.0,0.0,0.0
1951,Harold Nelson (Owner),1,0,0,0.0,11.0,,,0.0,0,,11.0,11.0,0,0.0,0.0,0.0,
1955,Joe Blair (Owner),18,2,6,0.0,14.33,1784.0,2046.0,0.0,0,16.0,5.0,28.0,7,11.11,33.33,0.0,0.0
1955,John Lindsay (Owner),6,0,3,0.0,10.83,940.0,853.0,0.0,0,20.4,9.0,14.0,4,0.0,50.0,0.0,0.0
1960,Talmadge Cochrane (Owner),12,0,1,0.0,22.42,2676.0,1862.0,0.0,0,24.83,10.0,44.0,5,0.0,8.33,0.0,0.0
1961,Herman Beam (Owner),41,1,14,0.0,13.29,11842.0,8827.0,0.0,0,18.15,4.0,36.0,38,2.44,34.15,0.0,0.0
1963,Scott Racing,50,2,16,0.0,14.2,15382.0,10192.0,0.0,0,18.76,5.0,29.0,37,4.0,32.0,0.0,0.0
1963,Worth McMillion (Owner),16,0,4,0.0,14.25,4550.0,4225.0,0.0,0,20.81,8.0,29.0,13,0.0,25.0,0.0,0.0
1967,DeWitt Racing,45,11,27,0.0,11.04,30184.0,10860.0,62.0,0,12.56,2.0,33.0,26,24.44,60.0,0.0,0.57
1970,Pistone Racing,6,0,1,0.0,31.67,154.0,408.0,2.0,0,24.0,7.0,48.0,1,0.0,16.67,0.0,0.49
1973,Arrington Racing,26,1,4,0.0,19.0,1664.0,7476.0,0.0,0,22.31,5.0,49.0,17,3.85,15.38,0.0,0.0
1973,Garn Racing,25,1,2,0.0,19.76,1562.0,6918.0,1.0,0,21.4,4.0,40.0,13,4.0,8.0,0.0,0.01
1978,Billie Harvey (Owner),1,0,0,0.0,28.0,79.0,221.0,0.0,0,40.0,28.0,28.0,0,0.0,0.0,0.0,0.0
1978,Stan Lasky (Owner),1,0,0,0.0,28.0,0.0,75.0,0.0,0,32.0,28.0,28.0,0,0.0,0.0,0.0,0.0
1983,Arrington Racing,30,0,2,0.0,19.33,3158.0,8933.0,1.0,0,26.47,9.0,34.0,20,0.0,6.67,0.0,0.01
1983,Henderson Motorsports,13,0,0,0.0,24.92,1147.0,2563.0,0.0,0,24.54,17.0,40.0,5,0.0,0.0,0.0,0.0
1989,Bown Racing,3,0,0,0.0,35.33,40.0,469.0,0.0,0,30.0,29.0,41.0,1,0.0,0.0,0.0,0.0
1990,Venturini Motorsports,4,0,0,0.0,25.25,349.0,702.0,0.0,0,33.0,18.0,30.0,3,0.0,0.0,0.0,0.0
1991,Robert Yates Racing,28,11,15,5.0,11.18,3918.0,8610.0,1517.0,15,8.07,1.0,40.0,24,39.29,53.57,17.86,17.62
1992,Joe Gibbs Racing,29,2,8,0.0,17.76,3251.0,8586.0,103.0,8,16.52,2.0,39.0,24,6.9,27.59,0.0,1.2
1992,Penske Racing South,29,5,12,1.0,15.21,3556.0,8759.0,673.0,9,12.0,1.0,37.0,24,17.24,41.38,3.45,7.68
1994,A.G. Dillard Motorsports,26,1,2,0.0,29.58,1971.0,5230.0,74.0,1,19.5,2.0,42.0,14,3.85,7.69,0.0,1.41
1995,Kranefuss-Haas Racing,30,1,5,0.0,21.4,3023.0,8014.0,71.0,7,21.13,4.0,41.0,23,3.33,16.67,0.0,0.89
2005,Penske Racing South,72,16,33,1.0,14.54,8921.0,21000.0,650.0,57,12.78,1.0,39.0,69,22.22,45.83,1.39,3.1
2005,BAM Racing,36,0,3,0.0,25.28,3184.0,9911.0,34.0,14,30.11,8.0,40.0,29,0.0,8.33,0.0,0.34
2017,Wood Brothers Racing,36,4,14,1.0,17.25,944.0,10395.0,301.0,21,10.31,1.0,39.0,31,11.11,38.89,2.78,2.9
2017,Rick Ware Racing,29,0,0,0.0,34.93,11.0,7207.0,0.0,0,37.38,28.0,40.0,19,0.0,0.0,0.0,0.0
1958,Billy Myers (Owner),2,0,0,0.0,27.5,0.0,125.0,0.0,0,17.5,25.0,30.0,0,0.0,0.0,0.0,0.0
1965,Fred Goad (Owner),5,0,1,0.0,25.4,694.0,432.0,0.0,0,26.2,9.0,41.0,1,0.0,20.0,0.0,0.0
1956,,246,11,44,0.0,18.52,0.0,30326.0,39.0,5,20.35,2.0,75.0,132,4.47,17.89,0.0,0.13
1953,Johnny Bridgers (Owner),1,0,0,0.0,26.0,,279.0,0.0,0,48.0,26.0,26.0,1,0.0,0.0,0.0,0.0
1955,George Hutchens (Owner),1,0,0,0.0,21.0,40.0,7.0,0.0,0,19.0,21.0,21.0,0,0.0,0.0,0.0,0.0
1956,Jim Rush (Owner),4,1,3,0.0,7.5,,611.0,0.0,0,17.0,3.0,11.0,4,25.0,75.0,0.0,0.0
1956,Howard Phillippi (Owner),4,0,0,0.0,21.25,,501.0,0.0,0,23.0,15.0,25.0,2,0.0,0.0,0.0,0.0
1956,Lyle Scott (Owner),1,0,0,0.0,23.0,,,0.0,0,19.0,23.0,23.0,0,0.0,0.0,0.0,
1957,Wood Brothers Racing,8,1,3,0.0,12.75,,1714.0,7.0,1,13.63,2.0,36.0,5,12.5,37.5,0.0,0.41
1958,Harvey Hege (Owner),17,0,2,0.0,21.53,360.0,2197.0,0.0,0,22.88,6.0,47.0,11,0.0,11.76,0.0,0.0
1958,Gene White (Owner),11,0,2,0.0,16.0,1536.0,2120.0,0.0,0,16.0,6.0,33.0,7,0.0,18.18,0.0,0.0
1959,Jim Stephens (Owner),5,1,3,1.0,18.8,1760.0,609.0,147.0,1,10.6,1.0,45.0,2,20.0,60.0,20.0,24.14
1968,Ken Watter (Owner),3,0,0,0.0,28.0,147.0,402.0,0.0,0,32.0,15.0,42.0,1,0.0,0.0,0.0,0.0
1968,Allen McMillion (Owner),4,1,1,0.0,17.0,33.0,895.0,0.0,0,26.75,5.0,26.0,2,25.0,25.0,0.0,0.0
1970,DeWitt Racing,47,12,24,0.0,14.36,3194.0,9919.0,86.0,1,10.21,2.0,39.0,24,25.53,51.06,0.0,0.87
1973,Daniel Racing,5,0,0,0.0,28.6,238.0,1148.0,0.0,0,35.4,16.0,57.0,2,0.0,0.0,0.0,0.0
1974,Adams Racing,5,0,0,0.0,22.6,,836.0,0.0,0,33.0,13.0,40.0,4,0.0,0.0,0.0,0.0
1975,Gray Racing,11,0,1,0.0,23.73,1017.0,2362.0,2.0,0,27.45,9.0,36.0,6,0.0,9.09,0.0,0.08
1977,Means Racing,25,0,6,0.0,20.04,2585.0,5972.0,0.0,0,23.48,8.0,40.0,14,0.0,24.0,0.0,0.0
1980,Arrington Racing,34,0,7,0.0,17.88,3731.0,9556.0,0.0,0,24.74,6.0,41.0,25,0.0,20.59,0.0,0.0
1980,Robert Beadle (Owner),2,0,0,0.0,32.0,139.0,109.0,3.0,0,14.0,28.0,36.0,0,0.0,0.0,0.0,2.75
1984,Ellington Racing,17,2,7,0.0,18.0,1911.0,4372.0,122.0,3,10.94,3.0,42.0,9,11.76,41.18,0.0,2.79
1985,Holden Racing,1,0,0,0.0,37.0,52.0,63.0,0.0,0,33.0,37.0,37.0,0,0.0,0.0,0.0,0.0
1986,Gray Racing,6,0,0,0.0,33.0,384.0,741.0,0.0,0,32.83,30.0,39.0,0,0.0,0.0,0.0,0.0
1990,Reno Racing,4,0,1,0.0,24.25,369.0,996.0,4.0,1,20.75,8.0,38.0,3,0.0,25.0,0.0,0.4
1991,Stavola Brothers Racing,29,0,0,0.0,23.03,2723.0,7966.0,0.0,2,22.52,12.0,39.0,21,0.0,0.0,0.0,0.0
2003,Dale Earnhardt Inc.,109,21,34,4.0,19.35,11917.0,29404.0,1246.0,52,18.93,1.0,43.0,91,19.27,31.19,3.67,4.24
2011,NEMCO Motorsports,39,0,0,0.0,40.54,0.0,1263.0,4.0,0,34.54,30.0,43.0,1,0.0,0.0,0.0,0.32
2016,Stewart-Haas Racing,144,31,57,6.0,15.78,3631.0,41112.0,1688.0,93,16.19,1.0,39.0,131,21.53,39.58,4.17,4.11
1952,Bob Moore (Owner),5,1,3,0.0,16.2,,524.0,0.0,0,16.25,3.0,46.0,1,20.0,60.0,0.0,0.0
1954,Lou Figaro (Owner),3,0,2,0.0,10.0,,461.0,0.0,0,,8.0,13.0,2,0.0,66.67,0.0,0.0
1957,Sherman Clark (Owner),1,0,0,0.0,12.0,,54.0,0.0,0,12.0,12.0,12.0,1,0.0,0.0,0.0,0.0
1957,Herman Beam (Owner),1,0,0,0.0,20.0,,,0.0,0,,20.0,20.0,0,0.0,0.0,0.0,
1965,Curtis Larimer (Owner),10,0,1,0.0,22.5,4766.0,2215.0,0.0,0,22.9,10.0,36.0,2,0.0,10.0,0.0,0.0
1952,Elton Hildreth (Owner),6,0,1,0.0,17.5,,815.0,0.0,0,21.67,10.0,26.0,2,0.0,16.67,0.0,0.0
1953,Lou Johnson (Owner),1,0,0,0.0,12.0,,,0.0,0,,12.0,12.0,0,0.0,0.0,0.0,
1958,Shep Langdon (Owner),15,0,1,0.0,18.53,300.0,2565.0,0.0,0,23.07,10.0,28.0,12,0.0,6.67,0.0,0.0
1958,Scotty Cain (Owner),1,0,1,0.0,8.0,,176.0,0.0,0,17.0,8.0,8.0,1,0.0,100.0,0.0,0.0
1966,Pistone Racing,28,6,6,0.0,18.96,5756.0,3944.0,385.0,2,11.86,2.0,41.0,7,21.43,21.43,0.0,9.76
1969,Hagan Enterprises,1,0,1,0.0,8.0,0.0,155.0,0.0,0,29.0,8.0,8.0,1,0.0,100.0,0.0,0.0
1971,Nagle Racers,13,1,3,0.0,25.23,879.0,1617.0,0.0,0,15.15,4.0,44.0,6,7.69,23.08,0.0,0.0
1976,Neil Castles (Owner),2,0,0,0.0,38.0,98.0,61.0,0.0,0,30.0,38.0,38.0,0,0.0,0.0,0.0,0.0
1976,Al Rudd Auto,4,0,1,0.0,20.5,407.0,876.0,0.0,0,23.0,10.0,33.0,2,0.0,25.0,0.0,0.0
1978,Junior Johnson & Associates,30,23,24,10.0,6.03,4841.0,9758.0,3587.0,18,3.6,1.0,26.0,28,76.67,80.0,33.33,36.76
1979,Gordon Racing,27,0,0,0.0,21.3,2676.0,7290.0,0.0,0,28.78,11.0,40.0,19,0.0,0.0,0.0,0.0
1986,Sadler Racing,4,0,0,0.0,24.0,364.0,1247.0,0.0,0,27.25,12.0,39.0,2,0.0,0.0,0.0,0.0
1990,Don Gibbs Racing,9,0,0,0.0,26.56,755.0,1837.0,1.0,0,31.56,15.0,39.0,5,0.0,0.0,0.0,0.05
1991,Travis Carter Enterprises,29,1,6,0.0,22.97,2790.0,7627.0,330.0,5,24.52,3.0,40.0,15,3.45,20.69,0.0,4.33
2000,PPI Motorsports,28,0,1,0.0,31.5,1929.0,6216.0,23.0,3,24.57,10.0,43.0,17,0.0,3.57,0.0,0.37
2003,Victory Motorsports,2,0,0,0.0,43.0,68.0,87.0,0.0,0,42.5,43.0,43.0,0,0.0,0.0,0.0,0.0
2005,ppc Racing,3,0,0,0.0,29.33,225.0,700.0,0.0,0,34.33,28.0,31.0,2,0.0,0.0,0.0,0.0
2013,Stewart-Haas Racing,108,11,28,2.0,20.06,2537.0,30059.0,247.0,64,21.48,1.0,43.0,96,10.19,25.93,1.85,0.82
2019,Chip Ganassi Racing,72,14,35,2.0,14.08,2085.0,19636.0,741.0,50,12.81,1.0,40.0,62,19.44,48.61,2.78,3.77
2021,StarCom Racing,36,0,0,0.0,32.42,176.0,7695.0,0.0,5,34.22,19.0,40.0,26,0.0,0.0,0.0,0.0
1967,Joan Petre (Owner),1,0,1,0.0,9.0,340.0,274.0,0.0,0,18.0,9.0,9.0,1,0.0,100.0,0.0,0.0
1950,Buddy Elliott (Owner),6,1,2,0.0,14.83,,783.0,0.0,1,6.2,4.0,37.0,3,16.67,33.33,0.0,0.0
1950,W.O. Taylor (Owner),2,0,0,0.0,36.5,,328.0,0.0,0,38.5,17.0,56.0,0,0.0,0.0,0.0,0.0
1951,Bob Greer (Owner),4,0,0,0.0,32.0,,126.0,0.0,0,12.0,27.0,36.0,0,0.0,0.0,0.0,0.0
1952,Elmer Pooler (Owner),6,0,3,0.0,22.83,,999.0,0.0,0,26.83,6.0,49.0,4,0.0,50.0,0.0,0.0
1955,Arden Mounts (Owner),10,0,2,0.0,18.4,956.0,1254.0,0.0,0,18.9,8.0,56.0,6,0.0,20.0,0.0,0.0
1956,James Satcher (Owner),29,9,16,0.0,14.17,,3924.0,103.0,2,9.43,3.0,62.0,15,31.03,55.17,0.0,2.62
1956,Bobby Keck (Owner),14,0,2,0.0,16.36,,2065.0,0.0,0,23.79,7.0,27.0,11,0.0,14.29,0.0,0.0
1957,Chuck Green (Owner),5,1,2,0.0,11.2,,525.0,0.0,1,12.2,5.0,21.0,3,20.0,40.0,0.0,0.0
1958,Talmadge Cochrane (Owner),4,0,0,0.0,32.75,260.0,384.0,0.0,0,26.5,22.0,49.0,0,0.0,0.0,0.0,0.0
1959,Bernard Friedland (Owner),6,0,2,0.0,25.5,1828.0,845.0,0.0,0,34.8,7.0,42.0,3,0.0,33.33,0.0,0.0
1960,Raeford Johnson (Owner),24,3,8,0.0,16.04,6286.0,4030.0,39.0,1,13.5,3.0,36.0,9,12.5,33.33,0.0,0.97
1969,Fox Racing,18,3,6,0.0,22.56,1159.0,2664.0,302.0,2,10.89,2.0,43.0,7,16.67,33.33,0.0,11.34
1969,Jim Lineberger (Owner),2,0,1,0.0,22.0,51.0,605.0,0.0,0,29.5,10.0,34.0,1,0.0,50.0,0.0,0.0
1970,Wood Brothers Racing,19,11,13,3.0,10.58,1058.0,4952.0,1045.0,4,6.32,1.0,40.0,11,57.89,68.42,15.79,21.1
1970,Vandiver Racing,9,0,4,0.0,20.44,438.0,1744.0,6.0,0,16.78,6.0,35.0,5,0.0,44.44,0.0,0.34
1972,Canavan Racing,7,0,0,0.0,33.71,242.0,777.0,0.0,0,27.14,15.0,42.0,0,0.0,0.0,0.0,0.0
1977,John Kieper (Owner),2,0,0,0.0,35.5,113.0,50.0,0.0,0,25.5,35.0,36.0,0,0.0,0.0,0.0,0.0
1979,McDuffie Racing,31,1,7,0.0,17.48,3473.0,8014.0,118.0,0,20.03,5.0,31.0,20,3.23,22.58,0.0,1.47
1980,Junior Miller Racing,15,0,0,0.0,24.6,1343.0,3824.0,10.0,0,22.8,13.0,38.0,5,0.0,0.0,0.0,0.26
1984,Richard Childress Racing,30,12,22,2.0,9.63,4265.0,9584.0,446.0,10,10.83,1.0,39.0,28,40.0,73.33,6.67,4.65
1986,Donlavey Racing,29,0,4,0.0,19.48,3052.0,8047.0,2.0,1,23.48,7.0,36.0,19,0.0,13.79,0.0,0.02
1990,King Racing,29,5,9,1.0,16.0,3440.0,9097.0,216.0,10,14.72,1.0,41.0,24,17.24,31.03,3.45,2.37
1992,Pat Rissi (Owner),8,0,0,0.0,34.88,467.0,784.0,0.0,0,36.75,28.0,40.0,2,0.0,0.0,0.0,0.0
1999,Melling Racing,33,1,2,0.0,29.76,2453.0,8882.0,10.0,3,25.09,5.0,42.0,25,3.03,6.06,0.0,0.11
2000,Mattei Motorsports,13,1,1,0.0,25.54,1149.0,4009.0,3.0,3,21.46,3.0,39.0,9,7.69,7.69,0.0,0.07
2001,NEMCO Motorsports,2,0,0,0.0,40.0,96.0,137.0,23.0,0,9.5,38.0,42.0,0,0.0,0.0,0.0,16.79
2004,Roush Racing,180,34,68,8.0,16.32,21408.0,50770.0,2075.0,110,17.69,1.0,43.0,156,18.89,37.78,4.44,4.09
2004,A.J. Foyt Racing,7,0,0,0.0,26.86,577.0,2115.0,0.0,1,27.86,20.0,32.0,7,0.0,0.0,0.0,0.0
1954,Otis Martin (Owner),3,0,0,0.0,19.33,,414.0,0.0,0,22.0,13.0,25.0,2,0.0,0.0,0.0,0.0
1950,Don Rogalla (Owner),11,5,7,3.0,9.55,,1144.0,460.0,3,9.86,1.0,30.0,7,45.45,63.64,27.27,40.21
1954,Millard Wright (Owner),5,0,4,0.0,13.8,,914.0,0.0,0,22.0,8.0,33.0,5,0.0,80.0,0.0,0.0
1956,Pistone Racing,2,0,0,0.0,32.5,,305.0,0.0,0,17.5,31.0,34.0,0,0.0,0.0,0.0,0.0
1958,Roy Tyner (Owner),1,0,0,0.0,15.0,136.0,126.0,0.0,0,16.0,15.0,15.0,1,0.0,0.0,0.0,0.0
1960,Bill Gazaway (Owner),7,0,0,0.0,29.71,2352.0,1113.0,0.0,0,35.86,12.0,51.0,3,0.0,0.0,0.0,0.0
1962,Sam McQuagg (Owner),1,0,0,0.0,12.0,224.0,51.0,0.0,0,9.0,12.0,12.0,0,0.0,0.0,0.0,0.0
1963,Paul Clark (Owner),4,0,0,0.0,31.75,436.0,470.0,0.0,0,20.5,20.0,44.0,0,0.0,0.0,0.0,0.0
1964,Jess Potter (Owner),28,0,3,0.0,21.29,5324.0,3114.0,0.0,0,21.82,10.0,43.0,8,0.0,10.71,0.0,0.0
1965,Clay Esteridge (Owner),9,0,3,0.0,16.0,5366.0,1983.0,0.0,0,28.44,9.0,28.0,6,0.0,33.33,0.0,0.0
1966,Joan Petre (Owner),34,0,5,0.0,20.47,5404.0,4339.0,0.0,0,18.41,6.0,44.0,8,0.0,14.71,0.0,0.0
1972,GC Spencer Racing,9,0,1,0.0,28.11,415.0,1397.0,0.0,0,20.33,9.0,40.0,2,0.0,11.11,0.0,0.0
1976,Wood Brothers Racing,22,16,18,10.0,6.86,3483.0,6194.0,1227.0,14,3.55,1.0,37.0,18,72.73,81.82,45.45,19.81
1976,Dalton Racing,13,0,0,0.0,21.0,1300.0,3420.0,0.0,0,24.85,11.0,37.0,10,0.0,0.0,0.0,0.0
1977,Hagan Enterprises,28,1,8,0.0,17.61,3120.0,7529.0,13.0,1,14.61,3.0,38.0,17,3.57,28.57,0.0,0.17
1977,Hylton Engineering,30,0,11,0.0,16.03,3476.0,8375.0,3.0,0,19.9,7.0,39.0,25,0.0,36.67,0.0,0.04
1983,Ellington Racing,18,2,5,0.0,15.94,2114.0,4934.0,22.0,1,16.0,3.0,29.0,11,11.11,27.78,0.0,0.45
1983,Natz Peters (Owner),1,0,0,0.0,34.0,61.0,103.0,0.0,0,31.0,34.0,34.0,0,0.0,0.0,0.0,0.0
1984,Marcis Auto Racing,26,0,3,0.0,20.58,2275.0,7265.0,0.0,0,26.65,7.0,37.0,17,0.0,11.54,0.0,0.0
1985,Randall Racing,3,0,0,0.0,37.0,156.0,104.0,0.0,0,36.33,35.0,39.0,0,0.0,0.0,0.0,0.0
1990,Wood Brothers Racing,29,1,7,0.0,20.21,3013.0,7980.0,73.0,4,16.38,4.0,39.0,17,3.45,24.14,0.0,0.91
1992,DarWal Inc.,28,10,13,3.0,14.68,3535.0,8547.0,513.0,10,13.71,1.0,39.0,24,35.71,46.43,10.71,6.0
2001,Richard Childress Racing,77,7,20,3.0,20.05,8048.0,21846.0,538.0,40,19.73,1.0,42.0,67,9.09,25.97,3.9,2.46
2016,Front Row Motorsports,74,2,2,1.0,25.97,1117.0,20627.0,32.0,23,29.05,1.0,40.0,69,2.7,2.7,1.35,0.16
1949,Herb Thomas Racing,4,1,1,0.0,18.0,,197.0,0.0,0,,5.0,29.0,1,25.0,25.0,0.0,0.0
1951,Marvin Panch (Owner),6,2,3,0.0,12.5,,,0.0,0,19.0,2.0,26.0,3,33.33,50.0,0.0,
1956,Bill Poor (Owner),1,0,0,0.0,17.0,,364.0,0.0,0,30.0,17.0,17.0,1,0.0,0.0,0.0,0.0
1958,Gus Wilson (Owner),3,0,0,0.0,18.0,120.0,359.0,0.0,0,20.5,17.0,20.0,2,0.0,0.0,0.0,0.0
1961,Budd Olsen (Owner),1,0,0,0.0,13.0,,168.0,0.0,0,12.0,13.0,13.0,0,0.0,0.0,0.0,0.0
1951,Harold Lucas (Owner),7,2,3,0.0,16.29,,173.0,0.0,0,37.0,3.0,28.0,2,28.57,42.86,0.0,0.0
1955,John Dodd Sr. (Owner),16,1,7,0.0,12.88,1808.0,2119.0,0.0,0,14.29,5.0,31.0,9,6.25,43.75,0.0,0.0
1955,Bob Havenmann (Owner),3,0,2,0.0,11.33,436.0,506.0,0.0,0,18.33,6.0,19.0,3,0.0,66.67,0.0,0.0
1960,Larson Racing,4,1,2,0.0,16.25,824.0,465.0,19.0,1,17.5,2.0,36.0,4,25.0,50.0,0.0,4.09
1961,Dick Wearing (Owner),2,0,1,0.0,20.0,328.0,120.0,0.0,0,35.0,7.0,33.0,1,0.0,50.0,0.0,0.0
1965,Bailey Racing,5,1,3,0.0,12.6,7340.0,811.0,0.0,0,14.2,5.0,32.0,4,20.0,60.0,0.0,0.0
1966,Eddie Yarboro (Owner),3,0,1,0.0,22.33,308.0,456.0,0.0,0,15.33,10.0,32.0,1,0.0,33.33,0.0,0.0
1969,Larry Wehrs (Owner),4,0,2,0.0,14.5,244.0,888.0,0.0,0,22.75,8.0,25.0,3,0.0,50.0,0.0,0.0
1969,Ernie Shaw (Owner),1,0,0,0.0,12.0,0.0,149.0,0.0,0,24.0,12.0,12.0,1,0.0,0.0,0.0,0.0
1970,Bob England (Owner),2,0,0,0.0,28.0,138.0,126.0,0.0,0,21.0,13.0,43.0,0,0.0,0.0,0.0,0.0
1970,G.T. Tallas (Owner),2,0,0,0.0,27.5,141.0,139.0,0.0,0,23.0,24.0,31.0,0,0.0,0.0,0.0,0.0
1971,Eddie Yarboro (Owner),8,0,0,0.0,21.38,499.0,1875.0,0.0,0,29.0,12.0,40.0,5,0.0,0.0,0.0,0.0
1972,Vandiver Racing,14,2,3,0.0,25.64,662.0,2494.0,6.0,0,15.5,3.0,51.0,4,14.29,21.43,0.0,0.24
1976,DiGard  Motorsports,30,10,12,1.0,17.37,3505.0,7780.0,534.0,4,6.2,1.0,40.0,14,33.33,40.0,3.33,6.86
1977,McDuffie Racing,30,0,4,0.0,18.53,3236.0,8252.0,1.0,0,18.8,8.0,33.0,18,0.0,13.33,0.0,0.01
1977,Wawak Racing,4,0,0,0.0,18.25,206.0,1112.0,0.0,0,32.5,11.0,29.0,4,0.0,0.0,0.0,0.0
1977,Osterlund Motorsports,12,0,0,0.0,28.17,747.0,1846.0,0.0,0,26.5,14.0,39.0,5,0.0,0.0,0.0,0.0
1981,George Elliott Racing,13,1,7,0.0,18.54,1442.0,2777.0,33.0,2,14.85,4.0,40.0,8,7.69,53.85,0.0,1.19
1981,Arrington Racing,30,0,6,0.0,18.4,3246.0,7930.0,0.0,0,24.63,7.0,41.0,23,0.0,20.0,0.0,0.0
1987,McDuffie Racing,15,0,0,0.0,29.47,1119.0,2552.0,0.0,0,34.53,17.0,41.0,5,0.0,0.0,0.0,0.0
1987,M.J. Sullivan (Owner),1,0,0,0.0,32.0,67.0,158.0,0.0,0,35.0,32.0,32.0,0,0.0,0.0,0.0,0.0
1990,Robert Yates Racing,29,5,10,2.0,16.28,3423.0,9154.0,222.0,10,13.55,1.0,36.0,27,17.24,34.48,6.9,2.43
1994,Travis Carter Motorsports,29,0,1,0.0,23.31,2711.0,8562.0,26.0,1,28.41,9.0,42.0,26,0.0,3.45,0.0,0.3
1994,Bud Moore Engineering,31,4,9,0.0,16.77,3565.0,9111.0,39.0,10,29.26,3.0,40.0,27,12.9,29.03,0.0,0.43
1999,SBIII Motorsports,23,0,1,0.0,29.26,1742.0,6303.0,2.0,2,31.74,9.0,43.0,18,0.0,4.35,0.0,0.03
2015,Furniture Row Racing,36,8,22,1.0,12.22,1164.0,10272.0,567.0,31,12.5,1.0,42.0,34,22.22,61.11,2.78,5.52
1951,Tony Sampo (Owner),5,2,2,1.0,13.4,,573.0,1.0,1,14.33,1.0,22.0,3,40.0,40.0,20.0,0.17
1952,Larry Shurter (Owner),5,0,0,0.0,23.0,,446.0,0.0,0,27.25,12.0,36.0,1,0.0,0.0,0.0,0.0
1956,Ken Love (Owner),2,0,0,0.0,26.5,,144.0,0.0,0,54.0,24.0,29.0,0,0.0,0.0,0.0,0.0
1967,Dennis Holt (Owner),25,0,1,0.0,19.0,5582.0,3226.0,0.0,0,22.8,10.0,40.0,8,0.0,4.0,0.0,0.0
1972,Brooks Racing,6,0,0,0.0,27.67,280.0,609.0,0.0,0,29.17,13.0,37.0,1,0.0,0.0,0.0,0.0
1973,Darrell Waltrip Motorsports,14,1,4,0.0,19.71,684.0,2965.0,26.0,0,12.5,2.0,33.0,7,7.14,28.57,0.0,0.88
1973,Adams Racing,2,0,0,0.0,17.5,134.0,290.0,0.0,0,28.0,13.0,22.0,1,0.0,0.0,0.0,0.0
1976,Johnny Ray (Owner),4,0,0,0.0,26.25,58.0,659.0,0.0,0,16.75,19.0,35.0,0,0.0,0.0,0.0,0.0
1979,Testa Racing,7,0,2,0.0,20.29,523.0,1388.0,0.0,0,17.14,6.0,40.0,4,0.0,28.57,0.0,0.0
1980,Langley-Woodfield Racing,28,0,0,0.0,21.25,2779.0,7421.0,0.0,0,24.04,11.0,36.0,20,0.0,0.0,0.0,0.0
1985,McKnight Racing,1,0,0,0.0,14.0,121.0,91.0,0.0,0,32.0,14.0,14.0,1,0.0,0.0,0.0,0.0
1988,Morgan-McClure Motorsports,28,2,5,0.0,21.86,2782.0,6870.0,151.0,6,17.36,2.0,41.0,17,7.14,17.86,0.0,2.2
1988,Petty Enterprises,29,1,5,0.0,24.45,2644.0,6207.0,11.0,3,23.79,3.0,41.0,14,3.45,17.24,0.0,0.18
1991,Roush Racing,29,14,17,1.0,12.03,3914.0,8907.0,663.0,16,7.93,1.0,35.0,24,48.28,58.62,3.45,7.44
1996,Geoff Bodine Racing,31,2,6,1.0,20.55,3218.0,8918.0,90.0,9,22.42,1.0,40.0,26,6.45,19.35,3.23,1.01
2003,SCORE Motorsports,10,0,0,0.0,39.1,373.0,1790.0,1.0,0,36.8,30.0,43.0,2,0.0,0.0,0.0,0.06
2014,Furniture Row Racing,36,1,5,0.0,20.22,857.0,10217.0,1.0,23,20.06,4.0,43.0,33,2.78,13.89,0.0,0.01
1951,Jim Reed (Owner),4,1,1,0.0,12.75,,199.0,58.0,0,6.0,2.0,18.0,1,25.0,25.0,0.0,29.15
1968,Eddie Yarboro (Owner),6,0,0,0.0,17.5,447.0,2109.0,0.0,0,27.0,13.0,22.0,2,0.0,0.0,0.0,0.0
1969,Gary Sigman (Owner),1,0,0,0.0,41.0,0.0,3.0,0.0,0,25.0,41.0,41.0,0,0.0,0.0,0.0,0.0
1950,Raymond Lewis (Owner),1,0,1,0.0,8.0,,47.0,0.0,0,26.0,8.0,8.0,1,0.0,100.0,0.0,0.0
1950,Clyde Minter (Owner),8,3,3,0.0,19.38,,665.0,0.0,0,14.0,3.0,65.0,3,37.5,37.5,0.0,0.0
1951,Al Wheatley (Owner),7,0,2,0.0,23.57,,1096.0,0.0,0,25.0,7.0,39.0,1,0.0,28.57,0.0,0.0
1956,Donald Thomas (Owner),2,0,1,0.0,13.5,,103.0,0.0,0,22.5,9.0,18.0,2,0.0,50.0,0.0,0.0
1956,Bob Widenhouse (Owner),2,0,0,0.0,33.5,,324.0,0.0,0,11.5,14.0,53.0,0,0.0,0.0,0.0,0.0
1964,Roscoe Sanders (Owner),4,0,0,0.0,24.0,1020.0,517.0,0.0,0,22.0,11.0,43.0,1,0.0,0.0,0.0,0.0
1970,Smokey Yunick Racing,5,0,1,0.0,23.8,271.0,391.0,0.0,0,22.4,10.0,36.0,2,0.0,20.0,0.0,0.0
1970,McDuffie Racing,37,1,10,0.0,15.95,2043.0,8918.0,0.0,0,20.97,5.0,41.0,25,2.7,27.03,0.0,0.0
1971,Joiner Racing,3,0,1,0.0,18.0,297.0,385.0,0.0,0,24.33,8.0,31.0,2,0.0,33.33,0.0,0.0
1975,Ulrich Racing,17,0,1,0.0,22.06,1517.0,3699.0,0.0,0,25.0,10.0,33.0,7,0.0,5.88,0.0,0.0
1977,A.J. Foyt Racing,7,1,3,0.0,17.43,0.0,1172.0,20.0,1,5.29,5.0,38.0,4,14.29,42.86,0.0,1.71
1978,Warren Racing,30,0,0,0.0,20.6,3036.0,8481.0,0.0,0,25.93,12.0,33.0,23,0.0,0.0,0.0,0.0
1985,Leonard Racing,3,0,0,0.0,28.33,234.0,516.0,0.0,0,32.33,15.0,37.0,1,0.0,0.0,0.0,0.0
1985,Schmitt Racing,2,0,0,0.0,24.5,179.0,157.0,0.0,0,28.0,15.0,34.0,1,0.0,0.0,0.0,0.0
1988,Pearson Racing,2,0,0,0.0,31.0,140.0,281.0,0.0,0,33.5,21.0,41.0,0,0.0,0.0,0.0,0.0
1989,Bailey Racing,2,0,0,0.0,26.5,167.0,487.0,0.0,0,37.5,26.0,27.0,2,0.0,0.0,0.0,0.0
1991,Morgan-McClure Motorsports,29,11,19,2.0,12.1,3925.0,8720.0,584.0,16,8.41,1.0,33.0,23,37.93,65.52,6.9,6.7
1991,Marcis Auto Racing,27,0,1,0.0,25.22,2374.0,7271.0,3.0,0,28.74,10.0,40.0,17,0.0,3.7,0.0,0.04
1994,RaDiUs Motorsports,18,0,0,0.0,26.28,1525.0,4789.0,2.0,0,26.89,13.0,42.0,13,0.0,0.0,0.0,0.04
2009,Yates Racing,40,0,0,0.0,27.2,3271.0,10986.0,7.0,12,30.85,13.0,42.0,35,0.0,0.0,0.0,0.06
2020,Germain Racing,36,1,2,0.0,22.0,556.0,9495.0,13.0,14,25.64,3.0,39.0,32,2.78,5.56,0.0,0.14
1968,,20,0,3,0.0,25.05,273.0,2219.0,0.0,0,27.0,7.0,44.0,4,0.0,15.0,0.0,0.0
1953,Jim Reed (Owner),1,0,0,0.0,20.0,,,0.0,0,,20.0,20.0,0,0.0,0.0,0.0,
1955,Dink Widenhouse (Owner),15,0,6,0.0,13.2,1808.0,1928.0,0.0,0,12.0,6.0,30.0,10,0.0,40.0,0.0,0.0
1957,Bill Bowman (Owner),4,0,1,0.0,14.5,,817.0,0.0,0,20.75,8.0,17.0,3,0.0,25.0,0.0,0.0
1957,Buck Baker Racing,26,18,23,6.0,5.5,,5715.0,371.0,12,5.32,1.0,26.0,24,69.23,88.46,23.08,6.49
1958,Don Taylor (Owner),1,0,0,0.0,38.0,,36.0,0.0,0,28.0,38.0,38.0,0,0.0,0.0,0.0,0.0
1958,Bobby Lee (Owner),5,0,0,0.0,23.8,492.0,532.0,0.0,0,22.0,12.0,32.0,2,0.0,0.0,0.0,0.0
1964,Larry Frank (Owner),6,0,1,0.0,20.17,5058.0,1052.0,0.0,0,19.33,7.0,29.0,4,0.0,16.67,0.0,0.0
1965,Jerry Mullins (Owner),20,2,7,0.0,18.25,8242.0,4038.0,0.0,0,15.25,5.0,44.0,8,10.0,35.0,0.0,0.0
1966,Bud Hartje (Owner),41,20,32,0.0,8.56,33688.0,10803.0,155.0,3,10.41,2.0,35.0,32,48.78,78.05,0.0,1.43
1969,Don Culpepper (Owner),46,0,7,0.0,16.78,2676.0,9906.0,0.0,0,18.59,6.0,34.0,32,0.0,15.22,0.0,0.0
1969,Fred Elder (Owner),4,0,4,0.0,7.75,433.0,642.0,0.0,0,11.25,6.0,10.0,4,0.0,100.0,0.0,0.0
1971,Jasper Motorsports,14,0,1,0.0,22.64,631.0,2282.0,0.0,0,28.79,10.0,45.0,3,0.0,7.14,0.0,0.0
1978,DeWitt Racing,30,15,21,3.0,9.43,4350.0,9609.0,824.0,9,4.73,1.0,31.0,26,50.0,70.0,10.0,8.58
1981,Langley-Woodfield Racing,26,0,0,0.0,19.38,2731.0,7728.0,2.0,0,28.31,11.0,36.0,22,0.0,0.0,0.0,0.03
1984,Stavola Brothers Racing,16,0,0,0.0,23.56,1477.0,3452.0,0.0,1,21.5,11.0,37.0,9,0.0,0.0,0.0,0.0
1984,Bobby Gerhart Racing,4,0,0,0.0,32.5,262.0,655.0,0.0,0,32.0,19.0,39.0,1,0.0,0.0,0.0,0.0
1985,Riley Racing,1,0,0,0.0,14.0,0.0,449.0,0.0,0,29.0,14.0,14.0,1,0.0,0.0,0.0,0.0
1986,Marcis Auto Racing,29,1,4,0.0,21.66,2912.0,7316.0,63.0,2,21.48,5.0,38.0,15,3.45,13.79,0.0,0.86
1986,Circle Bar Racing,17,0,0,0.0,26.24,1433.0,3276.0,0.0,0,26.18,12.0,40.0,7,0.0,0.0,0.0,0.0
1989,Leonard Racing,2,0,0,0.0,37.5,101.0,112.0,0.0,0,39.0,37.0,38.0,0,0.0,0.0,0.0,0.0
1996,TriStar Motorsports,18,0,1,0.0,27.33,1461.0,3987.0,0.0,0,28.39,8.0,41.0,12,0.0,5.56,0.0,0.0
2006,Richard Childress Racing,109,26,51,6.0,15.34,13333.0,31143.0,1656.0,73,15.97,1.0,42.0,102,23.85,46.79,5.5,5.32
2008,Joe Gibbs Racing,109,39,55,10.0,14.5,13910.0,31111.0,3072.0,78,15.06,1.0,43.0,101,35.78,50.46,9.17,9.87
2009,TRG Motorsports,36,0,1,0.0,34.03,2224.0,6102.0,6.0,6,28.08,10.0,43.0,18,0.0,2.78,0.0,0.1
2021,Joe Gibbs Racing,144,53,83,9.0,12.25,4570.0,35888.0,2801.0,111,9.18,1.0,38.0,134,36.81,57.64,6.25,7.8
1949,Felix Wilkes (Owner),3,0,0,0.0,30.67,,38.0,0.0,0,20.0,24.0,41.0,0,0.0,0.0,0.0,0.0
1962,Fred Clark (Owner),9,0,0,0.0,21.22,3874.0,2383.0,8.0,0,25.11,12.0,32.0,5,0.0,0.0,0.0,0.34
1963,Don Harrison (Owner),1,0,0,0.0,29.0,122.0,19.0,0.0,0,25.0,29.0,29.0,0,0.0,0.0,0.0,0.0
1956,Petty Enterprises,46,17,28,2.0,10.04,0.0,7167.0,246.0,6,8.29,1.0,36.0,31,36.96,60.87,4.35,3.43
1956,Russell Wainscott (Owner),1,0,0,0.0,64.0,,,0.0,0,43.0,64.0,64.0,0,0.0,0.0,0.0,
1957,Hugh Babb (Owner),54,28,39,5.0,8.31,0.0,8528.0,657.0,14,8.5,1.0,40.0,33,51.85,72.22,9.26,7.7
1958,Wood Brothers Racing,12,2,8,0.0,10.75,420.0,2522.0,360.0,0,4.83,2.0,24.0,10,16.67,66.67,0.0,14.27
1960,Bob Perry (Owner),3,0,1,0.0,14.0,520.0,256.0,0.0,0,12.5,10.0,17.0,2,0.0,33.33,0.0,0.0
1962,Jack Smith (Owner),53,27,37,5.0,8.6,25270.0,11139.0,902.0,12,8.06,1.0,34.0,41,50.94,69.81,9.43,8.1
1966,Bob Adams (Owner),9,1,1,0.0,20.89,1778.0,1810.0,0.0,0,21.67,4.0,42.0,4,11.11,11.11,0.0,0.0
1966,Buck Baker Racing,99,14,37,0.0,15.12,46036.0,20336.0,0.0,0,19.45,2.0,43.0,63,14.14,37.37,0.0,0.0
1970,Junior Johnson & Associates,20,10,13,1.0,12.35,625.0,5108.0,237.0,4,6.3,1.0,33.0,13,50.0,65.0,5.0,4.64
1970,Talmadge Prince (Owner),1,0,0,0.0,28.0,0.0,18.0,0.0,0,11.0,28.0,28.0,0,0.0,0.0,0.0,0.0
1980,John Rebhan (Owner),8,0,2,0.0,24.75,521.0,1173.0,4.0,0,20.13,9.0,41.0,3,0.0,25.0,0.0,0.34
1981,Richard Childress Racing,31,3,7,0.0,17.26,3514.0,8295.0,34.0,3,15.35,4.0,38.0,20,9.68,22.58,0.0,0.41
1983,Melling Racing,30,12,22,1.0,9.47,4279.0,9536.0,173.0,10,9.57,1.0,30.0,27,40.0,73.33,3.33,1.81
1985,RahMoc Enterprises,28,2,14,0.0,13.43,3507.0,8572.0,8.0,2,16.0,2.0,40.0,24,7.14,50.0,0.0,0.09
1986,John Kieper (Owner),1,0,0,0.0,32.0,67.0,81.0,0.0,0,17.0,32.0,32.0,0,0.0,0.0,0.0,0.0
1988,AAG Racing,2,0,0,0.0,25.0,176.0,684.0,0.0,0,37.5,21.0,29.0,1,0.0,0.0,0.0,0.0
1992,BS&S Motorsports,14,0,0,0.0,31.5,959.0,2685.0,0.0,0,28.43,22.0,40.0,6,0.0,0.0,0.0,0.0
1993,Moroso Racing,10,1,1,0.0,26.2,851.0,2326.0,0.0,2,25.0,5.0,38.0,6,10.0,10.0,0.0,0.0
2006,Ginn Racing,32,0,2,0.0,26.16,2754.0,9330.0,13.0,11,21.84,9.0,42.0,27,0.0,6.25,0.0,0.14
1949,Gene Horne (Owner),1,0,0,0.0,19.0,,,0.0,0,,19.0,19.0,0,0.0,0.0,0.0,
1949,Ken Whitney (Owner),3,0,2,0.0,19.0,,178.0,0.0,0,29.0,7.0,42.0,0,0.0,66.67,0.0,0.0
1951,Dawson Lechlider (Owner),4,0,0,0.0,31.0,,49.0,0.0,0,24.0,12.0,50.0,0,0.0,0.0,0.0,0.0
1955,Jimmy Pardue (Owner),7,0,0,0.0,19.57,480.0,815.0,0.0,0,23.71,11.0,28.0,5,0.0,0.0,0.0,0.0
1962,Don Harrison (Owner),7,0,0,0.0,27.43,826.0,786.0,0.0,0,23.43,13.0,38.0,2,0.0,0.0,0.0,0.0
1966,Hubert Howard (Owner),3,1,1,0.0,21.67,762.0,233.0,0.0,0,18.33,5.0,46.0,2,33.33,33.33,0.0,0.0
1950,J.C. Van Landingham (Owner),1,1,1,0.0,5.0,,48.0,0.0,1,2.0,5.0,5.0,1,100.0,100.0,0.0,0.0
1955,Sosebee Racing,6,2,2,0.0,17.83,544.0,476.0,0.0,0,9.17,4.0,45.0,1,33.33,33.33,0.0,0.0
1955,Edgar Clay (Owner),4,0,1,0.0,18.0,248.0,324.0,0.0,0,20.0,8.0,25.0,2,0.0,25.0,0.0,0.0
1957,Donlavey Racing,4,0,0,0.0,27.75,,942.0,0.0,0,20.25,22.0,39.0,2,0.0,0.0,0.0,0.0
1958,Jim Blomgren (Owner),1,0,0,0.0,27.0,,8.0,0.0,0,28.0,27.0,27.0,0,0.0,0.0,0.0,0.0
1969,Carl Miller (Owner),2,0,0,0.0,23.5,91.0,76.0,0.0,0,30.5,14.0,33.0,1,0.0,0.0,0.0,0.0
1969,Donlavey Racing,8,2,2,0.0,20.0,535.0,1694.0,0.0,0,15.38,2.0,41.0,3,25.0,25.0,0.0,0.0
1970,Ellington Racing,3,0,0,0.0,26.0,225.0,728.0,0.0,0,26.33,13.0,38.0,1,0.0,0.0,0.0,0.0
1973,Don Nuzum (Owner),2,0,0,0.0,24.5,106.0,186.0,0.0,0,31.5,21.0,28.0,1,0.0,0.0,0.0,0.0
1974,Junior Johnson & Associates,30,13,18,5.0,9.53,,8768.0,1860.0,10,6.9,1.0,28.0,21,43.33,60.0,16.67,21.21
1977,Elder-Ranier,14,4,6,0.0,20.07,1193.0,3154.0,5.0,1,13.71,4.0,36.0,6,28.57,42.86,0.0,0.16
1978,John Kennedy (Owner),5,0,0,0.0,31.0,350.0,296.0,0.0,0,30.4,27.0,40.0,0,0.0,0.0,0.0,0.0
1979,Kennie Childers (Owner),19,0,3,0.0,24.63,1648.0,2990.0,13.0,0,15.74,9.0,38.0,6,0.0,15.79,0.0,0.43
1989,Mueller Brothers Racing,5,0,0,0.0,35.4,284.0,610.0,0.0,0,33.6,27.0,41.0,1,0.0,0.0,0.0,0.0
1997,Bahari' Racing,32,0,8,0.0,17.63,3575.0,9648.0,19.0,12,22.66,7.0,36.0,30,0.0,25.0,0.0,0.2
2019,Gaunt Brothers Racing,15,0,0,0.0,26.67,8.0,3264.0,0.0,3,32.33,15.0,36.0,13,0.0,0.0,0.0,0.0
2020,StarCom Racing,36,0,0,0.0,31.33,214.0,8974.0,0.0,3,32.19,13.0,40.0,30,0.0,0.0,0.0,0.0
2022,Richard Childress Racing,73,15,26,4.0,17.05,1629.0,17236.0,527.0,43,14.45,1.0,39.0,57,20.55,35.62,5.48,3.06
1950,John DuBoise (Owner),2,0,0,0.0,19.0,,367.0,0.0,0,68.0,14.0,24.0,1,0.0,0.0,0.0,0.0
1954,Frank Christian (Owner),39,19,26,4.0,11.36,0.0,5940.0,146.0,9,5.42,1.0,60.0,27,48.72,66.67,10.26,2.46
1958,James Lowery (Owner),8,0,0,0.0,19.63,440.0,1541.0,0.0,0,18.25,12.0,41.0,5,0.0,0.0,0.0,0.0
1961,Holman Moody,13,5,5,3.0,17.08,6586.0,2353.0,716.0,5,3.08,1.0,36.0,6,38.46,38.46,23.08,30.43
1967,Archie Smith (Owner),27,0,2,0.0,20.81,9162.0,4364.0,0.0,0,26.48,9.0,39.0,8,0.0,7.41,0.0,0.0
1969,King Enterprises,2,0,1,0.0,26.0,0.0,92.0,14.0,0,9.5,8.0,44.0,1,0.0,50.0,0.0,15.22
1972,Williams Racing,27,0,5,0.0,18.81,1738.0,6337.0,0.0,0,25.04,7.0,40.0,18,0.0,18.52,0.0,0.0
1974,J Rogers Racing,21,0,6,0.0,19.05,,4547.0,1.0,0,19.29,7.0,39.0,12,0.0,28.57,0.0,0.02
1975,Hill Racing,26,3,11,0.0,16.54,3002.0,7088.0,2.0,0,17.62,5.0,47.0,16,11.54,42.31,0.0,0.03
1986,Lois Williams (Owner),2,0,0,0.0,20.0,206.0,192.0,0.0,0,31.0,15.0,25.0,0,0.0,0.0,0.0,0.0
1991,SABCO Racing,29,2,4,1.0,18.41,3215.0,8546.0,566.0,6,12.79,1.0,39.0,23,6.9,13.79,3.45,6.62
1993,Stavola Brothers Racing,30,1,8,0.0,17.97,3355.0,9153.0,345.0,9,19.23,2.0,33.0,27,3.33,26.67,0.0,3.77
1994,Bahari' Racing,31,2,10,0.0,17.23,3512.0,9508.0,8.0,8,20.13,3.0,37.0,28,6.45,32.26,0.0,0.08
1998,DarWal Inc.,5,0,0,0.0,35.8,278.0,1007.0,0.0,0,39.8,30.0,41.0,3,0.0,0.0,0.0,0.0
2004,W.W. Motorsports,5,0,0,0.0,39.4,224.0,570.0,0.0,0,36.0,32.0,43.0,0,0.0,0.0,0.0,0.0
2017,Furniture Row Racing,72,24,40,8.0,13.24,2354.0,19906.0,2563.0,51,10.68,1.0,39.0,58,33.33,55.56,11.11,12.88
1954,Erick Erickson (Owner),5,1,2,0.0,17.8,,921.0,0.0,0,33.33,5.0,39.0,2,20.0,40.0,0.0,0.0
1959,Dave White (Owner),5,0,1,0.0,15.2,624.0,1253.0,0.0,0,12.8,10.0,29.0,4,0.0,20.0,0.0,0.0
1962,Jim Stephens (Owner),11,4,6,2.0,14.55,8076.0,2127.0,510.0,3,4.36,1.0,36.0,7,36.36,54.55,18.18,23.98
1969,Dan Dostinich (Owner),1,0,0,0.0,42.0,27.0,3.0,0.0,0,39.0,42.0,42.0,0,0.0,0.0,0.0,0.0
1951,,390,13,67,1.0,20.1,,5781.0,126.0,1,22.06,1.0,59.0,16,3.33,17.18,0.26,2.18
1950,Snowden Racing,1,1,1,0.0,5.0,,194.0,0.0,0,14.0,5.0,5.0,1,100.0,100.0,0.0,0.0
1953,Coleman Lawrence (Owner),12,0,3,0.0,16.75,0.0,544.0,0.0,0,31.0,9.0,27.0,4,0.0,25.0,0.0,0.0
1956,Charles Oldham (Owner),1,0,0,0.0,37.0,,,0.0,0,61.0,37.0,37.0,0,0.0,0.0,0.0,
1956,Ansel Rakestraw (Owner),3,0,2,0.0,20.67,,260.0,0.0,0,35.0,7.0,46.0,2,0.0,66.67,0.0,0.0
1957,H.B. Bassett (Owner),2,0,0,0.0,23.5,,133.0,0.0,0,9.0,16.0,31.0,0,0.0,0.0,0.0,0.0
1958,Lee Petty (Owner),1,1,1,0.0,3.0,500.0,150.0,0.0,1,7.0,3.0,3.0,1,100.0,100.0,0.0,0.0
1962,Bob Osiecki (Owner),19,1,3,0.0,21.32,7776.0,4081.0,17.0,0,25.05,5.0,44.0,7,5.26,15.79,0.0,0.42
1963,Toy Bolton (Owner),24,0,7,0.0,16.63,6108.0,3896.0,0.0,0,18.04,6.0,36.0,14,0.0,29.17,0.0,0.0
1965,Junior Johnson & Associates,39,19,20,13.0,12.1,18956.0,7544.0,4170.0,14,3.21,1.0,44.0,18,48.72,51.28,33.33,55.28
1967,Seifert Racing,43,0,12,0.0,15.4,15964.0,8433.0,0.0,0,21.81,6.0,43.0,25,0.0,27.91,0.0,0.0
1968,Owens Racing,21,10,12,1.0,13.48,1503.0,4598.0,292.0,4,6.29,1.0,41.0,11,47.62,57.14,4.76,6.35
1971,Mario Rossi (Owner),15,9,12,0.0,7.2,987.0,3939.0,16.0,2,10.0,2.0,23.0,13,60.0,80.0,0.0,0.41
1971,Buck Baker Racing,6,1,2,0.0,12.33,374.0,1775.0,0.0,0,14.0,4.0,18.0,4,16.67,33.33,0.0,0.0
1975,Clay Blackwell (Owner),5,0,0,0.0,34.2,302.0,391.0,0.0,0,20.0,24.0,48.0,0,0.0,0.0,0.0,0.0
1988,LC Racing,3,0,0,0.0,28.33,164.0,479.0,0.0,0,31.67,26.0,31.0,1,0.0,0.0,0.0,0.0
1988,Linro Motorsports,3,0,0,0.0,35.0,174.0,125.0,0.0,0,33.67,30.0,40.0,1,0.0,0.0,0.0,0.0
1995,NEMCO Motorsports,29,1,4,0.0,23.03,2742.0,8504.0,1.0,4,17.79,4.0,42.0,24,3.45,13.79,0.0,0.01
2000,Fenley-Moore Motorsports,4,0,0,0.0,33.0,256.0,775.0,0.0,0,25.75,19.0,41.0,2,0.0,0.0,0.0,0.0
2010,Braun Racing,6,0,0,0.0,39.33,270.0,447.0,0.0,0,38.0,29.0,43.0,1,0.0,0.0,0.0,0.0
2016,Richard Childress Racing,108,6,26,0.0,17.86,2520.0,30260.0,61.0,68,15.87,3.0,40.0,96,5.56,24.07,0.0,0.2
1951,John Marcum (Owner),2,0,1,0.0,13.0,,,0.0,0,,8.0,18.0,0,0.0,50.0,0.0,
1954,Bert Letner (Owner),1,0,1,0.0,7.0,,476.0,0.0,0,6.0,7.0,7.0,1,0.0,100.0,0.0,0.0
1954,Bob Griffin (Owner),27,18,20,3.0,8.59,,4065.0,529.0,7,3.33,1.0,44.0,21,66.67,74.07,11.11,13.01
1955,Fred Steinbroner (Owner),1,0,0,0.0,12.0,140.0,84.0,0.0,0,15.0,12.0,12.0,1,0.0,0.0,0.0,0.0
1957,Oscar Maples (Owner),17,6,8,1.0,13.76,,1728.0,20.0,3,8.18,1.0,34.0,7,35.29,47.06,5.88,1.16
1964,Buck Baker Racing,90,2,28,0.0,18.22,19302.0,10845.0,0.0,1,20.57,2.0,46.0,36,2.22,31.11,0.0,0.0
1964,GC Spencer Racing,31,3,10,0.0,15.61,12772.0,5749.0,0.0,0,17.52,3.0,35.0,17,9.68,32.26,0.0,0.0
1978,McDuffie Racing,30,1,6,0.0,18.63,3255.0,7300.0,15.0,0,17.73,5.0,40.0,19,3.33,20.0,0.0,0.21
1982,Jimmy Means Racing,30,0,2,0.0,16.4,3423.0,8837.0,2.0,0,26.87,9.0,31.0,26,0.0,6.67,0.0,0.02
1990,Leo Jackson Motorsports,29,6,9,1.0,18.03,3270.0,7783.0,53.0,10,16.31,1.0,37.0,23,20.69,31.03,3.45,0.68
1990,Hagan Enterprises,29,5,10,0.0,16.41,3387.0,8310.0,71.0,8,15.31,3.0,38.0,21,17.24,34.48,0.0,0.85
1992,Stavola Brothers Racing,29,2,8,0.0,19.9,3036.0,8254.0,5.0,6,19.45,5.0,40.0,23,6.9,27.59,0.0,0.06
1997,Andy Petree Racing,32,2,8,0.0,17.81,3576.0,9612.0,46.0,14,14.13,4.0,38.0,31,6.25,25.0,0.0,0.48
2006,Petty Enterprises,72,3,10,0.0,24.71,6495.0,20114.0,67.0,29,26.32,3.0,43.0,59,4.17,13.89,0.0,0.33
2013,Circle Sport,51,0,0,0.0,32.37,31.0,12240.0,2.0,6,35.08,11.0,43.0,35,0.0,0.0,0.0,0.02
2022,Team Penske,108,28,43,5.0,14.44,3089.0,26762.0,1506.0,79,11.05,1.0,37.0,97,25.93,39.81,4.63,5.63
1955,Axel Anderson (Owner),2,0,0,0.0,22.0,20.0,152.0,0.0,0,39.0,15.0,29.0,1,0.0,0.0,0.0,0.0
1960,J.D. Braswell (Owner),1,0,0,0.0,39.0,76.0,90.0,0.0,0,20.0,39.0,39.0,0,0.0,0.0,0.0,0.0
1965,Matthews Racing,9,2,3,0.0,17.67,5606.0,2055.0,261.0,1,6.11,2.0,34.0,3,22.22,33.33,0.0,12.7
1966,Norm Nelson (Owner),7,3,6,1.0,6.29,0.0,1391.0,158.0,2,7.57,1.0,15.0,6,42.86,85.71,14.29,11.36
1966,Jack Doering (Owner),1,0,0,0.0,24.0,112.0,35.0,0.0,0,30.0,24.0,24.0,1,0.0,0.0,0.0,0.0
1950,Gene Comstock (Owner),1,0,0,0.0,23.0,,355.0,0.0,0,48.0,23.0,23.0,0,0.0,0.0,0.0,0.0
1953,Ted Chester (Owner),26,11,18,1.0,10.85,,1990.0,291.0,3,4.25,1.0,39.0,13,42.31,69.23,3.85,14.62
1953,Bill Adams (Owner),4,0,3,0.0,9.5,,36.0,0.0,0,6.5,6.0,16.0,2,0.0,75.0,0.0,0.0
1953,Ken Swihart (Owner),1,0,1,0.0,7.0,,189.0,0.0,0,11.0,7.0,7.0,1,0.0,100.0,0.0,0.0
1954,Carmen Amica (Owner),22,2,6,0.0,15.95,,2942.0,0.0,0,21.5,3.0,40.0,12,9.09,27.27,0.0,0.0
1955,Banks Simpson (Owner),8,0,0,0.0,16.5,1756.0,1130.0,0.0,0,22.75,11.0,25.0,6,0.0,0.0,0.0,0.0
1956,Fred Sheibert (Owner),3,1,1,0.0,26.0,,138.0,0.0,0,27.0,5.0,48.0,1,33.33,33.33,0.0,0.0
1959,Larry Odo (Owner),1,0,0,0.0,58.0,480.0,3.0,0.0,0,38.0,58.0,58.0,0,0.0,0.0,0.0,0.0
1966,Paul Lewis (Owner),21,9,14,1.0,10.29,16648.0,6415.0,67.0,2,13.62,1.0,36.0,16,42.86,66.67,4.76,1.04
1966,Owens Racing,44,26,33,15.0,7.48,35746.0,11152.0,3174.0,21,6.11,1.0,35.0,34,59.09,75.0,34.09,28.46
1966,Red Sharp (Owner),8,1,3,0.0,20.38,2674.0,2175.0,0.0,0,22.25,5.0,40.0,3,12.5,37.5,0.0,0.0
1967,Garland Miller (Owner),6,0,2,0.0,14.0,2554.0,1495.0,3.0,0,21.33,8.0,19.0,5,0.0,33.33,0.0,0.2
1968,Red Sharp (Owner),20,3,8,0.0,15.35,1265.0,5011.0,0.0,0,15.7,4.0,43.0,13,15.0,40.0,0.0,0.0
1969,Russ Dawson (Owner),4,2,3,0.0,13.25,183.0,568.0,0.0,0,12.5,3.0,38.0,3,50.0,75.0,0.0,0.0
1970,Hollar Racing,3,0,1,0.0,14.33,145.0,792.0,0.0,0,24.0,9.0,18.0,3,0.0,33.33,0.0,0.0
1971,Lund Racing,5,0,0,0.0,30.4,93.0,787.0,0.0,0,33.8,12.0,38.0,1,0.0,0.0,0.0,0.0
1972,Warren Racing,31,0,2,0.0,22.58,1760.0,7270.0,0.0,0,23.97,9.0,43.0,18,0.0,6.45,0.0,0.0
1974,Roberts Racing,5,0,0,0.0,32.2,,389.0,0.0,0,32.6,16.0,45.0,1,0.0,0.0,0.0,0.0
1974,Strong Racing,6,0,0,0.0,24.17,,805.0,0.0,0,28.17,19.0,30.0,0,0.0,0.0,0.0,0.0
1981,Osterlund Motorsports,16,7,10,0.0,11.38,2183.0,4282.0,272.0,5,6.31,2.0,28.0,12,43.75,62.5,0.0,6.35
1988,B & B Racing,20,0,0,0.0,29.65,1481.0,4106.0,0.0,0,26.1,14.0,40.0,9,0.0,0.0,0.0,0.0
1993,DarWal Inc.,30,4,10,0.0,16.83,3479.0,9194.0,151.0,13,21.57,3.0,37.0,25,13.33,33.33,0.0,1.64
1994,Richard Childress Racing,31,20,25,4.0,8.03,4694.0,9546.0,1015.0,22,15.32,1.0,40.0,28,64.52,80.65,12.9,10.63
1955,Ed Paskovich (Owner),5,0,1,0.0,25.6,288.0,333.0,0.0,0,27.6,10.0,40.0,3,0.0,20.0,0.0,0.0
1957,J.M. Wattenbarger (Owner),1,0,0,0.0,26.0,,24.0,0.0,0,15.0,26.0,26.0,0,0.0,0.0,0.0,0.0
1968,Roy Hallquist (Owner),1,0,0,0.0,28.0,48.0,51.0,0.0,0,36.0,28.0,28.0,0,0.0,0.0,0.0,0.0
1969,Bill Clifton (Owner),1,0,1,0.0,8.0,129.0,170.0,0.0,0,15.0,8.0,8.0,1,0.0,100.0,0.0,0.0
1951,Jim Fiebelkorn (Owner),17,1,4,0.0,17.59,,984.0,0.0,0,31.5,2.0,36.0,3,5.88,23.53,0.0,0.0
1954,Herb Thomas Racing,37,20,28,12.0,8.22,,6008.0,1255.0,16,3.53,1.0,59.0,26,54.05,75.68,32.43,20.89
1954,Dave Terrell (Owner),29,0,8,0.0,17.66,0.0,3858.0,0.0,0,21.0,6.0,44.0,16,0.0,27.59,0.0,0.0
1956,Joe Jones (Owner),5,0,0,0.0,27.4,,261.0,0.0,0,23.4,14.0,70.0,2,0.0,0.0,0.0,0.0
1957,Peck Peckham (Owner),1,0,0,0.0,14.0,,180.0,0.0,0,23.0,14.0,14.0,1,0.0,0.0,0.0,0.0
1962,B.G. Holloway (Owner),56,20,35,6.0,9.95,27956.0,11689.0,1018.0,8,9.64,1.0,40.0,40,35.71,62.5,10.71,8.71
1971,Langley-Woodfield Racing,44,8,18,0.0,16.45,3112.0,9536.0,48.0,1,13.91,2.0,41.0,24,18.18,40.91,0.0,0.5
1971,Strong Racing,7,0,0,0.0,30.86,220.0,453.0,0.0,0,24.29,22.0,40.0,0,0.0,0.0,0.0,0.0
1975,Adcox-Kirby,10,0,1,0.0,22.5,959.0,1519.0,0.0,0,23.7,7.0,37.0,4,0.0,10.0,0.0,0.0
1975,Boyd Racing,2,0,0,0.0,20.5,203.0,203.0,0.0,0,32.5,14.0,27.0,1,0.0,0.0,0.0,0.0
1977,Bud Moore Engineering,30,9,20,0.0,12.07,3961.0,8084.0,52.0,3,8.8,3.0,33.0,21,30.0,66.67,0.0,0.64
1978,Jimmy Means Racing,26,0,2,0.0,20.12,2671.0,6932.0,0.0,0,24.81,10.0,37.0,15,0.0,7.69,0.0,0.0
1980,Waterman Racing,2,0,0,0.0,22.5,191.0,250.0,0.0,0,32.0,20.0,25.0,1,0.0,0.0,0.0,0.0
1984,U. S. Motorsports Inc.,24,0,0,0.0,25.25,1733.0,6188.0,0.0,0,29.5,14.0,40.0,14,0.0,0.0,0.0,0.0
1984,Henderson Motorsports,2,0,0,0.0,26.5,167.0,667.0,0.0,0,9.5,26.0,27.0,1,0.0,0.0,0.0,0.0
1985,Cliff Stewart Racing,28,2,8,0.0,20.61,2867.0,7271.0,28.0,0,17.5,5.0,41.0,16,7.14,28.57,0.0,0.39
1986,Petty Enterprises,28,4,11,0.0,16.71,3265.0,7516.0,153.0,6,14.71,2.0,40.0,19,14.29,39.29,0.0,2.04
1991,Phoenix Racing,6,0,0,0.0,32.17,399.0,888.0,0.0,0,31.0,24.0,38.0,2,0.0,0.0,0.0,0.0
1991,BS&S Motorsports,12,0,0,0.0,29.67,893.0,1932.0,12.0,0,30.25,21.0,40.0,5,0.0,0.0,0.0,0.62
1991,Geoff Burney (Owner),1,0,0,0.0,33.0,64.0,61.0,0.0,0,31.0,33.0,33.0,1,0.0,0.0,0.0,0.0
1991,Don Freymiller (Owner),1,0,0,0.0,40.0,43.0,53.0,0.0,0,42.0,40.0,40.0,0,0.0,0.0,0.0,0.0
1992,Sheba Racing,1,0,0,0.0,29.0,76.0,386.0,0.0,0,30.0,29.0,29.0,0,0.0,0.0,0.0,0.0
1998,American Equipment Motorsports,26,0,0,0.0,32.31,1723.0,5970.0,1.0,0,23.77,17.0,43.0,16,0.0,0.0,0.0,0.02
2002,Orleans Racing,1,0,0,0.0,42.0,37.0,24.0,0.0,0,32.0,42.0,42.0,0,0.0,0.0,0.0,0.0
2003,Hendrick Motorsports,147,35,54,8.0,16.61,17405.0,41535.0,2609.0,85,15.12,1.0,43.0,130,23.81,36.73,5.44,6.28
2008,Yates Racing,72,1,6,0.0,24.74,6448.0,20627.0,18.0,23,27.97,2.0,42.0,62,1.39,8.33,0.0,0.09
2009,Prism Motorsports,31,0,0,0.0,40.52,1295.0,1282.0,3.0,1,31.97,24.0,43.0,2,0.0,0.0,0.0,0.23
2011,Max Q Motorsports,21,0,0,0.0,36.24,129.0,3411.0,0.0,0,38.76,25.0,43.0,7,0.0,0.0,0.0,0.0
2012,Inception Motorsports,21,0,0,0.0,35.48,179.0,2718.0,0.0,1,33.1,24.0,42.0,4,0.0,0.0,0.0,0.0
2018,Leavine Family Racing,36,1,2,0.0,22.89,525.0,9746.0,40.0,11,26.75,4.0,39.0,33,2.78,5.56,0.0,0.41
1949,Fred Johnson (Owner),2,0,0,0.0,25.5,,,0.0,0,,25.0,26.0,0,0.0,0.0,0.0,
1949,Len Brown (Owner),1,0,0,0.0,28.0,,158.0,0.0,0,45.0,28.0,28.0,0,0.0,0.0,0.0,0.0
1951,Chuck Meekins (Owner),4,1,1,0.0,13.25,,200.0,0.0,1,11.5,2.0,23.0,1,25.0,25.0,0.0,0.0
1967,R.L. Diestler (Owner),5,0,0,0.0,32.6,0.0,204.0,0.0,0,19.6,11.0,43.0,1,0.0,0.0,0.0,0.0
1969,Ramo Stott (Owner),2,0,1,0.0,21.0,96.0,187.0,0.0,0,16.5,9.0,33.0,1,0.0,50.0,0.0,0.0
1951,Floyd Rice (Owner),1,0,0,0.0,31.0,,145.0,0.0,0,51.0,31.0,31.0,0,0.0,0.0,0.0,0.0
1952,Jack Fisher (Owner),3,0,0,0.0,25.33,,482.0,0.0,0,35.67,21.0,33.0,2,0.0,0.0,0.0,0.0
1954,Julian Petty (Owner),8,0,1,0.0,18.38,,823.0,0.0,0,22.0,7.0,31.0,4,0.0,12.5,0.0,0.0
1956,Fred Harb (Owner),2,0,0,0.0,21.0,,200.0,0.0,0,24.5,17.0,25.0,1,0.0,0.0,0.0,0.0
1960,Herman Beam (Owner),26,1,6,0.0,14.92,7776.0,5348.0,0.0,0,25.12,4.0,37.0,24,3.85,23.08,0.0,0.0
1960,Fred Lauria (Owner),3,0,0,0.0,14.67,492.0,258.0,0.0,0,18.0,12.0,17.0,3,0.0,0.0,0.0,0.0
1961,Julian Petty (Owner),20,11,15,2.0,7.4,13458.0,5370.0,203.0,4,9.1,1.0,21.0,15,55.0,75.0,10.0,3.78
1962,Herman Beam (Owner),51,0,18,0.0,13.04,13650.0,11217.0,0.0,0,18.94,6.0,29.0,51,0.0,35.29,0.0,0.0
1963,Fred Harless (Owner),5,0,1,0.0,16.8,2156.0,1508.0,0.0,0,22.2,9.0,31.0,3,0.0,20.0,0.0,0.0
1964,Doug Yates (Owner),14,2,6,0.0,14.64,3258.0,2262.0,9.0,0,11.29,2.0,41.0,8,14.29,42.86,0.0,0.4
1967,Langley-Woodfield Racing,42,8,22,0.0,13.14,21298.0,9082.0,0.0,0,13.9,2.0,34.0,25,19.05,52.38,0.0,0.0
1967,Robert Harper (Owner),9,0,1,0.0,19.11,9008.0,1629.0,0.0,0,19.0,7.0,43.0,3,0.0,11.11,0.0,0.0
1968,Roy Tyner (Owner),44,3,10,0.0,17.89,2011.0,7767.0,0.0,0,23.52,4.0,47.0,19,6.82,22.73,0.0,0.0
1970,Don Smith (Owner),1,0,1,0.0,9.0,126.0,133.0,0.0,0,40.0,9.0,9.0,1,0.0,100.0,0.0,0.0
1972,Lubinski Racing,22,1,3,0.0,25.45,1088.0,3398.0,0.0,0,21.45,5.0,44.0,8,4.55,13.64,0.0,0.0
1972,Joe Phipps (Owner),3,0,0,0.0,35.67,42.0,325.0,0.0,0,32.67,26.0,49.0,0,0.0,0.0,0.0,0.0
1975,Ballard Racing,30,0,3,0.0,20.07,3045.0,7351.0,16.0,0,19.5,10.0,48.0,14,0.0,10.0,0.0,0.22
1976,Gary Myers (Owner),4,0,0,0.0,26.25,337.0,584.0,0.0,0,27.75,18.0,34.0,1,0.0,0.0,0.0,0.0
1978,Donlavey Racing,27,5,17,0.0,12.85,3445.0,8124.0,24.0,0,11.26,4.0,36.0,20,18.52,62.96,0.0,0.3
1981,Wawak Racing,16,0,1,0.0,25.38,1391.0,3099.0,0.0,0,31.63,10.0,42.0,8,0.0,6.25,0.0,0.0
1982,Lake Speed Racing,1,0,0,0.0,41.0,40.0,3.0,0.0,0,32.0,41.0,41.0,0,0.0,0.0,0.0,0.0
1986,Gunderman Racing,5,0,0,0.0,21.8,364.0,1342.0,0.0,0,15.2,11.0,37.0,3,0.0,0.0,0.0,0.0
1987,Bobby Gerhart Racing,2,0,0,0.0,33.5,125.0,169.0,0.0,0,38.0,28.0,39.0,0,0.0,0.0,0.0,0.0
1990,Ted Musgrave Racing,2,0,0,0.0,38.0,98.0,158.0,0.0,0,30.0,37.0,39.0,0,0.0,0.0,0.0,0.0
1998,Melling Racing,33,0,0,0.0,28.52,2556.0,9156.0,0.0,4,24.36,15.0,42.0,27,0.0,0.0,0.0,0.0
1998,Tyler Jet Motorsports,16,0,0,0.0,25.5,1389.0,4503.0,2.0,3,40.94,13.0,38.0,15,0.0,0.0,0.0,0.04
2018,Furniture Row Racing,36,20,21,4.0,10.72,1251.0,9760.0,1016.0,30,9.94,1.0,40.0,31,55.56,58.33,11.11,10.41
1955,Volney Schulze (Owner),6,0,1,0.0,19.17,432.0,674.0,0.0,0,23.67,9.0,37.0,4,0.0,16.67,0.0,0.0
1952,Julian Buesink (Owner),15,2,8,0.0,12.67,,2170.0,0.0,0,14.67,2.0,27.0,8,13.33,53.33,0.0,0.0
1957,William Long (Owner),1,0,0,0.0,27.0,,24.0,0.0,0,22.0,27.0,27.0,0,0.0,0.0,0.0,0.0
1957,Rice Racing,17,3,4,0.0,16.12,,2588.0,0.0,0,12.0,3.0,38.0,8,17.65,23.53,0.0,0.0
1959,Dick Getty (Owner),2,0,0,0.0,28.0,,138.0,0.0,0,24.0,26.0,30.0,0,0.0,0.0,0.0,0.0
1962,Floyd Powell (Owner),4,0,0,0.0,15.5,672.0,521.0,0.0,0,14.25,13.0,20.0,2,0.0,0.0,0.0,0.0
1971,Team SABCO,14,0,0,0.0,20.86,657.0,2178.0,0.0,0,22.93,11.0,32.0,5,0.0,0.0,0.0,0.0
1972,Finney Racing,1,0,0,0.0,16.0,70.0,321.0,0.0,0,20.0,16.0,16.0,0,0.0,0.0,0.0,0.0
1974,DeWitt Racing,31,11,15,0.0,14.35,,8308.0,88.0,2,8.77,2.0,35.0,15,35.48,48.39,0.0,1.06
1977,Gray Racing,22,0,1,0.0,22.32,2115.0,5851.0,0.0,0,27.91,9.0,38.0,14,0.0,4.55,0.0,0.0
1978,Wayne Morgan (Owner),2,0,0,0.0,34.0,122.0,19.0,0.0,0,35.0,29.0,39.0,0,0.0,0.0,0.0,0.0
1991,McDuffie Racing,5,0,0,0.0,32.0,335.0,732.0,0.0,0,37.2,25.0,40.0,2,0.0,0.0,0.0,0.0
1993,TTC Motorsports Inc.,7,0,0,0.0,36.86,372.0,956.0,1.0,0,30.57,21.0,43.0,1,0.0,0.0,0.0,0.1
1995,Filmar Racing,11,0,0,0.0,27.73,878.0,3127.0,0.0,0,27.27,18.0,37.0,8,0.0,0.0,0.0,0.0
1999,Midwest Transit Racing,12,0,0,0.0,34.58,711.0,2668.0,0.0,1,25.58,13.0,43.0,6,0.0,0.0,0.0,0.0
2002,Richard Childress Racing,108,10,19,1.0,21.27,10929.0,30675.0,342.0,41,21.56,1.0,41.0,96,9.26,17.59,0.93,1.11
1949,Frank Christian (Owner),15,5,9,2.0,10.8,,1700.0,39.0,4,8.14,1.0,35.0,7,33.33,60.0,13.33,2.29
1952,Coleman Lawrence (Owner),8,0,3,0.0,15.25,,1326.0,0.0,0,28.25,8.0,37.0,8,0.0,37.5,0.0,0.0
1967,Larry Manning (Owner),1,0,0,0.0,16.0,340.0,362.0,0.0,0,22.0,16.0,16.0,1,0.0,0.0,0.0,0.0
1951,Johnny Mantz (Owner),8,2,5,0.0,19.88,,332.0,28.0,0,14.5,2.0,76.0,2,25.0,62.5,0.0,8.43
1956,Stroppe Motorsports,35,10,19,2.0,14.86,,4698.0,221.0,5,9.43,1.0,61.0,19,28.57,54.29,5.71,4.7
1957,Huck Spaulding (Owner),8,0,3,0.0,13.0,,1006.0,0.0,0,17.14,7.0,27.0,3,0.0,37.5,0.0,0.0
1958,Jay George (Owner),1,0,0,0.0,22.0,,154.0,0.0,0,21.0,22.0,22.0,1,0.0,0.0,0.0,0.0
1960,Matt DeMatthews (Owner),5,0,0,0.0,41.8,100.0,47.0,0.0,0,39.75,30.0,54.0,0,0.0,0.0,0.0,0.0
1963,Bob Cooper (Owner),11,1,2,0.0,18.82,4046.0,1713.0,0.0,0,24.82,3.0,39.0,6,9.09,18.18,0.0,0.0
1963,Lou Sidoit (Owner),4,1,2,0.0,15.25,1702.0,1054.0,0.0,0,13.75,5.0,30.0,2,25.0,50.0,0.0,0.0
1964,Herman Beam (Owner),30,8,16,0.0,12.13,15050.0,7120.0,10.0,0,14.23,2.0,38.0,20,26.67,53.33,0.0,0.14
1966,Bob Cooper (Owner),22,5,6,0.0,17.64,4728.0,3855.0,16.0,1,12.18,2.0,32.0,8,22.73,27.27,0.0,0.42
1967,Emory Gilliam (Owner),12,2,5,0.0,17.75,8060.0,1663.0,0.0,0,18.75,4.0,44.0,5,16.67,41.67,0.0,0.0
1972,Wayne Smith (Owner),3,0,1,0.0,29.0,132.0,270.0,0.0,0,32.0,9.0,41.0,1,0.0,33.33,0.0,0.0
1990,Moroso Racing,29,0,1,0.0,25.69,2445.0,6989.0,9.0,3,20.69,9.0,42.0,13,0.0,3.45,0.0,0.13
1999,Yarborough-Burdette Motorsports,33,0,2,0.0,26.85,2734.0,9288.0,20.0,6,21.91,9.0,42.0,33,0.0,6.06,0.0,0.22
2000,Penske Racing South,35,12,20,4.0,13.43,4584.0,10101.0,1731.0,22,9.97,1.0,41.0,31,34.29,57.14,11.43,17.14
2000,Ultra Mattei Motorsports,21,0,0,0.0,28.33,1648.0,4695.0,2.0,4,24.71,12.0,43.0,15,0.0,0.0,0.0,0.04
2001,Joe Gibbs Racing,72,24,42,5.0,13.31,9324.0,20790.0,693.0,56,17.42,1.0,42.0,62,33.33,58.33,6.94,3.33
2009,Richard Childress Racing,144,14,39,0.0,18.17,15936.0,41099.0,320.0,94,22.1,2.0,41.0,138,9.72,27.08,0.0,0.78
2011,Phoenix Racing,36,0,0,0.0,27.03,120.0,9750.0,13.0,10,29.14,12.0,42.0,33,0.0,0.0,0.0,0.13
1954,Ted Lee (Owner),2,0,0,0.0,29.0,,492.0,0.0,0,31.0,25.0,33.0,1,0.0,0.0,0.0,0.0
1959,Donlavey Racing,1,1,1,0.0,5.0,,193.0,0.0,0,5.0,5.0,5.0,1,100.0,100.0,0.0,0.0
1961,Dave Mader (Owner),4,0,0,0.0,27.0,1450.0,524.0,0.0,0,22.75,16.0,37.0,1,0.0,0.0,0.0,0.0
1969,Bob Bristol (Owner),1,0,1,0.0,10.0,123.0,163.0,0.0,0,29.0,10.0,10.0,1,0.0,100.0,0.0,0.0
1951,Phil Oates (Owner),12,3,3,0.0,21.75,,490.0,7.0,1,22.5,2.0,75.0,3,25.0,25.0,0.0,1.43
1952,Ed Huegele (Owner),1,0,1,0.0,7.0,,,0.0,0,14.0,7.0,7.0,0,0.0,100.0,0.0,
1955,Brownie Pitt (Owner),13,0,4,0.0,17.62,1108.0,1737.0,0.0,0,17.69,6.0,40.0,8,0.0,30.77,0.0,0.0
1956,Johnny Roberts (Owner),4,0,0,0.0,17.0,,461.0,0.0,0,17.75,12.0,20.0,3,0.0,0.0,0.0,0.0
1956,Frank Hayworth (Owner),38,15,23,1.0,11.16,,5966.0,71.0,6,12.73,1.0,33.0,24,39.47,60.53,2.63,1.19
1958,Frank Galpin (Owner),2,1,2,0.0,5.5,,279.0,0.0,0,23.0,5.0,6.0,2,50.0,100.0,0.0,0.0
1959,Steve Pierce (Owner),14,3,5,0.0,13.29,3108.0,2080.0,226.0,0,9.85,2.0,26.0,5,21.43,35.71,0.0,10.87
1969,Brooks Racing,70,4,18,0.0,18.59,3727.0,13339.0,2.0,0,19.94,3.0,43.0,38,5.71,25.71,0.0,0.01
1970,Owens Racing,18,6,8,1.0,14.5,1555.0,3686.0,485.0,3,6.72,1.0,34.0,8,33.33,44.44,5.56,13.16
1970,Bub Strickler (Owner),2,0,0,0.0,19.0,64.0,601.0,0.0,0,26.5,19.0,19.0,0,0.0,0.0,0.0,0.0
1971,Paul Tyler (Owner),9,0,0,0.0,25.89,561.0,1510.0,0.0,0,23.78,12.0,45.0,1,0.0,0.0,0.0,0.0
1973,Neil Castles (Owner),8,0,0,0.0,32.38,298.0,869.0,0.0,0,27.5,22.0,38.0,0,0.0,0.0,0.0,0.0
1974,K&K Insurance Racing,7,2,2,0.0,21.29,,1308.0,45.0,1,17.0,3.0,33.0,2,28.57,28.57,0.0,3.44
1979,Hagan Enterprises,31,2,13,0.0,16.26,3615.0,8766.0,8.0,0,12.77,3.0,35.0,21,6.45,41.94,0.0,0.09
1983,McDuffie Racing,24,0,0,0.0,24.58,2142.0,5713.0,0.0,0,31.08,11.0,37.0,13,0.0,0.0,0.0,0.0
1984,Bahre Racing,10,0,0,0.0,28.4,368.0,1870.0,0.0,0,29.4,17.0,40.0,4,0.0,0.0,0.0,0.0
1984,Hamby Racing,29,0,0,0.0,23.31,2616.0,7583.0,1.0,0,26.34,12.0,40.0,19,0.0,0.0,0.0,0.01
1984,Jimmy Means Racing,27,0,0,0.0,21.96,2443.0,7670.0,0.0,0,29.7,13.0,40.0,21,0.0,0.0,0.0,0.0
1985,Glenn Steurer (Owner),2,0,0,0.0,11.0,260.0,211.0,0.0,0,20.5,11.0,11.0,2,0.0,0.0,0.0,0.0
1989,Baker-Schiff Racing,28,0,6,0.0,23.14,2531.0,6671.0,108.0,3,24.0,6.0,40.0,13,0.0,21.43,0.0,1.62
1990,Bahari' Racing,29,5,10,0.0,17.83,3251.0,8226.0,17.0,7,20.31,3.0,43.0,22,17.24,34.48,0.0,0.21
1998,Larry Hedrick Motorsports,28,0,2,0.0,27.89,2228.0,7410.0,8.0,3,32.86,10.0,43.0,24,0.0,7.14,0.0,0.11
2001,Carter-Haas Motorsports,71,5,10,0.0,23.45,6742.0,19422.0,324.0,27,18.2,4.0,43.0,52,7.04,14.08,0.0,1.67
2020,Hendrick Motorsports,144,30,61,7.0,15.11,4035.0,37752.0,1934.0,103,12.44,1.0,40.0,126,20.83,42.36,4.86,5.12
2020,Gaunt Brothers Racing,35,0,0,0.0,26.57,365.0,9523.0,20.0,8,32.43,18.0,34.0,33,0.0,0.0,0.0,0.21
1956,Bob Ross (Owner),2,0,1,0.0,10.5,,411.0,0.0,0,13.0,7.0,14.0,1,0.0,50.0,0.0,0.0
1959,Al White (Owner),5,0,0,0.0,14.8,872.0,826.0,0.0,0,22.0,11.0,22.0,4,0.0,0.0,0.0,0.0
1962,Bill Morton (Owner),5,0,2,0.0,19.2,2522.0,1359.0,0.0,0,30.2,9.0,38.0,4,0.0,40.0,0.0,0.0
1955,Paul Whiteman (Owner),1,0,0,0.0,17.0,72.0,51.0,0.0,0,6.0,17.0,17.0,0,0.0,0.0,0.0,0.0
1955,Buck Baker Racing,10,5,8,1.0,7.3,3364.0,1860.0,21.0,1,14.2,1.0,17.0,9,50.0,80.0,10.0,1.13
1955,Sherman Clark (Owner),2,1,1,0.0,17.5,240.0,214.0,0.0,0,10.0,4.0,31.0,1,50.0,50.0,0.0,0.0
1956,Ned Jarrett (Owner),2,0,0,0.0,16.5,,244.0,0.0,0,16.0,12.0,21.0,1,0.0,0.0,0.0,0.0
1956,Erick Erickson (Owner),5,0,1,0.0,14.6,,736.0,0.0,0,14.2,9.0,18.0,5,0.0,20.0,0.0,0.0
1958,Rice Racing,1,0,0,0.0,22.0,,0.0,0.0,0,22.0,22.0,22.0,0,0.0,0.0,0.0,
1965,Bill Groves (Owner),1,1,1,0.0,5.0,2200.0,177.0,0.0,0,15.0,5.0,5.0,1,100.0,100.0,0.0,0.0
1974,Garn Racing,30,0,3,0.0,21.8,,5181.0,0.0,0,17.87,6.0,41.0,10,0.0,10.0,0.0,0.0
1977,George Elliott Racing,10,0,2,0.0,21.0,926.0,2082.0,0.0,0,19.0,10.0,35.0,5,0.0,20.0,0.0,0.0
1977,McKnight Racing,1,0,0,0.0,31.0,70.0,15.0,0.0,0,24.0,31.0,31.0,0,0.0,0.0,0.0,0.0
1988,Shepherd Racing,9,0,0,0.0,27.56,723.0,1770.0,0.0,0,22.78,14.0,39.0,3,0.0,0.0,0.0,0.0
1991,Dick Midgley Motorsports,1,0,0,0.0,43.0,34.0,2.0,0.0,0,36.0,43.0,43.0,0,0.0,0.0,0.0,0.0
1993,Bill Davis Racing,30,0,6,0.0,19.13,3221.0,9295.0,33.0,7,20.77,7.0,41.0,24,0.0,20.0,0.0,0.36
1999,Morgan-McClure Motorsports,34,1,10,0.0,19.79,3564.0,9774.0,3.0,15,23.94,4.0,41.0,31,2.94,29.41,0.0,0.03
2025,NY Racing Team,14,0,0,0.0,33.86,15.0,3188.0,2.0,0,37.5,28.0,38.0,9,0.0,0.0,0.0,0.06
1949,Benny Georgeson (Owner),1,0,0,0.0,27.0,,,0.0,0,,27.0,27.0,0,0.0,0.0,0.0,
1954,Harvey Eakin (Owner),7,0,0,0.0,28.29,,741.0,0.0,0,41.0,16.0,40.0,3,0.0,0.0,0.0,0.0
1955,Johnny Gouveia (Owner),4,0,1,0.0,15.25,344.0,614.0,0.0,0,21.67,9.0,20.0,2,0.0,25.0,0.0,0.0
1966,Roy Tyner (Owner),2,0,0,0.0,28.0,124.0,270.0,0.0,0,28.5,25.0,31.0,0,0.0,0.0,0.0,0.0
1951,Bert Letner (Owner),5,0,2,0.0,17.4,,153.0,0.0,0,13.5,8.0,30.0,0,0.0,40.0,0.0,0.0
1957,George Mallinger (Owner),2,0,0,0.0,30.5,,127.0,0.0,0,14.0,12.0,49.0,1,0.0,0.0,0.0,0.0
1960,Walt Palozi (Owner),2,0,1,0.0,18.0,224.0,115.0,0.0,0,20.0,6.0,30.0,2,0.0,50.0,0.0,0.0
1961,James French (Owner),1,0,0,0.0,58.0,120.0,3.0,0.0,0,42.0,58.0,58.0,0,0.0,0.0,0.0,0.0
1963,Ratus Walters (Owner),7,0,0,0.0,25.0,838.0,496.0,0.0,0,16.0,15.0,40.0,0,0.0,0.0,0.0,0.0
1967,J.D. Bracken (Owner),37,14,18,3.0,12.57,11344.0,6895.0,1234.0,4,7.05,1.0,32.0,18,37.84,48.65,8.11,17.9
1969,Al Straub (Owner),2,0,0,0.0,33.5,0.0,9.0,0.0,0,29.0,32.0,35.0,0,0.0,0.0,0.0,0.0
1974,Bobby Allison Motorsports,21,12,12,1.0,13.43,,5644.0,645.0,4,7.1,1.0,39.0,12,57.14,57.14,4.76,11.43
1974,Dalton Racing,14,0,0,0.0,24.5,,2414.0,6.0,0,22.64,12.0,49.0,3,0.0,0.0,0.0,0.25
1975,Viglione Racing,17,0,2,0.0,24.82,1459.0,2467.0,2.0,0,21.65,9.0,38.0,6,0.0,11.76,0.0,0.08
1975,Davis Racing,5,0,2,0.0,27.6,411.0,559.0,2.0,0,21.4,7.0,46.0,2,0.0,40.0,0.0,0.36
1977,Price Racing,17,0,0,0.0,24.47,1523.0,3338.0,0.0,0,30.18,16.0,37.0,7,0.0,0.0,0.0,0.0
1977,Donald Dean (Owner),1,0,0,0.0,21.0,100.0,81.0,0.0,0,33.0,21.0,21.0,1,0.0,0.0,0.0,0.0
1978,Arrington Racing,33,1,7,0.0,15.45,3869.0,9909.0,0.0,0,23.94,5.0,35.0,29,3.03,21.21,0.0,0.0
1983,Benfield Racing,30,4,10,0.0,18.5,3342.0,7887.0,397.0,4,7.2,3.0,41.0,17,13.33,33.33,0.0,5.03
1986,Alan Kulwicki Racing,9,0,1,0.0,14.67,1085.0,3368.0,7.0,0,18.67,7.0,24.0,9,0.0,11.11,0.0,0.21
1993,Alan Kulwicki Racing,22,2,5,0.0,18.64,2403.0,6067.0,5.0,5,17.5,3.0,39.0,18,9.09,22.73,0.0,0.08
1996,Team SABCO,34,0,2,0.0,23.85,3140.0,9509.0,72.0,6,23.71,8.0,42.0,27,0.0,5.88,0.0,0.76
2015,Phil Parsons Racing,10,0,1,0.0,32.5,116.0,2927.0,1.0,1,34.4,10.0,42.0,8,0.0,10.0,0.0,0.03
1952,Weddle Racing,3,0,0,0.0,13.33,,465.0,0.0,0,21.0,12.0,14.0,2,0.0,0.0,0.0,0.0
1958,E.J. Brewer (Owner),5,0,1,0.0,23.8,104.0,328.0,0.0,0,21.2,7.0,42.0,1,0.0,20.0,0.0,0.0
1951,Ted Chester (Owner),47,24,31,10.0,9.47,0.0,3637.0,959.0,10,6.17,1.0,37.0,26,51.06,65.96,21.28,26.37
1952,Tom Gifford (Owner),3,0,0,0.0,31.33,,53.0,0.0,0,28.0,22.0,43.0,0,0.0,0.0,0.0,0.0
1954,Ted Chamberlain (Owner),11,0,1,0.0,19.45,,1710.0,0.0,0,10.0,9.0,31.0,9,0.0,9.09,0.0,0.0
1954,R.G. Shelton (Owner),2,0,0,0.0,18.5,,174.0,0.0,0,,16.0,21.0,1,0.0,0.0,0.0,0.0
1955,Gene Simpson (Owner),9,1,3,0.0,18.67,1048.0,1271.0,0.0,0,14.63,5.0,52.0,5,11.11,33.33,0.0,0.0
1959,Fritz Wilson (Owner),3,1,1,0.0,28.67,372.0,388.0,4.0,1,13.33,2.0,56.0,1,33.33,33.33,0.0,1.03
1960,James Bryan (Owner),7,0,2,0.0,16.29,1580.0,915.0,0.0,0,9.57,6.0,24.0,3,0.0,28.57,0.0,0.0
1961,Tubby Gonzales (Owner),7,2,2,0.0,25.29,3622.0,841.0,0.0,0,29.29,4.0,38.0,3,28.57,28.57,0.0,0.0
1961,Frank Galpin (Owner),4,1,1,0.0,20.0,504.0,283.0,0.0,0,9.67,5.0,31.0,2,25.0,25.0,0.0,0.0
1964,Bailey Racing,3,0,0,0.0,24.33,126.0,194.0,0.0,0,23.67,13.0,34.0,1,0.0,0.0,0.0,0.0
1970,Brooks Racing,61,16,21,0.0,17.44,3662.0,10603.0,194.0,0,13.82,2.0,40.0,25,26.23,34.43,0.0,1.83
1970,Glen Dorrity (Owner),1,0,0,0.0,40.0,33.0,1.0,0.0,0,33.0,40.0,40.0,0,0.0,0.0,0.0,0.0
1972,Fox Racing,1,0,1,0.0,6.0,0.0,188.0,0.0,0,16.0,6.0,6.0,1,0.0,100.0,0.0,0.0
1974,Petty Enterprises,34,22,24,10.0,8.74,,9655.0,3099.0,19,4.76,1.0,39.0,24,64.71,70.59,29.41,32.1
1974,Arrington Racing,22,0,6,0.0,18.18,,6368.0,0.0,0,23.95,8.0,46.0,13,0.0,27.27,0.0,0.0
1987,Hamby Racing,25,0,0,0.0,24.68,1052.0,6072.0,7.0,0,32.0,11.0,39.0,16,0.0,0.0,0.0,0.12
1990,TriStar Motorsports,5,0,0,0.0,35.0,290.0,633.0,0.0,0,25.8,28.0,40.0,2,0.0,0.0,0.0,0.0
1994,Stan Hover Motorsports,2,0,0,0.0,21.0,200.0,527.0,0.0,0,29.0,19.0,23.0,2,0.0,0.0,0.0,0.0
1995,Donlavey Racing,26,0,1,0.0,26.58,2178.0,6819.0,5.0,1,31.04,8.0,40.0,17,0.0,3.85,0.0,0.07
2006,Kirk Shelmerdine Racing,5,0,0,0.0,37.6,251.0,363.0,0.0,1,32.8,20.0,43.0,1,0.0,0.0,0.0,0.0
2008,Robby Gordon Motorsports,36,0,3,0.0,28.97,2770.0,9881.0,4.0,9,30.94,6.0,43.0,32,0.0,8.33,0.0,0.04
2011,Whitney Motorsports,34,0,0,0.0,38.94,105.0,2308.0,3.0,2,36.09,26.0,43.0,5,0.0,0.0,0.0,0.13
2012,Richard Childress Racing,115,8,29,1.0,16.57,3139.0,32899.0,320.0,70,18.66,1.0,43.0,109,6.96,25.22,0.87,0.97
1973,,26,0,0,0.0,26.92,1164.0,3417.0,5.0,0,29.73,14.0,41.0,8,0.0,0.0,0.0,0.15
1951,Leonard Tippett (Owner),9,1,2,0.0,15.89,,399.0,19.0,0,8.75,2.0,26.0,1,11.11,22.22,0.0,4.76
1953,Sally Guide (Owner),2,0,0,0.0,34.0,,147.0,0.0,0,46.0,17.0,51.0,1,0.0,0.0,0.0,0.0
1959,Herman Beam (Owner),30,1,12,0.0,13.07,4972.0,6034.0,0.0,0,23.0,5.0,22.0,29,3.33,40.0,0.0,0.0
1960,Doc White (Owner),15,0,0,0.0,19.4,3334.0,2481.0,0.0,0,20.4,13.0,25.0,5,0.0,0.0,0.0,0.0
1964,Graham Shaw (Owner),8,0,1,0.0,15.5,5542.0,1059.0,14.0,1,12.13,6.0,22.0,3,0.0,12.5,0.0,1.32
1965,Herman Beam (Owner),30,10,20,0.0,11.37,18352.0,6644.0,0.0,0,15.27,2.0,39.0,23,33.33,66.67,0.0,0.0
1965,Fox Racing,8,1,1,0.0,23.75,4774.0,989.0,42.0,0,22.13,5.0,34.0,2,12.5,12.5,0.0,4.25
1965,Bob Derrington (Owner),51,3,19,0.0,12.98,21378.0,10374.0,0.0,0,18.1,3.0,35.0,40,5.88,37.25,0.0,0.0
1967,Gene Black (Owner),18,0,5,0.0,18.17,3142.0,2062.0,0.0,0,19.56,7.0,41.0,6,0.0,27.78,0.0,0.0
1972,B & B Racing,14,0,0,0.0,25.43,743.0,2416.0,0.0,0,20.93,11.0,40.0,4,0.0,0.0,0.0,0.0
1973,J.C. Crews (Owner),9,0,0,0.0,29.78,326.0,1425.0,0.0,0,36.11,15.0,54.0,3,0.0,0.0,0.0,0.0
1974,Ballard Racing,27,1,7,0.0,17.96,,6975.0,2.0,0,20.11,5.0,48.0,14,3.7,25.93,0.0,0.03
1979,Negre Racing,3,0,0,0.0,17.0,336.0,849.0,0.0,0,34.67,13.0,20.0,3,0.0,0.0,0.0,0.0
1985,Ronnie Thomas Racing,7,0,0,0.0,24.29,631.0,1510.0,0.0,0,27.86,12.0,40.0,3,0.0,0.0,0.0,0.0
1988,Autosports Enterprises,4,0,0,0.0,24.75,360.0,992.0,1.0,0,32.0,15.0,30.0,4,0.0,0.0,0.0,0.1
1991,Cale Yarborough Motorsports,29,0,0,0.0,25.62,2498.0,7194.0,0.0,2,22.0,11.0,41.0,16,0.0,0.0,0.0,0.0
1994,Morgan-McClure Motorsports,31,5,11,1.0,18.68,3443.0,9184.0,144.0,9,15.48,1.0,40.0,24,16.13,35.48,3.23,1.57
2003,Jasper Motorsports,36,1,4,0.0,25.06,3194.0,9883.0,11.0,12,24.25,3.0,43.0,32,2.78,11.11,0.0,0.11
2021,JTG Daugherty Racing,72,2,6,0.0,21.25,1217.0,17010.0,47.0,34,21.21,2.0,40.0,58,2.78,8.33,0.0,0.28
2022,23XI Racing,72,10,19,2.0,18.97,1243.0,17080.0,334.0,42,16.85,1.0,38.0,57,13.89,26.39,2.78,1.96
2024,Live Fast Motorsports,5,0,0,0.0,24.4,0.0,1069.0,7.0,3,37.0,19.0,32.0,5,0.0,0.0,0.0,0.65
2025,Trackhouse Racing,113,11,26,6.0,19.7,2173.0,27341.0,430.0,71,21.86,1.0,40.0,93,9.73,23.01,5.31,1.57
1958,Buzz Woodward (Owner),9,0,2,0.0,12.89,964.0,1695.0,0.0,0,19.86,6.0,24.0,8,0.0,22.22,0.0,0.0
1954,Ken Fisher (Owner),5,0,1,0.0,19.8,,879.0,0.0,0,8.0,7.0,40.0,4,0.0,20.0,0.0,0.0
1968,Julian Kline (Owner),2,0,0,0.0,25.5,154.0,229.0,0.0,0,30.5,21.0,30.0,1,0.0,0.0,0.0,0.0
1970,Dennis Gallion (Owner),6,0,0,0.0,23.5,421.0,657.0,0.0,0,25.0,14.0,37.0,3,0.0,0.0,0.0,0.0
1971,DeWitt Racing,36,13,18,1.0,16.47,2610.0,8276.0,144.0,4,11.0,1.0,48.0,18,36.11,50.0,2.78,1.74
1984,Langley-Woodfield Racing,29,0,0,0.0,24.1,1966.0,8303.0,0.0,0,30.93,11.0,37.0,22,0.0,0.0,0.0,0.0
1984,Zervakis Enterprises,3,0,0,0.0,27.33,121.0,642.0,0.0,0,26.0,14.0,37.0,1,0.0,0.0,0.0,0.0
1987,Hagan Enterprises,29,4,8,0.0,16.28,3381.0,8356.0,67.0,5,17.34,3.0,32.0,23,13.79,27.59,0.0,0.8
1988,McGriff Motorsports,3,0,0,0.0,31.67,204.0,316.0,0.0,0,30.67,25.0,36.0,1,0.0,0.0,0.0,0.0
1989,Cale Yarborough Motorsports,29,2,5,0.0,22.69,2789.0,7799.0,99.0,3,24.21,5.0,42.0,18,6.9,17.24,0.0,1.27
1990,Smokey Yunick Racing,1,0,0,0.0,44.0,31.0,2.0,0.0,0,25.0,44.0,44.0,0,0.0,0.0,0.0,0.0
1999,MB2 Motorsports,34,0,5,0.0,26.85,2831.0,8998.0,9.0,6,25.29,6.0,43.0,27,0.0,14.71,0.0,0.1
2002,Bill Davis Racing,73,3,8,2.0,25.22,6513.0,19111.0,384.0,24,27.19,1.0,43.0,57,4.11,10.96,2.74,2.01
2016,Hendrick Motorsports,144,29,57,5.0,15.13,3561.0,40731.0,1355.0,106,13.89,1.0,40.0,131,20.14,39.58,3.47,3.33
2018,Front Row Motorsports,72,0,2,0.0,23.71,1013.0,18846.0,33.0,16,23.6,6.0,40.0,64,0.0,2.78,0.0,0.18
1949,Long Racing,2,0,1,0.0,17.5,,,0.0,0,,7.0,28.0,0,0.0,50.0,0.0,
1957,Dick Walters (Owner),3,0,1,0.0,18.67,,499.0,0.0,0,16.67,10.0,31.0,3,0.0,33.33,0.0,0.0
1960,Bruce Thompson (Owner),2,1,1,0.0,9.5,280.0,340.0,0.0,0,20.0,5.0,14.0,2,50.0,50.0,0.0,0.0
1994,Brooks/SABCO Racing,7,0,0,0.0,20.43,712.0,2550.0,0.0,0,26.71,11.0,33.0,5,0.0,0.0,0.0,0.0
1958,Max Welborn (Owner),3,2,2,1.0,11.0,384.0,352.0,5.0,1,2.67,1.0,29.0,2,66.67,66.67,33.33,1.42
1960,Holman Moody,24,5,8,3.0,20.13,8302.0,3647.0,369.0,5,9.63,1.0,45.0,8,20.83,33.33,12.5,10.12
1960,M.J. Black (Owner),12,0,1,0.0,21.92,2736.0,1523.0,0.0,0,26.5,10.0,48.0,6,0.0,8.33,0.0,0.0
1961,W.J. Ridgeway (Owner),2,0,0,0.0,23.0,710.0,433.0,0.0,0,32.5,19.0,27.0,0,0.0,0.0,0.0,0.0
1968,Bob Cooper (Owner),16,0,1,0.0,22.94,701.0,2298.0,0.0,0,20.56,9.0,40.0,2,0.0,6.25,0.0,0.0
1968,Ranier-Lundy Racing,1,0,1,0.0,10.0,0.0,193.0,0.0,0,27.0,10.0,10.0,1,0.0,100.0,0.0,0.0
1970,Hylton Engineering,45,22,39,1.0,7.73,3661.0,12492.0,199.0,1,9.62,1.0,35.0,40,48.89,86.67,2.22,1.59
1971,Joe Phipps (Owner),2,0,0,0.0,31.5,92.0,73.0,0.0,0,28.5,26.0,37.0,0,0.0,0.0,0.0,0.0
1974,Champion Racing,20,0,0,0.0,27.35,,2441.0,0.0,0,25.65,11.0,40.0,2,0.0,0.0,0.0,0.0
1981,JD Johnson Racing,3,0,0,0.0,30.33,216.0,501.0,0.0,0,19.0,25.0,34.0,0,0.0,0.0,0.0,0.0
1987,Cale Yarborough Motorsports,16,2,4,0.0,24.75,1450.0,2671.0,11.0,3,19.63,4.0,42.0,7,12.5,25.0,0.0,0.41
1987,Miller Racing,2,0,0,0.0,37.5,46.0,215.0,0.0,0,35.0,36.0,39.0,0,0.0,0.0,0.0,0.0
1994,Geoff Bodine Racing,31,7,10,3.0,21.32,3297.0,8150.0,1744.0,8,10.77,1.0,41.0,16,22.58,32.26,9.68,21.4
1995,Bud Moore Engineering,31,0,1,0.0,23.48,2875.0,8941.0,5.0,5,17.97,10.0,38.0,26,0.0,3.23,0.0,0.06
1996,Butch Mock Motorsports,31,1,5,0.0,21.1,3133.0,8976.0,50.0,9,24.45,5.0,43.0,28,3.23,16.13,0.0,0.56
2014,Leavine Family Racing,19,0,1,0.0,30.63,255.0,5122.0,1.0,4,27.53,7.0,43.0,14,0.0,5.26,0.0,0.02
2021,Live Fast Motorsports,36,0,1,0.0,29.81,27.0,8430.0,0.0,8,32.56,9.0,39.0,32,0.0,2.78,0.0,0.0
2024,Stewart-Haas Racing,144,7,25,1.0,20.49,2593.0,36807.0,154.0,85,20.86,1.0,39.0,118,4.86,17.36,0.69,0.42
1960,Dick Wright (Owner),3,0,0,0.0,24.33,268.0,250.0,0.0,0,14.67,18.0,33.0,0,0.0,0.0,0.0,0.0
1955,James Gess (Owner),2,0,0,0.0,32.5,24.0,47.0,0.0,0,21.0,23.0,42.0,0,0.0,0.0,0.0,0.0
1956,Julian Buesink (Owner),6,1,1,0.0,30.17,,642.0,0.0,0,13.33,5.0,62.0,1,16.67,16.67,0.0,0.0
1958,Squirt Johns (Owner),2,0,0,0.0,17.5,,105.0,0.0,0,7.0,15.0,20.0,0,0.0,0.0,0.0,0.0
1963,Buck Baker Racing,80,20,39,1.0,13.39,23722.0,14130.0,63.0,5,13.98,1.0,43.0,46,25.0,48.75,1.25,0.45
1966,Junior Johnson & Associates,26,6,7,0.0,16.96,13604.0,5347.0,680.0,5,8.19,2.0,37.0,8,23.08,26.92,0.0,12.72
1966,Toy Bolton (Owner),41,2,9,0.0,19.9,11864.0,7115.0,80.0,0,20.56,4.0,40.0,17,4.88,21.95,0.0,1.12
1966,Tom Friedkin (Owner),20,6,11,2.0,13.5,21880.0,5017.0,744.0,3,11.5,1.0,43.0,13,30.0,55.0,10.0,14.83
1968,Shorty Johns (Owner),7,0,0,0.0,32.0,452.0,750.0,0.0,0,17.0,13.0,44.0,2,0.0,0.0,0.0,0.0
1969,Hylton Engineering,50,26,38,0.0,8.98,3619.0,12929.0,212.0,1,9.64,2.0,32.0,40,52.0,76.0,0.0,1.64
1970,Richard Brown (Owner),6,0,2,0.0,23.0,387.0,1259.0,0.0,0,20.5,6.0,40.0,3,0.0,33.33,0.0,0.0
1971,Wayne Smith (Owner),2,0,0,0.0,26.0,100.0,67.0,0.0,0,21.0,26.0,26.0,0,0.0,0.0,0.0,0.0
1971,McGee Racing,4,0,0,0.0,20.25,309.0,853.0,0.0,0,27.75,15.0,31.0,2,0.0,0.0,0.0,0.0
1974,Cunningham-Kelley,23,1,5,0.0,18.09,,5623.0,27.0,1,16.96,4.0,38.0,8,4.35,21.74,0.0,0.48
1975,Petty Enterprises,30,21,24,13.0,6.63,4783.0,9082.0,3159.0,18,4.13,1.0,35.0,24,70.0,80.0,43.33,34.78
1977,DiGard  Motorsports,30,16,24,6.0,8.27,4498.0,9301.0,948.0,12,4.97,1.0,35.0,23,53.33,80.0,20.0,10.19
1979,Richard Childress Racing,31,1,11,0.0,14.68,3735.0,9109.0,13.0,0,19.55,5.0,37.0,26,3.23,35.48,0.0,0.14
1980,Potter Racing,3,0,0,0.0,28.0,237.0,450.0,0.0,0,32.67,18.0,36.0,1,0.0,0.0,0.0,0.0
1983,Mueller Brothers Racing,1,0,0,0.0,15.0,118.0,194.0,0.0,0,27.0,15.0,15.0,1,0.0,0.0,0.0,0.0
1987,Hendrick Motorsports,97,18,39,3.0,15.8,11629.0,24976.0,902.0,25,11.55,1.0,40.0,70,18.56,40.21,3.09,3.61
1987,Langley-Woodfield Racing,26,0,0,0.0,25.38,1745.0,6180.0,1.0,0,30.15,16.0,41.0,12,0.0,0.0,0.0,0.02
1988,Testa Racing,26,0,0,0.0,28.88,1985.0,4772.0,0.0,0,26.81,16.0,40.0,10,0.0,0.0,0.0,0.0
1989,Hagan Enterprises,29,4,13,0.0,16.14,3422.0,8840.0,42.0,9,12.86,2.0,40.0,24,13.79,44.83,0.0,0.48
1990,Mueller Brothers Racing,5,0,0,0.0,32.8,323.0,988.0,0.0,0,34.2,27.0,40.0,2,0.0,0.0,0.0,0.0
1993,Richard Childress Racing,32,17,21,6.0,10.06,4624.0,9921.0,1475.0,21,10.81,1.0,42.0,28,53.13,65.63,18.75,14.87
1993,Mansion Motorsports,5,0,0,0.0,34.4,299.0,787.0,0.0,0,35.6,25.0,40.0,2,0.0,0.0,0.0,0.0
1999,Ted Christopher Racing,1,0,0,0.0,31.0,70.0,89.0,0.0,0,33.0,31.0,31.0,1,0.0,0.0,0.0,0.0
2000,Jasper Motorsports,34,1,1,0.0,24.65,3055.0,9183.0,14.0,8,25.24,5.0,43.0,24,2.94,2.94,0.0,0.15
1958,Harvey Henderson (Owner),2,0,0,0.0,20.5,64.0,169.0,0.0,0,13.0,18.0,23.0,0,0.0,0.0,0.0,0.0
1962,Bobby Waddell (Owner),7,0,0,0.0,30.0,374.0,306.0,0.0,0,28.57,19.0,48.0,1,0.0,0.0,0.0,0.0
1967,Paul Lewis (Owner),1,1,1,0.0,2.0,480.0,297.0,0.0,0,6.0,2.0,2.0,1,100.0,100.0,0.0,0.0
1950,Bob Griffin (Owner),4,1,2,0.0,23.25,,374.0,0.0,0,25.0,3.0,69.0,1,25.0,50.0,0.0,0.0
1951,Perry Smith (Owner),28,9,12,2.0,18.46,,674.0,331.0,3,5.93,1.0,82.0,10,32.14,42.86,7.14,49.11
1955,Don Oliver (Owner),2,0,1,0.0,15.0,200.0,293.0,0.0,0,13.0,6.0,24.0,1,0.0,50.0,0.0,0.0
1958,Jim Stephens (Owner),34,10,20,2.0,12.97,3728.0,4709.0,279.0,6,7.75,1.0,45.0,23,29.41,58.82,5.88,5.92
1958,Bob Bristol (Owner),1,0,0,0.0,11.0,,167.0,0.0,0,24.0,11.0,11.0,1,0.0,0.0,0.0,0.0
1967,Arrington Racing,18,1,5,0.0,19.22,10332.0,3269.0,0.0,0,22.0,5.0,40.0,6,5.56,27.78,0.0,0.0
1967,Tom Raley (Owner),9,0,0,0.0,26.33,740.0,650.0,0.0,0,22.56,15.0,39.0,0,0.0,0.0,0.0,0.0
1973,DeWitt Racing,28,15,21,1.0,10.07,2317.0,9311.0,10.0,1,7.71,1.0,38.0,21,53.57,75.0,3.57,0.11
1976,Junior Miller Racing,19,0,0,0.0,22.68,1689.0,4588.0,0.0,0,24.16,11.0,35.0,9,0.0,0.0,0.0,0.0
1977,Makar Enterprises,6,0,1,0.0,20.33,613.0,1636.0,0.0,0,18.17,10.0,40.0,5,0.0,16.67,0.0,0.0
1977,Norm Palmer (Owner),3,0,1,0.0,21.0,305.0,239.0,0.0,0,18.33,6.0,34.0,3,0.0,33.33,0.0,0.0
1983,Wilson Racing,1,0,0,0.0,37.0,52.0,55.0,0.0,0,34.0,37.0,37.0,0,0.0,0.0,0.0,0.0
1995,Richard Childress Racing,31,19,23,5.0,9.23,4580.0,9625.0,1583.0,22,13.81,1.0,35.0,29,61.29,74.19,16.13,16.45
2007,Phoenix Racing,3,1,1,0.0,20.67,312.0,776.0,0.0,1,22.33,4.0,33.0,3,33.33,33.33,0.0,0.0
2012,Turner Motorsports,1,0,0,0.0,37.0,7.0,123.0,0.0,0,6.0,37.0,37.0,0,0.0,0.0,0.0,0.0
2013,Michael Waltrip Racing,108,22,44,2.0,15.38,2655.0,30782.0,830.0,82,14.19,1.0,41.0,98,20.37,40.74,1.85,2.7
2015,Joe Gibbs Racing,144,46,72,14.0,14.15,4331.0,40460.0,2569.0,113,10.42,1.0,43.0,134,31.94,50.0,9.72,6.35
2018,Hendrick Motorsports,144,16,47,3.0,17.01,3387.0,38943.0,497.0,82,15.26,1.0,39.0,124,11.11,32.64,2.08,1.28
2019,MBM Motorsports,16,0,0,0.0,35.75,0.0,3390.0,0.0,1,38.0,30.0,39.0,9,0.0,0.0,0.0,0.0
2023,Kaulig Racing,76,5,13,1.0,20.26,1286.0,19072.0,88.0,44,22.79,1.0,38.0,68,6.58,17.11,1.32,0.46
1951,Ed Hastings (Owner),3,0,1,0.0,19.33,,120.0,0.0,0,24.33,9.0,32.0,0,0.0,33.33,0.0,0.0
1968,Dick Johnson CA (Owner),10,0,0,0.0,24.2,684.0,1975.0,0.0,0,25.6,13.0,34.0,3,0.0,0.0,0.0,0.0
1954,Mason Bright (Owner),2,0,0,0.0,24.5,,200.0,0.0,0,29.0,16.0,33.0,2,0.0,0.0,0.0,0.0
1955,Al Liggons (Owner),2,1,1,0.0,8.0,444.0,330.0,0.0,0,12.5,3.0,13.0,2,50.0,50.0,0.0,0.0
1956,Arley Scranton (Owner),1,0,0,0.0,36.0,,9.0,0.0,0,37.0,36.0,36.0,0,0.0,0.0,0.0,0.0
1959,Jack Chatenay (Owner),2,1,1,0.0,9.5,,516.0,0.0,0,16.5,5.0,14.0,1,50.0,50.0,0.0,0.0
1960,George Sparks (Owner),2,0,0,0.0,31.0,130.0,187.0,0.0,0,46.5,26.0,36.0,1,0.0,0.0,0.0,0.0
1966,Homer O'Dell (Owner),16,0,1,0.0,24.06,1698.0,850.0,0.0,0,24.5,9.0,39.0,0,0.0,6.25,0.0,0.0
1967,Bud Moore Engineering,19,3,5,0.0,20.53,11678.0,3705.0,14.0,0,11.74,3.0,42.0,6,15.79,26.32,0.0,0.38
1971,Dalton Racing,21,0,1,0.0,22.43,1356.0,4027.0,0.0,0,27.52,10.0,51.0,10,0.0,4.76,0.0,0.0
1975,Warren Tope (Owner),2,0,0,0.0,29.0,43.0,305.0,0.0,0,27.5,18.0,40.0,1,0.0,0.0,0.0,0.0
1976,Negre Racing,26,0,2,0.0,21.27,2584.0,5987.0,0.0,0,27.04,8.0,37.0,14,0.0,7.69,0.0,0.0
1986,Cliff Stewart Racing,4,0,0,0.0,29.25,301.0,842.0,0.0,0,26.5,18.0,41.0,1,0.0,0.0,0.0,0.0
1987,U. S. Motorsports Inc.,22,0,0,0.0,24.05,1359.0,5532.0,0.0,0,32.18,15.0,38.0,14,0.0,0.0,0.0,0.0
1992,Robert Yates Racing,29,15,17,5.0,11.48,4015.0,8976.0,1377.0,15,11.14,1.0,33.0,26,51.72,58.62,17.24,15.34
1997,Triad Motorsports,14,0,0,0.0,33.93,857.0,3348.0,0.0,0,27.64,21.0,42.0,9,0.0,0.0,0.0,0.0
1998,Bill Elliott Racing,64,1,7,0.0,24.47,5803.0,17521.0,38.0,14,24.97,5.0,43.0,50,1.56,10.94,0.0,0.22
1998,MB2 Motorsports,33,0,11,0.0,19.94,3475.0,9348.0,196.0,9,22.82,6.0,43.0,30,0.0,33.33,0.0,2.1
1998,Dale Earnhardt Inc.,30,1,2,0.0,24.27,2733.0,8193.0,15.0,7,28.0,5.0,41.0,23,3.33,6.67,0.0,0.18
1998,Jasper Motorsports,32,1,1,0.0,27.69,2579.0,8113.0,3.0,4,26.88,3.0,43.0,25,3.13,3.13,0.0,0.04
2024,Wood Brothers Racing,36,1,2,1.0,25.72,433.0,9126.0,13.0,18,24.47,1.0,39.0,29,2.78,5.56,2.78,0.14
1952,Buck McCardell (Owner),2,0,0,0.0,26.5,,49.0,0.0,0,16.5,20.0,33.0,0,0.0,0.0,0.0,0.0
1958,Volney Schulze (Owner),7,0,0,0.0,16.57,576.0,845.0,0.0,0,19.71,12.0,25.0,5,0.0,0.0,0.0,0.0
1952,Gene Comstock (Owner),8,1,3,0.0,12.63,,1496.0,0.0,0,21.88,4.0,21.0,6,12.5,37.5,0.0,0.0
1957,Herschel White (Owner),1,0,0,0.0,28.0,,,0.0,0,25.0,28.0,28.0,0,0.0,0.0,0.0,
1960,Ratus Walters (Owner),5,0,1,0.0,30.6,314.0,541.0,0.0,0,21.4,10.0,52.0,0,0.0,20.0,0.0,0.0
1960,A.J. Blackwelder (Owner),3,0,0,0.0,22.33,188.0,191.0,0.0,0,19.67,11.0,30.0,1,0.0,0.0,0.0,0.0
1968,Elmer Buxton (Owner),9,0,0,0.0,29.56,438.0,991.0,0.0,0,30.67,18.0,43.0,3,0.0,0.0,0.0,0.0
1969,Canavan Racing,1,0,0,0.0,26.0,0.0,62.0,0.0,0,32.0,26.0,26.0,0,0.0,0.0,0.0,0.0
1970,Bill Flowers (Owner),3,0,0,0.0,17.67,69.0,522.0,0.0,0,14.67,14.0,20.0,0,0.0,0.0,0.0,0.0
1975,Puro Racing,2,0,0,0.0,36.5,107.0,43.0,0.0,0,23.0,36.0,37.0,0,0.0,0.0,0.0,0.0
1977,Bobby Allison Motorsports,30,5,15,0.0,17.2,3467.0,7023.0,101.0,1,9.77,2.0,41.0,18,16.67,50.0,0.0,1.44
1979,Bud Moore Engineering,31,18,22,5.0,8.61,4633.0,9885.0,1870.0,13,5.13,1.0,30.0,24,58.06,70.97,16.13,18.92
1980,Hamby Racing,28,0,0,0.0,20.43,2721.0,7625.0,0.0,0,24.79,12.0,35.0,19,0.0,0.0,0.0,0.0
1987,Ranier-Lundy Racing,22,9,10,2.0,14.18,2739.0,5511.0,710.0,7,9.14,1.0,42.0,16,40.91,45.45,9.09,12.88
1996,Roush Racing,92,22,42,0.0,14.99,11282.0,27008.0,916.0,50,16.65,2.0,40.0,85,23.91,45.65,0.0,3.39
1998,Brett Bodine Racing,33,0,0,0.0,25.27,2907.0,9462.0,17.0,4,26.91,11.0,43.0,31,0.0,0.0,0.0,0.18
2000,Midwest Transit Racing,16,0,0,0.0,30.06,1175.0,4153.0,64.0,3,22.63,15.0,42.0,10,0.0,0.0,0.0,1.54
2005,Phoenix Racing,12,0,1,0.0,29.58,847.0,2506.0,0.0,3,30.25,9.0,41.0,6,0.0,8.33,0.0,0.0
2013,Furniture Row Racing,36,11,16,0.0,14.69,1071.0,10418.0,448.0,23,13.22,2.0,37.0,34,30.56,44.44,0.0,4.3
2019,Richard Childress Racing,74,1,9,0.0,20.89,1258.0,20119.0,92.0,28,17.65,5.0,37.0,65,1.35,12.16,0.0,0.46
1950,Pappy Hough (Owner),7,0,2,0.0,18.0,,356.0,0.0,0,,7.0,28.0,1,0.0,28.57,0.0,0.0
1954,Mellie Bernard (Owner),2,0,0,0.0,19.5,,273.0,0.0,0,,18.0,21.0,1,0.0,0.0,0.0,0.0
1954,Mark Handley (Owner),1,0,0,0.0,57.0,,5.0,0.0,0,,57.0,57.0,0,0.0,0.0,0.0,0.0
1953,Dick Passwater (Owner),1,0,1,0.0,9.0,,350.0,0.0,0,22.0,9.0,9.0,1,0.0,100.0,0.0,0.0
1958,Bob Ross (Owner),2,1,1,0.0,20.5,,135.0,0.0,1,12.5,2.0,39.0,1,50.0,50.0,0.0,0.0
1960,John Hines (Owner),9,2,3,2.0,23.44,4700.0,1338.0,582.0,2,1.44,1.0,57.0,2,22.22,33.33,22.22,43.5
1966,Larry Hess (Owner),13,0,0,0.0,24.46,4928.0,1831.0,0.0,0,29.38,11.0,42.0,6,0.0,0.0,0.0,0.0
1968,Robertson Racing,58,1,16,0.0,16.05,3068.0,12560.0,0.0,0,20.83,5.0,36.0,40,1.72,27.59,0.0,0.0
1971,James Mason (Owner),2,0,0,0.0,30.0,0.0,326.0,0.0,0,27.0,28.0,32.0,0,0.0,0.0,0.0,0.0
1973,Newsom Racing,12,0,0,0.0,21.17,716.0,3209.0,0.0,0,29.42,11.0,39.0,8,0.0,0.0,0.0,0.0
1975,Junior Johnson & Associates,27,13,13,3.0,14.78,3295.0,7353.0,2542.0,5,6.52,1.0,41.0,13,48.15,48.15,11.11,34.57
1978,Hamby Racing,26,0,2,0.0,20.81,2617.0,7181.0,0.0,0,22.38,10.0,37.0,16,0.0,7.69,0.0,0.0
1982,Edgett Racing,3,0,2,0.0,13.33,375.0,394.0,0.0,0,21.0,6.0,24.0,3,0.0,66.67,0.0,0.0
1985,Bahre Racing,9,0,0,0.0,30.33,372.0,1520.0,0.0,0,29.89,18.0,39.0,2,0.0,0.0,0.0,0.0
1987,Jaehne Motorsports,3,0,0,0.0,24.33,270.0,912.0,0.0,0,26.67,16.0,29.0,1,0.0,0.0,0.0,0.0
1995,King Racing,29,2,5,0.0,27.62,2369.0,6471.0,45.0,4,21.86,4.0,41.0,17,6.9,17.24,0.0,0.7
1997,Roush Racing,108,34,50,7.0,14.79,13502.0,32070.0,1630.0,59,19.45,1.0,42.0,98,31.48,46.3,6.48,5.08
2001,Chip Ganassi Racing,68,12,21,2.0,19.65,7377.0,18908.0,553.0,39,21.47,1.0,43.0,58,17.65,30.88,2.94,2.92
2009,Michael Waltrip Racing,72,5,12,1.0,21.6,7254.0,19832.0,124.0,39,23.11,1.0,40.0,66,6.94,16.67,1.39,0.63
2018,Beard Motorsports,4,0,0,0.0,18.5,0.0,747.0,2.0,3,24.75,12.0,28.0,3,0.0,0.0,0.0,0.27
2024,Kaulig Racing,77,1,11,0.0,23.16,559.0,18961.0,108.0,40,25.64,2.0,40.0,66,1.3,14.29,0.0,0.57
1951,Ralph Chaney (Owner),5,0,0,0.0,22.2,,40.0,0.0,0,26.25,12.0,31.0,0,0.0,0.0,0.0,0.0
1952,Robbie Robinson (Owner),4,0,0,0.0,26.25,,300.0,0.0,0,22.0,14.0,45.0,1,0.0,0.0,0.0,0.0
1971,,38,0,3,0.0,27.71,1664.0,3239.0,0.0,0,27.08,8.0,46.0,8,0.0,7.89,0.0,0.0
1952,Marshall Teague (Owner),8,4,4,2.0,14.63,,554.0,237.0,4,6.67,1.0,47.0,4,50.0,50.0,25.0,42.78
1952,Walt Chapman (Owner),26,14,15,5.0,11.88,0.0,3623.0,701.0,7,9.13,1.0,60.0,16,53.85,57.69,19.23,19.35
1961,Scott Racing,23,0,5,0.0,15.52,4726.0,4364.0,0.0,0,16.74,7.0,28.0,15,0.0,21.74,0.0,0.0
1964,Bondy Long (Owner),62,38,43,14.0,8.08,32946.0,12974.0,3071.0,18,6.76,1.0,33.0,37,61.29,69.35,22.58,23.67
1967,Owens Racing,33,14,17,3.0,13.7,22740.0,6371.0,440.0,7,7.09,1.0,36.0,16,42.42,51.52,9.09,6.91
1969,Jack Mercer (Owner),1,0,0,0.0,15.0,0.0,135.0,0.0,0,22.0,15.0,15.0,1,0.0,0.0,0.0,0.0
1976,Ballard Racing,27,0,8,0.0,18.26,2941.0,7813.0,0.0,0,22.26,6.0,36.0,18,0.0,29.63,0.0,0.0
1981,Race Hill Farm Team,26,6,14,1.0,14.23,3135.0,7484.0,124.0,2,13.85,1.0,39.0,17,23.08,53.85,3.85,1.66
1982,Melling Racing,21,8,9,0.0,13.38,2553.0,5540.0,151.0,8,10.71,2.0,30.0,15,38.1,42.86,0.0,2.73
1998,Penske Racing South,33,15,21,1.0,11.7,4501.0,9603.0,945.0,23,8.91,1.0,42.0,31,45.45,63.64,3.03,9.84
2002,Brett Bodine Racing,32,0,0,0.0,30.78,2276.0,8817.0,3.0,3,32.69,13.0,42.0,27,0.0,0.0,0.0,0.03
2008,Michael Waltrip Racing,107,1,6,0.0,27.21,8853.0,30507.0,148.0,33,28.78,2.0,43.0,96,0.93,5.61,0.0,0.49
1954,Hooker Hood (Owner),2,0,0,0.0,22.5,,248.0,0.0,0,,14.0,31.0,2,0.0,0.0,0.0,0.0
1950,,237,17,54,0.0,20.42,0.0,13592.0,94.0,0,23.17,2.0,74.0,40,7.17,22.78,0.0,0.69
1953,Tyre Rakestraw (Owner),1,0,0,0.0,22.0,,308.0,0.0,0,34.0,22.0,22.0,1,0.0,0.0,0.0,0.0
1955,Leroy Weyher (Owner),1,0,0,0.0,32.0,,110.0,0.0,0,22.0,32.0,32.0,0,0.0,0.0,0.0,0.0
1957,Johnny Mackison (Owner),5,1,2,0.0,20.6,,769.0,0.0,0,12.6,5.0,39.0,2,20.0,40.0,0.0,0.0
1960,Ralph Stark (Owner),10,0,0,0.0,24.4,3568.0,1762.0,0.0,0,26.9,11.0,49.0,6,0.0,0.0,0.0,0.0
1960,Tom Vernon (Owner),3,0,0,0.0,31.33,130.0,217.0,22.0,0,26.67,22.0,46.0,0,0.0,0.0,0.0,10.14
1968,Turkey Minton (Owner),2,1,1,0.0,13.0,109.0,350.0,35.0,0,9.0,4.0,22.0,1,50.0,50.0,0.0,10.0
1969,Gray Racing,2,0,2,0.0,8.5,127.0,631.0,0.0,0,20.5,8.0,9.0,2,0.0,100.0,0.0,0.0
1970,Ken Meisenhelder (Owner),18,0,2,0.0,18.89,758.0,2569.0,0.0,0,25.0,10.0,31.0,7,0.0,11.11,0.0,0.0
1972,Scott Racing,6,0,0,0.0,21.0,360.0,1763.0,0.0,0,29.67,16.0,32.0,3,0.0,0.0,0.0,0.0
1983,Branch-Ragan Racing,8,0,0,0.0,19.5,836.0,1984.0,0.0,0,30.5,12.0,38.0,7,0.0,0.0,0.0,0.0
1986,Melling Racing,29,8,16,2.0,12.45,3844.0,8549.0,511.0,8,8.97,1.0,35.0,23,27.59,55.17,6.9,5.98
1989,Alan Kulwicki Racing,29,5,9,0.0,18.86,3236.0,8324.0,564.0,9,7.31,2.0,39.0,18,17.24,31.03,0.0,6.78
1999,Tyler Jet Motorsports,28,0,2,0.0,24.07,2552.0,7248.0,7.0,8,29.86,7.0,42.0,24,0.0,7.14,0.0,0.1
1952,B.J. Dantone (Owner),4,0,0,0.0,26.25,,547.0,0.0,0,27.33,17.0,44.0,1,0.0,0.0,0.0,0.0
1954,C.H. Dingler (Owner),3,0,1,0.0,18.0,,383.0,0.0,0,,9.0,30.0,3,0.0,33.33,0.0,0.0
1954,Pepper Cunningham (Owner),1,0,0,0.0,64.0,,0.0,0.0,0,0.0,64.0,64.0,0,0.0,0.0,0.0,
1955,Hank Salat (Owner),2,0,1,0.0,10.5,320.0,217.0,0.0,0,20.0,8.0,13.0,1,0.0,50.0,0.0,0.0
1966,Bub Strickler (Owner),2,0,0,0.0,33.0,362.0,38.0,0.0,0,33.5,18.0,48.0,1,0.0,0.0,0.0,0.0
1952,Herb Thomas Racing,35,20,23,9.0,8.66,0.0,5509.0,871.0,15,5.0,1.0,37.0,25,57.14,65.71,25.71,15.81
1952,Larry Mann (Owner),6,0,0,0.0,26.67,,767.0,0.0,0,28.5,11.0,55.0,2,0.0,0.0,0.0,0.0
1955,Gene Comstock (Owner),6,0,2,0.0,24.83,420.0,693.0,0.0,0,26.83,7.0,48.0,4,0.0,33.33,0.0,0.0
1960,Jim Stephens (Owner),4,3,3,0.0,9.5,4700.0,491.0,39.0,2,3.0,2.0,30.0,3,75.0,75.0,0.0,7.94
1960,Bob Potter (Owner),3,0,1,0.0,12.33,1800.0,708.0,0.0,0,11.67,10.0,15.0,3,0.0,33.33,0.0,0.0
1960,Joe Kosiski (Owner),2,0,0,0.0,31.0,200.0,163.0,0.0,0,22.5,18.0,44.0,2,0.0,0.0,0.0,0.0
1961,GC Spencer Racing,31,3,18,0.0,12.97,9128.0,6221.0,0.0,0,16.29,4.0,34.0,22,9.68,58.06,0.0,0.0
1964,Walt Hunter (Owner),19,1,6,0.0,14.0,11086.0,4704.0,0.0,0,19.16,3.0,22.0,10,5.26,31.58,0.0,0.0
1965,Tom Friedkin (Owner),7,1,2,0.0,16.14,4014.0,1384.0,9.0,0,13.0,4.0,31.0,4,14.29,28.57,0.0,0.65
1966,Bailey Racing,6,0,0,0.0,30.0,2174.0,492.0,0.0,0,25.33,12.0,49.0,3,0.0,0.0,0.0,0.0
1967,Holman Moody,30,13,17,4.0,11.57,33962.0,8057.0,993.0,9,7.43,1.0,34.0,16,43.33,56.67,13.33,12.32
1969,Shorty Johns (Owner),8,0,0,0.0,28.75,360.0,1075.0,0.0,0,19.63,11.0,40.0,2,0.0,0.0,0.0,0.0
1971,McDuffie Racing,40,2,8,0.0,18.48,2631.0,8724.0,5.0,0,24.48,3.0,35.0,21,5.0,20.0,0.0,0.06
1976,David Lee Sellers (Owner),4,0,1,0.0,22.0,389.0,505.0,0.0,0,27.75,10.0,33.0,2,0.0,25.0,0.0,0.0
1980,Wilson Racing,3,0,0,0.0,29.33,225.0,262.0,0.0,0,17.33,15.0,37.0,1,0.0,0.0,0.0,0.0
1986,Gary Smith (Owner),2,0,0,0.0,27.0,164.0,170.0,0.0,0,21.5,26.0,28.0,1,0.0,0.0,0.0,0.0
1992,Alan Kulwicki Racing,29,11,17,2.0,10.59,4078.0,8991.0,1235.0,17,10.59,1.0,34.0,27,37.93,58.62,6.9,13.74
1994,Johnson Racing,8,0,0,0.0,37.5,404.0,1260.0,0.0,0,28.63,24.0,43.0,3,0.0,0.0,0.0,0.0
1995,Bill Davis Racing,28,4,5,1.0,23.14,2688.0,7514.0,151.0,6,26.21,1.0,42.0,21,14.29,17.86,3.57,2.01
1997,LAR Motorspots,3,0,0,0.0,38.0,152.0,376.0,1.0,0,19.33,37.0,39.0,1,0.0,0.0,0.0,0.27
2004,Stan Hover Motorsports,12,0,0,0.0,40.0,516.0,792.0,0.0,0,42.67,31.0,43.0,2,0.0,0.0,0.0,0.0
2004,Competitive Edge Motorsports,9,0,0,0.0,40.0,358.0,908.0,1.0,0,31.44,28.0,43.0,1,0.0,0.0,0.0,0.11
2010,NEMCO Motorsports,32,0,0,0.0,40.06,1395.0,2328.0,5.0,1,28.81,27.0,43.0,1,0.0,0.0,0.0,0.21
2019,JTG Daugherty Racing,72,1,7,0.0,20.44,1231.0,19968.0,14.0,30,22.99,3.0,37.0,62,1.39,9.72,0.0,0.07
2019,Leavine Family Racing,36,3,7,0.0,18.31,692.0,9839.0,152.0,21,20.47,2.0,39.0,31,8.33,19.44,0.0,1.54
1955,Chris Milovich (Owner),1,0,1,0.0,7.0,152.0,96.0,0.0,0,6.0,7.0,7.0,1,0.0,100.0,0.0,0.0
1950,Louise Smith (Owner),5,0,0,0.0,24.4,,84.0,0.0,0,25.0,19.0,41.0,0,0.0,0.0,0.0,0.0
1953,George Hutchens (Owner),20,6,9,1.0,13.1,,1161.0,73.0,1,24.0,1.0,41.0,7,30.0,45.0,5.0,6.29
1956,Dink Widenhouse (Owner),6,1,3,0.0,21.0,,670.0,0.0,0,20.5,4.0,54.0,3,16.67,50.0,0.0,0.0
1956,Scotty Cain (Owner),4,1,4,0.0,7.0,,701.0,0.0,0,14.5,5.0,10.0,4,25.0,100.0,0.0,0.0
1956,John Lansaw (Owner),2,0,0,0.0,24.0,,133.0,0.0,0,23.5,22.0,26.0,0,0.0,0.0,0.0,0.0
1958,Tootle Estes (Owner),12,0,3,0.0,20.17,2808.0,2162.0,0.0,0,20.0,8.0,44.0,6,0.0,25.0,0.0,0.0
1959,W.J. Ridgeway (Owner),6,4,4,1.0,11.33,1240.0,1194.0,44.0,2,11.33,1.0,41.0,4,66.67,66.67,16.67,3.69
1963,Roy Tyner (Owner),8,0,0,0.0,24.13,758.0,381.0,0.0,0,25.5,17.0,35.0,0,0.0,0.0,0.0,0.0
1968,DeWitt Racing,49,5,24,0.0,13.02,2962.0,11077.0,0.0,0,11.61,3.0,42.0,31,10.2,48.98,0.0,0.0
1969,Dick Johnson CA (Owner),22,0,4,0.0,19.68,1055.0,3803.0,0.0,0,15.82,6.0,37.0,8,0.0,18.18,0.0,0.0
1970,John Pemberton (Owner),9,0,0,0.0,24.56,355.0,1002.0,0.0,0,26.67,17.0,36.0,3,0.0,0.0,0.0,0.0
1971,Ken Meisenhelder (Owner),14,0,1,0.0,19.71,695.0,2150.0,0.0,0,24.86,10.0,31.0,4,0.0,7.14,0.0,0.0
1972,Acton Racing,15,1,1,0.0,21.2,894.0,3355.0,0.0,0,17.4,5.0,34.0,6,6.67,6.67,0.0,0.0
1973,Sears Racing,21,0,0,0.0,25.19,1084.0,4702.0,0.0,0,30.67,11.0,38.0,7,0.0,0.0,0.0,0.0
1974,Morgan-McClure,14,0,0,0.0,24.86,,2446.0,0.0,0,30.43,12.0,38.0,2,0.0,0.0,0.0,0.0
1975,Elder-Ranier,22,6,9,0.0,17.64,2540.0,5859.0,275.0,0,7.14,2.0,38.0,8,27.27,40.91,0.0,4.69
1978,Al Rudd Auto,14,0,4,0.0,24.21,1260.0,2536.0,16.0,0,16.93,6.0,41.0,6,0.0,28.57,0.0,0.63
1981,Dinwiddie Racing,1,0,0,0.0,24.0,91.0,125.0,0.0,0,26.0,24.0,24.0,0,0.0,0.0,0.0,0.0
1982,Rogers Racing,11,1,5,0.0,17.73,919.0,2908.0,1.0,0,21.27,5.0,37.0,6,9.09,45.45,0.0,0.03
1982,Steve Harrison (Owner),1,0,0,0.0,24.0,91.0,239.0,0.0,0,21.0,24.0,24.0,0,0.0,0.0,0.0,0.0
1985,Stoke Racing,4,0,0,0.0,26.0,340.0,331.0,0.0,0,26.5,14.0,38.0,3,0.0,0.0,0.0,0.0
1986,Bud Moore Engineering,29,11,17,2.0,12.72,3823.0,8120.0,525.0,13,12.72,1.0,36.0,22,37.93,58.62,6.9,6.47
1992,Lake Speed Racing,9,0,0,0.0,27.44,726.0,2248.0,0.0,0,29.67,18.0,36.0,4,0.0,0.0,0.0,0.0
1993,NEMCO Motorsports,3,0,0,0.0,31.33,207.0,303.0,0.0,0,16.33,21.0,37.0,1,0.0,0.0,0.0,0.0
2000,Roush Racing,168,33,57,6.0,18.19,18999.0,46694.0,1829.0,88,21.9,1.0,43.0,148,19.64,33.93,3.57,3.92
2007,Michael Waltrip Racing,69,0,2,0.0,29.68,5130.0,16815.0,11.0,15,27.78,10.0,43.0,49,0.0,2.9,0.0,0.07
2012,Circle Sport,19,0,0,0.0,35.95,142.0,2508.0,0.0,1,39.42,26.0,42.0,6,0.0,0.0,0.0,0.0
2022,Team Hezeberg,9,0,0,0.0,34.11,15.0,620.0,0.0,0,35.67,22.0,39.0,4,0.0,0.0,0.0,0.0
1949,Bob Apperson (Owner),3,0,0,0.0,13.0,,191.0,0.0,0,,11.0,15.0,0,0.0,0.0,0.0,0.0
1954,Leroy Weyher (Owner),5,0,0,0.0,26.2,,1023.0,0.0,0,11.0,14.0,31.0,3,0.0,0.0,0.0,0.0
1966,,50,1,4,0.0,21.08,15964.0,6308.0,0.0,0,24.44,3.0,44.0,17,2.0,8.0,0.0,0.0
1949,,49,4,10,0.0,18.06,,3345.0,5.0,0,25.47,2.0,43.0,5,8.16,20.41,0.0,0.15
1954,Bill Blair (Owner),16,2,10,0.0,11.63,0.0,2426.0,7.0,0,14.0,5.0,38.0,11,12.5,62.5,0.0,0.29
1955,John Kieper (Owner),1,0,0,0.0,17.0,90.0,72.0,0.0,0,14.0,17.0,17.0,0,0.0,0.0,0.0,0.0
1960,Bob Weatherly (Owner),1,0,0,0.0,14.0,104.0,114.0,0.0,0,20.0,14.0,14.0,0,0.0,0.0,0.0,0.0
1969,Nichels Engineering,17,6,8,1.0,17.88,1420.0,3242.0,133.0,3,7.59,1.0,41.0,9,35.29,47.06,5.88,4.1
1971,Thomas Hynes (Owner),3,0,0,0.0,31.33,177.0,222.0,0.0,0,35.67,25.0,37.0,1,0.0,0.0,0.0,0.0
1975,Mike Link (Owner),1,0,0,0.0,47.0,22.0,6.0,0.0,0,36.0,47.0,47.0,0,0.0,0.0,0.0,0.0
1975,Moyer Racing,6,0,2,0.0,17.17,429.0,1341.0,0.0,0,21.17,7.0,27.0,3,0.0,33.33,0.0,0.0
1977,Dalton Racing,5,0,0,0.0,33.0,320.0,417.0,0.0,0,27.4,29.0,37.0,0,0.0,0.0,0.0,0.0
1984,Melling Racing,30,13,24,3.0,8.6,4377.0,9848.0,570.0,12,5.23,1.0,32.0,27,43.33,80.0,10.0,5.79
1985,Curb Racing,29,1,13,0.0,18.41,3140.0,7905.0,105.0,3,17.41,3.0,37.0,16,3.45,44.83,0.0,1.33
1988,Whitcomb Racing,24,0,1,0.0,21.42,2378.0,7281.0,4.0,0,30.04,8.0,36.0,20,0.0,4.17,0.0,0.05
1989,Morgan-McClure Motorsports,29,2,7,0.0,19.17,3119.0,8004.0,29.0,6,14.55,4.0,41.0,21,6.9,24.14,0.0,0.36
1991,Labonte Motorsports,5,0,0,0.0,33.0,320.0,371.0,0.0,0,27.2,19.0,38.0,1,0.0,0.0,0.0,0.0
1994,Joe Gibbs Racing,30,4,9,1.0,18.67,3298.0,8410.0,55.0,8,22.7,1.0,40.0,23,13.33,30.0,3.33,0.65
2002,Donlavey Racing,14,0,0,0.0,33.71,866.0,4213.0,0.0,0,39.21,24.0,43.0,10,0.0,0.0,0.0,0.0
2004,Richard Childress Racing,112,8,23,0.0,19.63,11903.0,31639.0,291.0,57,22.96,2.0,40.0,101,7.14,20.54,0.0,0.92
2021,Rick Ware Racing,108,0,1,0.0,31.31,132.0,24369.0,1.0,20,34.06,10.0,40.0,94,0.0,0.93,0.0,0.0
1949,Jack Etheridge (Owner),1,0,1,0.0,10.0,,,0.0,0,,10.0,10.0,1,0.0,100.0,0.0,
1954,Allen Heath (Owner),2,0,0,0.0,27.0,,262.0,0.0,0,18.0,25.0,29.0,0,0.0,0.0,0.0,0.0
1956,Norman Schihl (Owner),1,0,0,0.0,23.0,,349.0,0.0,0,38.0,23.0,23.0,1,0.0,0.0,0.0,0.0
1950,Paul Cox (Owner),3,0,0,0.0,37.33,,240.0,0.0,0,61.0,17.0,63.0,0,0.0,0.0,0.0,0.0
1952,Hans Winter (Owner),2,0,0,0.0,40.5,,,0.0,0,28.0,27.0,54.0,0,0.0,0.0,0.0,
1954,Johnny Roberts (Owner),2,0,0,0.0,34.0,,160.0,0.0,0,57.0,20.0,48.0,1,0.0,0.0,0.0,0.0
1955,Don White (Owner),3,3,3,0.0,2.33,376.0,496.0,0.0,2,7.67,2.0,3.0,3,100.0,100.0,0.0,0.0
1958,Lloyd Dane (Owner),4,0,1,0.0,18.25,1120.0,894.0,0.0,0,24.0,9.0,29.0,3,0.0,25.0,0.0,0.0
1958,Richard Riley (Owner),2,0,0,0.0,27.5,,155.0,0.0,0,24.5,15.0,40.0,1,0.0,0.0,0.0,0.0
1959,Lloyd Dane (Owner),2,1,2,0.0,4.5,,578.0,0.0,1,17.5,2.0,7.0,2,50.0,100.0,0.0,0.0
1960,Wood Brothers Racing,22,13,14,5.0,8.27,5144.0,5054.0,1009.0,7,4.45,1.0,27.0,14,59.09,63.64,22.73,19.96
1962,Jimmy Pardue (Owner),29,5,16,1.0,12.21,11734.0,7274.0,200.0,1,10.17,1.0,34.0,23,17.24,55.17,3.45,2.75
1964,Curtis Crider (Owner),99,7,32,0.0,16.09,30502.0,13750.0,0.0,0,18.46,3.0,43.0,44,7.07,32.32,0.0,0.0
1966,Truett Rodgers (Owner),24,0,4,0.0,17.83,4124.0,3241.0,0.0,0,23.21,7.0,37.0,8,0.0,16.67,0.0,0.0
1969,Seifert Racing,100,2,23,0.0,17.14,5647.0,20046.0,0.0,0,20.56,5.0,38.0,62,2.0,23.0,0.0,0.0
1969,Dennis Holt (Owner),14,0,0,0.0,20.79,516.0,1622.0,0.0,0,22.57,14.0,39.0,3,0.0,0.0,0.0,0.0
1970,Roy Tyner (Owner),12,0,2,0.0,24.17,530.0,1676.0,0.0,0,27.25,8.0,38.0,4,0.0,16.67,0.0,0.0
1971,Gordon Racing,46,6,21,0.0,11.91,3677.0,12468.0,0.0,0,12.54,3.0,38.0,41,13.04,45.65,0.0,0.0
1973,DiGard  Motorsports,14,2,5,0.0,19.5,568.0,2904.0,39.0,0,7.21,2.0,38.0,4,14.29,35.71,0.0,1.34
1973,Don Noel (Owner),1,0,0,0.0,23.0,56.0,119.0,0.0,0,35.0,23.0,23.0,0,0.0,0.0,0.0,0.0
1974,Negre Racing,26,0,0,0.0,21.92,,5198.0,0.0,0,25.54,11.0,34.0,7,0.0,0.0,0.0,0.0
1981,Lindley Racing,4,0,0,0.0,24.75,365.0,835.0,28.0,0,9.0,23.0,27.0,0,0.0,0.0,0.0,3.35
1982,Marcis Auto Racing,29,2,14,1.0,14.34,3590.0,8279.0,56.0,1,16.86,1.0,32.0,22,6.9,48.28,3.45,0.68
1984,Johnny Hayes (Owner),37,7,13,1.0,16.78,4160.0,9178.0,411.0,7,15.7,1.0,42.0,27,18.92,35.14,2.7,4.48
1985,Bud Moore Engineering,28,13,19,1.0,10.54,3857.0,8475.0,329.0,8,7.86,1.0,32.0,23,46.43,67.86,3.57,3.88
1987,Freelander Motorsports,28,0,2,0.0,25.04,2126.0,5352.0,0.0,0,27.14,10.0,40.0,14,0.0,7.14,0.0,0.0
1993,Hendrick Motorsports,91,25,40,1.0,16.27,10861.0,26058.0,652.0,33,11.52,1.0,41.0,69,27.47,43.96,1.1,2.5
1995,ppc Racing,2,0,0,0.0,30.0,146.0,195.0,0.0,0,19.5,18.0,42.0,1,0.0,0.0,0.0,0.0
1996,Tamara Turner (Owner),1,0,0,0.0,36.0,55.0,70.0,0.0,0,43.0,36.0,36.0,1,0.0,0.0,0.0,0.0
2003,Evernham Motorsports,74,13,24,1.0,18.78,8152.0,20012.0,756.0,42,17.16,1.0,43.0,65,17.57,32.43,1.35,3.78
2004,Robert Yates Racing,72,14,28,2.0,16.17,8529.0,20777.0,279.0,41,16.22,1.0,40.0,68,19.44,38.89,2.78,1.34
2004,EM Motorsports,9,0,0,0.0,37.33,459.0,950.0,0.0,0,33.0,27.0,43.0,2,0.0,0.0,0.0,0.0
2005,Roush Racing,180,61,93,15.0,13.99,23171.0,51307.0,4036.0,131,15.82,1.0,43.0,169,33.89,51.67,8.33,7.87
2016,HScott Motorsports,72,0,3,0.0,27.76,956.0,20057.0,10.0,20,33.86,7.0,40.0,65,0.0,4.17,0.0,0.05
2021,Chip Ganassi Racing,72,9,22,1.0,17.06,1684.0,16990.0,270.0,46,17.21,1.0,39.0,65,12.5,30.56,1.39,1.59
1953,Mellie Bernard (Owner),1,0,0,0.0,11.0,,,0.0,0,,11.0,11.0,0,0.0,0.0,0.0,
1963,Bruce Brantley (Owner),4,0,1,0.0,26.0,498.0,231.0,0.0,0,26.25,6.0,43.0,1,0.0,25.0,0.0,0.0
1953,Matt Gowan (Owner),4,0,0,0.0,30.5,,521.0,0.0,0,31.5,22.0,40.0,1,0.0,0.0,0.0,0.0
1956,Al Wheatley (Owner),1,0,0,0.0,14.0,,189.0,0.0,0,26.0,14.0,14.0,1,0.0,0.0,0.0,0.0
1956,Curly Weida (Owner),6,1,2,1.0,12.67,0.0,1017.0,1.0,1,6.83,1.0,26.0,4,16.67,33.33,16.67,0.1
1957,Nace Mattingly (Owner),4,0,0,0.0,21.0,,658.0,0.0,0,26.5,11.0,36.0,2,0.0,0.0,0.0,0.0
1957,C.M. Julian (Owner),15,0,2,0.0,18.87,,1824.0,0.0,0,21.27,9.0,50.0,9,0.0,13.33,0.0,0.0
1958,Steve Pierce (Owner),1,0,0,0.0,14.0,1200.0,344.0,0.0,0,19.0,14.0,14.0,1,0.0,0.0,0.0,0.0
1961,John Koszein (Owner),5,0,1,0.0,22.6,810.0,707.0,0.0,0,22.8,6.0,57.0,3,0.0,20.0,0.0,0.0
1985,McDuffie Racing,23,0,0,0.0,27.26,1774.0,4899.0,0.0,0,32.17,15.0,42.0,9,0.0,0.0,0.0,0.0
1985,Smokey Yunick Racing,1,0,0,0.0,20.0,103.0,84.0,0.0,0,37.0,20.0,20.0,1,0.0,0.0,0.0,0.0
1987,Richard Childress Racing,29,21,24,11.0,5.93,4696.0,9043.0,3357.0,23,7.28,1.0,31.0,27,72.41,82.76,37.93,37.12
1987,Mach 1 Racing,28,0,4,0.0,23.54,2616.0,6409.0,71.0,2,11.04,6.0,39.0,7,0.0,14.29,0.0,1.11
1989,Blue Max Racing,29,13,20,6.0,10.34,4176.0,9104.0,2020.0,15,8.79,1.0,37.0,25,44.83,68.97,20.69,22.19
1990,Osterlund Motorsports,29,0,2,0.0,22.66,2786.0,8413.0,10.0,1,27.69,8.0,41.0,23,0.0,6.9,0.0,0.12
1993,Active Motorsports,13,0,0,0.0,32.77,841.0,2198.0,0.0,0,30.08,22.0,41.0,3,0.0,0.0,0.0,0.0
1994,Roulo Brothers Racing,2,0,0,0.0,36.5,107.0,209.0,0.0,0,32.5,36.0,37.0,1,0.0,0.0,0.0,0.0
1997,Team SABCO,79,1,5,0.0,28.7,6150.0,19383.0,176.0,12,20.49,4.0,43.0,54,1.27,6.33,0.0,0.91
2000,Brett Bodine Racing,29,0,0,0.0,29.79,2145.0,8336.0,5.0,2,23.79,14.0,42.0,22,0.0,0.0,0.0,0.06
1951,Lloyd Dennis (Owner),4,0,0,0.0,28.5,,39.0,0.0,0,34.67,22.0,33.0,0,0.0,0.0,0.0,0.0
1955,Bill Bowman (Owner),3,0,2,0.0,16.67,356.0,675.0,0.0,0,31.0,7.0,35.0,3,0.0,66.67,0.0,0.0
1960,Barney Shore (Owner),1,0,0,0.0,20.0,,93.0,0.0,0,25.0,20.0,20.0,0,0.0,0.0,0.0,0.0
1966,Jim Bangsberry (Owner),2,0,0,0.0,33.0,120.0,63.0,0.0,0,28.0,32.0,34.0,0,0.0,0.0,0.0,0.0
1951,Sam Knox (Owner),15,4,7,0.0,17.67,,638.0,92.0,0,6.0,2.0,44.0,5,26.67,46.67,0.0,14.42
1953,Petty Enterprises,37,27,33,5.0,4.76,0.0,3418.0,254.0,8,12.8,1.0,19.0,30,72.97,89.19,13.51,7.43
1961,Jim White (Owner),4,0,0,0.0,31.25,244.0,284.0,0.0,0,33.75,26.0,44.0,2,0.0,0.0,0.0,0.0
1961,Weldon Wagner (Owner),2,0,0,0.0,39.5,130.0,54.0,0.0,0,28.5,33.0,46.0,1,0.0,0.0,0.0,0.0
1968,Red Farmer (Owner),7,1,1,0.0,29.57,404.0,928.0,1.0,0,19.71,4.0,43.0,1,14.29,14.29,0.0,0.11
1968,Tom Hunter (Owner),10,0,0,0.0,24.0,626.0,1993.0,0.0,0,29.4,13.0,38.0,5,0.0,0.0,0.0,0.0
1969,Arrington Racing,16,2,6,0.0,18.56,1099.0,3758.0,0.0,0,12.88,5.0,36.0,7,12.5,37.5,0.0,0.0
1970,Ron Ronacher (Owner),16,0,0,0.0,23.13,595.0,1028.0,0.0,0,23.63,15.0,32.0,2,0.0,0.0,0.0,0.0
1971,Marvin Rowley (Owner),3,0,0,0.0,19.67,282.0,349.0,0.0,0,18.67,17.0,25.0,1,0.0,0.0,0.0,0.0
1971,Seifert Racing,44,0,4,0.0,23.89,2526.0,7081.0,0.0,0,22.66,6.0,46.0,13,0.0,9.09,0.0,0.0
1977,Al Rudd Auto,25,1,10,0.0,17.52,2810.0,6233.0,13.0,0,16.6,4.0,36.0,14,4.0,40.0,0.0,0.21
1977,Canavan Racing,5,0,0,0.0,30.6,301.0,646.0,0.0,0,28.2,23.0,36.0,1,0.0,0.0,0.0,0.0
1977,Bill Baker (Owner),2,0,0,0.0,22.0,79.0,142.0,0.0,0,30.0,16.0,28.0,1,0.0,0.0,0.0,0.0
1987,DiGard  Motorsports,3,0,0,0.0,25.33,261.0,621.0,0.0,0,29.33,19.0,37.0,2,0.0,0.0,0.0,0.0
1994,Spears Racing,2,0,0,0.0,36.5,112.0,350.0,1.0,0,28.0,34.0,39.0,2,0.0,0.0,0.0,0.29
2019,Premium Motorsports,62,0,1,0.0,29.53,104.0,16368.0,11.0,7,34.4,10.0,38.0,56,0.0,1.61,0.0,0.07
1954,Ranier-Lundy Racing,4,1,1,0.0,26.5,,582.0,0.0,0,18.5,4.0,49.0,2,25.0,25.0,0.0,0.0
1958,Jim Parsley (Owner),11,0,4,0.0,14.0,1128.0,1907.0,0.0,0,18.67,6.0,26.0,9,0.0,36.36,0.0,0.0
1967,,22,0,1,0.0,25.91,8714.0,2293.0,6.0,0,28.05,6.0,45.0,5,0.0,4.55,0.0,0.26
1950,Joe Harrison (Owner),1,0,0,0.0,40.0,,3.0,0.0,0,31.0,40.0,40.0,0,0.0,0.0,0.0,0.0
1950,Roy Bentley (Owner),1,0,0,0.0,47.0,,319.0,0.0,0,39.0,47.0,47.0,0,0.0,0.0,0.0,0.0
1951,Julian Buesink (Owner),51,8,19,0.0,17.14,,1281.0,33.0,0,17.71,3.0,79.0,11,15.69,37.25,0.0,2.58
1952,Hank Salat (Owner),5,0,2,0.0,18.8,,538.0,0.0,0,16.8,6.0,35.0,1,0.0,40.0,0.0,0.0
1955,Coz Concilla (Owner),3,2,2,1.0,6.0,780.0,523.0,34.0,1,3.0,1.0,14.0,2,66.67,66.67,33.33,6.5
1965,Irwin Sandlin (Owner),1,0,1,0.0,8.0,1900.0,172.0,0.0,0,38.0,8.0,8.0,1,0.0,100.0,0.0,0.0
1967,Neil Castles (Owner),31,2,12,0.0,16.68,15110.0,5704.0,0.0,0,20.55,4.0,36.0,14,6.45,38.71,0.0,0.0
1970,Arrington Racing,20,0,2,0.0,24.0,1162.0,2938.0,0.0,0,19.15,6.0,42.0,6,0.0,10.0,0.0,0.0
1970,Ervin Pruitt (Owner),25,0,0,0.0,21.84,975.0,3619.0,16.0,0,23.64,11.0,37.0,7,0.0,0.0,0.0,0.44
1971,Neil Castles (Owner),52,2,12,0.0,22.98,2636.0,8918.0,43.0,1,21.46,2.0,50.0,22,3.85,23.08,0.0,0.48
1975,Opal Voight (Owner),15,0,3,0.0,16.0,1732.0,3861.0,0.0,0,32.27,8.0,32.0,10,0.0,20.0,0.0,0.0
1975,Hugh Pearson (Owner),2,0,0,0.0,20.5,203.0,218.0,0.0,0,22.0,18.0,23.0,0,0.0,0.0,0.0,0.0
1977,Sonny Easley (Owner),2,0,1,0.0,16.5,231.0,245.0,0.0,0,21.5,7.0,26.0,1,0.0,50.0,0.0,0.0
1977,Gerald Craker (Owner),3,0,0,0.0,25.67,258.0,180.0,0.0,0,18.0,13.0,39.0,1,0.0,0.0,0.0,0.0
1979,Price Racing,25,0,0,0.0,21.48,2464.0,6984.0,0.0,0,28.72,14.0,31.0,17,0.0,0.0,0.0,0.0
1979,Nelson Malloch (Owner),28,1,8,0.0,19.93,2789.0,6312.0,16.0,1,19.29,3.0,40.0,13,3.57,28.57,0.0,0.25
1982,Bill Terry (Owner),2,0,0,0.0,22.0,79.0,526.0,0.0,0,32.0,16.0,28.0,1,0.0,0.0,0.0,0.0
1988,RahMoc Enterprises,30,3,8,2.0,19.0,3281.0,8336.0,338.0,6,17.27,1.0,40.0,23,10.0,26.67,6.67,4.05
1989,O'Neil Racing,3,0,0,0.0,30.33,216.0,653.0,0.0,0,35.67,30.0,31.0,0,0.0,0.0,0.0,0.0
1990,Bud Moore Engineering,29,7,16,1.0,13.62,3689.0,8794.0,202.0,14,19.76,1.0,36.0,23,24.14,55.17,3.45,2.3
1992,Marcis Auto Racing,29,0,0,0.0,26.59,2414.0,7266.0,0.0,1,29.45,15.0,39.0,17,0.0,0.0,0.0,0.0
1998,Standridge Racing,4,0,0,0.0,33.5,250.0,568.0,0.0,0,28.25,28.0,43.0,3,0.0,0.0,0.0,0.0
2001,Robert Yates Racing,72,26,41,6.0,13.56,9318.0,21280.0,1080.0,53,13.93,1.0,42.0,64,36.11,56.94,8.33,5.08
2007,Haas CNC Racing,71,1,5,0.0,27.03,5875.0,18793.0,14.0,19,30.92,5.0,43.0,64,1.41,7.04,0.0,0.07
2008,Front Row Motorsports,5,0,0,0.0,39.6,226.0,1008.0,1.0,0,37.4,35.0,43.0,2,0.0,0.0,0.0,0.1
2013,Phil Parsons Racing,33,0,1,0.0,38.21,190.0,3297.0,3.0,2,34.48,9.0,43.0,6,0.0,3.03,0.0,0.09
2018,Chip Ganassi Racing,72,14,27,0.0,15.74,1817.0,19567.0,791.0,46,15.44,2.0,40.0,63,19.44,37.5,0.0,4.04
2021,Wood Brothers Racing,36,3,9,0.0,16.86,775.0,8985.0,68.0,22,18.19,4.0,37.0,34,8.33,25.0,0.0,0.76
2022,RFK Racing,72,4,16,1.0,18.5,1436.0,17891.0,418.0,45,17.58,1.0,38.0,62,5.56,22.22,1.39,2.34
1954,Joe Bearscheck (Owner),4,2,3,1.0,14.5,,1058.0,142.0,1,23.5,1.0,47.0,3,50.0,75.0,25.0,13.42
1954,Vincent Cornella (Owner),1,0,0,0.0,20.0,,420.0,0.0,0,15.0,20.0,20.0,1,0.0,0.0,0.0,0.0
1952,Ken Swihart (Owner),4,1,1,0.0,14.75,,249.0,0.0,0,11.0,5.0,25.0,1,25.0,25.0,0.0,0.0
1953,Dave Quate (Owner),9,2,2,0.0,18.44,,292.0,0.0,0,18.0,3.0,34.0,3,22.22,22.22,0.0,0.0
1953,Ralph Dyer (Owner),6,0,3,0.0,11.5,,480.0,0.0,0,11.5,6.0,22.0,1,0.0,50.0,0.0,0.0
1955,Lou Mangini (Owner),2,0,0,0.0,11.5,112.0,328.0,0.0,0,14.5,11.0,12.0,2,0.0,0.0,0.0,0.0
1955,Charles Vance (Owner),2,0,0,0.0,16.0,328.0,319.0,0.0,0,11.5,12.0,20.0,1,0.0,0.0,0.0,0.0
1958,Bob Welborn (Owner),4,1,2,0.0,23.0,,360.0,28.0,0,26.75,5.0,41.0,2,25.0,50.0,0.0,7.78
1960,Frank Secrist (Owner),2,0,0,0.0,21.0,158.0,105.0,8.0,0,4.5,15.0,27.0,1,0.0,0.0,0.0,7.62
1961,Ralph Stark (Owner),4,0,0,0.0,34.75,430.0,359.0,0.0,0,35.75,20.0,51.0,2,0.0,0.0,0.0,0.0
1961,Dick Wright (Owner),5,0,1,0.0,28.0,1218.0,483.0,0.0,0,15.8,9.0,38.0,2,0.0,20.0,0.0,0.0
1961,Marshall Sargent (Owner),3,0,0,0.0,29.33,850.0,369.0,0.0,0,43.33,18.0,41.0,1,0.0,0.0,0.0,0.0
1963,Parker Snead (Owner),3,0,0,0.0,32.0,426.0,184.0,0.0,0,25.67,12.0,49.0,1,0.0,0.0,0.0,0.0
1973,Mike Bennett (Owner),2,0,0,0.0,34.5,68.0,188.0,0.0,0,14.0,18.0,51.0,1,0.0,0.0,0.0,0.0
1974,Hawks Enterprises,8,0,0,0.0,23.75,,1233.0,0.0,0,30.0,15.0,40.0,0,0.0,0.0,0.0,0.0
1975,Gerald Craker (Owner),1,0,0,0.0,11.0,130.0,188.0,0.0,0,30.0,11.0,11.0,1,0.0,0.0,0.0,0.0
1976,Faustina Racing,5,0,0,0.0,23.6,255.0,1324.0,0.0,0,26.6,15.0,29.0,1,0.0,0.0,0.0,0.0
1979,Dion Racing,1,0,0,0.0,19.0,106.0,380.0,0.0,0,13.0,19.0,19.0,1,0.0,0.0,0.0,0.0
1982,Martin Racing,30,2,8,0.0,19.47,3042.0,7449.0,4.0,0,15.07,5.0,38.0,18,6.67,26.67,0.0,0.05
1988,Wood Brothers Racing,29,2,8,0.0,17.03,3296.0,8883.0,67.0,5,17.14,5.0,40.0,23,6.9,27.59,0.0,0.75
1988,A.J. Foyt Racing,7,0,0,0.0,30.14,523.0,920.0,9.0,1,17.71,12.0,37.0,1,0.0,0.0,0.0,0.98
1993,Diamond Ridge Motorsports,2,0,0,0.0,34.5,119.0,154.0,0.0,0,34.5,34.0,35.0,0,0.0,0.0,0.0,0.0
2004,Kirk Shelmerdine Racing,21,0,0,0.0,40.24,888.0,1024.0,0.0,0,40.57,29.0,43.0,1,0.0,0.0,0.0,0.0
2007,Bill Davis Racing,52,1,4,0.0,28.81,4060.0,13746.0,48.0,14,22.9,3.0,43.0,39,1.92,7.69,0.0,0.35
2010,Prism Motorsports,45,0,0,0.0,41.0,1830.0,2557.0,14.0,0,32.76,29.0,43.0,1,0.0,0.0,0.0,0.55
2012,Richard Petty Motorsports,72,4,12,1.0,18.97,1818.0,20243.0,152.0,33,15.24,1.0,36.0,65,5.56,16.67,1.39,0.75
2023,Wood Brothers Racing,36,0,2,0.0,24.67,450.0,8924.0,25.0,17,25.31,6.0,36.0,30,0.0,5.56,0.0,0.28
1951,Eddie Anderson (Owner),4,0,0,0.0,35.5,,8.0,0.0,0,18.33,22.0,54.0,0,0.0,0.0,0.0,0.0
1958,Tim Flock (Owner),1,0,0,0.0,18.0,,66.0,25.0,0,3.0,18.0,18.0,0,0.0,0.0,0.0,37.88
1969,,19,0,2,0.0,25.84,907.0,1836.0,0.0,0,27.21,8.0,48.0,4,0.0,10.53,0.0,0.0
1950,Alton Haddock (Owner),1,0,0,0.0,72.0,,98.0,0.0,0,73.0,72.0,72.0,0,0.0,0.0,0.0,0.0
1956,Dick Getty (Owner),3,0,0,0.0,24.0,,186.0,0.0,0,19.5,17.0,31.0,1,0.0,0.0,0.0,0.0
1958,Lyle Stelter (Owner),1,0,0,0.0,23.0,,152.0,0.0,0,26.0,23.0,23.0,1,0.0,0.0,0.0,0.0
1964,Ratus Walters (Owner),1,0,0,0.0,11.0,300.0,119.0,0.0,0,13.0,11.0,11.0,0,0.0,0.0,0.0,0.0
1969,K-Automotive Motorsports,2,0,0,0.0,31.5,117.0,179.0,0.0,0,25.0,27.0,36.0,1,0.0,0.0,0.0,0.0
1973,Roger Paquette (Owner),2,2,2,0.0,4.5,186.0,335.0,0.0,0,13.5,4.0,5.0,2,100.0,100.0,0.0,0.0
1982,Ronnie Thomas Racing,16,0,0,0.0,26.88,905.0,2899.0,0.0,0,30.31,13.0,38.0,4,0.0,0.0,0.0,0.0
1986,Hendrick Motorsports,59,23,32,9.0,12.75,7961.0,16729.0,2680.0,23,4.92,1.0,40.0,45,38.98,54.24,15.25,16.02
1986,Autosports Enterprises,5,0,1,0.0,27.8,400.0,1101.0,0.0,0,21.8,9.0,41.0,3,0.0,20.0,0.0,0.0
1992,Steve Balogh (Owner),10,0,0,0.0,29.0,760.0,1862.0,0.0,0,34.3,20.0,33.0,5,0.0,0.0,0.0,0.0
1995,Melling Racing,31,0,2,0.0,23.03,2921.0,9073.0,17.0,4,24.48,8.0,40.0,28,0.0,6.45,0.0,0.19
2002,Jasper Motorsports,38,0,5,0.0,21.18,3834.0,10477.0,65.0,14,23.5,7.0,43.0,34,0.0,13.16,0.0,0.62
2006,Hall of Fame Racing,36,1,2,0.0,24.25,3284.0,10461.0,51.0,14,32.97,3.0,40.0,35,2.78,5.56,0.0,0.49
2022,TMT Racing,4,0,0,0.0,27.0,3.0,774.0,0.0,1,34.75,23.0,34.0,4,0.0,0.0,0.0,0.0
1969,Rudy Hoerr (Owner),1,1,1,0.0,4.0,0.0,183.0,0.0,0,6.0,4.0,4.0,1,100.0,100.0,0.0,0.0
1953,George Miller (Owner),6,0,0,0.0,23.17,,73.0,0.0,0,22.0,15.0,34.0,1,0.0,0.0,0.0,0.0
1956,Tom Roady (Owner),9,3,5,0.0,11.78,,1279.0,0.0,2,12.89,2.0,23.0,6,33.33,55.56,0.0,0.0
1965,Negre Racing,25,0,9,0.0,15.56,5426.0,4529.0,0.0,0,16.8,8.0,42.0,16,0.0,36.0,0.0,0.0
1966,Roy Hallquist (Owner),4,2,2,0.0,11.0,1048.0,547.0,0.0,0,15.25,4.0,22.0,2,50.0,50.0,0.0,0.0
1970,Jack Bowsher & Associates,3,1,1,1.0,15.67,0.0,298.0,35.0,1,11.33,1.0,32.0,2,33.33,33.33,33.33,11.74
1970,Fran Kelly (Owner),2,0,0,0.0,21.5,0.0,176.0,0.0,0,29.0,17.0,26.0,1,0.0,0.0,0.0,0.0
1971,Warren Racing,43,0,7,0.0,21.3,2644.0,7928.0,0.0,0,20.35,7.0,50.0,22,0.0,16.28,0.0,0.0
1971,Churchill Motorsports,6,0,0,0.0,24.67,122.0,664.0,0.0,0,30.33,14.0,40.0,2,0.0,0.0,0.0,0.0
1975,George Avery (Owner),1,0,0,0.0,21.0,100.0,170.0,0.0,0,44.0,21.0,21.0,1,0.0,0.0,0.0,0.0
1976,Canavan Racing,7,0,0,0.0,25.29,610.0,1687.0,0.0,0,32.29,17.0,36.0,4,0.0,0.0,0.0,0.0
1977,Butch Hartman (Owner),11,0,2,0.0,20.64,1116.0,2005.0,0.0,0,21.82,9.0,35.0,6,0.0,18.18,0.0,0.0
1978,DiGard  Motorsports,30,19,20,6.0,10.37,4362.0,9445.0,2173.0,12,5.93,1.0,35.0,21,63.33,66.67,20.0,23.01
1979,Spohn Racing,1,0,0,0.0,34.0,0.0,148.0,0.0,0,23.0,34.0,34.0,0,0.0,0.0,0.0,0.0
1980,Dick Midgley Motorsports,1,0,0,0.0,24.0,91.0,67.0,0.0,0,22.0,24.0,24.0,1,0.0,0.0,0.0,0.0
1980,Lake Speed Racing,11,0,3,0.0,18.18,1208.0,1947.0,2.0,0,18.82,7.0,38.0,8,0.0,27.27,0.0,0.1
1980,McCray Motorsports,3,0,0,0.0,28.67,231.0,238.0,0.0,0,30.0,19.0,35.0,1,0.0,0.0,0.0,0.0
1983,Donlavey Racing,30,2,6,0.0,19.1,2946.0,7866.0,108.0,2,15.53,5.0,37.0,18,6.67,20.0,0.0,1.37
1989,Bobby Gerhart Racing,1,0,0,0.0,23.0,94.0,193.0,0.0,0,37.0,23.0,23.0,1,0.0,0.0,0.0,0.0
1991,Larry Rouse (Owner),1,0,0,0.0,39.0,51.0,54.0,1.0,0,43.0,39.0,39.0,0,0.0,0.0,0.0,1.85
1992,HL Waters (Owner),3,0,0,0.0,32.33,198.0,498.0,0.0,0,33.67,25.0,37.0,2,0.0,0.0,0.0,0.0
2003,Bill Davis Racing,74,0,6,0.0,23.46,6890.0,21528.0,18.0,24,25.96,6.0,42.0,67,0.0,8.11,0.0,0.08
2003,Carter-Haas Motorsports,37,0,1,0.0,26.76,3074.0,9077.0,4.0,13,28.08,8.0,43.0,27,0.0,2.7,0.0,0.04
2005,Joe Gibbs Racing,107,21,36,5.0,19.34,11754.0,29762.0,1944.0,56,19.48,1.0,43.0,92,19.63,33.64,4.67,6.53
2018,Stewart-Haas Racing,144,42,84,12.0,11.86,4774.0,39597.0,3270.0,107,11.7,1.0,40.0,128,29.17,58.33,8.33,8.26
2022,Front Row Motorsports,72,3,14,0.0,19.93,1285.0,18628.0,78.0,41,22.25,3.0,38.0,65,4.17,19.44,0.0,0.42
1954,Bill Stammer (Owner),2,0,0,0.0,16.5,,631.0,0.0,0,9.0,16.0,17.0,2,0.0,0.0,0.0,0.0
1962,Shorty Johns (Owner),13,2,3,1.0,20.15,5670.0,2745.0,614.0,1,7.23,1.0,31.0,3,15.38,23.08,7.69,22.37
1965,Jabe Thomas (Owner),12,1,2,0.0,22.17,3512.0,2361.0,0.0,0,20.83,2.0,40.0,5,8.33,16.67,0.0,0.0
1953,Ernest Woods (Owner),3,0,1,0.0,23.33,,387.0,0.0,0,19.0,6.0,46.0,1,0.0,33.33,0.0,0.0
1956,Brownie King (Owner),15,0,0,0.0,18.13,,1994.0,0.0,0,22.93,11.0,32.0,9,0.0,0.0,0.0,0.0
1959,Bob Potter (Owner),2,0,0,0.0,43.5,88.0,46.0,0.0,0,35.0,34.0,53.0,0,0.0,0.0,0.0,0.0
1959,Jim Rush (Owner),2,2,2,0.0,4.0,,582.0,0.0,1,4.0,4.0,4.0,2,100.0,100.0,0.0,0.0
1965,Sam Fletcher (Owner),7,0,1,0.0,23.71,3244.0,660.0,0.0,0,21.14,10.0,37.0,3,0.0,14.29,0.0,0.0
1965,Lester Hunter (Owner),10,0,0,0.0,20.3,4050.0,965.0,0.0,0,27.0,11.0,33.0,3,0.0,0.0,0.0,0.0
1967,Jack Harden (Owner),2,0,1,0.0,18.5,360.0,284.0,0.0,0,15.0,9.0,28.0,1,0.0,50.0,0.0,0.0
1968,Brooks Racing,20,0,3,0.0,17.5,886.0,2748.0,0.0,0,17.6,6.0,35.0,7,0.0,15.0,0.0,0.0
1969,Friday Hassler (Owner),18,0,6,0.0,17.22,1362.0,4148.0,3.0,0,16.44,6.0,40.0,9,0.0,33.33,0.0,0.07
1969,Bud Moore Engineering,1,0,0,0.0,36.0,0.0,0.0,0.0,0,30.0,36.0,36.0,0,0.0,0.0,0.0,
1971,Ernie Conn (Owner),3,0,0,0.0,14.0,333.0,443.0,0.0,0,21.0,11.0,18.0,1,0.0,0.0,0.0,0.0
1973,George Elliott Racing,5,0,1,0.0,25.2,170.0,1020.0,9.0,0,30.0,10.0,40.0,2,0.0,20.0,0.0,0.88
1977,Sisco Racing,11,0,0,0.0,27.27,893.0,2107.0,0.0,0,28.09,19.0,39.0,3,0.0,0.0,0.0,0.0
1983,Terry Marra (Owner),5,0,0,0.0,20.0,436.0,1317.0,0.0,0,26.6,14.0,28.0,3,0.0,0.0,0.0,0.0
1987,Wood Brothers Racing,29,6,14,1.0,12.9,3737.0,8523.0,103.0,10,13.97,1.0,35.0,25,20.69,48.28,3.45,1.21
1993,Schmitt Racing,1,0,0,0.0,31.0,70.0,71.0,0.0,0,28.0,31.0,31.0,1,0.0,0.0,0.0,0.0
2007,BAM Racing,17,0,0,0.0,32.82,1102.0,4935.0,2.0,0,29.06,17.0,42.0,10,0.0,0.0,0.0,0.04
2009,EM Motorsports,7,0,0,0.0,35.57,399.0,1150.0,1.0,1,30.29,24.0,42.0,3,0.0,0.0,0.0,0.09
2013,Front Row Motorsports,108,2,4,1.0,29.36,1287.0,27301.0,31.0,25,30.02,1.0,43.0,79,1.85,3.7,0.93,0.11
2024,Power Source,13,0,0,0.0,35.23,0.0,2770.0,0.0,2,37.46,28.0,39.0,8,0.0,0.0,0.0,0.0
1951,Preston Jones (Owner),2,0,0,0.0,25.5,,355.0,0.0,0,65.0,13.0,38.0,0,0.0,0.0,0.0,0.0
1958,Bob Pronger (Owner),2,0,0,0.0,32.0,52.0,103.0,0.0,0,28.5,27.0,37.0,0,0.0,0.0,0.0,0.0
1958,Jim Findley (Owner),1,1,1,0.0,5.0,176.0,189.0,0.0,0,16.0,5.0,5.0,1,100.0,100.0,0.0,0.0
1960,Paul Spaulding (Owner),2,0,0,0.0,23.5,,98.0,0.0,0,3.0,19.0,28.0,0,0.0,0.0,0.0,0.0
1957,Fireball Roberts (Owner),23,8,12,3.0,11.35,,3758.0,671.0,6,6.61,1.0,33.0,16,34.78,52.17,13.04,17.86
1958,Holman Moody,25,12,15,4.0,11.48,4676.0,4669.0,843.0,9,11.56,1.0,35.0,19,48.0,60.0,16.0,18.06
1959,Ken Johnson (Owner),4,0,1,0.0,21.25,424.0,408.0,0.0,0,22.0,8.0,43.0,2,0.0,25.0,0.0,0.0
1959,Julian Buesink (Owner),5,0,0,0.0,33.4,248.0,736.0,0.0,0,37.0,11.0,51.0,1,0.0,0.0,0.0,0.0
1961,Fred Clark (Owner),10,0,2,0.0,20.0,8022.0,2194.0,0.0,0,28.7,6.0,41.0,6,0.0,20.0,0.0,0.0
1965,Scott Racing,50,4,20,0.0,13.3,17878.0,9260.0,0.0,0,16.42,4.0,35.0,30,8.0,40.0,0.0,0.0
1966,Negre Racing,38,1,14,0.0,14.5,13844.0,8526.0,0.0,0,19.63,2.0,41.0,27,2.63,36.84,0.0,0.0
1967,Don Culpepper (Owner),26,0,5,0.0,18.38,8822.0,4821.0,24.0,0,23.0,6.0,44.0,14,0.0,19.23,0.0,0.5
1969,Jimmy Vaughn (Owner),1,0,1,0.0,7.0,0.0,159.0,0.0,0,23.0,7.0,7.0,1,0.0,100.0,0.0,0.0
1971,Glen Dorrity (Owner),2,0,0,0.0,30.5,123.0,74.0,0.0,0,31.5,28.0,33.0,0,0.0,0.0,0.0,0.0
1974,Roger Paquette (Owner),2,0,0,0.0,21.0,,267.0,1.0,0,19.0,19.0,23.0,1,0.0,0.0,0.0,0.37
1978,Robertson Racing,27,0,2,0.0,21.59,2655.0,6805.0,0.0,0,25.93,9.0,37.0,15,0.0,7.41,0.0,0.0
1985,Petty Enterprises,4,0,0,0.0,24.5,358.0,1028.0,0.0,0,23.25,18.0,38.0,1,0.0,0.0,0.0,0.0
1985,Marcis Auto Racing,28,0,5,0.0,20.54,2871.0,7319.0,30.0,0,21.96,8.0,38.0,17,0.0,17.86,0.0,0.41
1995,Precision Products Racing,31,0,3,0.0,22.55,2984.0,8560.0,143.0,6,20.94,8.0,37.0,22,0.0,9.68,0.0,1.67
1996,Stavola Brothers Racing,31,1,1,0.0,24.0,2854.0,8620.0,163.0,5,23.68,2.0,39.0,28,3.23,3.23,0.0,1.89
2000,Morgan-McClure Motorsports,34,0,2,0.0,27.97,2715.0,8903.0,65.0,7,27.88,7.0,43.0,23,0.0,5.88,0.0,0.73
2002,Robert Yates Racing,72,18,30,3.0,15.5,8763.0,20075.0,797.0,46,17.9,1.0,42.0,63,25.0,41.67,4.17,3.97
2005,Arnold Motorsports,10,0,0,0.0,33.6,632.0,2829.0,3.0,0,31.5,21.0,42.0,7,0.0,0.0,0.0,0.11
2006,Michael Waltrip Racing,38,0,0,0.0,30.89,2697.0,9844.0,5.0,6,31.87,14.0,43.0,31,0.0,0.0,0.0,0.05
2024,Richard Childress Racing,78,6,15,1.0,21.13,1340.0,19598.0,267.0,46,18.95,1.0,38.0,67,7.69,19.23,1.28,1.36
2025,Kaulig Racing,73,2,8,0.0,23.19,1114.0,17753.0,61.0,38,21.32,4.0,41.0,61,2.74,10.96,0.0,0.34
1952,Sam Knox (Owner),6,2,3,1.0,9.0,,932.0,176.0,1,16.17,1.0,14.0,4,33.33,50.0,16.67,18.88
1951,Jack Smith (Owner),3,2,2,0.0,9.0,,34.0,0.0,0,7.5,2.0,22.0,2,66.67,66.67,0.0,0.0
1956,Hugh Babb (Owner),2,1,2,0.0,6.5,,390.0,0.0,0,10.5,3.0,10.0,2,50.0,100.0,0.0,0.0
1956,John Lindsay (Owner),5,0,1,0.0,15.0,,715.0,0.0,0,25.75,9.0,21.0,3,0.0,20.0,0.0,0.0
1960,Fred Wheat (Owner),6,0,2,0.0,21.83,788.0,831.0,0.0,0,20.67,6.0,46.0,2,0.0,33.33,0.0,0.0
1964,Barney Humphries (Owner),18,0,3,0.0,14.61,4054.0,4013.0,0.0,0,20.06,8.0,36.0,15,0.0,16.67,0.0,0.0
1964,Matthews Racing,21,8,9,2.0,13.95,7946.0,4570.0,1100.0,4,5.67,1.0,34.0,8,38.1,42.86,9.52,24.07
1969,Ken Meisenhelder (Owner),16,0,0,0.0,19.5,627.0,1834.0,0.0,0,23.44,12.0,32.0,7,0.0,0.0,0.0,0.0
1970,Seifert Racing,58,1,4,0.0,19.9,3088.0,8788.0,0.0,0,21.26,5.0,47.0,27,1.72,6.9,0.0,0.0
1972,H.J. Brooking (Owner),4,1,1,0.0,23.75,122.0,1020.0,2.0,0,10.25,3.0,32.0,1,25.0,25.0,0.0,0.2
1973,Warren Racing,24,0,0,0.0,21.38,1422.0,6198.0,0.0,0,25.54,13.0,37.0,15,0.0,0.0,0.0,0.0
1976,Cunningham-Kelley,15,0,6,0.0,18.6,1628.0,3309.0,0.0,0,17.6,6.0,34.0,7,0.0,40.0,0.0,0.0
1977,McClure Motors,4,0,0,0.0,18.5,430.0,1329.0,0.0,0,27.25,13.0,24.0,3,0.0,0.0,0.0,0.0
1977,WAM Racing,10,0,2,0.0,20.3,1025.0,1839.0,0.0,0,20.7,9.0,36.0,5,0.0,20.0,0.0,0.0
1978,Bobby Reeves (Owner),1,0,0,0.0,29.0,76.0,74.0,0.0,0,21.0,29.0,29.0,0,0.0,0.0,0.0,0.0
1979,DiGard  Motorsports,30,19,21,7.0,7.0,4663.0,9794.0,2068.0,12,4.4,1.0,29.0,29,63.33,70.0,23.33,21.11
1982,Jim Stacy Racing,36,8,15,2.0,15.67,3545.0,9023.0,479.0,7,13.06,1.0,40.0,23,22.22,41.67,5.56,5.31
1987,Simko Racing,4,0,0,0.0,29.75,295.0,850.0,0.0,0,34.5,26.0,35.0,1,0.0,0.0,0.0,0.0
1987,Paul Racing,1,0,0,0.0,35.0,58.0,104.0,0.0,0,30.0,35.0,35.0,0,0.0,0.0,0.0,0.0
1988,Melling Racing,29,15,22,6.0,6.59,4488.0,9647.0,1630.0,17,9.17,1.0,19.0,28,51.72,75.86,20.69,16.9
1990,Little Racing,17,0,0,0.0,24.29,1532.0,4513.0,0.0,1,29.53,15.0,40.0,14,0.0,0.0,0.0,0.0
1994,Donlavey Racing,25,1,1,0.0,22.08,2431.0,7716.0,13.0,4,28.6,5.0,36.0,22,4.0,4.0,0.0,0.17
1997,Mark Rypien Motorsports,15,0,1,0.0,29.93,1101.0,3823.0,0.0,1,28.0,8.0,42.0,11,0.0,6.67,0.0,0.0
2003,Joe Gibbs Racing,73,24,35,4.0,15.51,9011.0,20334.0,1379.0,47,13.15,1.0,41.0,63,32.88,47.95,5.48,6.78
2019,Beard Motorsports,4,0,1,0.0,19.25,0.0,692.0,5.0,1,31.5,8.0,27.0,2,0.0,25.0,0.0,0.72
2020,MBM Motorsports,39,0,0,0.0,33.51,0.0,8308.0,1.0,3,36.26,15.0,39.0,23,0.0,0.0,0.0,0.01
1951,John Golabek (Owner),5,3,3,1.0,10.0,,399.0,45.0,1,5.0,1.0,25.0,3,60.0,60.0,20.0,11.28
1961,Doug Cox (Owner),5,0,0,0.0,23.4,848.0,367.0,0.0,0,23.0,12.0,54.0,1,0.0,0.0,0.0,0.0
1952,Bill Caltrider (Owner),5,0,2,0.0,13.2,,1237.0,0.0,0,27.8,7.0,24.0,5,0.0,40.0,0.0,0.0
1953,Dick Curry (Owner),1,0,0,0.0,44.0,,198.0,0.0,0,31.0,44.0,44.0,0,0.0,0.0,0.0,0.0
1955,Frank Christian (Owner),17,5,10,1.0,14.59,2060.0,2017.0,66.0,3,10.18,1.0,61.0,9,29.41,58.82,5.88,3.27
1956,Max Welborn (Owner),24,3,14,0.0,12.0,,4240.0,0.0,0,14.26,3.0,32.0,17,12.5,58.33,0.0,0.0
1957,Dick Getty (Owner),9,2,7,0.0,8.33,,980.0,0.0,1,12.67,5.0,14.0,7,22.22,77.78,0.0,0.0
1957,Julian Petty (Owner),12,7,9,3.0,10.58,,2206.0,294.0,4,9.0,1.0,46.0,9,58.33,75.0,25.0,13.33
1959,Harvey Hege (Owner),15,0,4,0.0,14.2,1152.0,2398.0,0.0,0,18.33,7.0,27.0,11,0.0,26.67,0.0,0.0
1959,Art Krebs (Owner),1,0,0,0.0,16.0,,49.0,0.0,0,9.0,16.0,16.0,0,0.0,0.0,0.0,0.0
1962,Brooks Racing,5,0,3,0.0,12.2,1104.0,831.0,0.0,0,17.2,8.0,17.0,4,0.0,60.0,0.0,0.0
1971,Arnold Racing,17,0,3,0.0,16.35,1579.0,4097.0,0.0,0,22.53,9.0,35.0,16,0.0,17.65,0.0,0.0
1971,R.B. Chumley (Owner),2,0,0,0.0,19.5,111.0,291.0,0.0,0,20.5,12.0,27.0,0,0.0,0.0,0.0,0.0
1971,Reid Shaw (Owner),5,1,3,0.0,10.8,277.0,1372.0,0.0,0,8.0,5.0,23.0,3,20.0,60.0,0.0,0.0
1976,K&K Insurance Racing,31,9,16,3.0,14.61,3875.0,8396.0,893.0,4,4.52,1.0,39.0,19,29.03,51.61,9.68,10.64
1981,Mach 1 Racing,32,10,14,0.0,14.91,3835.0,7581.0,856.0,10,10.34,2.0,41.0,21,31.25,43.75,0.0,11.29
1985,Jefferson Racing,2,0,0,0.0,17.0,224.0,206.0,0.0,0,28.5,15.0,19.0,2,0.0,0.0,0.0,0.0
1989,Bob Clark Motorsports,8,0,1,0.0,26.75,663.0,2076.0,0.0,0,32.0,10.0,37.0,3,0.0,12.5,0.0,0.0
1990,Edward Cooper (Owner),2,0,0,0.0,38.0,98.0,94.0,0.0,0,38.0,35.0,41.0,0,0.0,0.0,0.0,0.0
1998,Roush Racing,163,45,72,9.0,16.91,19209.0,45924.0,2870.0,85,20.85,1.0,43.0,139,27.61,44.17,5.52,6.25
2019,Rick Ware Racing,55,0,0,0.0,32.82,12.0,13713.0,0.0,1,35.22,12.0,40.0,39,0.0,0.0,0.0,0.0
1960,Lennie Page (Owner),5,0,2,0.0,26.2,864.0,774.0,0.0,0,31.2,6.0,60.0,2,0.0,40.0,0.0,0.0
1957,,153,4,30,0.0,18.37,0.0,15323.0,0.0,0,20.0,3.0,51.0,77,2.61,19.61,0.0,0.0
1950,Virgil Livengood (Owner),1,0,0,0.0,35.0,,338.0,0.0,0,6.0,35.0,35.0,1,0.0,0.0,0.0,0.0
1957,S.T. Campbell (Owner),2,0,0,0.0,28.5,,63.0,0.0,0,20.0,24.0,33.0,0,0.0,0.0,0.0,0.0
1959,Jim Reed (Owner),14,7,9,3.0,11.36,4904.0,2512.0,289.0,3,15.08,1.0,37.0,10,50.0,64.29,21.43,11.5
1960,Dick Stanley (Owner),5,0,0,0.0,24.8,1640.0,567.0,0.0,0,27.0,16.0,47.0,2,0.0,0.0,0.0,0.0
1961,Charlie Chapman (Owner),8,0,1,0.0,18.63,1554.0,983.0,0.0,0,27.43,6.0,30.0,6,0.0,12.5,0.0,0.0
1961,Guy Kimball (Owner),5,3,4,0.0,7.6,1680.0,621.0,0.0,0,13.75,3.0,23.0,4,60.0,80.0,0.0,0.0
1963,Pete Stewart (Owner),60,6,20,1.0,15.12,20454.0,10307.0,74.0,1,13.78,1.0,39.0,30,10.0,33.33,1.67,0.72
1969,Langley-Woodfield Racing,57,13,28,0.0,14.33,3581.0,12747.0,40.0,0,13.04,3.0,36.0,36,22.81,49.12,0.0,0.31
1969,Larry Drover (Owner),1,0,0,0.0,21.0,0.0,85.0,0.0,0,31.0,21.0,21.0,0,0.0,0.0,0.0,0.0
1974,Hylton Engineering,29,1,8,0.0,17.66,,6774.0,33.0,0,19.21,5.0,35.0,15,3.45,27.59,0.0,0.49
1976,Hylton Engineering,29,2,5,0.0,16.86,3304.0,7954.0,14.0,0,20.97,4.0,35.0,22,6.9,17.24,0.0,0.18
1979,Wood Brothers Racing,22,5,7,3.0,18.91,2508.0,4787.0,728.0,7,4.68,1.0,37.0,7,22.73,31.82,13.64,15.21
1982,Newsom Racing,8,0,0,0.0,24.13,619.0,1143.0,0.0,0,33.5,13.0,35.0,4,0.0,0.0,0.0,0.0
1984,Irv Sanderson (Owner),12,0,0,0.0,29.25,903.0,2399.0,0.0,0,25.83,18.0,38.0,3,0.0,0.0,0.0,0.0
1985,John Kieper (Owner),2,0,0,0.0,22.0,194.0,185.0,0.0,0,15.0,16.0,28.0,1,0.0,0.0,0.0,0.0
1986,DiGard  Motorsports,13,0,1,0.0,30.77,920.0,2035.0,0.0,1,24.15,10.0,39.0,4,0.0,7.69,0.0,0.0
1988,Branch-Ragan Racing,5,0,0,0.0,33.4,314.0,731.0,0.0,0,31.4,30.0,41.0,2,0.0,0.0,0.0,0.0
1992,TriStar Motorsports,29,0,2,0.0,22.34,2787.0,8998.0,0.0,2,24.14,8.0,34.0,24,0.0,6.9,0.0,0.0
1995,Joe Gibbs Racing,31,7,14,3.0,16.29,3718.0,9019.0,278.0,12,13.94,1.0,41.0,25,22.58,45.16,9.68,3.08
2002,BAM Racing,17,0,0,0.0,36.47,911.0,3389.0,0.0,1,36.94,22.0,42.0,7,0.0,0.0,0.0,0.0
2006,RJ Motorsports,4,0,0,0.0,31.25,277.0,880.0,0.0,0,33.75,16.0,41.0,3,0.0,0.0,0.0,0.0
2013,HScott Motorsports,11,0,0,0.0,30.45,14.0,2987.0,1.0,2,29.18,15.0,42.0,8,0.0,0.0,0.0,0.03
1969,Bobby Allison Motorsports,2,0,1,0.0,11.0,35.0,423.0,0.0,0,6.0,6.0,16.0,1,0.0,50.0,0.0,0.0
1952,Perry Smith (Owner),4,0,0,0.0,17.5,,216.0,186.0,0,11.67,16.0,19.0,0,0.0,0.0,0.0,86.11
1955,Clarence DeZalia (Owner),10,0,0,0.0,25.8,664.0,1174.0,0.0,0,30.7,11.0,68.0,6,0.0,0.0,0.0,0.0
1956,Harvey Walters (Owner),3,0,0,0.0,53.33,,181.0,0.0,0,17.67,13.0,74.0,1,0.0,0.0,0.0,0.0
1956,Clarence DeZalia (Owner),4,0,0,0.0,16.75,,489.0,0.0,0,24.0,14.0,20.0,3,0.0,0.0,0.0,0.0
1957,Marvin Panch (Owner),20,10,14,2.0,8.6,,3595.0,91.0,7,11.84,1.0,34.0,15,50.0,70.0,10.0,2.53
1959,Shorty Rollins (Owner),12,0,5,0.0,17.83,2144.0,1549.0,0.0,0,12.64,6.0,38.0,5,0.0,41.67,0.0,0.0
1966,Gray Racing,44,4,20,0.0,12.77,22828.0,10579.0,0.0,0,20.82,5.0,40.0,34,9.09,45.45,0.0,0.0
1969,E.C. Reid (Owner),76,0,14,0.0,19.22,4020.0,13640.0,0.0,0,21.07,8.0,41.0,38,0.0,18.42,0.0,0.0
1970,Bill Shirey (Owner),29,0,1,0.0,23.17,1266.0,3691.0,0.0,0,23.24,9.0,44.0,8,0.0,3.45,0.0,0.0
1971,C.J. Grana (Owner),1,0,0,0.0,14.0,0.0,187.0,0.0,0,28.0,14.0,14.0,1,0.0,0.0,0.0,0.0
1972,Harley Smith (Owner),23,0,7,0.0,22.26,1316.0,4320.0,0.0,0,17.22,6.0,38.0,10,0.0,30.43,0.0,0.0
1976,McDuffie Racing,31,1,8,0.0,16.77,3521.0,7939.0,0.0,0,23.55,5.0,27.0,22,3.23,25.81,0.0,0.0
1980,A.J. Kurten (Owner),3,0,0,0.0,24.0,273.0,288.0,0.0,0,27.0,20.0,28.0,2,0.0,0.0,0.0,0.0
1981,Junior Johnson & Associates,32,21,25,12.0,8.16,4880.0,9580.0,2517.0,22,6.13,1.0,39.0,27,65.63,78.13,37.5,26.27
1983,Hagan Enterprises,30,11,20,1.0,12.07,4004.0,8498.0,434.0,9,7.03,1.0,36.0,23,36.67,66.67,3.33,5.11
1986,Ranier-Lundy Racing,16,2,5,0.0,21.31,1642.0,3467.0,110.0,2,12.81,3.0,37.0,6,12.5,31.25,0.0,3.17
1997,David Blair Motorsports,7,0,1,0.0,21.57,696.0,1976.0,12.0,1,17.57,8.0,37.0,6,0.0,14.29,0.0,0.61
2011,Richard Childress Racing,144,19,48,6.0,15.81,4129.0,41620.0,924.0,100,16.99,1.0,42.0,132,13.19,33.33,4.17,2.22
2022,JTG Daugherty Racing,36,1,5,0.0,22.78,577.0,8480.0,77.0,16,25.53,2.0,37.0,27,2.78,13.89,0.0,0.91
1951,Joe Mangini (Owner),3,2,2,0.0,9.33,,14.0,0.0,0,7.0,3.0,20.0,2,66.67,66.67,0.0,0.0
1955,Wood Brothers Racing,1,0,0,0.0,26.0,8.0,55.0,0.0,0,23.0,26.0,26.0,0,0.0,0.0,0.0,0.0
1962,Raeford Johnson (Owner),5,0,2,0.0,19.0,742.0,777.0,0.0,0,19.8,6.0,34.0,1,0.0,40.0,0.0,0.0
1963,Tom Hawkins (Owner),3,0,0,0.0,20.67,2570.0,346.0,0.0,0,21.33,13.0,32.0,2,0.0,0.0,0.0,0.0
1950,Bob Apperson (Owner),7,0,0,0.0,25.43,,573.0,0.0,0,35.0,11.0,61.0,0,0.0,0.0,0.0,0.0
1950,Joe Littlejohn (Owner),1,0,0,0.0,35.0,,7.0,0.0,0,1.0,35.0,35.0,0,0.0,0.0,0.0,0.0
1952,Gene Darragh (Owner),3,0,0,0.0,37.33,,237.0,0.0,0,37.0,19.0,62.0,0,0.0,0.0,0.0,0.0
1958,Fred Harb (Owner),25,4,7,0.0,15.2,2692.0,3971.0,0.0,0,14.96,3.0,39.0,17,16.0,28.0,0.0,0.0
1958,Bob Havenmann (Owner),1,0,0,0.0,13.0,,91.0,0.0,0,22.0,13.0,13.0,1,0.0,0.0,0.0,0.0
1963,Fred Harb (Owner),16,2,7,0.0,14.25,3506.0,3198.0,0.0,0,16.81,2.0,30.0,9,12.5,43.75,0.0,0.0
1967,Bob Cooper (Owner),19,2,6,0.0,18.37,3964.0,2953.0,0.0,0,18.26,5.0,39.0,9,10.53,31.58,0.0,0.0
1968,Tom Friedkin (Owner),28,6,13,0.0,15.86,1676.0,5900.0,209.0,1,8.96,2.0,42.0,15,21.43,46.43,0.0,3.54
1973,Price Racing,1,0,0,0.0,34.0,34.0,3.0,0.0,0,34.0,34.0,34.0,0,0.0,0.0,0.0,0.0
1985,Mike Stolarcyk (Owner),1,0,0,0.0,32.0,67.0,116.0,0.0,0,37.0,32.0,32.0,0,0.0,0.0,0.0,0.0
1987,Lake Speed Racing,13,1,5,0.0,20.54,1345.0,2591.0,1.0,1,15.92,3.0,41.0,7,7.69,38.46,0.0,0.04
1989,Miller Racing,9,0,0,0.0,33.0,576.0,1129.0,0.0,0,21.67,21.0,43.0,2,0.0,0.0,0.0,0.0
1994,Larry Hedrick Motorsports,29,1,3,0.0,23.93,2673.0,7952.0,22.0,3,19.0,3.0,42.0,20,3.45,10.34,0.0,0.28
1995,Travis Carter Motorsports,29,0,4,0.0,22.28,2809.0,8682.0,4.0,8,27.34,6.0,41.0,27,0.0,13.79,0.0,0.05
2000,Hendrick Motorsports,102,17,33,4.0,18.3,11403.0,28421.0,816.0,47,18.68,1.0,43.0,88,16.67,32.35,3.92,2.87
2003,Morgan-McClure Motorsports,31,0,0,0.0,28.74,2370.0,8450.0,11.0,7,29.97,11.0,42.0,26,0.0,0.0,0.0,0.13
2003,Team CLR,3,0,0,0.0,30.67,143.0,643.0,0.0,0,22.67,30.0,31.0,3,0.0,0.0,0.0,0.0
2007,Hall of Fame Racing,36,1,2,0.0,24.92,3203.0,10188.0,9.0,12,27.25,4.0,41.0,33,2.78,5.56,0.0,0.09
2012,Hendrick Motorsports,144,51,82,10.0,12.49,4652.0,39994.0,2952.0,105,12.15,1.0,42.0,128,35.42,56.94,6.94,7.38
2024,JTG Daugherty Racing,36,3,6,1.0,22.06,590.0,9464.0,28.0,21,25.69,1.0,37.0,29,8.33,16.67,2.78,0.3
1954,John Dodd Sr. (Owner),2,0,2,0.0,8.5,,401.0,0.0,0,,8.0,9.0,2,0.0,100.0,0.0,0.0
1959,Matthews Racing,3,0,0,0.0,35.0,80.0,517.0,55.0,0,12.33,31.0,39.0,0,0.0,0.0,0.0,10.64
1969,Robert Schultz (Owner),2,0,0,0.0,22.0,0.0,203.0,0.0,0,30.0,21.0,23.0,1,0.0,0.0,0.0,0.0
1954,Sosebee Racing,17,4,6,1.0,14.47,,1817.0,170.0,1,6.0,1.0,27.0,6,23.53,35.29,5.88,9.36
1956,S.G. Russell (Owner),1,0,0,0.0,30.0,,,0.0,0,54.0,30.0,30.0,0,0.0,0.0,0.0,
1957,Ed Cole (Owner),1,0,0,0.0,13.0,,163.0,0.0,0,21.0,13.0,13.0,1,0.0,0.0,0.0,0.0
1958,Neil Castles (Owner),11,0,0,0.0,26.09,200.0,1664.0,0.0,0,22.36,15.0,40.0,4,0.0,0.0,0.0,0.0
1959,Lund Racing,22,5,9,0.0,11.73,1420.0,4115.0,0.0,1,10.59,2.0,33.0,16,22.73,40.91,0.0,0.0
1963,Nichels Engineering,17,3,3,0.0,25.82,0.0,1566.0,30.0,3,14.59,2.0,40.0,4,17.65,17.65,0.0,1.92
1963,James Kelly (Owner),9,0,0,0.0,18.11,1284.0,840.0,0.0,0,21.0,14.0,31.0,3,0.0,0.0,0.0,0.0
1966,Holman Moody,22,12,13,3.0,13.91,20196.0,5512.0,907.0,5,5.5,1.0,42.0,12,54.55,59.09,13.64,16.46
1967,King Enterprises,14,3,7,0.0,17.5,14680.0,3407.0,4.0,0,15.21,5.0,46.0,8,21.43,50.0,0.0,0.12
1969,Don Tarr (Owner),26,0,1,0.0,24.12,1231.0,3108.0,0.0,0,24.65,8.0,44.0,8,0.0,3.85,0.0,0.0
1970,Pete Hazelwood (Owner),3,0,0,0.0,22.33,86.0,51.0,0.0,0,22.67,20.0,27.0,0,0.0,0.0,0.0,0.0
1980,Schmitt Racing,4,1,1,0.0,13.0,503.0,579.0,0.0,1,14.0,5.0,23.0,3,25.0,25.0,0.0,0.0
1983,Dion Racing,1,0,0,0.0,30.0,73.0,50.0,0.0,0,14.0,30.0,30.0,0,0.0,0.0,0.0,0.0
1985,Langley-Woodfield Racing,28,0,0,0.0,22.89,2641.0,7205.0,0.0,0,30.21,14.0,40.0,18,0.0,0.0,0.0,0.0
1988,Dana Patten (Owner),4,0,0,0.0,28.25,313.0,1059.0,0.0,0,35.75,22.0,33.0,2,0.0,0.0,0.0,0.0
1992,Richard Childress Racing,29,6,15,1.0,14.86,3574.0,8694.0,483.0,9,14.69,1.0,40.0,25,20.69,51.72,3.45,5.56
1999,Buckshot Racing,9,0,0,0.0,32.33,594.0,2342.0,0.0,1,24.33,21.0,41.0,6,0.0,0.0,0.0,0.0
2001,Melling Racing,34,0,1,0.0,27.56,2752.0,9424.0,13.0,9,23.79,10.0,43.0,27,0.0,2.94,0.0,0.14
2020,Beard Motorsports,5,0,2,0.0,22.0,78.0,718.0,0.0,3,39.2,7.0,39.0,3,0.0,40.0,0.0,0.0
1951,Allen Heath (Owner),3,0,0,0.0,22.67,,,0.0,0,18.5,17.0,26.0,0,0.0,0.0,0.0,
1958,Nace Mattingly (Owner),5,0,1,0.0,16.0,264.0,425.0,0.0,0,14.25,9.0,26.0,2,0.0,20.0,0.0,0.0
1964,Herb Onash (Owner),2,0,0,0.0,17.5,1274.0,167.0,0.0,0,19.0,12.0,23.0,1,0.0,0.0,0.0,0.0
1951,Cal Connell (Owner),1,0,0,0.0,48.0,,80.0,0.0,0,40.0,48.0,48.0,0,0.0,0.0,0.0,0.0
1956,Johnny McCoy (Owner),1,0,0,0.0,26.0,,,0.0,0,,26.0,26.0,0,0.0,0.0,0.0,
1956,Ed Hastings (Owner),1,0,0,0.0,63.0,,,0.0,0,29.0,63.0,63.0,0,0.0,0.0,0.0,
1956,Don Holcomb (Owner),13,0,4,0.0,14.54,,2127.0,0.0,0,25.62,8.0,34.0,12,0.0,30.77,0.0,0.0
1956,Fred Lorenzen (Owner),7,0,0,0.0,21.86,,778.0,0.0,0,16.0,20.0,26.0,3,0.0,0.0,0.0,0.0
1968,Matthews Racing,15,5,8,1.0,14.6,1315.0,4184.0,284.0,3,7.73,1.0,43.0,8,33.33,53.33,6.67,6.79
1978,Price Racing,23,0,0,0.0,20.39,2342.0,7154.0,0.0,0,28.7,11.0,28.0,19,0.0,0.0,0.0,0.0
1979,Ralph Jones (Owner),6,0,0,0.0,27.83,477.0,728.0,0.0,0,30.5,15.0,37.0,1,0.0,0.0,0.0,0.0
1991,Martin Birrane Racing,4,0,0,0.0,24.5,363.0,721.0,10.0,1,29.75,16.0,32.0,2,0.0,0.0,0.0,1.39
1996,Bill Elliott Racing,31,0,7,0.0,18.94,3347.0,9197.0,114.0,8,21.0,8.0,41.0,28,0.0,22.58,0.0,1.24
1996,Triad Motorsports,6,0,0,0.0,30.67,426.0,1469.0,0.0,0,30.0,24.0,41.0,5,0.0,0.0,0.0,0.0
1998,Hendrick Motorsports,99,32,50,14.0,16.21,12030.0,28441.0,2086.0,54,17.38,1.0,43.0,87,32.32,50.51,14.14,7.33
2018,Germain Racing,36,0,1,0.0,24.14,482.0,9871.0,3.0,11,27.22,6.0,39.0,32,0.0,2.78,0.0,0.03
2019,Team Penske,108,36,58,6.0,12.44,3518.0,29971.0,2406.0,76,10.87,1.0,39.0,100,33.33,53.7,5.56,8.03
1949,Hubert Westmoreland (Owner),2,1,1,1.0,17.0,,400.0,60.0,2,9.0,1.0,33.0,1,50.0,50.0,50.0,15.0
1949,Dailey Moyer (Owner),5,1,1,1.0,12.6,,781.0,66.0,1,6.67,1.0,20.0,1,20.0,20.0,20.0,8.45
1954,James Gess (Owner),2,0,0,0.0,30.5,,441.0,8.0,0,11.0,20.0,41.0,1,0.0,0.0,0.0,1.81
1958,Manley Britt (Owner),13,3,7,0.0,16.23,652.0,2062.0,10.0,0,13.17,2.0,40.0,10,23.08,53.85,0.0,0.48
1959,Bill Morton (Owner),3,0,0,0.0,22.67,242.0,398.0,0.0,0,15.0,13.0,32.0,1,0.0,0.0,0.0,0.0
1960,Donlavey Racing,7,0,0,0.0,27.71,1548.0,1032.0,0.0,0,21.0,12.0,39.0,1,0.0,0.0,0.0,0.0
1964,Owens Racing,90,39,59,9.0,9.3,52867.0,20382.0,2311.0,14,7.01,1.0,32.0,55,43.33,65.56,10.0,11.34
1964,Henry Woodfield (Owner),5,1,3,0.0,10.2,1548.0,1415.0,0.0,0,15.8,5.0,16.0,4,20.0,60.0,0.0,0.0
1966,Bud Moore Engineering,14,4,5,2.0,15.86,12370.0,2858.0,332.0,4,7.5,1.0,39.0,6,28.57,35.71,14.29,11.62
1968,Rocky Hinton (Owner),15,3,5,0.0,17.87,700.0,3032.0,14.0,0,11.93,2.0,34.0,5,20.0,33.33,0.0,0.46
1969,K&K Insurance Racing,50,29,33,17.0,9.98,3300.0,12308.0,5053.0,22,3.56,1.0,41.0,31,58.0,66.0,34.0,41.05
1969,Walson Gardner (Owner),7,0,0,0.0,19.43,285.0,1299.0,0.0,0,24.43,12.0,31.0,2,0.0,0.0,0.0,0.0
1971,Frank Sessoms (Owner),2,0,2,0.0,8.5,96.0,852.0,0.0,0,14.5,8.0,9.0,2,0.0,100.0,0.0,0.0
1975,Charles Little (Owner),7,0,0,0.0,26.0,595.0,1121.0,0.0,0,31.0,15.0,50.0,3,0.0,0.0,0.0,0.0
1975,Morgan-McClure,10,0,0,0.0,23.6,922.0,1958.0,0.0,0,29.2,16.0,30.0,4,0.0,0.0,0.0,0.0
1978,Johnny Ray (Owner),4,0,0,0.0,29.25,301.0,539.0,0.0,0,22.5,24.0,33.0,0,0.0,0.0,0.0,0.0
1980,George Elliott Racing,11,0,4,0.0,18.0,1232.0,2106.0,4.0,0,14.18,6.0,42.0,7,0.0,36.36,0.0,0.19
1982,Hagan Enterprises,30,17,21,0.0,10.67,4211.0,8900.0,263.0,5,7.63,2.0,35.0,22,56.67,70.0,0.0,2.96
1989,Whitcomb Racing,24,0,4,0.0,22.58,2316.0,5842.0,5.0,3,19.08,6.0,40.0,13,0.0,16.67,0.0,0.09
1992,Bahre Racing,1,0,0,0.0,38.0,49.0,9.0,0.0,0,37.0,38.0,38.0,0,0.0,0.0,0.0,0.0
2004,Hendrick Motorsports,150,36,58,13.0,17.69,17422.0,41249.0,2672.0,84,16.23,1.0,43.0,124,24.0,38.67,8.67,6.48
2005,Penske-Jasper Racing,36,0,2,0.0,26.17,3077.0,9668.0,36.0,13,25.94,7.0,43.0,29,0.0,5.56,0.0,0.37
2010,Furniture Row Racing,36,0,0,0.0,24.53,3229.0,10208.0,4.0,16,24.61,12.0,39.0,32,0.0,0.0,0.0,0.04
1951,Joe Merola (Owner),4,0,1,0.0,22.25,,472.0,0.0,0,44.5,9.0,45.0,0,0.0,25.0,0.0,0.0
1955,Sally Guide (Owner),2,0,0,0.0,18.0,384.0,275.0,0.0,0,23.5,13.0,23.0,2,0.0,0.0,0.0,0.0
1956,Champion Racing,1,0,1,0.0,10.0,,187.0,0.0,0,14.0,10.0,10.0,1,0.0,100.0,0.0,0.0
1956,W.R. Waldron (Owner),4,0,0,0.0,25.0,,123.0,0.0,0,18.5,22.0,31.0,0,0.0,0.0,0.0,0.0
1958,Sosebee Racing,5,0,3,0.0,12.2,152.0,692.0,0.0,0,8.0,7.0,25.0,4,0.0,60.0,0.0,0.0
1963,John Rogers (Owner),2,0,0,0.0,27.0,314.0,109.0,0.0,0,31.0,19.0,35.0,1,0.0,0.0,0.0,0.0
1969,Junior Johnson & Associates,28,15,20,7.0,8.82,2547.0,7678.0,1096.0,9,5.39,1.0,38.0,16,53.57,71.43,25.0,14.27
1969,Mack Sellers (Owner),17,0,0,0.0,25.82,530.0,1777.0,0.0,0,26.0,15.0,49.0,5,0.0,0.0,0.0,0.0
1971,Melvin Joseph (Owner),2,2,2,1.0,1.5,0.0,748.0,305.0,1,1.5,1.0,2.0,2,100.0,100.0,50.0,40.78
1977,Gary Myers (Owner),11,0,0,0.0,20.45,888.0,3025.0,0.0,0,29.18,11.0,34.0,5,0.0,0.0,0.0,0.0
1977,Viglione Racing,5,0,0,0.0,25.0,440.0,688.0,0.0,0,20.2,11.0,40.0,2,0.0,0.0,0.0,0.0
1987,Stahl Racing,9,0,0,0.0,28.89,687.0,1635.0,0.0,0,34.11,17.0,38.0,4,0.0,0.0,0.0,0.0
1991,Richard Childress Racing,29,14,21,4.0,8.62,4287.0,9541.0,1133.0,17,11.1,1.0,29.0,27,48.28,72.41,13.79,11.88
1992,Means Racing,8,0,0,0.0,38.75,374.0,61.0,0.0,0,37.75,36.0,40.0,0,0.0,0.0,0.0,0.0
1996,Donlavey Racing,27,0,0,0.0,29.3,2038.0,7013.0,5.0,1,24.78,13.0,44.0,14,0.0,0.0,0.0,0.07
1998,Penske-Kranefuss Racing,33,12,16,1.0,14.21,4157.0,9745.0,471.0,17,17.52,1.0,42.0,32,36.36,48.48,3.03,4.83
2006,Wood Brothers Racing,36,0,2,0.0,26.25,3049.0,9187.0,11.0,10,25.64,7.0,42.0,28,0.0,5.56,0.0,0.12
2017,JTG Daugherty Racing,72,1,9,0.0,21.72,1130.0,19889.0,12.0,29,24.57,3.0,40.0,63,1.39,12.5,0.0,0.06
2024,Hendrick Motorsports,144,47,75,11.0,13.08,4434.0,37825.0,2554.0,117,10.96,1.0,39.0,130,32.64,52.08,7.64,6.75
1963,Lee Reitzel (Owner),5,0,0,0.0,26.4,540.0,522.0,0.0,0,22.2,14.0,40.0,0,0.0,0.0,0.0,0.0
1951,Elmer Wilson (Owner),3,0,0,0.0,36.0,,80.0,0.0,0,48.0,26.0,49.0,0,0.0,0.0,0.0,0.0
1952,Buck Baker Racing,2,0,0,0.0,32.5,,49.0,0.0,0,8.5,21.0,44.0,0,0.0,0.0,0.0,0.0
1956,Bill Moore (Owner),6,0,2,0.0,20.33,,633.0,0.0,0,10.33,6.0,33.0,2,0.0,33.33,0.0,0.0
1957,Herb Thomas Racing,7,1,1,1.0,24.71,,573.0,9.0,1,9.43,1.0,48.0,1,14.29,14.29,14.29,1.57
1958,Donlavey Racing,6,0,0,0.0,32.83,32.0,457.0,0.0,0,12.5,21.0,55.0,0,0.0,0.0,0.0,0.0
1960,Harry Sims (Owner),3,0,1,0.0,14.67,542.0,243.0,0.0,0,12.5,10.0,23.0,1,0.0,33.33,0.0,0.0
1961,Happy Steigel (Owner),3,0,0,0.0,21.0,980.0,453.0,0.0,0,33.67,17.0,25.0,2,0.0,0.0,0.0,0.0
1967,Bob Adams (Owner),10,0,1,0.0,19.4,5316.0,2127.0,0.0,0,25.8,10.0,35.0,5,0.0,10.0,0.0,0.0
1967,Earl Ivey (Owner),5,0,2,0.0,13.6,2096.0,759.0,0.0,0,21.0,7.0,26.0,4,0.0,40.0,0.0,0.0
1971,Holman Moody,32,26,27,11.0,5.78,2816.0,9219.0,3021.0,14,3.38,1.0,35.0,27,81.25,84.38,34.38,32.77
1971,Allan Schlauer (Owner),16,0,1,0.0,23.0,904.0,2245.0,0.0,0,25.94,10.0,40.0,7,0.0,6.25,0.0,0.0
1976,Langley-Woodfield Racing,21,0,1,0.0,22.19,2026.0,5229.0,0.0,0,25.62,10.0,40.0,13,0.0,4.76,0.0,0.0
1978,Petty Enterprises,30,11,17,0.0,12.83,3949.0,8906.0,417.0,3,8.9,2.0,34.0,18,36.67,56.67,0.0,4.68
1981,Bahre Racing,3,0,0,0.0,26.0,255.0,485.0,0.0,0,20.0,22.0,30.0,1,0.0,0.0,0.0,0.0
1983,Bill Terry (Owner),3,0,0,0.0,26.33,252.0,544.0,0.0,0,24.33,15.0,39.0,1,0.0,0.0,0.0,0.0
1988,Donlavey Racing,28,0,1,0.0,23.0,2650.0,7814.0,82.0,1,23.79,8.0,39.0,19,0.0,3.57,0.0,1.05
1993,Morgan-McClure Motorsports,30,7,8,1.0,18.27,3403.0,8540.0,229.0,9,13.53,1.0,37.0,20,23.33,26.67,3.33,2.68
1996,Robert Yates Racing,62,29,37,6.0,13.21,8200.0,17924.0,1124.0,36,14.66,1.0,42.0,54,46.77,59.68,9.68,6.27
2004,BAM Racing,37,0,1,0.0,26.32,3144.0,9899.0,6.0,9,29.95,6.0,40.0,32,0.0,2.7,0.0,0.06
2020,Rick Ware Racing,72,1,1,0.0,31.31,36.0,17383.0,4.0,6,32.57,4.0,40.0,57,1.39,1.39,0.0,0.02
1957,Floyd Johnson (Owner),1,0,0,0.0,19.0,,51.0,0.0,0,27.0,19.0,19.0,1,0.0,0.0,0.0,0.0
1962,Robert Ramey (Owner),2,0,0,0.0,30.5,54.0,170.0,0.0,0,31.5,29.0,32.0,0,0.0,0.0,0.0,0.0
1951,Jimmy Ayers (Owner),6,0,4,0.0,19.0,,225.0,0.0,0,33.25,9.0,64.0,0,0.0,66.67,0.0,0.0
1951,F.J. Bland (Owner),4,0,2,0.0,12.75,,370.0,0.0,0,47.0,6.0,23.0,1,0.0,50.0,0.0,0.0
1960,Jack Chatenay (Owner),2,0,0,0.0,21.0,232.0,127.0,0.0,0,22.0,20.0,22.0,1,0.0,0.0,0.0,0.0
1961,Red Hollingsworth (Owner),2,0,0,0.0,36.0,20.0,68.0,0.0,0,41.0,24.0,48.0,1,0.0,0.0,0.0,0.0
1961,John Masoni (Owner),12,6,8,3.0,13.5,14684.0,2230.0,387.0,5,4.08,1.0,49.0,8,50.0,66.67,25.0,17.35
1962,GC Spencer Racing,37,6,13,0.0,14.14,8626.0,6638.0,0.0,0,12.03,4.0,32.0,18,16.22,35.14,0.0,0.0
1963,Stewart McKinney (Owner),12,1,5,0.0,13.5,7790.0,2718.0,0.0,0,12.33,3.0,26.0,7,8.33,41.67,0.0,0.0
1966,Harry Neal (Owner),21,0,9,0.0,15.52,8538.0,4072.0,0.0,0,21.57,6.0,31.0,14,0.0,42.86,0.0,0.0
1973,J.A. Delvecchio (Owner),2,0,0,0.0,28.5,90.0,122.0,0.0,0,16.0,26.0,31.0,0,0.0,0.0,0.0,0.0
1975,McDuffie Racing,30,1,6,0.0,19.3,3069.0,7011.0,0.0,0,20.6,5.0,45.0,18,3.33,20.0,0.0,0.0
1975,Handy Racing,1,0,0,0.0,20.0,103.0,174.0,0.0,0,38.0,20.0,20.0,1,0.0,0.0,0.0,0.0
1976,Moyer Racing,10,1,3,0.0,18.2,1103.0,2592.0,6.0,0,18.7,5.0,28.0,6,10.0,30.0,0.0,0.23
1977,Cunningham-Kelley,11,1,5,0.0,13.82,1004.0,2930.0,1.0,0,17.09,4.0,40.0,9,9.09,45.45,0.0,0.03
1977,George Stark (Owner),1,0,0,0.0,13.0,124.0,89.0,0.0,0,29.0,13.0,13.0,1,0.0,0.0,0.0,0.0
1980,Willard Moore (Owner),5,0,0,0.0,24.0,412.0,752.0,0.0,0,30.0,13.0,40.0,3,0.0,0.0,0.0,0.0
1981,Junior Miller Racing,5,0,0,0.0,21.0,500.0,1367.0,0.0,0,30.4,17.0,26.0,1,0.0,0.0,0.0,0.0
1990,U. S. Motorsports Inc.,26,0,0,0.0,27.73,1856.0,5839.0,0.0,0,30.42,12.0,39.0,13,0.0,0.0,0.0,0.0
1991,Schmitt Racing,2,0,0,0.0,25.0,176.0,210.0,0.0,1,32.0,13.0,37.0,1,0.0,0.0,0.0,0.0
1994,Penske Racing South,31,17,20,8.0,12.84,4207.0,9281.0,2142.0,17,10.97,1.0,42.0,26,54.84,64.52,25.81,23.08
1999,Butch Mock Motorsports,32,0,2,0.0,26.5,2689.0,9063.0,5.0,7,27.25,7.0,42.0,30,0.0,6.25,0.0,0.06
2001,Roush Racing,143,18,46,2.0,19.29,15552.0,39874.0,851.0,76,23.52,1.0,43.0,126,12.59,32.17,1.4,2.13
2012,Robinson-Blakeney Racing,17,0,0,0.0,35.24,122.0,2847.0,1.0,0,37.76,26.0,43.0,7,0.0,0.0,0.0,0.04
1955,Al Watkins (Owner),3,0,0,0.0,14.67,400.0,491.0,0.0,0,17.67,11.0,18.0,3,0.0,0.0,0.0,0.0
1956,B.B. Morris (Owner),2,0,0,0.0,27.5,,402.0,0.0,0,34.5,11.0,44.0,0,0.0,0.0,0.0,0.0
1959,Tom Vernon (Owner),4,1,1,0.0,22.25,2294.0,891.0,0.0,0,16.5,5.0,38.0,2,25.0,25.0,0.0,0.0
1961,Harry Leake (Owner),16,0,7,0.0,13.56,3300.0,2431.0,0.0,0,17.0,8.0,28.0,12,0.0,43.75,0.0,0.0
1966,Wayne Woodward (Owner),6,0,0,0.0,20.17,1164.0,936.0,0.0,0,16.67,11.0,35.0,2,0.0,0.0,0.0,0.0
1966,W.S. Jenkins (Owner),13,3,6,0.0,13.08,3892.0,2926.0,0.0,0,18.31,3.0,30.0,8,23.08,46.15,0.0,0.0
1967,Red Sharp (Owner),21,3,9,0.0,18.62,8768.0,4314.0,12.0,0,15.14,4.0,48.0,8,14.29,42.86,0.0,0.28
1975,Hollar Racing,3,0,0,0.0,20.33,306.0,1107.0,0.0,0,26.0,16.0,23.0,2,0.0,0.0,0.0,0.0
1980,Nelson Malloch (Owner),30,2,6,0.0,21.3,2774.0,6318.0,6.0,0,17.93,5.0,36.0,11,6.67,20.0,0.0,0.09
1982,McDuffie Racing,28,0,1,0.0,22.54,2672.0,6076.0,0.0,0,29.25,10.0,38.0,14,0.0,3.57,0.0,0.0
1982,Hamby Racing,36,0,5,0.0,21.72,3431.0,7011.0,0.0,0,22.36,6.0,34.0,16,0.0,13.89,0.0,0.0
1993,Ball Racing,1,0,0,0.0,38.0,49.0,13.0,0.0,0,38.0,38.0,38.0,0,0.0,0.0,0.0,0.0
1996,Bahari' Racing,30,1,6,0.0,21.43,3004.0,8507.0,105.0,9,22.2,5.0,40.0,25,3.33,20.0,0.0,1.23
2002,BACE Motorsports,9,0,0,0.0,36.44,483.0,2030.0,0.0,0,36.89,29.0,43.0,5,0.0,0.0,0.0,0.0
2018,Premium Motorsports,62,0,0,0.0,29.84,36.0,15409.0,1.0,4,33.1,11.0,40.0,48,0.0,0.0,0.0,0.01
2023,Richard Childress Racing,73,11,24,3.0,18.44,1560.0,17340.0,260.0,46,16.66,1.0,38.0,57,15.07,32.88,4.11,1.5
1949,Pepper Cunningham (Owner),1,0,0,0.0,33.0,,134.0,0.0,0,15.0,33.0,33.0,0,0.0,0.0,0.0,0.0
1949,John Belgard (Owner),1,0,0,0.0,34.0,,,0.0,0,32.0,34.0,34.0,0,0.0,0.0,0.0,
1965,Tom Hunter (Owner),11,1,5,0.0,14.64,8262.0,2410.0,0.0,0,24.64,4.0,31.0,7,9.09,45.45,0.0,0.0
1950,Murrace Walker (Owner),1,0,0,0.0,22.0,,358.0,0.0,0,33.0,22.0,22.0,1,0.0,0.0,0.0,0.0
1951,Wally Marks (Owner),7,0,0,0.0,27.43,,344.0,0.0,0,8.75,11.0,48.0,0,0.0,0.0,0.0,0.0
1955,Ike Kiser (Owner),5,0,1,0.0,22.4,360.0,702.0,0.0,0,12.6,6.0,53.0,3,0.0,20.0,0.0,0.0
1956,Carl Kiekhaefer (Owner),126,74,92,30.0,8.33,0.0,20917.0,3971.0,48,6.61,1.0,71.0,95,58.73,73.02,23.81,18.98
1956,W.E. Campbell (Owner),1,0,0,0.0,45.0,,,0.0,0,69.0,45.0,45.0,0,0.0,0.0,0.0,
1957,Jess Potter (Owner),40,2,17,0.0,14.28,,6338.0,0.0,0,19.08,4.0,50.0,30,5.0,42.5,0.0,0.0
1958,Shorty Rollins (Owner),27,11,20,1.0,9.96,6068.0,5024.0,87.0,4,7.23,1.0,33.0,22,40.74,74.07,3.7,1.73
1969,Bailey Racing,7,0,1,0.0,24.86,372.0,746.0,0.0,0,25.71,10.0,47.0,1,0.0,14.29,0.0,0.0
1970,Arnold Racing,29,0,3,0.0,17.9,1971.0,6927.0,78.0,0,23.24,7.0,36.0,21,0.0,10.34,0.0,1.13
1976,Gray Racing,21,0,0,0.0,23.57,1938.0,4252.0,0.0,0,22.43,11.0,37.0,12,0.0,0.0,0.0,0.0
1986,Mach 1 Racing,29,9,13,0.0,16.41,3498.0,7965.0,646.0,10,10.48,2.0,37.0,15,31.03,44.83,0.0,8.11
1990,Hakes-Welliver Racing,4,0,0,0.0,33.75,247.0,469.0,0.0,0,34.5,26.0,39.0,1,0.0,0.0,0.0,0.0
1991,Little Racing,28,0,1,0.0,22.64,2678.0,7710.0,21.0,2,24.32,10.0,38.0,22,0.0,3.57,0.0,0.27
1992,Bahari' Racing,29,1,2,0.0,22.07,2825.0,8474.0,3.0,1,19.03,4.0,38.0,21,3.45,6.9,0.0,0.04
1993,Ferree Racing,2,0,0,0.0,31.5,137.0,511.0,0.0,0,34.0,27.0,36.0,1,0.0,0.0,0.0,0.0
1994,SABCO Racing,54,2,8,0.0,21.57,5376.0,14872.0,31.0,9,26.89,4.0,41.0,43,3.7,14.81,0.0,0.21
1996,Leo Jackson Motorsports,27,2,3,0.0,26.26,2329.0,7260.0,110.0,4,26.26,4.0,41.0,19,7.41,11.11,0.0,1.52
1996,DarWal Inc.,31,0,2,0.0,25.9,2657.0,7766.0,2.0,6,26.58,9.0,42.0,20,0.0,6.45,0.0,0.03
1996,Bill Davis Racing,27,0,4,0.0,24.96,2411.0,6544.0,54.0,6,21.89,7.0,41.0,17,0.0,14.81,0.0,0.83
1997,Kranefuss-Haas Racing,32,3,8,0.0,17.88,3547.0,9541.0,3.0,10,25.81,4.0,37.0,30,9.38,25.0,0.0,0.03
1998,Carter-Haas Motorsports,33,3,8,0.0,18.64,3637.0,9629.0,119.0,14,24.64,2.0,41.0,31,9.09,24.24,0.0,1.24
2010,Team Red Bull,72,0,7,0.0,23.78,6680.0,20811.0,73.0,34,24.25,6.0,43.0,64,0.0,9.72,0.0,0.35
2011,Penske Racing,72,18,30,5.0,14.72,2166.0,21030.0,1068.0,49,13.18,1.0,38.0,68,25.0,41.67,6.94,5.08
2017,Richard Petty Motorsports,36,3,6,0.0,19.28,548.0,10142.0,2.0,22,22.78,4.0,38.0,32,8.33,16.67,0.0,0.02
1959,Don Angel (Owner),4,0,0,0.0,17.75,,394.0,0.0,0,18.67,13.0,23.0,1,0.0,0.0,0.0,0.0
1964,David Warren (Owner),5,0,0,0.0,21.4,884.0,800.0,0.0,0,21.0,13.0,32.0,1,0.0,0.0,0.0,0.0
1953,June Cleveland (Owner),1,0,0,0.0,22.0,,,0.0,0,,22.0,22.0,0,0.0,0.0,0.0,
1953,Smokey Yunick Racing,1,0,0,0.0,43.0,,200.0,0.0,0,42.0,43.0,43.0,0,0.0,0.0,0.0,0.0
1955,Ernest Woods (Owner),63,19,35,3.0,12.56,8742.0,8479.0,306.0,9,9.08,1.0,36.0,40,30.16,55.56,4.76,3.61
1968,George Davis (Owner),6,0,1,0.0,27.33,249.0,576.0,0.0,0,23.67,7.0,40.0,2,0.0,16.67,0.0,0.0
1969,Tommy Fleming (Owner),1,0,0,0.0,14.0,0.0,146.0,0.0,0,20.0,14.0,14.0,1,0.0,0.0,0.0,0.0
1970,Coz Concilla (Owner),2,0,1,0.0,15.5,213.0,268.0,0.0,0,18.0,9.0,22.0,1,0.0,50.0,0.0,0.0
1972,Neil Castles (Owner),23,0,2,0.0,26.13,1076.0,4564.0,0.0,0,25.17,6.0,48.0,8,0.0,8.7,0.0,0.0
1975,GC Spencer Racing,9,0,1,0.0,31.11,634.0,906.0,11.0,0,27.0,9.0,49.0,1,0.0,11.11,0.0,1.21
1978,Wangerin Racing,11,0,0,0.0,28.64,848.0,1650.0,0.0,0,23.55,15.0,40.0,3,0.0,0.0,0.0,0.0
1982,Benfield Racing,29,6,13,0.0,16.17,3451.0,7708.0,211.0,4,8.48,3.0,36.0,15,20.69,44.83,0.0,2.74
1982,Bud Moore Engineering,30,7,12,1.0,18.8,3402.0,7208.0,1062.0,6,10.6,1.0,42.0,12,23.33,40.0,3.33,14.73
1991,Whitcomb Racing,28,1,2,0.0,24.5,2516.0,6803.0,0.0,3,20.96,4.0,41.0,14,3.57,7.14,0.0,0.0
1997,ISM Racing,1,0,0,0.0,26.0,85.0,330.0,0.0,0,36.0,26.0,26.0,1,0.0,0.0,0.0,0.0
1999,Robert Yates Racing,68,26,35,4.0,14.37,8600.0,19345.0,1096.0,37,16.94,1.0,43.0,62,38.24,51.47,5.88,5.67
2001,Evernham Motorsports,71,6,12,1.0,22.34,6956.0,19389.0,308.0,27,16.86,1.0,43.0,63,8.45,16.9,1.41,1.59
2009,Earnhardt Ganassi Racing,79,8,24,0.0,19.37,8532.0,22645.0,572.0,49,15.84,2.0,39.0,72,10.13,30.38,0.0,2.53
2011,TRG Motorsports,34,0,0,0.0,30.38,398.0,9010.0,8.0,3,37.94,19.0,42.0,30,0.0,0.0,0.0,0.09
2016,BK Racing,82,0,1,0.0,29.79,880.0,21905.0,11.0,18,31.43,6.0,40.0,67,0.0,1.22,0.0,0.05
2016,The Motorsports Group,30,0,0,0.0,35.2,174.0,7871.0,0.0,1,38.1,24.0,40.0,20,0.0,0.0,0.0,0.0
1950,Len Brown (Owner),1,0,0,0.0,12.0,,171.0,0.0,0,,12.0,12.0,0,0.0,0.0,0.0,0.0
1950,Bill Widenhouse (Owner),1,0,0,0.0,26.0,,350.0,0.0,0,53.0,26.0,26.0,0,0.0,0.0,0.0,0.0
1952,Bobby Courtwright (Owner),4,1,1,0.0,11.0,,424.0,0.0,0,19.5,5.0,17.0,3,25.0,25.0,0.0,0.0
1952,J.O. Goode (Owner),16,1,5,0.0,15.94,,2155.0,0.0,0,18.86,3.0,31.0,7,6.25,31.25,0.0,0.0
1954,George Hutchens (Owner),18,3,9,0.0,18.67,,2144.0,0.0,0,27.33,4.0,60.0,10,16.67,50.0,0.0,0.0
1960,Ray Boynton (Owner),2,0,0,0.0,32.0,170.0,181.0,0.0,0,32.0,22.0,42.0,2,0.0,0.0,0.0,0.0
1961,Roy Tyner (Owner),8,0,1,0.0,21.5,1170.0,1322.0,0.0,0,25.88,10.0,36.0,2,0.0,12.5,0.0,0.0
1961,Wade Younts (Owner),12,0,4,0.0,15.33,2788.0,2547.0,0.0,0,20.73,7.0,32.0,9,0.0,33.33,0.0,0.0
1963,Don House (Owner),1,0,0,0.0,15.0,176.0,120.0,0.0,0,11.0,15.0,15.0,0,0.0,0.0,0.0,0.0
1965,James Racing,1,0,0,0.0,17.0,1200.0,97.0,0.0,0,28.0,17.0,17.0,0,0.0,0.0,0.0,0.0
1973,Seifert Racing,16,0,6,0.0,21.13,912.0,3205.0,0.0,0,24.94,7.0,34.0,6,0.0,37.5,0.0,0.0
1977,J.R. DeLotto (Owner),30,0,0,0.0,22.1,2901.0,6735.0,0.0,0,22.7,11.0,41.0,18,0.0,0.0,0.0,0.0
1980,GC Spencer Racing,6,0,0,0.0,24.0,227.0,1316.0,5.0,0,21.17,14.0,39.0,1,0.0,0.0,0.0,0.38
1982,Wood Brothers Racing,22,6,8,1.0,15.68,2677.0,5516.0,412.0,4,12.32,1.0,34.0,11,27.27,36.36,4.55,7.47
1983,Fields Racing,3,0,0,0.0,18.33,118.0,1064.0,0.0,0,23.0,14.0,26.0,3,0.0,0.0,0.0,0.0
1985,Stavola Brothers Racing,28,0,5,0.0,17.79,3091.0,8636.0,2.0,0,19.71,8.0,38.0,23,0.0,17.86,0.0,0.02
1987,S & H Racing,4,0,0,0.0,28.5,310.0,796.0,0.0,0,32.25,21.0,37.0,2,0.0,0.0,0.0,0.0
1989,King Racing,29,7,15,1.0,14.41,3608.0,9326.0,247.0,11,16.31,1.0,32.0,24,24.14,51.72,3.45,2.65
1994,Junior Johnson & Associates,60,8,15,2.0,21.17,6147.0,15798.0,88.0,15,18.8,1.0,43.0,44,13.33,25.0,3.33,0.56
1996,Richard Childress Racing,36,13,17,2.0,11.86,4856.0,10989.0,626.0,21,14.39,1.0,36.0,33,36.11,47.22,5.56,5.7
1997,Geoff Bodine Racing,30,3,10,0.0,21.3,3083.0,8271.0,68.0,12,15.9,2.0,44.0,21,10.0,33.33,0.0,0.82
2014,Front Row Motorsports,76,0,1,0.0,29.34,1122.0,21417.0,29.0,17,32.07,10.0,43.0,69,0.0,1.32,0.0,0.14
2016,Joe Gibbs Racing,144,46,84,12.0,12.71,4204.0,40583.0,3769.0,113,8.14,1.0,40.0,125,31.94,58.33,8.33,9.29
2022,Spire Motorsports,72,2,2,0.0,25.6,481.0,16081.0,33.0,29,30.08,4.0,36.0,56,2.78,2.78,0.0,0.21
2023,Trackhouse Racing,75,14,26,3.0,16.85,1769.0,17676.0,698.0,59,15.87,1.0,37.0,65,18.67,34.67,4.0,3.95
1949,Ruby Flock (Owner),1,0,0,0.0,18.0,,,0.0,0,,18.0,18.0,0,0.0,0.0,0.0,
1954,Bob Cancro (Owner),5,0,1,0.0,25.6,,296.0,0.0,0,22.0,8.0,54.0,2,0.0,20.0,0.0,0.0
1961,Pearson Racing,10,3,4,0.0,14.3,1778.0,1316.0,0.0,0,10.5,3.0,40.0,4,30.0,40.0,0.0,0.0
1965,C.L. Crawford (Owner),21,0,5,0.0,16.33,5758.0,4806.0,0.0,0,25.38,7.0,38.0,15,0.0,23.81,0.0,0.0
1965,David Warren (Owner),40,0,4,0.0,18.03,12276.0,5790.0,0.0,0,20.13,6.0,44.0,13,0.0,10.0,0.0,0.0
1968,Don Culpepper (Owner),32,1,6,0.0,20.25,1498.0,5217.0,0.0,0,23.09,5.0,39.0,12,3.13,18.75,0.0,0.0
1969,Holman Moody,52,42,44,11.0,5.52,4170.0,14402.0,2912.0,29,4.63,1.0,42.0,42,80.77,84.62,21.15,20.22
1973,K&K Insurance Racing,27,16,20,2.0,11.15,2182.0,8141.0,44.0,6,7.59,1.0,41.0,20,59.26,74.07,7.41,0.54
1973,Frasson Racing,14,2,4,0.0,23.64,766.0,2732.0,0.0,0,14.14,3.0,43.0,5,14.29,28.57,0.0,0.0
1974,Budd Hagelin (Owner),1,0,0,0.0,31.0,,44.0,0.0,0,11.0,31.0,31.0,0,0.0,0.0,0.0,0.0
1975,Bill Ward (Owner),1,0,0,0.0,28.0,79.0,145.0,0.0,0,43.0,28.0,28.0,0,0.0,0.0,0.0,0.0
1977,Ralph Jones (Owner),4,0,0,0.0,22.5,382.0,871.0,0.0,0,29.75,18.0,30.0,1,0.0,0.0,0.0,0.0
1978,Langley-Woodfield Racing,29,0,0,0.0,19.76,3008.0,7691.0,0.0,0,23.55,13.0,31.0,22,0.0,0.0,0.0,0.0
1980,Newsom Racing,6,0,0,0.0,27.5,483.0,1179.0,0.0,0,26.17,19.0,36.0,3,0.0,0.0,0.0,0.0
1982,John Childs (Owner),3,0,0,0.0,33.67,186.0,418.0,0.0,0,21.67,29.0,37.0,0,0.0,0.0,0.0,0.0
1983,Zervakis Enterprises,3,0,0,0.0,24.0,278.0,683.0,7.0,0,18.67,11.0,32.0,1,0.0,0.0,0.0,1.02
1986,Wood Brothers Racing,29,4,14,1.0,14.79,3537.0,8546.0,17.0,7,18.62,1.0,41.0,23,13.79,48.28,3.45,0.2
1993,Robert Yates Racing,29,11,15,3.0,13.52,3791.0,9064.0,1172.0,13,9.69,1.0,42.0,26,37.93,51.72,10.34,12.93
1995,Petty Enterprises,31,4,10,0.0,16.81,3576.0,9421.0,131.0,13,16.65,2.0,40.0,29,12.9,32.26,0.0,1.39
2017,MBM Motorsports,12,0,0,0.0,32.25,0.0,3212.0,0.0,1,37.25,14.0,40.0,8,0.0,0.0,0.0,0.0
2019,Front Row Motorsports,108,2,3,0.0,25.42,1225.0,28977.0,22.0,24,23.64,5.0,40.0,91,1.85,2.78,0.0,0.08
2020,GO FAS Racing,36,0,1,0.0,25.58,418.0,9244.0,13.0,11,28.47,8.0,39.0,30,0.0,2.78,0.0,0.14
1951,Clyde Minter (Owner),4,0,0,0.0,27.0,,59.0,0.0,0,16.33,21.0,37.0,0,0.0,0.0,0.0,0.0
1960,Pappy Crane (Owner),1,0,1,0.0,9.0,144.0,181.0,0.0,0,16.0,9.0,9.0,1,0.0,100.0,0.0,0.0
1962,Langley-Woodfield Racing,3,0,0,0.0,24.0,1284.0,505.0,0.0,0,18.0,16.0,32.0,1,0.0,0.0,0.0,0.0
1951,Sandy Lynch (Owner),2,0,0,0.0,41.0,,215.0,0.0,0,32.0,16.0,66.0,0,0.0,0.0,0.0,0.0
1953,Ranier-Lundy Racing,11,1,2,0.0,25.36,0.0,534.0,0.0,0,11.25,5.0,52.0,2,9.09,18.18,0.0,0.0
1956,Bob Welborn (Owner),11,0,4,0.0,23.27,,1322.0,0.0,0,13.27,9.0,65.0,5,0.0,36.36,0.0,0.0
1956,Bill Stammer (Owner),2,0,0,0.0,23.5,,131.0,0.0,0,9.5,20.0,27.0,1,0.0,0.0,0.0,0.0
1961,Fred Lauria (Owner),2,0,1,0.0,14.5,384.0,204.0,0.0,0,21.5,10.0,19.0,2,0.0,50.0,0.0,0.0
1963,Reb Wickersham (Owner),15,0,2,0.0,18.4,3714.0,3784.0,0.0,0,22.73,8.0,46.0,10,0.0,13.33,0.0,0.0
1970,Davis Racing,6,0,0,0.0,23.83,341.0,597.0,0.0,0,30.33,16.0,30.0,3,0.0,0.0,0.0,0.0
1973,Petty Enterprises,28,15,17,6.0,10.93,2394.0,8644.0,0.0,10,4.86,1.0,35.0,18,53.57,60.71,21.43,0.0
1994,Stavola Brothers Racing,30,2,3,0.0,24.5,2726.0,7752.0,122.0,4,25.73,4.0,39.0,23,6.67,10.0,0.0,1.57
2010,Robby Gordon Motorsports,39,1,1,0.0,31.26,2707.0,8458.0,10.0,5,35.87,2.0,43.0,20,2.56,2.56,0.0,0.12
1954,Sally Guide (Owner),2,0,0,0.0,25.5,,160.0,0.0,0,,25.0,26.0,2,0.0,0.0,0.0,0.0
1963,,42,1,8,0.0,20.0,14832.0,6192.0,192.0,0,22.43,5.0,40.0,22,2.38,19.05,0.0,3.1
1950,J.L. McDonald (Owner),1,0,0,0.0,21.0,,41.0,0.0,0,6.0,21.0,21.0,0,0.0,0.0,0.0,0.0
1950,Joe Eubanks (Owner),1,0,0,0.0,19.0,,359.0,0.0,0,21.0,19.0,19.0,1,0.0,0.0,0.0,0.0
1953,John Eanes (Owner),18,1,4,0.0,16.39,,767.0,27.0,0,9.29,4.0,30.0,1,5.56,22.22,0.0,3.52
1954,Paul Pettit (Owner),2,1,1,0.0,13.5,,166.0,0.0,0,,5.0,22.0,1,50.0,50.0,0.0,0.0
1958,Julian Petty (Owner),58,27,37,7.0,10.02,4020.0,10154.0,1077.0,17,8.73,1.0,32.0,43,46.55,63.79,12.07,10.61
1959,Julian Petty (Owner),11,4,5,1.0,14.0,392.0,1650.0,121.0,1,9.82,1.0,38.0,4,36.36,45.45,9.09,7.33
1963,Langley-Woodfield Racing,7,1,2,0.0,13.29,1456.0,1193.0,0.0,0,13.57,5.0,20.0,4,14.29,28.57,0.0,0.0
1965,Joe Keistler (Owner),7,0,1,0.0,18.71,1645.0,739.0,0.0,0,21.43,10.0,26.0,3,0.0,14.29,0.0,0.0
1967,Champion Racing,14,0,0,0.0,23.64,4584.0,2317.0,0.0,0,21.0,11.0,39.0,4,0.0,0.0,0.0,0.0
1971,Brooks Racing,42,1,4,0.0,19.71,2467.0,7833.0,0.0,0,25.45,4.0,36.0,18,2.38,9.52,0.0,0.0
1971,Jimmy Vaughn (Owner),3,0,0,0.0,20.0,177.0,575.0,0.0,0,21.33,18.0,23.0,0,0.0,0.0,0.0,0.0
1980,Ellington Racing,12,5,7,1.0,13.58,1400.0,2681.0,194.0,4,6.5,1.0,38.0,7,41.67,58.33,8.33,7.24
1983,Tom Beck (Owner),3,0,1,0.0,16.67,345.0,405.0,3.0,0,35.33,10.0,28.0,2,0.0,33.33,0.0,0.74
1983,Jimmy Ingalls (Owner),2,0,0,0.0,17.5,112.0,901.0,0.0,0,29.5,17.0,18.0,2,0.0,0.0,0.0,0.0
1984,Cliff Stewart Racing,30,2,4,0.0,18.17,3316.0,8868.0,11.0,4,15.07,4.0,35.0,21,6.67,13.33,0.0,0.12
1985,Spohn Racing,6,0,0,0.0,22.83,343.0,1627.0,0.0,0,33.83,15.0,36.0,3,0.0,0.0,0.0,0.0
1986,AAG Racing,1,0,0,0.0,27.0,82.0,282.0,0.0,0,29.0,27.0,27.0,0,0.0,0.0,0.0,0.0
1987,Hylton Engineering,4,0,0,0.0,30.25,101.0,612.0,0.0,0,38.25,18.0,38.0,1,0.0,0.0,0.0,0.0
1992,Aroneck Racing,7,0,0,0.0,31.71,475.0,979.0,0.0,1,35.29,21.0,39.0,3,0.0,0.0,0.0,0.0
1994,Butch Mock Motorsports,30,2,7,0.0,21.13,3048.0,8475.0,60.0,8,21.1,3.0,38.0,24,6.67,23.33,0.0,0.71
1997,TriStar Motorsports,10,0,0,0.0,36.4,538.0,2346.0,0.0,0,35.7,26.0,43.0,6,0.0,0.0,0.0,0.0
2006,Stanton Barrett Racing,6,0,0,0.0,38.5,285.0,1659.0,0.0,0,36.17,33.0,40.0,2,0.0,0.0,0.0,0.0
1967,Ramo Stott (Owner),3,0,1,0.0,14.33,5676.0,588.0,0.0,0,19.0,8.0,23.0,3,0.0,33.33,0.0,0.0
1950,Raymond Parks (Owner),4,3,3,0.0,7.0,,634.0,85.0,1,3.33,2.0,19.0,3,75.0,75.0,0.0,13.41
1953,Bob Weatherly (Owner),1,0,0,0.0,24.0,,289.0,0.0,0,39.0,24.0,24.0,1,0.0,0.0,0.0,0.0
1956,Herb Thomas Racing,27,10,20,1.0,9.52,0.0,4724.0,117.0,1,7.77,1.0,49.0,20,37.04,74.07,3.7,2.48
1956,Pete Stewart (Owner),3,0,0,0.0,14.67,,756.0,0.0,0,25.0,11.0,21.0,2,0.0,0.0,0.0,0.0
1957,Joe Frazier (Owner),5,0,0,0.0,22.6,,483.0,0.0,0,25.75,15.0,25.0,1,0.0,0.0,0.0,0.0
1960,Monte Walden (Owner),1,0,0,0.0,50.0,120.0,89.0,0.0,0,67.0,50.0,50.0,0,0.0,0.0,0.0,0.0
1962,Worth McMillion (Owner),7,1,1,0.0,16.43,3364.0,1883.0,0.0,0,23.57,4.0,27.0,5,14.29,14.29,0.0,0.0
1962,Sherman Utsman (Owner),12,1,4,0.0,13.5,4896.0,3293.0,0.0,0,15.58,5.0,26.0,8,8.33,33.33,0.0,0.0
1963,E.A. McQuaig (Owner),9,0,3,0.0,15.67,4820.0,1597.0,0.0,0,18.33,6.0,33.0,7,0.0,33.33,0.0,0.0
1964,Walt Hansgen (Owner),2,2,2,0.0,3.0,0.0,113.0,0.0,0,9.5,3.0,3.0,2,100.0,100.0,0.0,0.0
1964,David Walker (Owner),12,1,3,0.0,17.83,5658.0,1405.0,0.0,0,21.25,3.0,29.0,2,8.33,25.0,0.0,0.0
1968,Roy Buckner (Owner),5,0,0,0.0,17.6,348.0,1133.0,0.0,0,29.2,12.0,26.0,4,0.0,0.0,0.0,0.0
1971,Champion Racing,43,3,14,0.0,15.79,2959.0,10336.0,0.0,0,15.37,5.0,42.0,29,6.98,32.56,0.0,0.0
1975,Jerry Lankford (Owner),3,0,0,0.0,30.0,224.0,136.0,2.0,0,18.67,21.0,39.0,0,0.0,0.0,0.0,1.47
1978,Dave Watson (Owner),1,0,0,0.0,17.0,0.0,316.0,0.0,0,22.0,17.0,17.0,0,0.0,0.0,0.0,0.0
1980,DiGard  Motorsports,31,15,17,5.0,13.0,4069.0,8932.0,1955.0,9,5.58,1.0,42.0,19,48.39,54.84,16.13,21.89
1987,Fillip Racing,12,0,0,0.0,26.83,923.0,2824.0,0.0,0,29.33,11.0,41.0,6,0.0,0.0,0.0,0.0
1992,Hagan Enterprises,29,4,16,0.0,13.17,3674.0,8912.0,43.0,7,15.62,2.0,38.0,26,13.79,55.17,0.0,0.48
1994,DarWal Inc.,31,4,13,0.0,15.77,3688.0,9905.0,60.0,10,24.16,3.0,30.0,30,12.9,41.94,0.0,0.61
2000,Galaxy Motorsports,30,0,1,0.0,28.37,2344.0,8226.0,2.0,5,29.13,9.0,40.0,22,0.0,3.33,0.0,0.02
2001,MB2 Motorsports,36,0,5,0.0,22.33,3480.0,10534.0,10.0,12,22.81,8.0,42.0,34,0.0,13.89,0.0,0.09
2001,Mansion Motorsports,3,0,0,0.0,38.0,147.0,513.0,0.0,0,28.33,29.0,43.0,1,0.0,0.0,0.0,0.0
2006,MBA Racing,7,0,0,0.0,41.0,251.0,926.0,2.0,0,32.71,35.0,43.0,2,0.0,0.0,0.0,0.22
2007,Robby Gordon Motorsports,36,1,2,0.0,26.11,3091.0,9854.0,58.0,9,33.78,5.0,41.0,34,2.78,5.56,0.0,0.59
2011,Stewart-Haas Racing,72,18,36,6.0,13.03,2294.0,21157.0,1316.0,58,14.96,1.0,39.0,71,25.0,50.0,8.33,6.22
2018,GO FAS Racing,36,0,1,0.0,26.97,368.0,9610.0,8.0,6,29.11,7.0,38.0,29,0.0,2.78,0.0,0.08
1949,R.B. McIntosh (Owner),5,2,3,1.0,8.0,,387.0,192.0,1,8.33,1.0,16.0,2,40.0,60.0,20.0,49.61
1958,Dick Beaty (Owner),4,0,1,0.0,14.75,588.0,740.0,0.0,0,25.67,6.0,22.0,3,0.0,25.0,0.0,0.0
1950,Tommy Thompson (Owner),3,0,0,0.0,33.0,,272.0,0.0,0,30.0,11.0,62.0,0,0.0,0.0,0.0,0.0
1950,Byron Beatty (Owner),1,0,0,0.0,25.0,,351.0,0.0,0,71.0,25.0,25.0,0,0.0,0.0,0.0,0.0
1952,Ted Chester (Owner),43,23,28,9.0,9.7,0.0,6594.0,1284.0,12,8.83,1.0,55.0,31,53.49,65.12,20.93,19.47
1953,Jimmy Vaughn (Owner),1,0,0,0.0,17.0,,328.0,0.0,0,29.0,17.0,17.0,1,0.0,0.0,0.0,0.0
1955,Fred Bince (Owner),3,0,0,0.0,17.67,296.0,341.0,0.0,0,17.67,16.0,19.0,2,0.0,0.0,0.0,0.0
1959,Manley Britt (Owner),11,1,3,0.0,17.18,1440.0,1848.0,0.0,1,14.0,2.0,29.0,5,9.09,27.27,0.0,0.0
1961,Matt DeMatthews (Owner),7,0,1,0.0,25.0,1852.0,1227.0,0.0,0,32.86,9.0,43.0,5,0.0,14.29,0.0,0.0
1962,J.C. Parker (Owner),24,5,10,0.0,12.21,9348.0,5337.0,0.0,1,14.17,2.0,28.0,18,20.83,41.67,0.0,0.0
1965,Ralph Shelton (Owner),1,0,1,0.0,6.0,2100.0,176.0,0.0,0,36.0,6.0,6.0,1,0.0,100.0,0.0,0.0
1970,Petty Enterprises,55,34,41,19.0,7.73,5165.0,14411.0,5149.0,27,4.95,1.0,39.0,41,61.82,74.55,34.55,35.73
1970,Nichels Engineering,18,7,8,2.0,17.89,1358.0,3193.0,417.0,3,6.0,1.0,39.0,8,38.89,44.44,11.11,13.06
1970,Allan Schlauer (Owner),23,0,1,0.0,26.09,1138.0,2731.0,0.0,0,23.22,9.0,40.0,7,0.0,4.35,0.0,0.0
1971,Warren Prout (Owner),6,0,1,0.0,17.33,353.0,1233.0,0.0,0,18.5,9.0,27.0,2,0.0,16.67,0.0,0.0
1971,B & B Racing,1,0,0,0.0,47.0,12.0,18.0,0.0,0,48.0,47.0,47.0,0,0.0,0.0,0.0,0.0
1975,K&K Insurance Racing,30,16,18,1.0,12.0,4061.0,8324.0,458.0,3,7.17,1.0,34.0,19,53.33,60.0,3.33,5.5
1975,Sisco Racing,28,2,7,0.0,17.89,3116.0,7572.0,37.0,0,18.86,3.0,33.0,15,7.14,25.0,0.0,0.49
1975,King Enterprises,1,0,0,0.0,46.0,25.0,6.0,0.0,0,31.0,46.0,46.0,0,0.0,0.0,0.0,0.0
1978,Jim Norris (Owner),7,0,0,0.0,27.0,501.0,1430.0,0.0,0,31.0,19.0,32.0,1,0.0,0.0,0.0,0.0
1984,All-Star Racing,30,7,14,3.0,14.77,3734.0,8848.0,686.0,6,10.07,1.0,36.0,22,23.33,46.67,10.0,7.75
1989,Donlavey Racing,13,0,0,0.0,28.69,887.0,2721.0,0.0,0,30.92,11.0,37.0,6,0.0,0.0,0.0,0.0
1989,Byers Racing,3,0,0,0.0,20.33,306.0,773.0,0.0,0,36.33,19.0,21.0,3,0.0,0.0,0.0,0.0
1999,Andy Petree Racing,68,3,11,0.0,21.91,6689.0,18481.0,64.0,17,17.4,2.0,43.0,60,4.41,16.18,0.0,0.35
2001,Wood Brothers Racing,36,2,2,1.0,22.81,3471.0,10392.0,125.0,12,28.42,1.0,40.0,34,5.56,5.56,2.78,1.2
2002,SCORE Motorsports,8,0,0,0.0,32.0,536.0,2869.0,0.0,0,34.63,18.0,41.0,5,0.0,0.0,0.0,0.0
2002,Phoenix Racing,5,1,2,0.0,20.6,518.0,714.0,0.0,3,25.0,3.0,40.0,3,20.0,40.0,0.0,0.0
2005,Dale Earnhardt Inc.,80,10,21,1.0,22.46,7903.0,21149.0,348.0,38,25.45,1.0,43.0,59,12.5,26.25,1.25,1.65
2012,Joe Gibbs Racing,108,29,49,7.0,14.5,3265.0,30342.0,2852.0,67,11.35,1.0,36.0,97,26.85,45.37,6.48,9.4
2017,Premium Motorsports,66,0,1,0.0,32.2,291.0,16939.0,1.0,3,35.48,8.0,40.0,52,0.0,1.52,0.0,0.01
2018,Wood Brothers Racing,36,1,7,0.0,19.44,688.0,9410.0,14.0,15,17.22,5.0,36.0,31,2.78,19.44,0.0,0.15
1955,Frank Geiselman (Owner),1,0,0,0.0,19.0,56.0,164.0,0.0,0,22.0,19.0,19.0,1,0.0,0.0,0.0,0.0
1957,T.A. Toomes (Owner),1,0,0,0.0,17.0,,473.0,0.0,0,38.0,17.0,17.0,1,0.0,0.0,0.0,0.0
1962,Bill Church (Owner),1,0,0,0.0,37.0,28.0,29.0,0.0,0,35.0,37.0,37.0,0,0.0,0.0,0.0,0.0
1953,Lacy Jackson (Owner),1,0,0,0.0,25.0,,288.0,0.0,0,37.0,25.0,25.0,0,0.0,0.0,0.0,0.0
1956,Walt Palozi (Owner),6,0,1,0.0,19.5,,538.0,0.0,0,18.17,9.0,34.0,3,0.0,16.67,0.0,0.0
1956,Zervakis Enterprises,6,0,0,0.0,26.67,,772.0,0.0,0,25.8,13.0,76.0,3,0.0,0.0,0.0,0.0
1959,GC Spencer Racing,28,1,5,0.0,16.32,3160.0,4552.0,0.0,0,16.5,4.0,34.0,12,3.57,17.86,0.0,0.0
1960,Shorty Rollins (Owner),7,0,2,0.0,17.71,5774.0,1943.0,11.0,0,25.29,6.0,34.0,5,0.0,28.57,0.0,0.57
1961,Jimmy Vaughn (Owner),2,0,1,0.0,11.0,240.0,308.0,0.0,0,16.0,10.0,12.0,1,0.0,50.0,0.0,0.0
1969,Neil Castles (Owner),56,14,30,0.0,12.55,3569.0,13153.0,29.0,0,16.71,2.0,35.0,39,25.0,53.57,0.0,0.22
1970,Leonard Blanchard (Owner),2,0,0,0.0,29.5,0.0,92.0,0.0,0,30.0,26.0,33.0,1,0.0,0.0,0.0,0.0
1971,GC Spencer Racing,20,2,6,0.0,22.05,1171.0,3400.0,12.0,0,15.1,5.0,37.0,6,10.0,30.0,0.0,0.35
1977,Ellington Racing,17,9,10,2.0,14.71,1970.0,4133.0,1163.0,7,4.24,1.0,42.0,10,52.94,58.82,11.76,28.14
1980,Spohn Racing,3,0,0,0.0,24.0,273.0,736.0,0.0,0,34.33,23.0,25.0,2,0.0,0.0,0.0,0.0
1981,DiGard  Motorsports,31,14,17,0.0,13.74,3991.0,8942.0,443.0,7,7.65,2.0,40.0,22,45.16,54.84,0.0,4.95
1981,Matthews Racing,3,0,0,0.0,22.33,173.0,695.0,1.0,0,19.67,15.0,36.0,2,0.0,0.0,0.0,0.14
1982,Ellington Racing,16,1,2,0.0,24.69,1362.0,2650.0,19.0,0,14.88,5.0,39.0,5,6.25,12.5,0.0,0.72
1985,Joe Booher,2,0,0,0.0,26.0,170.0,358.0,0.0,0,37.5,24.0,28.0,2,0.0,0.0,0.0,0.0
1986,Dingman Brothers Racing,2,0,0,0.0,17.5,118.0,199.0,0.0,0,24.5,15.0,20.0,1,0.0,0.0,0.0,0.0
1987,Jimmy Means Racing,28,0,1,0.0,24.86,2483.0,6339.0,21.0,0,30.79,9.0,40.0,17,0.0,3.57,0.0,0.33
1990,Whitcomb Racing,29,2,6,2.0,19.07,3140.0,7961.0,109.0,9,17.76,1.0,40.0,19,6.9,20.69,6.9,1.37
1990,Tex Racing,3,0,0,0.0,23.67,276.0,951.0,0.0,0,25.33,23.0,24.0,3,0.0,0.0,0.0,0.0
1992,King Racing,29,2,13,0.0,15.41,3491.0,8581.0,237.0,10,8.07,3.0,41.0,25,6.9,44.83,0.0,2.76
1996,Rudd Performance Motorsports,31,5,16,1.0,14.65,3845.0,9281.0,150.0,13,20.55,1.0,37.0,30,16.13,51.61,3.23,1.62
2000,Larry Hedrick Motorsports,7,0,0,0.0,31.43,481.0,2297.0,0.0,0,33.71,21.0,41.0,4,0.0,0.0,0.0,0.0
2004,Evernham Motorsports,78,18,28,1.0,17.15,9077.0,21244.0,1105.0,46,13.41,1.0,42.0,67,23.08,35.9,1.28,5.2
2012,Humphrey-Smith Racing,30,0,0,0.0,41.1,0.0,750.0,0.0,0,36.03,36.0,43.0,0,0.0,0.0,0.0,0.0
2016,Tommy Baldwin Racing,36,1,2,0.0,28.22,452.0,9866.0,8.0,6,31.14,3.0,39.0,30,2.78,5.56,0.0,0.08
2023,RFK Racing,72,16,33,3.0,13.29,2043.0,18279.0,596.0,63,14.63,1.0,35.0,68,22.22,45.83,4.17,3.26
1965,,39,1,2,0.0,28.38,7226.0,1933.0,0.0,0,28.1,4.0,44.0,2,2.56,5.13,0.0,0.0
1951,Bob Carpenter (Owner),7,2,3,0.0,12.43,,,0.0,0,17.5,4.0,29.0,2,28.57,42.86,0.0,
1952,Tommy Thompson (Owner),4,0,1,0.0,26.25,,297.0,20.0,0,9.5,7.0,60.0,2,0.0,25.0,0.0,6.73
1953,W.R. Quann (Owner),1,0,0,0.0,19.0,,,0.0,0,,19.0,19.0,0,0.0,0.0,0.0,
1953,Ted Chamberlain (Owner),9,0,3,0.0,19.22,,572.0,0.0,0,28.0,7.0,56.0,1,0.0,33.33,0.0,0.0
1956,DePaolo Engineering,98,41,61,9.0,12.07,0.0,16303.0,954.0,25,8.75,1.0,59.0,59,41.84,62.24,9.18,5.85
1957,John Whitford (Owner),13,0,3,0.0,18.15,,2049.0,0.0,0,18.31,6.0,35.0,7,0.0,23.08,0.0,0.0
1957,Lonnie Fish (Owner),21,0,2,0.0,20.62,,3709.0,0.0,0,23.3,8.0,47.0,17,0.0,9.52,0.0,0.0
1958,R.L. Combs (Owner),9,0,1,0.0,19.33,604.0,1062.0,0.0,0,20.43,9.0,34.0,4,0.0,11.11,0.0,0.0
1958,Shorty Johns (Owner),4,1,2,0.0,11.25,,1040.0,0.0,0,21.5,4.0,23.0,3,25.0,50.0,0.0,0.0
1960,Bob Chapman (Owner),2,0,0,0.0,42.0,130.0,88.0,0.0,0,43.0,31.0,53.0,1,0.0,0.0,0.0,0.0
1962,Jess Potter (Owner),46,1,15,0.0,15.04,12132.0,9279.0,0.0,0,20.04,5.0,44.0,35,2.17,32.61,0.0,0.0
1963,Mamie Reynolds (Owner),13,1,1,0.0,21.23,5032.0,2526.0,0.0,0,28.0,5.0,39.0,8,7.69,7.69,0.0,0.0
1965,Coz Concilla (Owner),1,0,0,0.0,14.0,1500.0,151.0,0.0,0,23.0,14.0,14.0,1,0.0,0.0,0.0,0.0
1970,Ed Hessert (Owner),1,0,0,0.0,16.0,35.0,45.0,0.0,0,28.0,16.0,16.0,1,0.0,0.0,0.0,0.0
1971,Ron Gautsche (Owner),3,0,0,0.0,31.0,180.0,176.0,0.0,0,30.33,19.0,49.0,0,0.0,0.0,0.0,0.0
1973,Vandiver Racing,9,0,4,0.0,18.56,584.0,2343.0,0.0,0,14.56,6.0,32.0,5,0.0,44.44,0.0,0.0
1983,Langley-Woodfield Racing,27,0,1,0.0,23.81,2473.0,6433.0,0.0,0,27.67,10.0,38.0,14,0.0,3.7,0.0,0.0
1984,Sadler Racing,11,0,2,0.0,25.45,958.0,2423.0,0.0,0,26.64,8.0,39.0,4,0.0,18.18,0.0,0.0
1986,Hylton Engineering,19,0,0,0.0,25.16,1342.0,3914.0,0.0,0,32.79,13.0,39.0,10,0.0,0.0,0.0,0.0
1989,Testa Racing,3,0,0,0.0,34.67,177.0,451.0,0.0,0,31.33,34.0,35.0,0,0.0,0.0,0.0,0.0
1995,Morgan-McClure Motorsports,31,9,22,3.0,9.84,4361.0,9728.0,472.0,19,13.35,1.0,39.0,29,29.03,70.97,9.68,4.85
2008,Petty Enterprises,67,0,2,0.0,26.76,5558.0,19042.0,4.0,24,29.24,6.0,42.0,63,0.0,2.99,0.0,0.02
2011,Earnhardt Ganassi Racing,72,4,12,0.0,20.38,1727.0,20186.0,231.0,37,18.01,3.0,38.0,67,5.56,16.67,0.0,1.14
2012,Germain Racing,36,0,0,0.0,27.17,612.0,8616.0,41.0,6,26.44,15.0,41.0,25,0.0,0.0,0.0,0.48
1956,Lonnie Fish (Owner),1,0,0,0.0,38.0,,77.0,0.0,0,26.0,38.0,38.0,0,0.0,0.0,0.0,0.0
1967,Charlie Hughes (Owner),2,0,0,0.0,31.5,500.0,38.0,0.0,0,23.0,13.0,50.0,1,0.0,0.0,0.0,0.0
1985,,5,0,0,0.0,35.8,211.0,383.0,0.0,0,35.0,32.0,38.0,0,0.0,0.0,0.0,0.0
1950,Buddy Helms (Owner),3,0,0,0.0,24.67,,36.0,0.0,0,23.0,24.0,25.0,0,0.0,0.0,0.0,0.0
1950,Barney Smith (Owner),1,0,0,0.0,16.0,,366.0,0.0,0,32.0,16.0,16.0,1,0.0,0.0,0.0,0.0
1952,Pancho Alvarez (Owner),1,0,0,0.0,24.0,,,0.0,0,9.0,24.0,24.0,0,0.0,0.0,0.0,
1959,Bob Pronger (Owner),2,0,0,0.0,35.0,168.0,156.0,0.0,0,41.5,35.0,35.0,1,0.0,0.0,0.0,0.0
1960,Roy Burdick (Owner),7,0,2,0.0,22.71,3132.0,962.0,0.0,1,19.0,7.0,60.0,5,0.0,28.57,0.0,0.0
1965,Bobby Allison Motorsports,4,0,2,0.0,13.5,5424.0,528.0,0.0,0,20.5,7.0,29.0,3,0.0,50.0,0.0,0.0
1968,J.D. Bracken (Owner),25,11,13,1.0,12.28,1450.0,5450.0,42.0,2,10.88,1.0,46.0,13,44.0,52.0,4.0,0.77
1970,Cunningham-Kelley,13,0,4,0.0,19.31,750.0,2531.0,2.0,0,27.46,6.0,34.0,9,0.0,30.77,0.0,0.08
1973,Willie Humphries (Owner),3,0,0,0.0,32.0,114.0,247.0,0.0,0,19.0,32.0,32.0,0,0.0,0.0,0.0,0.0
1977,Penske Racing South,12,5,7,0.0,13.83,1350.0,2777.0,90.0,1,8.92,4.0,36.0,9,41.67,58.33,0.0,3.24
1977,Hill Racing,16,0,4,0.0,23.88,1213.0,2883.0,4.0,0,16.69,7.0,41.0,6,0.0,25.0,0.0,0.14
1981,Gray Racing,6,0,0,0.0,24.67,534.0,981.0,0.0,0,30.0,15.0,36.0,4,0.0,0.0,0.0,0.0
1983,Jimmy Means Racing,29,0,3,0.0,19.07,2983.0,8462.0,2.0,1,29.59,7.0,38.0,22,0.0,10.34,0.0,0.02
1984,Bailey Racing,2,0,0,0.0,23.5,185.0,529.0,0.0,0,38.5,22.0,25.0,1,0.0,0.0,0.0,0.0
1987,Petty Enterprises,29,9,14,0.0,13.34,3708.0,8306.0,38.0,8,20.21,2.0,37.0,23,31.03,48.28,0.0,0.46
1990,Cale Yarborough Motorsports,29,2,4,0.0,21.93,2863.0,8311.0,82.0,3,14.52,3.0,40.0,16,6.9,13.79,0.0,0.99
1994,Petty Enterprises,25,1,3,0.0,20.44,2575.0,7290.0,41.0,3,19.44,4.0,43.0,20,4.0,12.0,0.0,0.56
1997,Wood Brothers Racing,32,0,6,0.0,21.75,3173.0,9277.0,10.0,9,25.03,7.0,42.0,28,0.0,18.75,0.0,0.11
2003,BACE Motorsports,35,0,1,0.0,28.03,2772.0,9152.0,1.0,9,32.49,6.0,42.0,30,0.0,2.86,0.0,0.01
2006,Furniture Row Racing,19,0,0,0.0,34.16,1106.0,5547.0,1.0,1,35.16,25.0,42.0,16,0.0,0.0,0.0,0.02
2010,Richard Childress Racing,108,29,59,5.0,12.73,14223.0,31334.0,1296.0,90,17.51,1.0,41.0,102,26.85,54.63,4.63,4.14
2025,JR Motorsports,1,0,1,0.0,9.0,0.0,201.0,0.0,1,19.0,9.0,9.0,1,0.0,100.0,0.0,0.0
1951,Joe Winter (Owner),4,1,1,0.0,24.75,,161.0,0.0,0,11.5,5.0,53.0,1,25.0,25.0,0.0,0.0
1955,Johnny Roberts (Owner),4,0,1,0.0,14.75,516.0,600.0,0.0,0,18.0,10.0,22.0,2,0.0,25.0,0.0,0.0
1958,Carl Burris (Owner),4,0,1,0.0,24.5,0.0,586.0,0.0,0,24.5,9.0,47.0,1,0.0,25.0,0.0,0.0
1963,Joel Davis (Owner),4,0,0,0.0,16.0,640.0,370.0,0.0,0,16.25,12.0,20.0,1,0.0,0.0,0.0,0.0
1967,Norm Nelson (Owner),3,1,2,0.0,13.0,36.0,379.0,0.0,0,23.67,3.0,27.0,2,33.33,66.67,0.0,0.0
1960,,33,0,3,0.0,21.79,5740.0,3310.0,0.0,0,21.82,7.0,56.0,12,0.0,9.09,0.0,0.0
1950,Donlavey Racing,1,0,0,0.0,19.0,,41.0,0.0,0,,19.0,19.0,0,0.0,0.0,0.0,0.0
1952,Doug Meeks (Owner),11,2,7,0.0,10.73,,874.0,0.0,0,15.5,4.0,23.0,7,18.18,63.64,0.0,0.0
1952,Dave Terrell (Owner),5,1,3,0.0,11.6,,477.0,0.0,0,19.0,5.0,21.0,4,20.0,60.0,0.0,0.0
1953,Walt Chapman (Owner),32,21,24,5.0,7.16,,2743.0,546.0,8,3.23,1.0,42.0,22,65.63,75.0,15.63,19.91
1954,Bucky Sager (Owner),3,0,0,0.0,21.67,,190.0,0.0,0,22.0,20.0,24.0,1,0.0,0.0,0.0,0.0
1957,Julian Buesink (Owner),5,0,0,0.0,32.6,,503.0,0.0,0,15.6,13.0,57.0,0,0.0,0.0,0.0,0.0
1958,Tommy Irwin (Owner),5,2,3,0.0,10.2,,1255.0,0.0,0,16.5,3.0,21.0,5,40.0,60.0,0.0,0.0
1959,Pete Kelly (Owner),2,0,0,0.0,35.5,720.0,44.0,0.0,0,26.0,19.0,52.0,0,0.0,0.0,0.0,0.0
1961,Rex White (Owner),46,29,37,7.0,6.93,24522.0,9962.0,1224.0,13,6.96,1.0,25.0,39,63.04,80.43,15.22,12.29
1961,Matthews Racing,13,1,3,0.0,22.08,4804.0,1818.0,230.0,1,7.69,4.0,36.0,2,7.69,23.08,0.0,12.65
1962,Smokey Yunick Racing,1,0,0,0.0,24.0,0.0,3.0,0.0,0,24.0,24.0,24.0,0,0.0,0.0,0.0,0.0
1964,Worth McMillion (Owner),18,0,6,0.0,12.61,7586.0,4681.0,0.0,0,22.78,7.0,20.0,14,0.0,33.33,0.0,0.0
1965,Doug Moore (Owner),5,0,0,0.0,18.6,1456.0,664.0,0.0,0,19.4,12.0,25.0,2,0.0,0.0,0.0,0.0
1966,Lyle Stelter (Owner),36,6,10,1.0,17.75,10970.0,4647.0,654.0,1,16.08,1.0,44.0,11,16.67,27.78,2.78,14.07
1967,Bob Gilreath (Owner),5,0,0,0.0,25.0,376.0,309.0,0.0,0,27.6,14.0,35.0,1,0.0,0.0,0.0,0.0
1969,Bill Ellis (Owner),10,1,6,0.0,17.4,557.0,2244.0,5.0,2,13.7,3.0,40.0,6,10.0,60.0,0.0,0.22
1972,Giachetti Brothers,2,0,0,0.0,32.5,14.0,104.0,0.0,0,33.0,21.0,44.0,0,0.0,0.0,0.0,0.0
1972,Norris Reed (Owner),5,0,1,0.0,20.6,304.0,1429.0,0.0,0,27.2,10.0,31.0,2,0.0,20.0,0.0,0.0
1973,Bond Racing,7,0,0,0.0,24.14,314.0,1574.0,0.0,0,34.0,12.0,31.0,3,0.0,0.0,0.0,0.0
1973,Hugh Pearson (Owner),2,0,0,0.0,32.0,76.0,94.0,0.0,0,28.0,28.0,36.0,0,0.0,0.0,0.0,0.0
1981,Dion Racing,1,0,0,0.0,28.0,79.0,143.0,0.0,0,23.0,28.0,28.0,0,0.0,0.0,0.0,0.0
1987,Winkle Motorsports,23,0,0,0.0,24.87,2033.0,5458.0,0.0,0,32.04,11.0,41.0,13,0.0,0.0,0.0,0.0
1987,Ellington Racing,19,0,1,0.0,24.63,1711.0,3825.0,20.0,1,19.53,8.0,41.0,9,0.0,5.26,0.0,0.52
1987,Mueller Brothers Racing,3,0,1,0.0,19.0,320.0,781.0,0.0,0,26.67,9.0,24.0,2,0.0,33.33,0.0,0.0
1990,Larry Hedrick Motorsports,4,0,0,0.0,17.25,445.0,1676.0,0.0,0,26.75,14.0,19.0,4,0.0,0.0,0.0,0.0
2003,Ultra Motorsports,36,1,4,0.0,24.78,3217.0,9591.0,163.0,11,23.5,4.0,42.0,28,2.78,11.11,0.0,1.7
2003,Petty Enterprises,69,0,1,0.0,30.07,5030.0,18372.0,8.0,10,31.67,8.0,43.0,54,0.0,1.45,0.0,0.04
2006,Valvoline Evernham Racing Team,35,1,8,0.0,20.34,3619.0,10077.0,132.0,24,19.49,4.0,41.0,33,2.86,22.86,0.0,1.31
2020,Joe Gibbs Racing,144,55,77,9.0,12.69,4470.0,38812.0,2614.0,106,11.41,1.0,38.0,131,38.19,53.47,6.25,6.74
2023,JTG Daugherty Racing,36,2,9,1.0,17.83,732.0,9170.0,39.0,25,21.83,1.0,35.0,33,5.56,25.0,2.78,0.43
1951,Snowden Racing,12,3,9,0.0,9.5,,383.0,0.0,0,11.71,4.0,26.0,5,25.0,75.0,0.0,0.0
1958,Clarence DeZalia (Owner),27,0,6,0.0,16.15,2992.0,4382.0,0.0,0,21.48,8.0,30.0,20,0.0,22.22,0.0,0.0
1958,Monroe Shook (Owner),4,0,0,0.0,42.0,120.0,194.0,0.0,0,37.25,38.0,46.0,0,0.0,0.0,0.0,0.0
1962,Jack Russell (Owner),4,0,1,0.0,14.75,1954.0,782.0,0.0,0,28.25,9.0,18.0,4,0.0,25.0,0.0,0.0
1964,Dave Kent (Owner),14,2,4,0.0,12.79,5892.0,2711.0,0.0,0,15.79,3.0,31.0,11,14.29,28.57,0.0,0.0
1965,Casper Hensley (Owner),4,1,2,0.0,14.0,992.0,278.0,0.0,0,11.75,4.0,27.0,2,25.0,50.0,0.0,0.0
1965,Owens Racing,14,8,11,2.0,8.71,5464.0,3243.0,576.0,4,4.07,1.0,36.0,7,57.14,78.57,14.29,17.76
1966,J.T. Putney (Owner),35,4,9,0.0,15.6,19552.0,7163.0,32.0,0,14.46,2.0,40.0,19,11.43,25.71,0.0,0.45
1967,Gray Racing,42,0,10,0.0,16.33,16850.0,7825.0,7.0,0,21.71,6.0,37.0,24,0.0,23.81,0.0,0.09
1968,Wood Brothers Racing,21,13,13,7.0,10.81,1596.0,5683.0,1189.0,7,3.38,1.0,44.0,13,61.9,61.9,33.33,20.92
1971,Ron Ronacher (Owner),17,2,4,0.0,19.53,790.0,2320.0,0.0,0,23.35,3.0,40.0,5,11.76,23.53,0.0,0.0
1971,John McConnell (Owner),5,1,3,0.0,13.8,129.0,918.0,8.0,0,13.0,2.0,39.0,4,20.0,60.0,0.0,0.87
1973,Bud Moore Engineering,24,5,7,0.0,21.38,1372.0,4995.0,4.0,0,6.38,2.0,39.0,9,20.83,29.17,0.0,0.08
1973,Robbins Racing,4,0,1,0.0,26.75,108.0,334.0,1.0,0,23.25,8.0,36.0,1,0.0,25.0,0.0,0.3
1974,Ernie Conn (Owner),3,0,0,0.0,29.33,,175.0,4.0,0,24.33,21.0,34.0,0,0.0,0.0,0.0,2.29
1975,Fred Elder (Owner),3,1,1,0.0,14.0,377.0,368.0,1.0,0,9.0,4.0,25.0,1,33.33,33.33,0.0,0.27
1976,Junior Johnson & Associates,30,22,23,9.0,8.2,4644.0,9269.0,3777.0,15,5.07,1.0,42.0,25,73.33,76.67,30.0,40.75
1980,Ulrich Racing,33,0,6,0.0,18.73,2446.0,7956.0,6.0,0,20.03,7.0,37.0,21,0.0,18.18,0.0,0.08
1982,Mach 1 Racing,30,9,16,2.0,13.7,3877.0,8454.0,420.0,6,6.57,1.0,38.0,20,30.0,53.33,6.67,4.97
1984,Arrington Racing,25,0,0,0.0,21.96,2428.0,7256.0,0.0,0,28.48,11.0,36.0,17,0.0,0.0,0.0,0.0
1984,A.J. Foyt Racing,3,0,0,0.0,36.67,104.0,224.0,0.0,0,28.67,35.0,39.0,0,0.0,0.0,0.0,0.0
1995,Phoenix Racing,6,0,0,0.0,37.33,306.0,631.0,0.0,0,25.5,29.0,42.0,1,0.0,0.0,0.0,0.0
1997,Petty Enterprises,64,8,17,1.0,19.34,6905.0,18726.0,626.0,24,24.8,1.0,40.0,59,12.5,26.56,1.56,3.34
2012,R3 Motorsports,22,0,0,0.0,40.27,56.0,873.0,0.0,0,36.95,27.0,43.0,0,0.0,0.0,0.0,0.0
2015,Germain Racing,36,0,1,0.0,23.14,754.0,10035.0,4.0,14,23.92,6.0,42.0,32,0.0,2.78,0.0,0.04
2015,Hillman Smith Motorsports,36,0,0,0.0,30.64,0.0,9347.0,0.0,9,32.39,13.0,43.0,30,0.0,0.0,0.0,0.0
2015,Leavine Family Racing,16,0,0,0.0,30.69,213.0,4541.0,0.0,2,29.31,20.0,42.0,15,0.0,0.0,0.0,0.0
1959,John Dodd Sr. (Owner),4,0,2,0.0,12.75,,901.0,0.0,0,10.0,6.0,27.0,3,0.0,50.0,0.0,0.0
1951,Grant Sniffen (Owner),6,3,4,0.0,8.33,,,82.0,0,3.67,2.0,19.0,3,50.0,66.67,0.0,
1961,Nichels Engineering,4,2,3,0.0,8.25,4340.0,469.0,0.0,2,11.5,3.0,16.0,4,50.0,75.0,0.0,0.0
1964,John Berejoski (Owner),10,0,3,0.0,16.7,3652.0,2123.0,0.0,0,17.7,6.0,42.0,3,0.0,30.0,0.0,0.0
1967,Fox Racing,13,4,6,1.0,15.85,15810.0,2568.0,480.0,2,7.23,1.0,30.0,6,30.77,46.15,7.69,18.69
1968,E.C. Reid (Owner),14,0,0,0.0,23.57,961.0,2679.0,0.0,0,25.79,12.0,39.0,7,0.0,0.0,0.0,0.0
1970,Don Noel (Owner),2,0,0,0.0,35.5,93.0,38.0,0.0,0,21.0,33.0,38.0,0,0.0,0.0,0.0,0.0
1973,Butch Hawkersmith (Owner),5,0,1,0.0,26.6,110.0,686.0,0.0,0,34.4,9.0,40.0,2,0.0,20.0,0.0,0.0
1975,Roger Paquette (Owner),3,0,1,0.0,22.33,297.0,265.0,18.0,0,7.67,7.0,33.0,1,0.0,33.33,0.0,6.79
1979,Marcis Auto Racing,25,1,6,0.0,18.48,2736.0,6834.0,20.0,0,15.2,5.0,37.0,13,4.0,24.0,0.0,0.29
1980,Donlavey Racing,31,2,18,0.0,12.42,3972.0,9167.0,2.0,0,17.0,5.0,30.0,27,6.45,58.06,0.0,0.02
1981,Howard & Egerton Racing,10,0,3,0.0,20.5,1020.0,1923.0,0.0,0,24.8,8.0,39.0,5,0.0,30.0,0.0,0.0
1982,Ranier Racing,30,10,17,0.0,14.77,3752.0,7729.0,335.0,7,7.23,2.0,40.0,17,33.33,56.67,0.0,4.33
1982,GC Spencer Racing,7,0,0,0.0,27.57,346.0,1477.0,3.0,0,27.86,12.0,39.0,3,0.0,0.0,0.0,0.2
1991,Bahari' Racing,29,4,12,0.0,18.31,3254.0,8394.0,292.0,9,16.72,3.0,40.0,23,13.79,41.38,0.0,3.48
1992,Bobby Allison Motorsports,29,3,7,0.0,20.07,3027.0,8120.0,60.0,3,22.31,4.0,36.0,20,10.34,24.14,0.0,0.74
1993,Donlavey Racing,30,0,0,0.0,24.2,2717.0,8343.0,3.0,3,26.23,11.0,41.0,21,0.0,0.0,0.0,0.04
1994,Sadler Racing,6,0,0,0.0,31.5,411.0,1479.0,0.0,0,22.0,27.0,37.0,3,0.0,0.0,0.0,0.0
2003,Brett Bodine Racing,6,0,0,0.0,34.67,354.0,1681.0,0.0,0,31.17,24.0,42.0,3,0.0,0.0,0.0,0.0
1954,John Lindsay (Owner),1,0,0,0.0,31.0,,197.0,0.0,0,,31.0,31.0,1,0.0,0.0,0.0,0.0
1970,,28,0,2,0.0,25.11,1190.0,2436.0,0.0,0,29.18,8.0,41.0,9,0.0,7.14,0.0,0.0
1957,Gus Holzmueller (Owner),3,1,1,0.0,9.67,,347.0,0.0,0,14.33,4.0,14.0,2,33.33,33.33,0.0,0.0
1957,Jim Paschal (Owner),12,3,5,0.0,18.0,,1399.0,0.0,0,14.33,2.0,48.0,5,25.0,41.67,0.0,0.0
1958,Owens Racing,1,0,0,0.0,43.0,80.0,15.0,0.0,0,46.0,43.0,43.0,0,0.0,0.0,0.0,0.0
1959,Bruce Thompson (Owner),14,1,4,0.0,15.86,3068.0,2242.0,0.0,1,12.21,4.0,28.0,8,7.14,28.57,0.0,0.0
1961,Ned Jarrett (Owner),2,0,0,0.0,17.5,144.0,127.0,0.0,0,8.5,16.0,19.0,0,0.0,0.0,0.0,0.0
1963,Bailey Racing,2,0,0,0.0,18.0,2046.0,226.0,0.0,0,37.0,17.0,19.0,2,0.0,0.0,0.0,0.0
1963,Major Melton (Owner),19,0,1,0.0,17.37,3146.0,3166.0,0.0,0,20.0,6.0,34.0,10,0.0,5.26,0.0,0.0
1966,J.D. Bracken (Owner),21,7,10,3.0,14.0,9160.0,4496.0,714.0,3,11.29,1.0,41.0,11,33.33,47.62,14.29,15.88
1970,Donlavey Racing,6,1,1,0.0,23.17,269.0,1129.0,0.0,0,13.33,5.0,37.0,2,16.67,16.67,0.0,0.0
1977,Mike White (Owner),2,0,0,0.0,23.5,185.0,251.0,0.0,0,27.5,22.0,25.0,2,0.0,0.0,0.0,0.0
1982,Wilson Racing,8,0,2,0.0,24.0,731.0,1404.0,0.0,0,25.13,9.0,36.0,3,0.0,25.0,0.0,0.0
1982,Potter Racing,3,0,0,0.0,31.0,210.0,131.0,0.0,0,28.33,28.0,37.0,0,0.0,0.0,0.0,0.0
1984,DiGard  Motorsports,30,13,19,2.0,11.9,4094.0,9051.0,1160.0,11,12.03,1.0,36.0,26,43.33,63.33,6.67,12.82
2014,Chip Ganassi Racing,72,15,30,0.0,15.18,2094.0,20367.0,421.0,55,15.04,2.0,43.0,65,20.83,41.67,0.0,2.07
2022,Wood Brothers Racing,36,1,2,0.0,22.78,565.0,8671.0,35.0,18,22.11,3.0,39.0,29,2.78,5.56,0.0,0.4
1949,Raymond Parks (Owner),8,4,5,2.0,9.25,,829.0,103.0,2,2.25,1.0,22.0,4,50.0,62.5,25.0,12.42
1951,Charles Gattalia (Owner),2,0,0,0.0,12.0,,,0.0,0,28.0,11.0,13.0,0,0.0,0.0,0.0,
1963,J.C. Parker (Owner),8,0,1,0.0,16.88,1690.0,1344.0,0.0,0,16.88,8.0,39.0,3,0.0,12.5,0.0,0.0
1954,John Ditz (Owner),35,23,27,2.0,7.11,,5336.0,674.0,7,4.4,1.0,29.0,28,65.71,77.14,5.71,12.63
1954,Fred Dove (Owner),11,0,2,0.0,15.73,0.0,1408.0,0.0,0,,7.0,25.0,6,0.0,18.18,0.0,0.0
1958,Jim Linke (Owner),1,0,0,0.0,24.0,480.0,285.0,0.0,0,18.0,24.0,24.0,1,0.0,0.0,0.0,0.0
1959,Roy Burdick (Owner),10,3,6,1.0,11.3,4728.0,1342.0,155.0,2,5.89,1.0,40.0,7,30.0,60.0,10.0,11.55
1959,Bob Bristol (Owner),2,1,2,0.0,5.5,,554.0,0.0,0,12.0,5.0,6.0,2,50.0,100.0,0.0,0.0
1963,Bill Church (Owner),5,0,2,0.0,11.8,1264.0,857.0,0.0,0,18.0,10.0,15.0,3,0.0,40.0,0.0,0.0
1976,Hiram Handy (Owner),10,0,0,0.0,22.0,637.0,2769.0,0.0,0,31.2,15.0,38.0,7,0.0,0.0,0.0,0.0
1979,Junior Johnson & Associates,31,19,22,4.0,8.58,4604.0,9677.0,1320.0,12,5.26,1.0,33.0,25,61.29,70.97,12.9,13.64
1979,Robbins Racing,3,0,0,0.0,31.33,207.0,235.0,0.0,0,34.0,27.0,35.0,0,0.0,0.0,0.0,0.0
1982,Wawak Racing,9,0,0,0.0,20.33,923.0,2307.0,2.0,0,31.22,13.0,32.0,7,0.0,0.0,0.0,0.09
1983,A.J. Foyt Racing,3,0,0,0.0,27.67,130.0,406.0,0.0,0,10.67,11.0,38.0,1,0.0,0.0,0.0,0.0
1984,Robert Harrington (Owner),7,0,0,0.0,25.43,473.0,1484.0,0.0,0,33.0,13.0,39.0,5,0.0,0.0,0.0,0.0
1986,Freelander Motorsports,24,0,3,0.0,21.54,2393.0,6559.0,50.0,0,22.92,8.0,39.0,13,0.0,12.5,0.0,0.76
1990,KC Racing,2,0,0,0.0,27.0,164.0,366.0,0.0,0,39.0,23.0,31.0,2,0.0,0.0,0.0,0.0
1992,RaDiUs Motorsports,29,1,7,0.0,16.66,3315.0,9253.0,11.0,3,24.28,5.0,33.0,26,3.45,24.14,0.0,0.12
1993,Geoff Bodine Racing,7,0,1,0.0,25.71,607.0,1974.0,32.0,0,11.57,10.0,43.0,3,0.0,14.29,0.0,1.62
1997,Hendrick Motorsports,96,34,50,11.0,14.69,12131.0,27227.0,2190.0,54,17.13,1.0,43.0,84,35.42,52.08,11.46,8.04
2002,Innovative Motorsports,4,0,0,0.0,34.75,240.0,560.0,1.0,0,27.75,29.0,42.0,2,0.0,0.0,0.0,0.18
2006,PPI Motorsports,33,0,0,0.0,28.58,2570.0,9092.0,4.0,9,32.64,19.0,40.0,28,0.0,0.0,0.0,0.04
2011,FAS Lane Racing,36,0,0,0.0,30.22,217.0,9715.0,8.0,2,39.22,15.0,41.0,31,0.0,0.0,0.0,0.08
2015,JTG Daugherty Racing,36,0,3,0.0,23.08,758.0,10006.0,55.0,18,21.58,6.0,43.0,33,0.0,8.33,0.0,0.55
2025,Hyak Motorsports,36,1,3,0.0,22.89,562.0,8984.0,8.0,21,27.92,5.0,39.0,32,2.78,8.33,0.0,0.09
1967,Ted Sidwell (Owner),2,0,0,0.0,14.0,0.0,219.0,0.0,0,24.5,14.0,14.0,2,0.0,0.0,0.0,0.0
1951,Bub King (Owner),8,0,2,0.0,23.0,,149.0,0.0,0,27.0,6.0,69.0,0,0.0,25.0,0.0,0.0
1952,Charles Gattalia (Owner),8,0,3,0.0,12.63,,810.0,0.0,0,11.5,6.0,17.0,4,0.0,37.5,0.0,0.0
1953,R.G. Shelton (Owner),12,4,5,0.0,19.5,,384.0,0.0,0,11.75,3.0,47.0,4,33.33,41.67,0.0,0.0
1956,Ted Cannady (Owner),6,0,0,0.0,19.67,,814.0,0.0,0,24.0,14.0,28.0,4,0.0,0.0,0.0,0.0
1956,J.M. Fitzgibbons (Owner),4,0,1,0.0,19.25,,673.0,0.0,0,25.75,9.0,36.0,2,0.0,25.0,0.0,0.0
1958,William Meyer (Owner),11,0,0,0.0,20.91,1112.0,1263.0,0.0,0,24.22,13.0,53.0,7,0.0,0.0,0.0,0.0
1960,Hanley Dawson (Owner),10,2,5,0.0,19.3,6346.0,1820.0,0.0,1,15.0,2.0,52.0,5,20.0,50.0,0.0,0.0
1969,Ranier Racing,4,0,1,0.0,14.0,0.0,433.0,0.0,0,31.5,9.0,25.0,3,0.0,25.0,0.0,0.0
1974,Sisco Racing,28,2,9,0.0,15.71,,7311.0,42.0,0,22.29,3.0,39.0,16,7.14,32.14,0.0,0.57
1975,Hagan Enterprises,6,0,0,0.0,18.67,521.0,1170.0,0.0,0,25.5,11.0,38.0,5,0.0,0.0,0.0,0.0
1979,Osterlund Motorsports,31,14,21,2.0,9.74,4410.0,9590.0,696.0,8,7.1,1.0,36.0,27,45.16,67.74,6.45,7.26
1980,Jim Stacy Racing,3,0,0,0.0,22.33,245.0,595.0,0.0,0,37.0,11.0,40.0,2,0.0,0.0,0.0,0.0
1981,John Rebhan (Owner),3,1,1,0.0,18.0,339.0,813.0,2.0,0,23.0,5.0,38.0,2,33.33,33.33,0.0,0.25
1987,Moss-Dingler Racing,1,0,0,0.0,21.0,0.0,195.0,0.0,0,27.0,21.0,21.0,1,0.0,0.0,0.0,0.0
1999,Penske Racing South,34,7,16,1.0,15.32,4155.0,9592.0,1048.0,17,11.06,1.0,43.0,31,20.59,47.06,2.94,10.93
2006,Dale Earnhardt Inc.,79,12,23,1.0,17.67,8983.0,22076.0,480.0,56,21.1,1.0,43.0,69,15.19,29.11,1.27,2.17
2015,Wood Brothers Racing,16,1,2,0.0,25.31,0.0,3622.0,5.0,5,14.5,4.0,43.0,11,6.25,12.5,0.0,0.14
2020,Premium Motorsports,37,0,1,0.0,29.54,275.0,9237.0,4.0,4,31.24,9.0,38.0,27,0.0,2.7,0.0,0.04
2021,Team Penske,115,31,57,5.0,13.13,3347.0,28147.0,1215.0,86,10.99,1.0,39.0,102,26.96,49.57,4.35,4.32
1951,Les Bomar (Owner),4,0,0,0.0,16.0,,,0.0,0,18.5,14.0,18.0,0,0.0,0.0,0.0,
1955,Ted Cannady (Owner),9,0,0,0.0,22.11,744.0,812.0,0.0,0,23.33,12.0,40.0,5,0.0,0.0,0.0,0.0
1950,Dick Clothier (Owner),5,0,2,0.0,16.4,,194.0,0.0,0,,6.0,36.0,1,0.0,40.0,0.0,0.0
1951,Buck Baker Racing,8,2,3,0.0,19.88,,338.0,0.0,0,18.0,3.0,56.0,2,25.0,37.5,0.0,0.0
1953,Gayle Warren (Owner),2,0,0,0.0,39.0,,327.0,0.0,0,27.0,23.0,55.0,0,0.0,0.0,0.0,0.0
1957,DePaolo Engineering,64,32,39,10.0,10.55,,8364.0,1236.0,24,7.36,1.0,54.0,39,50.0,60.94,15.63,14.78
1957,Charlie Cregar (Owner),3,0,3,0.0,8.67,,356.0,0.0,0,20.33,8.0,10.0,1,0.0,100.0,0.0,0.0
1958,Lonnie Fish (Owner),1,1,1,0.0,3.0,184.0,149.0,0.0,0,4.0,3.0,3.0,1,100.0,100.0,0.0,0.0
1961,Buck Baker Racing,57,12,18,1.0,16.02,17498.0,9597.0,225.0,4,13.21,1.0,42.0,28,21.05,31.58,1.75,2.34
1961,Rex Lovette (Owner),46,16,23,7.0,12.8,17822.0,7804.0,2406.0,9,6.91,1.0,47.0,21,34.78,50.0,15.22,30.83
1966,Ballard Racing,1,0,0,0.0,20.0,560.0,234.0,0.0,0,29.0,20.0,20.0,1,0.0,0.0,0.0,0.0
1967,Bondy Long (Owner),31,21,24,2.0,8.39,32818.0,8261.0,1375.0,9,5.35,1.0,39.0,21,67.74,77.42,6.45,16.64
1967,Scott Racing,43,0,11,0.0,15.16,20110.0,8737.0,0.0,0,20.53,6.0,40.0,24,0.0,25.58,0.0,0.0
1967,George Poulos (Owner),24,0,1,0.0,17.25,4456.0,3326.0,0.0,0,21.42,9.0,27.0,12,0.0,4.17,0.0,0.0
1970,Langley-Woodfield Racing,50,1,19,0.0,15.38,3258.0,10915.0,0.0,0,16.06,3.0,39.0,30,2.0,38.0,0.0,0.0
1970,Joe Phipps (Owner),8,0,0,0.0,21.25,325.0,1594.0,0.0,0,30.25,11.0,34.0,5,0.0,0.0,0.0,0.0
1972,George Altheide (Owner),13,0,0,0.0,25.54,660.0,1991.0,0.0,0,26.38,15.0,40.0,6,0.0,0.0,0.0,0.0
1973,Ober Logging,2,0,0,0.0,24.5,106.0,196.0,0.0,0,18.0,17.0,32.0,0,0.0,0.0,0.0,0.0
1974,Gray Racing,14,0,2,0.0,18.07,,3257.0,2.0,0,22.14,9.0,32.0,7,0.0,14.29,0.0,0.06
1975,Dick Midgley Motorsports,3,0,1,0.0,19.33,316.0,341.0,0.0,0,16.33,10.0,29.0,0,0.0,33.33,0.0,0.0
1983,DiGard  Motorsports,31,18,25,6.0,8.16,4704.0,10039.0,1755.0,18,11.52,1.0,42.0,28,58.06,80.65,19.35,17.48
1983,RahMoc Enterprises,30,10,17,2.0,12.27,3842.0,9418.0,650.0,8,8.77,1.0,35.0,23,33.33,56.67,6.67,6.9
1987,RahMoc Enterprises,29,5,17,0.0,12.66,3352.0,8770.0,120.0,10,17.41,3.0,37.0,25,17.24,58.62,0.0,1.37
1987,Stoke Racing,13,0,0,0.0,30.0,949.0,1747.0,0.0,0,26.54,13.0,39.0,4,0.0,0.0,0.0,0.0
1993,Roush Racing,60,13,23,5.0,16.57,7128.0,17792.0,1352.0,22,17.62,1.0,40.0,48,21.67,38.33,8.33,7.6
1994,Bill Davis Racing,31,1,2,0.0,21.9,3038.0,8541.0,3.0,5,19.87,5.0,42.0,24,3.23,6.45,0.0,0.04
1996,Penske Racing South,31,8,18,5.0,16.61,3717.0,8383.0,964.0,18,16.42,1.0,40.0,25,25.81,58.06,16.13,11.5
1998,Richard Childress Racing,66,9,22,1.0,18.5,7327.0,18767.0,385.0,27,22.61,1.0,42.0,59,13.64,33.33,1.52,2.05
2001,Bill Davis Racing,73,6,16,1.0,21.79,7279.0,20536.0,265.0,33,21.68,1.0,42.0,58,8.22,21.92,1.37,1.29
2001,Midwest Transit Racing,9,0,0,0.0,29.22,678.0,2580.0,0.0,1,23.44,14.0,41.0,7,0.0,0.0,0.0,0.0
2005,McGlynn Racing,10,0,0,0.0,39.1,420.0,1755.0,0.0,0,36.2,32.0,43.0,3,0.0,0.0,0.0,0.0
2006,Morgan-McClure Motorsports,30,0,0,0.0,30.0,2205.0,8568.0,5.0,7,33.57,19.0,42.0,25,0.0,0.0,0.0,0.06
2008,Team Red Bull,69,3,8,0.0,24.13,6390.0,19260.0,242.0,26,23.1,2.0,43.0,59,4.35,11.59,0.0,1.26
2010,TRG Motorsports,36,0,1,0.0,30.89,2549.0,8038.0,6.0,9,33.69,9.0,43.0,23,0.0,2.78,0.0,0.07
2012,Phoenix Racing,36,1,2,0.0,25.64,667.0,9464.0,19.0,7,22.69,3.0,39.0,28,2.78,5.56,0.0,0.2
2014,Roush Fenway Racing,107,11,30,2.0,17.92,2816.0,30643.0,245.0,71,17.95,1.0,41.0,102,10.28,28.04,1.87,0.8
1949,Julian Buesink (Owner),4,2,3,0.0,7.0,,556.0,0.0,0,23.0,3.0,14.0,2,50.0,75.0,0.0,0.0
1951,Champion Racing,1,0,1,0.0,9.0,,,0.0,0,,9.0,9.0,0,0.0,100.0,0.0,
1954,Joe Mangini (Owner),8,0,1,0.0,16.88,,2057.0,0.0,0,7.5,9.0,28.0,5,0.0,12.5,0.0,0.0
1950,Lee Schmidt (Owner),1,0,0,0.0,23.0,,40.0,0.0,0,24.0,23.0,23.0,0,0.0,0.0,0.0,0.0
1951,Hubert Westmoreland (Owner),14,3,6,1.0,16.93,,1784.0,179.0,1,23.0,1.0,38.0,6,21.43,42.86,7.14,10.03
1958,L.D. Austin (Owner),45,0,10,0.0,15.73,4936.0,6900.0,0.0,0,20.45,6.0,30.0,39,0.0,22.22,0.0,0.0
1959,Van Acker (Owner),3,2,2,0.0,19.33,248.0,181.0,0.0,0,10.0,5.0,48.0,2,66.67,66.67,0.0,0.0
1961,Bill Clifton (Owner),7,1,4,0.0,14.14,1624.0,675.0,0.0,0,12.0,5.0,30.0,5,14.29,57.14,0.0,0.0
1967,Buck Baker Racing,40,1,7,0.0,17.28,13600.0,7205.0,0.0,0,18.3,5.0,34.0,11,2.5,17.5,0.0,0.0
1967,Betty Lilly (Owner),12,0,0,0.0,24.08,5560.0,1719.0,0.0,0,31.0,11.0,41.0,4,0.0,0.0,0.0,0.0
1969,Wood Brothers Racing,22,8,9,2.0,17.59,1715.0,4580.0,946.0,5,4.36,1.0,38.0,9,36.36,40.91,9.09,20.66
1974,Penske Racing South,14,6,9,1.0,12.21,,3245.0,232.0,1,6.5,1.0,37.0,10,42.86,64.29,7.14,7.15
1974,Robertson Racing,22,0,1,0.0,24.05,,3241.0,0.0,0,29.68,10.0,39.0,6,0.0,4.55,0.0,0.0
1974,DarWal Inc.,16,7,11,0.0,12.56,,4649.0,103.0,1,10.31,2.0,44.0,11,43.75,68.75,0.0,2.22
1975,Penske Racing South,19,10,10,3.0,15.37,2181.0,4268.0,578.0,6,4.42,1.0,35.0,10,52.63,52.63,15.79,13.54
1978,GC Spencer Racing,7,0,1,0.0,24.29,318.0,1280.0,0.0,0,26.43,8.0,37.0,3,0.0,14.29,0.0,0.0
1987,Ronnie Thomas Racing,4,0,0,0.0,27.75,319.0,874.0,0.0,0,29.5,25.0,30.0,1,0.0,0.0,0.0,0.0
2009,Tommy Baldwin Racing,25,0,0,0.0,38.32,1206.0,2429.0,3.0,2,37.36,18.0,43.0,6,0.0,0.0,0.0,0.12
2021,Petty Ware Racing,36,0,0,0.0,31.17,1.0,8131.0,5.0,4,32.72,21.0,40.0,28,0.0,0.0,0.0,0.06
1949,Frank Smith (Owner),4,0,2,0.0,12.75,,161.0,0.0,0,15.0,6.0,21.0,0,0.0,50.0,0.0,0.0
1955,Buddy Krebs (Owner),1,0,0,0.0,35.0,20.0,50.0,0.0,0,16.0,35.0,35.0,0,0.0,0.0,0.0,0.0
1950,Carson Dyer (Owner),1,0,0,0.0,51.0,,310.0,0.0,0,37.0,51.0,51.0,0,0.0,0.0,0.0,0.0
1954,Ernest Woods (Owner),47,10,20,2.0,15.4,,6407.0,315.0,5,7.31,1.0,62.0,27,21.28,42.55,4.26,4.92
1956,Pete Yow (Owner),11,0,2,0.0,18.55,,1221.0,0.0,0,24.18,9.0,50.0,7,0.0,18.18,0.0,0.0
1956,John Zink (Owner),1,0,0,0.0,12.0,,10.0,0.0,0,7.0,12.0,12.0,0,0.0,0.0,0.0,0.0
1957,Whitey Norman (Owner),16,1,4,0.0,17.06,,2650.0,0.0,0,19.33,2.0,40.0,8,6.25,25.0,0.0,0.0
1959,R.L. Combs (Owner),9,0,1,0.0,18.44,88.0,1478.0,0.0,0,17.67,7.0,33.0,6,0.0,11.11,0.0,0.0
1967,Jack Bowsher & Associates,2,0,0,0.0,34.0,0.0,207.0,11.0,0,11.0,26.0,42.0,0,0.0,0.0,0.0,5.31
1968,Nichels Engineering,16,2,5,0.0,20.06,983.0,3315.0,304.0,1,10.38,2.0,41.0,5,12.5,31.25,0.0,9.17
1968,Arrington Racing,1,0,0,0.0,11.0,0.0,187.0,0.0,0,22.0,11.0,11.0,1,0.0,0.0,0.0,0.0
1970,Bill Ellis (Owner),3,1,3,0.0,5.67,316.0,429.0,0.0,0,11.33,5.0,6.0,3,33.33,100.0,0.0,0.0
1971,Gary Baird (Owner),5,0,0,0.0,21.2,243.0,914.0,0.0,0,25.0,15.0,25.0,3,0.0,0.0,0.0,0.0
1971,Scott Racing,34,0,4,0.0,17.38,2020.0,7323.0,0.0,0,24.5,6.0,28.0,19,0.0,11.76,0.0,0.0
1972,Negre Racing,25,0,0,0.0,23.56,1372.0,5588.0,0.0,0,25.92,14.0,44.0,11,0.0,0.0,0.0,0.0
1973,James Boyd (Owner),1,0,0,0.0,16.0,70.0,137.0,0.0,0,38.0,16.0,16.0,1,0.0,0.0,0.0,0.0
1979,Russ Draime (Owner),4,1,1,0.0,14.0,496.0,1263.0,1.0,0,16.25,5.0,24.0,3,25.0,25.0,0.0,0.08
1984,Mach 1 Racing,30,15,23,3.0,8.57,4443.0,9899.0,1186.0,15,6.93,1.0,29.0,26,50.0,76.67,10.0,11.98
1988,Cale Yarborough Motorsports,29,0,4,0.0,22.38,2803.0,7014.0,10.0,3,23.9,8.0,41.0,17,0.0,13.79,0.0,0.14
1992,Mueller Brothers Racing,2,0,0,0.0,38.0,98.0,225.0,0.0,0,31.0,37.0,39.0,0,0.0,0.0,0.0,0.0
1992,Bailey Racing,1,0,0,0.0,41.0,40.0,8.0,0.0,0,37.0,41.0,41.0,0,0.0,0.0,0.0,0.0
1994,Hendrick Motorsports,93,22,46,5.0,14.16,11712.0,28130.0,1155.0,38,12.97,1.0,39.0,77,23.66,49.46,5.38,4.11
1995,Wood Brothers Racing,31,4,10,0.0,16.48,3618.0,9275.0,31.0,12,18.94,2.0,34.0,29,12.9,32.26,0.0,0.33
2002,Andy Petree Racing,41,0,3,0.0,26.41,3459.0,10929.0,69.0,12,25.41,9.0,43.0,37,0.0,7.32,0.0,0.63
2007,Joe Gibbs Racing,109,24,44,4.0,16.81,12893.0,30307.0,1897.0,69,17.9,1.0,43.0,99,22.02,40.37,3.67,6.26
2012,Roush Fenway Racing,112,28,53,5.0,12.8,3488.0,31678.0,1455.0,87,12.96,1.0,39.0,107,25.0,47.32,4.46,4.59
2012,Go Green Racing,6,0,0,0.0,41.67,14.0,106.0,0.0,0,36.0,38.0,43.0,0,0.0,0.0,0.0,0.0
2015,Roush Fenway Racing,108,4,9,0.0,23.36,2236.0,30093.0,43.0,48,23.81,2.0,43.0,102,3.7,8.33,0.0,0.14
1951,Pug Blalock (Owner),2,0,1,0.0,16.5,,,0.0,0,,9.0,24.0,0,0.0,50.0,0.0,
1954,Mel Gould (Owner),1,0,0,0.0,61.0,,4.0,0.0,0,,61.0,61.0,0,0.0,0.0,0.0,0.0
1956,Vel Miletich (Owner),3,1,1,0.0,21.67,,591.0,0.0,1,9.33,2.0,50.0,1,33.33,33.33,0.0,0.0
1960,Wes Morgan (Owner),2,0,0,0.0,18.5,620.0,277.0,0.0,0,33.0,18.0,19.0,1,0.0,0.0,0.0,0.0
1953,Julian Petty (Owner),13,4,9,0.0,10.31,,489.0,0.0,0,15.0,3.0,30.0,7,30.77,69.23,0.0,0.0
1955,Frank Dodge (Owner),38,4,15,0.0,13.63,4638.0,5652.0,0.0,0,17.19,5.0,42.0,34,10.53,39.47,0.0,0.0
1956,Johnny Dodson (Owner),11,0,4,0.0,16.82,,1842.0,0.0,0,20.36,7.0,45.0,8,0.0,36.36,0.0,0.0
1962,Fred Harb (Owner),21,1,4,0.0,16.43,3750.0,2900.0,0.0,0,15.33,4.0,34.0,6,4.76,19.05,0.0,0.0
1964,Ken Spikes (Owner),8,0,1,0.0,18.25,6226.0,1152.0,0.0,0,24.88,10.0,22.0,3,0.0,12.5,0.0,0.0
1966,Nichels Engineering,44,16,23,4.0,14.32,41100.0,10368.0,619.0,9,8.16,1.0,40.0,24,36.36,52.27,9.09,5.97
1966,Kyle Gibson (Owner),2,0,0,0.0,19.0,1748.0,325.0,0.0,0,22.0,13.0,25.0,1,0.0,0.0,0.0,0.0
1966,Al White (Owner),2,0,0,0.0,12.5,432.0,449.0,0.0,0,20.0,11.0,14.0,2,0.0,0.0,0.0,0.0
1969,Dub Clewis (Owner),19,1,5,0.0,20.0,1108.0,2762.0,0.0,0,16.53,5.0,39.0,10,5.26,26.32,0.0,0.0
1971,Wood Brothers Racing,15,11,12,3.0,8.8,1160.0,3575.0,1184.0,9,2.8,1.0,41.0,11,73.33,80.0,20.0,33.12
1974,Dean Barnicle (Owner),1,0,0,0.0,19.0,,139.0,0.0,0,28.0,19.0,19.0,0,0.0,0.0,0.0,0.0
1977,Dick Midgley Motorsports,5,0,0,0.0,28.0,395.0,732.0,0.0,0,20.4,20.0,39.0,0,0.0,0.0,0.0,0.0
1978,Ellington Racing,14,7,7,1.0,15.29,1779.0,3232.0,209.0,5,8.07,1.0,39.0,7,50.0,50.0,7.14,6.47
1979,Adcox-Kirby,6,0,0,0.0,23.5,560.0,1132.0,5.0,0,18.83,11.0,33.0,1,0.0,0.0,0.0,0.44
1982,Henderson Motorsports,9,0,0,0.0,18.56,966.0,3052.0,0.0,0,24.11,11.0,25.0,5,0.0,0.0,0.0,0.0
1986,U. S. Motorsports Inc.,24,0,0,0.0,24.79,1926.0,5260.0,2.0,0,30.38,14.0,40.0,15,0.0,0.0,0.0,0.04
1986,Glenn Steurer (Owner),2,0,1,0.0,13.0,249.0,210.0,0.0,0,27.5,10.0,16.0,2,0.0,50.0,0.0,0.0
1988,Hendrick Motorsports,88,24,47,4.0,12.69,11557.0,27205.0,1127.0,33,8.93,1.0,37.0,79,27.27,53.41,4.55,4.14
1989,Winkle Motorsports,12,0,0,0.0,30.08,805.0,2487.0,2.0,0,26.58,18.0,39.0,4,0.0,0.0,0.0,0.08
1991,Linro Motorsports,4,0,0,0.0,33.0,256.0,278.0,0.0,0,36.25,24.0,40.0,0,0.0,0.0,0.0,0.0
1994,Elliott-Hardy Racing,6,0,1,0.0,18.83,651.0,1202.0,4.0,1,30.33,9.0,40.0,4,0.0,16.67,0.0,0.33
2019,Spire Motorsports,36,1,1,1.0,32.61,112.0,8410.0,7.0,2,34.72,1.0,39.0,22,2.78,2.78,2.78,0.08
2020,Spire Motorsports,36,0,0,0.0,30.67,56.0,8832.0,1.0,4,32.28,11.0,39.0,32,0.0,0.0,0.0,0.01
1952,George Gallup (Owner),4,0,1,0.0,25.5,,271.0,13.0,0,19.25,8.0,46.0,2,0.0,25.0,0.0,4.8
1960,Matthews Racing,14,0,5,0.0,19.86,8628.0,1961.0,9.0,0,15.14,7.0,62.0,8,0.0,35.71,0.0,0.46
1960,GC Spencer Racing,4,0,0,0.0,17.75,480.0,533.0,0.0,0,20.0,11.0,31.0,3,0.0,0.0,0.0,0.0
1962,Robert Smith (Owner),11,2,5,0.0,16.09,2134.0,1183.0,0.0,0,16.2,3.0,36.0,6,18.18,45.45,0.0,0.0
1966,Harold Mays (Owner),11,1,3,0.0,18.64,2872.0,1750.0,0.0,0,19.09,4.0,39.0,5,9.09,27.27,0.0,0.0
1970,Benny Parsons (Owner),2,0,1,0.0,10.5,0.0,235.0,0.0,0,17.0,7.0,14.0,2,0.0,50.0,0.0,0.0
1971,James Good (Owner),2,0,0,0.0,24.0,162.0,251.0,0.0,0,31.5,24.0,24.0,1,0.0,0.0,0.0,0.0
1973,Howard & Egerton Racing,30,17,20,4.0,10.2,2548.0,9981.0,6.0,8,5.23,1.0,41.0,22,56.67,66.67,13.33,0.06
1977,Dave Hill (Owner),2,0,0,0.0,28.0,158.0,103.0,0.0,0,27.5,24.0,32.0,1,0.0,0.0,0.0,0.0
1979,DeWitt Racing,31,5,20,0.0,12.58,4014.0,9122.0,188.0,1,11.23,2.0,36.0,23,16.13,64.52,0.0,2.06
1984,Robert McEntyre (Owner),14,0,3,0.0,22.21,1288.0,2891.0,4.0,0,17.36,7.0,36.0,7,0.0,21.43,0.0,0.14
1984,Morris-Ragan,4,0,0,0.0,27.5,322.0,980.0,0.0,0,31.25,20.0,39.0,3,0.0,0.0,0.0,0.0
1985,Race Hill Farm Team,28,5,12,0.0,16.61,3267.0,7723.0,77.0,4,13.89,2.0,38.0,18,17.86,42.86,0.0,1.0
1986,Newsom Racing,3,0,0,0.0,34.0,183.0,358.0,0.0,0,37.67,25.0,40.0,0,0.0,0.0,0.0,0.0
1988,Ellington Racing,8,0,0,0.0,27.75,643.0,1004.0,1.0,2,25.88,11.0,41.0,4,0.0,0.0,0.0,0.1
1988,Boys Racing,1,0,0,0.0,20.0,103.0,306.0,0.0,0,40.0,20.0,20.0,1,0.0,0.0,0.0,0.0
1988,Barkdoll Motorsports,5,0,0,0.0,33.8,250.0,636.0,0.0,0,31.0,26.0,41.0,2,0.0,0.0,0.0,0.0
2011,HP Racing,34,0,0,0.0,39.88,128.0,1674.0,5.0,1,34.35,30.0,43.0,2,0.0,0.0,0.0,0.3
2012,Earnhardt Ganassi Racing,72,0,5,0.0,20.88,1678.0,20285.0,80.0,30,22.32,7.0,39.0,63,0.0,6.94,0.0,0.39
1949,Don Gallagher (Owner),1,0,0,0.0,13.0,,178.0,0.0,0,26.0,13.0,13.0,0,0.0,0.0,0.0,0.0
1954,Pete Stewart (Owner),1,0,0,0.0,24.0,,77.0,0.0,0,,24.0,24.0,0,0.0,0.0,0.0,0.0
1956,Lem Svajian (Owner),1,0,0,0.0,49.0,,,0.0,0,62.0,49.0,49.0,0,0.0,0.0,0.0,
1957,Fred Boggs (Owner),1,0,0,0.0,31.0,,,0.0,0,9.0,31.0,31.0,0,0.0,0.0,0.0,
1957,Champion Racing,6,0,0,0.0,18.5,0.0,910.0,0.0,0,16.67,13.0,30.0,1,0.0,0.0,0.0,0.0
1958,Beau Morgan (Owner),3,2,2,0.0,11.0,480.0,347.0,0.0,1,18.33,3.0,26.0,2,66.67,66.67,0.0,0.0
1960,W.H. Watson (Owner),6,0,0,0.0,26.17,1952.0,870.0,0.0,0,20.8,11.0,59.0,3,0.0,0.0,0.0,0.0
1961,L.D. Austin (Owner),20,0,8,0.0,13.2,7316.0,4802.0,0.0,0,23.95,7.0,22.0,17,0.0,40.0,0.0,0.0
1961,Roy Burdick (Owner),5,2,3,1.0,15.2,4382.0,1086.0,45.0,2,10.2,1.0,36.0,3,40.0,60.0,20.0,4.14
1964,E.B. Rich (Owner),7,1,4,0.0,11.0,2034.0,1562.0,0.0,0,15.71,4.0,25.0,6,14.29,57.14,0.0,0.0
1973,Canavan Racing,5,0,0,0.0,20.8,302.0,1223.0,0.0,0,27.4,12.0,34.0,3,0.0,0.0,0.0,0.0
1974,Butch Hawkersmith (Owner),5,1,2,0.0,22.8,,1163.0,0.0,0,30.8,5.0,47.0,3,20.0,40.0,0.0,0.0
1980,Junior Johnson & Associates,31,19,22,6.0,8.97,4642.0,9440.0,2810.0,16,3.1,1.0,40.0,26,61.29,70.97,19.35,29.77
1982,Cliff Stewart Racing,30,4,12,0.0,14.73,3295.0,8303.0,123.0,4,9.8,3.0,40.0,19,13.33,40.0,0.0,1.48
1989,SABCO Racing,18,1,5,0.0,18.0,1987.0,4815.0,16.0,2,21.83,4.0,32.0,11,5.56,27.78,0.0,0.33
2000,Andy Petree Racing,69,4,10,0.0,23.62,6442.0,18378.0,25.0,21,21.25,2.0,43.0,56,5.8,14.49,0.0,0.14
2002,Price Motorsports,3,0,0,0.0,41.0,120.0,455.0,0.0,0,42.33,39.0,43.0,1,0.0,0.0,0.0,0.0
2003,Penske Racing South,72,19,34,8.0,16.31,8661.0,19439.0,1552.0,41,11.39,1.0,43.0,61,26.39,47.22,11.11,7.98
2014,Team Penske,76,33,42,11.0,12.54,2442.0,21573.0,2548.0,60,8.95,1.0,40.0,71,43.42,55.26,14.47,11.81
1966,Larry DeBeau (Owner),2,0,0,0.0,26.0,432.0,284.0,0.0,0,32.0,22.0,30.0,0,0.0,0.0,0.0,0.0
1958,A.L. Bumgarner (Owner),13,0,1,0.0,23.85,764.0,1201.0,0.0,0,9.42,6.0,49.0,3,0.0,7.69,0.0,0.0
1959,Jimmy Pardue (Owner),6,0,1,0.0,15.67,,526.0,0.0,0,17.17,10.0,20.0,2,0.0,16.67,0.0,0.0
1960,McClure Motors,3,1,1,0.0,13.0,658.0,240.0,0.0,0,10.0,5.0,21.0,2,33.33,33.33,0.0,0.0
1961,Reb Wickersham (Owner),10,0,1,0.0,21.6,1178.0,1424.0,0.0,0,25.6,10.0,35.0,5,0.0,10.0,0.0,0.0
1973,Roberts Racing,26,0,0,0.0,22.08,1510.0,7826.0,0.0,0,31.0,11.0,53.0,19,0.0,0.0,0.0,0.0
1976,Petty Enterprises,30,19,22,3.0,8.97,4449.0,8941.0,1269.0,11,6.07,1.0,28.0,22,63.33,73.33,10.0,14.19
1980,Ranier Racing,19,10,12,2.0,12.47,2603.0,5042.0,671.0,9,3.63,1.0,39.0,12,52.63,63.16,10.53,13.31
1981,Jim Stacy Racing,22,2,8,0.0,17.32,2279.0,5220.0,116.0,3,11.59,2.0,35.0,10,9.09,36.36,0.0,2.22
1981,Petty Enterprises,62,13,26,3.0,17.23,7218.0,14678.0,566.0,14,13.74,1.0,41.0,30,20.97,41.94,4.84,3.86
1982,John Callis (Owner),3,0,0,0.0,28.33,234.0,352.0,0.0,0,34.0,26.0,32.0,0,0.0,0.0,0.0,0.0
1983,Stahl Racing,2,0,0,0.0,23.0,188.0,622.0,0.0,0,28.0,23.0,23.0,2,0.0,0.0,0.0,0.0
1984,Ronnie Thomas Racing,22,0,0,0.0,26.36,1851.0,5046.0,2.0,0,28.68,15.0,40.0,12,0.0,0.0,0.0,0.04
1989,Petty Enterprises,25,0,0,0.0,25.76,2148.0,5567.0,9.0,1,27.6,13.0,42.0,13,0.0,0.0,0.0,0.16
1994,Precision Products Racing,31,4,10,0.0,20.58,3238.0,8756.0,166.0,6,19.9,2.0,42.0,21,12.9,32.26,0.0,1.9
1994,King Racing,31,1,6,0.0,21.03,3159.0,8931.0,55.0,8,14.61,2.0,42.0,24,3.23,19.35,0.0,0.62
1995,Junior Johnson & Associates,57,0,2,0.0,24.93,5036.0,15354.0,6.0,7,25.07,9.0,41.0,47,0.0,3.51,0.0,0.04
1998,Donlavey Racing,32,0,1,0.0,26.59,2678.0,8671.0,4.0,4,25.59,6.0,43.0,22,0.0,3.13,0.0,0.05
1999,Reiser Racing,5,1,1,0.0,26.0,434.0,1358.0,0.0,2,22.6,4.0,40.0,2,20.0,20.0,0.0,0.0
2002,Hendrick Motorsports,144,23,49,6.0,19.56,15593.0,39889.0,2061.0,75,18.9,1.0,43.0,121,15.97,34.03,4.17,5.17
2004,Joe Gibbs Racing,77,16,31,2.0,15.13,9428.0,22159.0,928.0,48,16.69,1.0,41.0,71,20.78,40.26,2.6,4.19
2005,Stanton Barrett Racing,4,0,0,0.0,42.25,145.0,393.0,0.0,0,38.5,41.0,43.0,0,0.0,0.0,0.0,0.0
2014,Randy Humphrey Motorsports,8,0,0,0.0,37.38,34.0,1803.0,0.0,1,38.13,26.0,43.0,6,0.0,0.0,0.0,0.0
2021,Richard Petty Motorsports,36,0,6,0.0,19.67,641.0,8779.0,9.0,18,22.67,7.0,39.0,32,0.0,16.67,0.0,0.1
1956,Art Binkley (Owner),1,0,0,0.0,24.0,,349.0,0.0,0,36.0,24.0,24.0,1,0.0,0.0,0.0,0.0
1957,Al White (Owner),3,0,1,0.0,24.33,,161.0,0.0,0,22.67,9.0,42.0,1,0.0,33.33,0.0,0.0
1953,Frank Arford (Owner),18,6,10,1.0,13.78,,898.0,3.0,1,12.38,1.0,57.0,10,33.33,55.56,5.56,0.33
1956,Darvin Randahl (Owner),7,0,1,0.0,19.43,,492.0,0.0,0,22.29,7.0,29.0,2,0.0,14.29,0.0,0.0
1959,Doc White (Owner),21,7,10,2.0,14.14,4604.0,3390.0,597.0,4,13.48,1.0,43.0,13,33.33,47.62,9.52,17.61
1959,Jay George (Owner),1,0,0,0.0,15.0,,54.0,0.0,0,11.0,15.0,15.0,0,0.0,0.0,0.0,0.0
1961,Ed Brown (Owner),1,0,0,0.0,17.0,144.0,74.0,0.0,0,,17.0,17.0,0,0.0,0.0,0.0,0.0
1969,Cunningham-Kelley,7,0,2,0.0,21.71,375.0,993.0,0.0,0,18.29,7.0,39.0,2,0.0,28.57,0.0,0.0
1971,Don Tarr (Owner),3,0,0,0.0,27.33,94.0,506.0,0.0,0,27.0,16.0,43.0,0,0.0,0.0,0.0,0.0
1976,Donlavey Racing,29,3,19,0.0,13.69,3489.0,8289.0,16.0,0,12.1,3.0,41.0,20,10.34,65.52,0.0,0.19
1977,Jimmy Insolo (Owner),1,1,1,0.0,4.0,0.0,93.0,0.0,0,18.0,4.0,4.0,1,100.0,100.0,0.0,0.0
1986,Arrington Racing,26,0,0,0.0,18.81,2776.0,8152.0,4.0,0,29.42,12.0,25.0,22,0.0,0.0,0.0,0.05
1986,Jefferson Racing,2,0,0,0.0,24.0,182.0,145.0,0.0,0,31.0,13.0,35.0,0,0.0,0.0,0.0,0.0
1991,Hendrick Motorsports,58,19,35,3.0,11.91,7782.0,17892.0,865.0,26,11.22,1.0,40.0,51,32.76,60.34,5.17,4.83
1999,Larry Hedrick Motorsports,27,0,0,0.0,31.74,1830.0,6909.0,0.0,1,31.96,18.0,43.0,21,0.0,0.0,0.0,0.0
2003,Richard Childress Racing,109,16,31,3.0,19.47,11777.0,31251.0,730.0,42,22.9,1.0,41.0,102,14.68,28.44,2.75,2.34
2010,Tommy Baldwin Racing,27,0,0,0.0,35.96,1503.0,4451.0,3.0,3,30.78,13.0,43.0,9,0.0,0.0,0.0,0.07
1949,David Chester (Owner),1,0,0,0.0,15.0,,,0.0,0,3.0,15.0,15.0,0,0.0,0.0,0.0,
1955,Jimmy Ayers (Owner),2,0,1,0.0,14.5,408.0,277.0,0.0,0,20.5,9.0,20.0,1,0.0,50.0,0.0,0.0
1959,A.J. Blackwelder (Owner),2,0,0,0.0,26.0,,114.0,0.0,0,24.5,16.0,36.0,1,0.0,0.0,0.0,0.0
1963,Matthews Racing,5,2,3,0.0,10.6,4106.0,826.0,30.0,0,5.2,2.0,21.0,3,40.0,60.0,0.0,3.63
1963,Paul Clayton (Owner),5,0,1,0.0,22.4,2252.0,728.0,0.0,0,20.8,10.0,41.0,2,0.0,20.0,0.0,0.0
1950,T.L. King (Owner),1,0,0,0.0,45.0,,329.0,0.0,0,29.0,45.0,45.0,0,0.0,0.0,0.0,0.0
1951,Rice Racing,7,0,2,0.0,20.43,,238.0,0.0,0,11.57,8.0,38.0,0,0.0,28.57,0.0,0.0
1951,Gene Comstock (Owner),4,0,0,0.0,25.0,,357.0,0.0,0,21.0,13.0,37.0,0,0.0,0.0,0.0,0.0
1952,R.G. Shelton (Owner),26,2,7,0.0,18.23,0.0,3140.0,0.0,0,11.71,3.0,57.0,9,7.69,26.92,0.0,0.0
1952,Shorty Gibbs (Owner),2,0,0,0.0,17.5,,87.0,0.0,0,16.0,13.0,22.0,0,0.0,0.0,0.0,0.0
1956,Coz Concilla (Owner),1,0,0,0.0,15.0,,75.0,0.0,0,16.0,15.0,15.0,1,0.0,0.0,0.0,0.0
1958,Slim Rominger (Owner),1,0,1,0.0,10.0,,139.0,0.0,0,11.0,10.0,10.0,1,0.0,100.0,0.0,0.0
1959,Floyd Johnson (Owner),3,0,1,0.0,19.67,,581.0,0.0,0,12.0,8.0,27.0,0,0.0,33.33,0.0,0.0
1960,Julian Buesink (Owner),6,0,1,0.0,31.33,686.0,422.0,0.0,0,25.33,8.0,58.0,3,0.0,16.67,0.0,0.0
1964,Dick Hutcherson (Owner),4,2,2,0.0,8.75,1200.0,592.0,75.0,0,4.25,2.0,15.0,2,50.0,50.0,0.0,12.67
1965,Howard York (Owner),1,0,0,0.0,16.0,1300.0,115.0,0.0,0,37.0,16.0,16.0,0,0.0,0.0,0.0,0.0
1966,Tom Hunter (Owner),15,1,4,0.0,18.53,10306.0,3761.0,0.0,0,23.0,5.0,43.0,9,6.67,26.67,0.0,0.0
1968,Archie Smith (Owner),17,0,1,0.0,24.65,861.0,2350.0,0.0,0,26.06,7.0,38.0,4,0.0,5.88,0.0,0.0
1971,Tommy Andrews (Owner),2,0,0,0.0,17.0,86.0,251.0,0.0,0,13.0,16.0,18.0,0,0.0,0.0,0.0,0.0
1980,Testa Racing,16,2,6,0.0,21.75,1387.0,3014.0,68.0,1,12.94,3.0,40.0,7,12.5,37.5,0.0,2.26
2003,MBV Motorsports,36,2,4,0.0,22.72,3448.0,10027.0,15.0,11,24.44,4.0,41.0,30,5.56,11.11,0.0,0.15
2009,Furniture Row Racing,18,0,0,0.0,27.67,1440.0,4720.0,0.0,4,30.39,12.0,40.0,15,0.0,0.0,0.0,0.0
2017,TriStar Motorsports,36,0,0,0.0,28.25,320.0,9724.0,3.0,4,32.08,12.0,39.0,27,0.0,0.0,0.0,0.03
1952,Bruce Atchley (Owner),7,0,0,0.0,20.14,,355.0,0.0,0,17.33,15.0,26.0,1,0.0,0.0,0.0,0.0
1952,Fred Bethune (Owner),2,0,1,0.0,13.5,,377.0,0.0,0,8.0,9.0,18.0,2,0.0,50.0,0.0,0.0
1966,Gary Weaver (Owner),3,1,1,0.0,16.33,684.0,621.0,16.0,0,18.0,4.0,25.0,2,33.33,33.33,0.0,2.58
1959,Dick Freeman (Owner),3,0,0,0.0,14.0,1352.0,695.0,0.0,0,30.33,13.0,15.0,2,0.0,0.0,0.0,0.0
1959,Ken Marriott (Owner),1,0,0,0.0,59.0,400.0,1.0,0.0,0,56.0,59.0,59.0,0,0.0,0.0,0.0,0.0
1959,Richard Riley (Owner),11,0,1,0.0,15.91,160.0,1220.0,0.0,0,19.36,6.0,21.0,4,0.0,9.09,0.0,0.0
1960,Neil Castles (Owner),18,0,5,0.0,14.78,50.0,2293.0,0.0,0,16.06,7.0,32.0,9,0.0,27.78,0.0,0.0
1966,GC Spencer Racing,19,5,8,0.0,19.05,14692.0,4508.0,2.0,0,15.32,2.0,44.0,8,26.32,42.11,0.0,0.04
1966,Archie Smith (Owner),23,0,1,0.0,23.09,7442.0,4108.0,0.0,0,29.09,9.0,40.0,7,0.0,4.35,0.0,0.0
1970,Bailey Racing,1,0,0,0.0,34.0,0.0,180.0,0.0,0,31.0,34.0,34.0,0,0.0,0.0,0.0,0.0
1972,Wood Brothers Racing,20,16,17,8.0,5.9,1268.0,5794.0,1910.0,11,2.6,1.0,28.0,16,80.0,85.0,40.0,32.97
1972,Penske Racing,12,1,4,0.0,23.5,542.0,2087.0,0.0,0,10.42,3.0,44.0,5,8.33,33.33,0.0,0.0
1975,Brown Racing (Jerry Brown),4,0,0,0.0,25.25,261.0,365.0,0.0,0,25.5,17.0,30.0,1,0.0,0.0,0.0,0.0
1982,Morgan-McClure,3,0,0,0.0,28.67,231.0,424.0,0.0,0,33.33,18.0,40.0,2,0.0,0.0,0.0,0.0
1985,Sacks & Sons,4,0,2,0.0,14.75,413.0,1013.0,2.0,0,21.5,6.0,30.0,3,0.0,50.0,0.0,0.2
1986,Morgan-McClure Motorsports,18,0,4,0.0,20.94,1824.0,3662.0,13.0,2,16.11,7.0,40.0,10,0.0,22.22,0.0,0.35
1998,Butch Mock Motorsports,30,0,1,0.0,28.97,2296.0,7667.0,61.0,3,24.1,8.0,43.0,23,0.0,3.33,0.0,0.8
2005,RJ Motorsports,25,0,1,0.0,31.44,1734.0,6138.0,4.0,6,33.2,9.0,43.0,18,0.0,4.0,0.0,0.07
2010,Penske Racing,108,9,20,2.0,20.85,11158.0,31210.0,933.0,54,18.31,1.0,42.0,97,8.33,18.52,1.85,2.99
2017,Chip Ganassi Racing,72,18,37,4.0,13.94,2225.0,19601.0,1373.0,52,10.72,1.0,40.0,60,25.0,51.39,5.56,7.0
1963,W.M. Harrison (Owner),3,0,0,0.0,28.33,970.0,164.0,0.0,0,21.0,16.0,43.0,1,0.0,0.0,0.0,0.0
1950,Tex Keene (Owner),2,0,0,0.0,45.0,,229.0,0.0,0,44.0,26.0,64.0,0,0.0,0.0,0.0,0.0
1953,Gene Comstock (Owner),23,0,4,0.0,18.26,0.0,1548.0,0.0,0,26.5,8.0,35.0,3,0.0,17.39,0.0,0.0
1953,Gordon Bracken (Owner),7,0,1,0.0,19.43,,221.0,0.0,0,23.0,10.0,30.0,0,0.0,14.29,0.0,0.0
1954,J.O. Goode (Owner),8,2,6,0.0,10.38,,1226.0,0.0,0,15.0,4.0,20.0,6,25.0,75.0,0.0,0.0
1955,John Hernandez (Owner),1,1,1,0.0,4.0,440.0,247.0,0.0,0,4.0,4.0,4.0,1,100.0,100.0,0.0,0.0
1957,Stroppe Motorsports,30,7,12,0.0,12.87,,3834.0,201.0,1,9.37,3.0,45.0,12,23.33,40.0,0.0,5.24
1960,Petty Enterprises,90,41,70,8.0,8.3,43810.0,19036.0,972.0,19,7.6,1.0,56.0,71,45.56,77.78,8.89,5.11
1961,Monroe Shook (Owner),39,19,28,2.0,8.0,22514.0,9301.0,386.0,2,10.64,1.0,29.0,34,48.72,71.79,5.13,4.15
1961,Wood Brothers Racing,15,4,4,0.0,18.0,6054.0,2504.0,315.0,3,7.8,2.0,55.0,5,26.67,26.67,0.0,12.58
1964,John Black (Owner),7,0,3,0.0,13.14,1752.0,1326.0,0.0,0,18.43,6.0,20.0,4,0.0,42.86,0.0,0.0
1967,Tommy Ingram (Owner),6,1,1,0.0,24.67,938.0,564.0,0.0,0,16.83,2.0,43.0,1,16.67,16.67,0.0,0.0
1970,Joe Savoca (Owner),2,0,0,0.0,24.0,54.0,45.0,0.0,0,27.0,24.0,24.0,0,0.0,0.0,0.0,0.0
1971,Frasson Racing,17,1,4,0.0,17.06,1619.0,3752.0,0.0,0,18.71,5.0,35.0,12,5.88,23.53,0.0,0.0
1975,Bud Moore Engineering,23,12,13,4.0,11.3,3050.0,6281.0,789.0,8,4.17,1.0,33.0,13,52.17,56.52,17.39,12.56
1975,DarWal Inc.,17,8,10,1.0,12.18,2281.0,4480.0,291.0,3,9.47,1.0,34.0,9,47.06,58.82,5.88,6.5
1983,Matthews Racing,3,0,1,0.0,23.33,282.0,857.0,0.0,0,25.33,8.0,39.0,2,0.0,33.33,0.0,0.0
1983,Reeder Racing,19,0,0,0.0,23.79,1356.0,4926.0,0.0,0,29.84,14.0,33.0,11,0.0,0.0,0.0,0.0
1988,Dingman Brothers Racing,8,0,2,0.0,27.75,640.0,1194.0,0.0,0,22.63,10.0,42.0,3,0.0,25.0,0.0,0.0
1990,Gilliland Racing,1,0,0,0.0,28.0,79.0,71.0,0.0,0,43.0,28.0,28.0,1,0.0,0.0,0.0,0.0
1991,Melling Racing,29,6,12,1.0,15.03,3535.0,9020.0,203.0,9,13.52,1.0,36.0,27,20.69,41.38,3.45,2.25
1995,TriStar Motorsports,9,0,1,0.0,32.67,591.0,1472.0,18.0,1,24.56,10.0,42.0,4,0.0,11.11,0.0,1.22
1998,Morgan-McClure Motorsports,33,3,8,1.0,17.0,3786.0,9840.0,442.0,13,26.73,1.0,38.0,32,9.09,24.24,3.03,4.49
2001,Eel River Racing,18,0,0,0.0,33.78,1115.0,4634.0,1.0,1,34.83,25.0,42.0,12,0.0,0.0,0.0,0.02
2002,Fitz Motorsports,1,0,0,0.0,36.0,55.0,307.0,0.0,0,22.0,36.0,36.0,1,0.0,0.0,0.0,0.0
2009,NEMCO Motorsports,32,0,0,0.0,39.03,1484.0,2567.0,4.0,1,30.53,14.0,43.0,5,0.0,0.0,0.0,0.16
2010,Latitude 43 Motorsports,27,0,1,0.0,29.3,2071.0,7294.0,30.0,4,34.3,8.0,40.0,21,0.0,3.7,0.0,0.41
2014,Stewart-Haas Racing,144,23,41,6.0,19.08,3658.0,40339.0,2497.0,86,15.44,1.0,43.0,127,15.97,28.47,4.17,6.19
2016,Germain Racing,36,0,0,0.0,25.61,556.0,9964.0,7.0,10,24.28,12.0,40.0,33,0.0,0.0,0.0,0.07
1954,Paul Whiteman (Owner),6,1,2,1.0,23.17,,748.0,28.0,1,11.0,1.0,51.0,3,16.67,33.33,16.67,3.74
1955,Earl Wright (Owner),6,0,0,0.0,29.0,676.0,937.0,0.0,0,19.33,15.0,50.0,3,0.0,0.0,0.0,0.0
1957,John Dodd Sr. (Owner),2,0,1,0.0,18.5,,256.0,0.0,0,14.5,10.0,27.0,1,0.0,50.0,0.0,0.0
1962,Jimmy Baker (Owner),5,0,0,0.0,31.0,1594.0,372.0,0.0,0,20.2,14.0,43.0,1,0.0,0.0,0.0,0.0
1950,Ed Hastings (Owner),2,0,0,0.0,21.0,,137.0,31.0,0,11.0,18.0,24.0,0,0.0,0.0,0.0,22.63
1953,Clyde Minter (Owner),4,0,1,0.0,22.75,,510.0,0.0,0,53.0,9.0,47.0,1,0.0,25.0,0.0,0.0
1959,Roy Tyner (Owner),29,7,15,0.0,13.0,976.0,5440.0,0.0,0,17.14,2.0,33.0,20,24.14,51.72,0.0,0.0
1963,Owens Racing,71,17,34,0.0,13.2,34712.0,14827.0,200.0,3,12.72,2.0,48.0,40,23.94,47.89,0.0,1.35
1963,Curtis Crider (Owner),47,2,14,0.0,17.15,11810.0,7813.0,0.0,0,18.91,3.0,50.0,27,4.26,29.79,0.0,0.0
1963,Jack Smith (Owner),40,4,12,0.0,17.83,13696.0,7531.0,33.0,1,15.33,4.0,44.0,14,10.0,30.0,0.0,0.44
1964,Ed Livingston (Owner),4,1,1,0.0,18.5,708.0,385.0,0.0,0,21.25,4.0,34.0,2,25.0,25.0,0.0,0.0
1965,Wayne Smith (Owner),3,0,0,0.0,18.67,352.0,34.0,0.0,0,15.67,13.0,22.0,0,0.0,0.0,0.0,0.0
1967,Harold Collins (Owner),9,0,0,0.0,29.89,1052.0,502.0,0.0,0,32.56,19.0,41.0,1,0.0,0.0,0.0,0.0
1970,Giachetti Brothers,4,0,0,0.0,27.25,139.0,253.0,0.0,0,36.75,20.0,33.0,2,0.0,0.0,0.0,0.0
1980,Race Hill Farm Team,28,9,12,0.0,17.0,3283.0,7585.0,262.0,6,10.39,2.0,42.0,18,32.14,42.86,0.0,3.45
1983,Gordon Racing,10,0,0,0.0,23.9,649.0,2279.0,0.0,0,32.4,15.0,39.0,6,0.0,0.0,0.0,0.0
1985,Hendrick Motorsports,29,10,15,0.0,10.9,3862.0,9112.0,692.0,11,8.0,2.0,25.0,24,34.48,51.72,0.0,7.59
1985,Potter Racing,7,0,0,0.0,24.57,525.0,1614.0,0.0,0,32.86,17.0,31.0,3,0.0,0.0,0.0,0.0
1988,Bud Moore Engineering,29,2,5,0.0,22.38,2833.0,7789.0,200.0,3,15.66,3.0,43.0,18,6.9,17.24,0.0,2.57
2002,Michael Waltrip Racing,2,0,0,0.0,29.0,152.0,405.0,0.0,1,30.5,21.0,37.0,1,0.0,0.0,0.0,0.0
2004,Bill Davis Racing,47,1,2,0.0,24.64,4156.0,12583.0,14.0,16,28.68,3.0,41.0,35,2.13,4.26,0.0,0.11
2004,Mach 1 Motorsports,26,0,0,0.0,38.27,1228.0,2875.0,4.0,0,39.88,28.0,43.0,5,0.0,0.0,0.0,0.14
2006,Front Row Motorsports,19,0,0,0.0,38.16,922.0,3584.0,0.0,1,38.11,30.0,43.0,10,0.0,0.0,0.0,0.0
2018,MBM Motorsports,18,0,0,0.0,35.72,0.0,3710.0,0.0,0,37.17,28.0,40.0,9,0.0,0.0,0.0,0.0
2023,Joe Gibbs Racing,144,37,65,8.0,14.26,4209.0,35725.0,2608.0,112,11.24,1.0,37.0,128,25.69,45.14,5.56,7.3
2024,Trackhouse Racing,72,10,23,2.0,16.4,1663.0,19125.0,520.0,55,18.25,1.0,40.0,66,13.89,31.94,2.78,2.72
1949,Walt Frank (Owner),1,0,0,0.0,12.0,,180.0,0.0,0,30.0,12.0,12.0,0,0.0,0.0,0.0,0.0
1951,Charles Roscoe (Owner),3,0,2,0.0,11.33,,,0.0,0,16.0,9.0,15.0,0,0.0,66.67,0.0,
1955,Jim Rush (Owner),1,0,0,0.0,16.0,,226.0,0.0,0,16.0,16.0,16.0,1,0.0,0.0,0.0,0.0
1957,Bob Osiecki (Owner),2,0,0,0.0,26.0,,,0.0,0,27.0,14.0,38.0,0,0.0,0.0,0.0,
1958,Walt Palozi (Owner),1,0,0,0.0,15.0,,165.0,0.0,0,8.0,15.0,15.0,1,0.0,0.0,0.0,0.0
1963,Jess Potter (Owner),11,0,2,0.0,19.55,1790.0,1834.0,0.0,0,22.09,9.0,32.0,6,0.0,18.18,0.0,0.0
1969,Bill Hemby (Owner),1,0,0,0.0,11.0,0.0,149.0,0.0,0,18.0,11.0,11.0,1,0.0,0.0,0.0,0.0
1973,Negre Racing,21,1,2,0.0,20.95,1216.0,5030.0,0.0,0,27.9,5.0,37.0,13,4.76,9.52,0.0,0.0
1975,Norris Reed (Owner),6,1,1,0.0,29.33,213.0,605.0,0.0,0,15.83,5.0,40.0,1,16.67,16.67,0.0,0.0
1980,JD Johnson Racing,18,0,5,0.0,20.44,1851.0,4724.0,7.0,0,24.11,8.0,40.0,10,0.0,27.78,0.0,0.15
1984,S.Gray Racing,1,0,0,0.0,30.0,73.0,178.0,0.0,0,38.0,30.0,30.0,1,0.0,0.0,0.0,0.0
1989,Venturini Motorsports,1,0,0,0.0,37.0,52.0,80.0,0.0,0,38.0,37.0,37.0,0,0.0,0.0,0.0,0.0
1990,Bob Tullius (Owner),1,0,0,0.0,23.0,94.0,323.0,0.0,0,30.0,23.0,23.0,1,0.0,0.0,0.0,0.0
2005,Bobby Hamilton Racing,2,0,0,0.0,28.5,155.0,479.0,0.0,1,30.5,27.0,30.0,2,0.0,0.0,0.0,0.0
2014,Richard Childress Racing,108,11,33,0.0,16.01,3037.0,31152.0,96.0,77,16.63,2.0,42.0,105,10.19,30.56,0.0,0.31
1953,Irving Frye (Owner),13,2,5,0.0,20.08,,775.0,13.0,0,19.29,5.0,57.0,3,15.38,38.46,0.0,1.68
1957,Frank Hayworth (Owner),21,2,8,0.0,17.1,,2700.0,0.0,0,15.1,3.0,41.0,11,9.52,38.1,0.0,0.0
1960,Jack Smith (Owner),14,8,8,4.0,11.21,9644.0,2562.0,716.0,6,2.43,1.0,44.0,9,57.14,57.14,28.57,27.95
1964,Wade Younts (Owner),25,2,14,0.0,13.2,9095.0,4557.0,0.0,0,14.08,3.0,36.0,14,8.0,56.0,0.0,0.0
1968,Scott Racing,45,0,10,0.0,15.51,2423.0,9428.0,0.0,0,21.78,8.0,27.0,31,0.0,22.22,0.0,0.0
1969,Milt Lunda (Owner),34,3,10,0.0,17.35,2157.0,6575.0,22.0,0,9.41,3.0,37.0,14,8.82,29.41,0.0,0.33
1970,Jimmy Vaughn (Owner),1,0,0,0.0,33.0,0.0,148.0,0.0,0,46.0,33.0,33.0,1,0.0,0.0,0.0,0.0
1971,Allan Brown (Owner),5,0,0,0.0,23.0,178.0,462.0,0.0,0,24.4,18.0,28.0,1,0.0,0.0,0.0,0.0
1972,A.J. Cox (Owner),2,0,0,0.0,27.5,58.0,301.0,0.0,0,27.0,22.0,33.0,0,0.0,0.0,0.0,0.0
1978,Kennie Childers (Owner),4,0,1,0.0,22.5,285.0,872.0,45.0,0,7.25,7.0,36.0,1,0.0,25.0,0.0,5.16
1982,Arrington Racing,31,0,8,0.0,15.1,3691.0,9367.0,6.0,0,25.06,6.0,38.0,28,0.0,25.81,0.0,0.06
1991,TriStar Motorsports,28,0,4,0.0,19.93,2915.0,8304.0,7.0,0,22.36,6.0,35.0,24,0.0,14.29,0.0,0.08
2002,Carter-Haas Motorsports,42,1,4,0.0,29.55,3128.0,10040.0,25.0,7,27.93,5.0,43.0,25,2.38,9.52,0.0,0.25
2002,Roadrunner Motorsports,1,0,0,0.0,32.0,67.0,109.0,0.0,0,34.0,32.0,32.0,1,0.0,0.0,0.0,0.0
2003,PPI Motorsports,36,3,8,1.0,24.17,3334.0,9649.0,16.0,15,26.31,1.0,43.0,26,8.33,22.22,2.78,0.17
2010,Joe Gibbs Racing,108,31,52,11.0,14.57,13697.0,31701.0,2507.0,81,16.39,1.0,43.0,99,28.7,48.15,10.19,7.91
2015,Stewart-Haas Racing,144,33,54,5.0,17.12,3864.0,40383.0,3113.0,84,15.26,1.0,43.0,134,22.92,37.5,3.47,7.71
2019,StarCom Racing,36,0,0,0.0,29.28,0.0,9419.0,1.0,4,30.92,11.0,40.0,32,0.0,0.0,0.0,0.01
2021,Gaunt Brothers Racing,8,0,0,0.0,24.0,0.0,1158.0,0.0,5,38.38,19.0,36.0,7,0.0,0.0,0.0,0.0
1956,Bob Havenmann (Owner),4,0,1,0.0,17.5,,496.0,0.0,0,12.25,8.0,31.0,3,0.0,25.0,0.0,0.0
1951,Walt Chapman (Owner),20,6,8,0.0,18.25,,455.0,30.0,1,21.6,2.0,55.0,6,30.0,40.0,0.0,6.59
1952,Boyce Gillette (Owner),1,0,1,0.0,10.0,,,0.0,0,,10.0,10.0,0,0.0,100.0,0.0,
1953,Julian Buesink (Owner),2,1,2,0.0,7.5,,173.0,0.0,0,24.0,5.0,10.0,2,50.0,100.0,0.0,0.0
1954,Elton Hildreth (Owner),14,0,2,0.0,21.86,,1519.0,0.0,0,37.0,8.0,56.0,6,0.0,14.29,0.0,0.0
1956,Oscar Maples (Owner),2,0,1,0.0,9.0,,219.0,0.0,0,22.5,6.0,12.0,2,0.0,50.0,0.0,0.0
1956,Charlie Cregar (Owner),2,0,0,0.0,37.5,,74.0,0.0,0,23.5,21.0,54.0,0,0.0,0.0,0.0,0.0
1956,Sam McCuthen (Owner),6,0,0,0.0,19.5,,456.0,0.0,0,15.83,14.0,26.0,2,0.0,0.0,0.0,0.0
1957,Spook Crawford (Owner),43,4,17,0.0,12.86,,6067.0,0.0,0,12.36,3.0,35.0,22,9.3,39.53,0.0,0.0
1960,Al Tasnady (Owner),1,0,0,0.0,12.0,120.0,172.0,0.0,0,14.0,12.0,12.0,1,0.0,0.0,0.0,0.0
1970,Gray Racing,33,0,2,0.0,21.33,1749.0,5842.0,0.0,0,25.55,7.0,40.0,13,0.0,6.06,0.0,0.0
1981,Martin Racing,6,1,2,0.0,18.17,676.0,1498.0,76.0,0,5.33,3.0,34.0,3,16.67,33.33,0.0,5.07
1985,Jackson Bros. Motorsports,28,1,9,0.0,22.32,2744.0,4417.0,9.0,1,14.46,5.0,42.0,13,3.57,32.14,0.0,0.2
1997,Stavola Brothers Racing,29,0,1,0.0,26.55,2423.0,8494.0,6.0,3,23.38,10.0,42.0,23,0.0,3.45,0.0,0.07
2001,Donlavey Racing,26,0,1,0.0,29.46,1945.0,6874.0,0.0,4,30.58,6.0,42.0,21,0.0,3.85,0.0,0.0
2005,Evernham Motorsports,81,9,17,2.0,19.98,8612.0,22208.0,594.0,46,15.74,1.0,43.0,68,11.11,20.99,2.47,2.67
2006,Robert Yates Racing,74,2,9,0.0,23.82,6887.0,19966.0,47.0,31,24.22,4.0,43.0,64,2.7,12.16,0.0,0.24
2006,McGlynn Racing,9,0,0,0.0,41.11,317.0,848.0,0.0,0,36.33,34.0,43.0,2,0.0,0.0,0.0,0.0
2019,Stewart-Haas Racing,144,29,67,4.0,14.25,4015.0,39385.0,1437.0,97,10.99,1.0,40.0,127,20.14,46.53,2.78,3.65
2021,Stewart-Haas Racing,144,12,34,1.0,17.94,3018.0,35098.0,295.0,87,18.17,1.0,38.0,130,8.33,23.61,0.69,0.84
2022,Kaulig Racing,72,6,13,0.0,19.28,699.0,17694.0,74.0,41,21.38,2.0,37.0,60,8.33,18.06,0.0,0.42
1957,Neil Castles (Owner),4,0,0,0.0,34.75,,441.0,0.0,0,29.67,24.0,49.0,0,0.0,0.0,0.0,0.0
1956,Shorty Johns (Owner),8,0,2,0.0,16.13,,1188.0,0.0,0,10.75,6.0,28.0,3,0.0,25.0,0.0,0.0
1961,M.J. Black (Owner),13,0,2,0.0,17.69,2236.0,1674.0,0.0,0,19.85,8.0,55.0,7,0.0,15.38,0.0,0.0
1966,Ron Stotten (Owner),14,0,0,0.0,20.36,2302.0,2169.0,0.0,0,21.29,11.0,36.0,5,0.0,0.0,0.0,0.0
1968,Doug Cutler (Owner),1,0,0,0.0,13.0,0.0,183.0,0.0,0,34.0,13.0,13.0,1,0.0,0.0,0.0,0.0
1969,Newman Long (Owner),1,0,0,0.0,15.0,36.0,161.0,0.0,0,20.0,15.0,15.0,1,0.0,0.0,0.0,0.0
1970,Fox Racing,7,1,2,0.0,24.86,402.0,980.0,3.0,0,11.0,3.0,49.0,2,14.29,28.57,0.0,0.31
1970,Gary Sigman (Owner),2,0,0,0.0,25.0,156.0,169.0,0.0,0,32.0,12.0,38.0,1,0.0,0.0,0.0,0.0
1971,J.C. Crews (Owner),7,0,0,0.0,24.86,378.0,1356.0,0.0,0,30.71,12.0,33.0,3,0.0,0.0,0.0,0.0
1975,Adams Racing,20,0,4,0.0,18.2,2182.0,5332.0,0.0,0,24.1,6.0,44.0,14,0.0,20.0,0.0,0.0
1975,Ken Thurlby (Owner),3,0,0,0.0,30.33,103.0,478.0,0.0,0,35.33,20.0,50.0,2,0.0,0.0,0.0,0.0
1976,H Miller Racing,8,0,0,0.0,24.5,716.0,1128.0,0.0,0,30.75,14.0,35.0,4,0.0,0.0,0.0,0.0
1979,Hollar Racing,7,0,0,0.0,29.57,435.0,906.0,0.0,0,31.14,24.0,35.0,0,0.0,0.0,0.0,0.0
1980,Hagan Enterprises,31,6,16,1.0,15.13,3766.0,8760.0,46.0,2,11.39,1.0,33.0,19,19.35,51.61,3.23,0.53
1986,McDuffie Racing,14,0,0,0.0,23.43,1303.0,2982.0,1.0,0,31.29,14.0,35.0,6,0.0,0.0,0.0,0.03
1988,Simko Racing,1,0,0,0.0,40.0,0.0,9.0,0.0,0,38.0,40.0,40.0,0,0.0,0.0,0.0,0.0
1989,Hakes-Welliver Racing,2,0,0,0.0,28.0,158.0,512.0,0.0,0,35.0,27.0,29.0,0,0.0,0.0,0.0,0.0
1990,Jimmy Means Racing,27,0,0,0.0,26.3,2271.0,7419.0,0.0,0,30.48,12.0,39.0,16,0.0,0.0,0.0,0.0
1997,Diamond Ridge Motorsports,27,1,2,0.0,27.96,2169.0,7692.0,27.0,3,24.78,4.0,40.0,20,3.7,7.41,0.0,0.35
1999,Donlavey Racing,9,0,0,0.0,30.78,636.0,2482.0,0.0,0,35.0,23.0,39.0,8,0.0,0.0,0.0,0.0
2005,Haas CNC Racing,36,0,2,0.0,24.28,3262.0,9798.0,5.0,16,22.75,7.0,41.0,28,0.0,5.56,0.0,0.05
2006,Chip Ganassi Racing,109,3,14,0.0,22.66,10497.0,30542.0,101.0,53,24.88,2.0,43.0,98,2.75,12.84,0.0,0.33
2017,Team Penske,72,25,38,4.0,13.79,2149.0,19839.0,1154.0,51,10.58,1.0,39.0,63,34.72,52.78,5.56,5.82
2023,Hendrick Motorsports,144,42,67,10.0,14.33,3942.0,35835.0,2441.0,111,14.41,1.0,38.0,126,29.17,46.53,6.94,6.81
1969,Norm Nelson (Owner),1,0,0,0.0,22.0,0.0,100.0,0.0,0,9.0,22.0,22.0,0,0.0,0.0,0.0,0.0
1952,Leonard Tippett (Owner),5,0,0,0.0,16.0,,221.0,0.0,0,13.67,12.0,23.0,0,0.0,0.0,0.0,0.0
1953,Laird Bruner (Owner),1,0,0,0.0,50.0,,142.0,0.0,0,36.0,50.0,50.0,0,0.0,0.0,0.0,0.0
1955,Bill Morton (Owner),2,0,0,0.0,18.5,152.0,288.0,0.0,0,29.5,13.0,24.0,1,0.0,0.0,0.0,0.0
1956,John Whitford (Owner),15,1,5,0.0,15.0,,2497.0,0.0,0,14.86,4.0,27.0,8,6.67,33.33,0.0,0.0
1956,George Green (Owner),6,0,0,0.0,14.33,,867.0,0.0,0,18.0,12.0,22.0,4,0.0,0.0,0.0,0.0
1957,Petty Enterprises,56,21,39,4.0,9.93,,9129.0,450.0,8,8.44,1.0,44.0,42,37.5,69.64,7.14,4.93
1959,Jack Smith (Owner),20,8,11,4.0,11.05,3590.0,3398.0,322.0,5,9.0,1.0,29.0,12,40.0,55.0,20.0,9.48
1959,Ratus Walters (Owner),14,1,3,0.0,22.0,1612.0,1838.0,0.0,0,12.08,3.0,45.0,5,7.14,21.43,0.0,0.0
1965,Larry Hess (Owner),11,0,3,0.0,14.0,13260.0,2450.0,0.0,0,20.0,7.0,21.0,9,0.0,27.27,0.0,0.0
1965,Sammy Fogle (Owner),27,1,9,0.0,14.59,5364.0,3333.0,3.0,0,13.04,5.0,27.0,10,3.7,33.33,0.0,0.09
1966,Gene Cline (Owner),22,0,5,0.0,19.36,6022.0,4040.0,0.0,0,26.95,9.0,42.0,10,0.0,22.73,0.0,0.0
1966,Betty Lilly (Owner),17,3,6,0.0,18.94,12804.0,3297.0,0.0,0,17.88,3.0,41.0,7,17.65,35.29,0.0,0.0
1967,Matthews Racing,9,2,3,0.0,20.0,436.0,1393.0,57.0,1,6.67,2.0,37.0,3,22.22,33.33,0.0,4.09
1969,Smokey Yunick Racing,5,2,2,0.0,20.0,0.0,752.0,7.0,1,15.8,4.0,42.0,2,40.0,40.0,0.0,0.93
1971,Bailey Racing,4,1,1,0.0,16.25,222.0,829.0,11.0,0,6.75,5.0,24.0,2,25.0,25.0,0.0,1.33
1977,M.C. Anderson Racing,22,2,8,0.0,18.68,2396.0,5387.0,28.0,1,12.09,4.0,38.0,13,9.09,36.36,0.0,0.52
1980,Jim Norris (Owner),5,0,0,0.0,27.8,67.0,957.0,0.0,0,31.0,21.0,35.0,1,0.0,0.0,0.0,0.0
1981,Ranier Racing,30,21,26,5.0,6.3,4733.0,9822.0,1182.0,18,8.0,1.0,29.0,28,70.0,86.67,16.67,12.03
1982,Tommy Ellis (Owner),2,0,0,0.0,11.0,130.0,642.0,0.0,0,15.5,11.0,11.0,2,0.0,0.0,0.0,0.0
1983,Rioux Racing,2,0,0,0.0,18.0,0.0,884.0,0.0,0,22.0,17.0,19.0,2,0.0,0.0,0.0,0.0
1988,Marion Collins (Owner),1,0,0,0.0,33.0,64.0,212.0,0.0,0,39.0,33.0,33.0,0,0.0,0.0,0.0,0.0
1992,SABCO Racing,29,9,17,2.0,11.21,3945.0,9058.0,970.0,15,13.17,1.0,29.0,24,31.03,58.62,6.9,10.71
2004,SR Racing,2,0,0,0.0,40.0,86.0,355.0,0.0,0,37.5,38.0,42.0,0,0.0,0.0,0.0,0.0
2012,Wood Brothers Racing,16,0,2,0.0,22.5,0.0,3852.0,9.0,7,17.69,8.0,43.0,14,0.0,12.5,0.0,0.23
1949,Millard Clothier (Owner),1,0,0,0.0,15.0,,,0.0,0,,15.0,15.0,0,0.0,0.0,0.0,
1963,Robert Smith (Owner),4,0,1,0.0,23.75,498.0,341.0,0.0,0,19.25,7.0,38.0,1,0.0,25.0,0.0,0.0
1952,Erwin Blatt (Owner),2,0,0,0.0,21.5,,566.0,0.0,0,8.5,13.0,30.0,2,0.0,0.0,0.0,0.0
1953,Bob Griffin (Owner),30,16,23,4.0,7.57,0.0,1781.0,586.0,4,4.86,1.0,36.0,16,53.33,76.67,13.33,32.9
1953,Edgar Clay (Owner),1,0,0,0.0,16.0,,168.0,0.0,0,,16.0,16.0,0,0.0,0.0,0.0,0.0
1958,Don Angel (Owner),17,2,6,0.0,14.0,1112.0,3110.0,0.0,0,16.33,3.0,27.0,10,11.76,35.29,0.0,0.0
1959,Jim McNeil (Owner),1,0,0,0.0,12.0,,414.0,0.0,0,30.0,12.0,12.0,1,0.0,0.0,0.0,0.0
1962,Buck Baker Racing,70,11,23,0.0,15.33,21562.0,11953.0,18.0,1,14.91,2.0,42.0,37,15.71,32.86,0.0,0.15
1964,Bob Adams (Owner),14,1,5,0.0,14.43,5130.0,3083.0,0.0,0,20.57,5.0,30.0,7,7.14,35.71,0.0,0.0
1964,Fox Racing,48,19,24,3.0,11.38,33018.0,9412.0,162.0,5,9.75,1.0,27.0,25,39.58,50.0,6.25,1.72
1964,Nick Rampling (Owner),4,0,0,0.0,28.25,1474.0,167.0,0.0,0,33.75,18.0,42.0,1,0.0,0.0,0.0,0.0
1964,Casper Hensley (Owner),31,2,8,0.0,19.58,13985.0,6080.0,0.0,0,19.65,4.0,41.0,14,6.45,25.81,0.0,0.0
1967,Jim Wright (Owner),1,0,0,0.0,23.0,60.0,9.0,0.0,0,10.0,23.0,23.0,0,0.0,0.0,0.0,0.0
1971,Ballard Racing,41,3,11,0.0,16.93,2633.0,9419.0,0.0,0,20.0,3.0,40.0,27,7.32,26.83,0.0,0.0
1977,Gordon Racing,30,0,2,0.0,17.77,3294.0,8133.0,0.0,0,25.37,9.0,37.0,25,0.0,6.67,0.0,0.0
1979,Wangerin Racing,7,0,0,0.0,27.14,571.0,894.0,0.0,0,26.71,15.0,37.0,2,0.0,0.0,0.0,0.0
1983,Blue Max Racing,30,10,15,1.0,16.6,3597.0,7176.0,591.0,8,9.63,1.0,41.0,17,33.33,50.0,3.33,8.24
1986,Edwards Racing,4,0,0,0.0,27.5,322.0,1117.0,0.0,0,35.0,24.0,30.0,1,0.0,0.0,0.0,0.0
1989,Hendrick Motorsports,91,33,43,8.0,14.03,11590.0,27906.0,1738.0,37,8.43,1.0,38.0,72,36.26,47.25,8.79,6.23
1991,Bailey Racing,3,0,0,0.0,32.0,201.0,545.0,0.0,0,39.33,28.0,35.0,1,0.0,0.0,0.0,0.0
2000,MacPherson Motorsports,2,0,0,0.0,41.0,80.0,146.0,0.0,0,31.5,41.0,41.0,0,0.0,0.0,0.0,0.0
2003,Robert Yates Racing,73,3,16,1.0,23.26,6959.0,19484.0,223.0,32,20.21,1.0,43.0,56,4.11,21.92,1.37,1.14
1954,Bill Galdarisi (Owner),1,0,0,0.0,15.0,,445.0,0.0,0,30.0,15.0,15.0,1,0.0,0.0,0.0,0.0
1954,Beryl Jackson (Owner),10,3,5,0.0,10.6,,1836.0,0.0,1,8.75,2.0,22.0,8,30.0,50.0,0.0,0.0
1950,Herschel Buchanan (Owner),2,0,1,0.0,22.5,,3.0,0.0,0,13.0,6.0,39.0,1,0.0,50.0,0.0,0.0
1951,Freddie Farmer (Owner),4,0,0,0.0,30.25,,447.0,0.0,0,32.33,20.0,51.0,1,0.0,0.0,0.0,0.0
1952,Buddy Shuman (Owner),9,1,4,0.0,15.33,,612.0,0.0,0,17.5,5.0,39.0,4,11.11,44.44,0.0,0.0
1963,Cliff Stewart Racing,34,3,10,0.0,16.24,7280.0,4781.0,0.0,0,17.12,2.0,38.0,14,8.82,29.41,0.0,0.0
1963,Zervakis Enterprises,6,0,0,0.0,23.83,2392.0,968.0,0.0,0,22.5,12.0,41.0,1,0.0,0.0,0.0,0.0
1964,Paul Clayton (Owner),15,2,5,0.0,18.47,2824.0,1622.0,0.0,0,19.27,5.0,39.0,6,13.33,33.33,0.0,0.0
1964,J.C. Parker (Owner),18,3,5,0.0,15.33,3732.0,2197.0,0.0,0,14.5,3.0,36.0,5,16.67,27.78,0.0,0.0
1970,Jack Janos (Owner),2,0,1,0.0,17.0,0.0,214.0,0.0,0,21.5,10.0,24.0,2,0.0,50.0,0.0,0.0
1972,Donlavey Racing,27,8,9,0.0,23.19,590.0,4772.0,6.0,1,14.85,2.0,44.0,9,29.63,33.33,0.0,0.13
1977,Lynda Ferreri (Owner),19,0,4,0.0,17.68,2037.0,5031.0,5.0,0,17.89,6.0,40.0,15,0.0,21.05,0.0,0.1
1978,Adcox-Kirby,14,1,3,0.0,19.79,1467.0,3072.0,0.0,0,24.14,5.0,38.0,7,7.14,21.43,0.0,0.0
1983,Rick Baldwin Racing,4,0,0,0.0,24.0,137.0,811.0,0.0,0,29.5,13.0,36.0,2,0.0,0.0,0.0,0.0
1984,Wood Brothers Racing,22,4,12,0.0,17.36,2520.0,6260.0,84.0,3,12.27,2.0,41.0,14,18.18,54.55,0.0,1.34
1985,Blue Max Racing,29,3,13,0.0,15.79,3486.0,8441.0,377.0,5,13.24,2.0,40.0,21,10.34,44.83,0.0,4.47
1985,Wawak Racing,14,0,0,0.0,25.79,1123.0,3093.0,0.0,0,33.79,13.0,37.0,6,0.0,0.0,0.0,0.0
1985,Jimmy Means Racing,28,0,0,0.0,24.0,2548.0,6774.0,0.0,0,27.89,12.0,42.0,15,0.0,0.0,0.0,0.0
1985,Boys Racing,1,0,0,0.0,40.0,43.0,14.0,0.0,0,32.0,40.0,40.0,0,0.0,0.0,0.0,0.0
1986,Langley-Woodfield Racing,24,0,0,0.0,25.13,1557.0,5544.0,0.0,0,30.96,13.0,38.0,10,0.0,0.0,0.0,0.0
1987,Donlavey Racing,29,1,10,0.0,16.21,3405.0,8162.0,154.0,6,11.9,5.0,35.0,21,3.45,34.48,0.0,1.89
1988,Jimmy Means Racing,26,0,0,0.0,29.54,1954.0,4778.0,12.0,1,32.12,12.0,43.0,13,0.0,0.0,0.0,0.25
1999,Penske-Kranefuss Racing,34,5,12,0.0,18.85,3743.0,9870.0,221.0,12,18.88,2.0,41.0,30,14.71,35.29,0.0,2.24
1999,Carter-Haas Motorsports,61,2,4,0.0,24.77,5470.0,16783.0,43.0,12,28.38,2.0,43.0,51,3.28,6.56,0.0,0.26
2004,MB2 Motorsports,74,4,12,1.0,22.23,7270.0,19596.0,144.0,30,18.3,1.0,42.0,59,5.41,16.22,1.35,0.73
2013,Xxxtreme Motorsports,6,0,0,0.0,42.17,10.0,182.0,0.0,0,40.67,41.0,43.0,0,0.0,0.0,0.0,0.0
1954,Walt Palozi (Owner),3,0,0,0.0,26.0,,739.0,0.0,0,27.0,22.0,32.0,1,0.0,0.0,0.0,0.0
1957,Rod Soderin (Owner),1,0,0,0.0,29.0,,14.0,0.0,0,22.0,29.0,29.0,0,0.0,0.0,0.0,0.0
1950,B.S. Beeson (Owner),1,0,0,0.0,20.0,,358.0,0.0,0,19.0,20.0,20.0,1,0.0,0.0,0.0,0.0
1950,Jesse James Taylor (Owner),1,0,0,0.0,44.0,,329.0,0.0,0,75.0,44.0,44.0,0,0.0,0.0,0.0,0.0
1951,Petty Enterprises,32,11,19,1.0,10.94,,1103.0,99.0,2,21.09,1.0,31.0,14,34.38,59.38,3.13,8.98
1951,Leo Sigman (Owner),6,0,0,0.0,33.17,,431.0,0.0,0,56.0,21.0,60.0,0,0.0,0.0,0.0,0.0
1953,Virgil Livengood (Owner),3,0,1,0.0,16.0,,7.0,0.0,0,13.0,10.0,27.0,0,0.0,33.33,0.0,0.0
1955,Al Liberty (Owner),5,0,1,0.0,21.2,156.0,423.0,0.0,0,11.75,8.0,30.0,3,0.0,20.0,0.0,0.0
1961,Smokey Yunick Racing,19,12,13,2.0,11.16,19886.0,3933.0,757.0,5,6.58,1.0,43.0,14,63.16,68.42,10.53,19.25
1961,R.G. Henschel (Owner),2,0,0,0.0,20.5,250.0,217.0,0.0,0,19.5,13.0,28.0,2,0.0,0.0,0.0,0.0
1962,Bob Cooper (Owner),11,0,1,0.0,17.45,1450.0,1439.0,0.0,0,22.3,7.0,29.0,5,0.0,9.09,0.0,0.0
1972,Housby Racing,7,1,2,0.0,22.57,392.0,1245.0,8.0,0,12.57,5.0,37.0,2,14.29,28.57,0.0,0.64
1975,Bown Racing,5,0,0,0.0,27.4,319.0,415.0,0.0,0,18.0,12.0,38.0,1,0.0,0.0,0.0,0.0
1983,Cliff Stewart Racing,30,5,9,0.0,20.27,3019.0,7180.0,490.0,4,7.9,2.0,41.0,14,16.67,30.0,0.0,6.82
1983,Morgan-McClure,2,0,0,0.0,27.0,164.0,338.0,0.0,0,37.0,15.0,39.0,1,0.0,0.0,0.0,0.0
1986,Branch-Ragan Racing,6,0,0,0.0,24.0,551.0,1171.0,1.0,0,31.83,17.0,34.0,3,0.0,0.0,0.0,0.09
1996,Kranefuss-Haas Racing,29,1,2,0.0,27.93,2326.0,6784.0,31.0,6,21.21,5.0,44.0,15,3.45,6.9,0.0,0.46
2006,Joe Gibbs Racing,108,23,42,7.0,17.1,12672.0,30538.0,1801.0,69,17.09,1.0,43.0,96,21.3,38.89,6.48,5.9
2018,Gaunt Brothers Racing,22,0,0,0.0,28.95,49.0,5569.0,0.0,4,33.36,13.0,39.0,18,0.0,0.0,0.0,0.0
1951,Ted Chamberlain (Owner),2,0,1,0.0,10.5,,,0.0,0,,8.0,13.0,0,0.0,50.0,0.0,
1950,Al Wheatley (Owner),3,1,1,0.0,15.0,,174.0,0.0,0,19.0,2.0,23.0,1,33.33,33.33,0.0,0.0
1950,Leland Colvin (Owner),4,0,3,0.0,15.75,,522.0,0.0,0,8.5,7.0,40.0,1,0.0,75.0,0.0,0.0
1951,Jimmy Florian (Owner),6,1,3,0.0,13.33,,,0.0,0,,4.0,22.0,0,16.67,50.0,0.0,
1951,Bill Caltrider (Owner),3,0,1,0.0,21.67,,952.0,0.0,0,58.33,6.0,46.0,2,0.0,33.33,0.0,0.0
1953,Weddle Racing,4,0,1,0.0,13.75,,,0.0,0,28.0,10.0,19.0,1,0.0,25.0,0.0,
1957,Lem Svajian (Owner),1,0,0,0.0,29.0,,,0.0,0,32.0,29.0,29.0,0,0.0,0.0,0.0,
1957,Hank Chapman (Owner),1,0,0,0.0,35.0,,,0.0,0,37.0,35.0,35.0,0,0.0,0.0,0.0,
1958,Reds Kagle (Owner),10,1,5,0.0,19.8,1116.0,1337.0,0.0,0,16.11,5.0,52.0,6,10.0,50.0,0.0,0.0
1959,Vel Miletich (Owner),4,2,2,2.0,10.25,,877.0,2.0,2,12.0,1.0,28.0,2,50.0,50.0,50.0,0.23
1960,Scotty Cain (Owner),5,2,3,0.0,11.4,952.0,513.0,19.0,1,9.25,2.0,26.0,4,40.0,60.0,0.0,3.7
1961,Jim Reed (Owner),8,3,4,0.0,14.25,4708.0,1735.0,32.0,1,15.0,2.0,49.0,5,37.5,50.0,0.0,1.84
1963,Acey Taylor (Owner),4,0,0,0.0,25.75,1114.0,549.0,0.0,0,25.5,14.0,47.0,2,0.0,0.0,0.0,0.0
1967,Wawak Racing,14,0,3,0.0,21.64,9078.0,2225.0,0.0,0,22.43,7.0,43.0,3,0.0,21.43,0.0,0.0
1971,Ray Johnstone (Owner),3,0,0,0.0,28.33,147.0,211.0,0.0,0,24.0,20.0,33.0,0,0.0,0.0,0.0,0.0
1971,Larry Jackson (Owner),8,0,1,0.0,21.0,608.0,1431.0,0.0,0,26.5,9.0,37.0,5,0.0,12.5,0.0,0.0
1971,George Altheide (Owner),5,0,0,0.0,21.6,369.0,840.0,0.0,0,27.6,15.0,27.0,4,0.0,0.0,0.0,0.0
1972,Seifert Racing,24,4,10,0.0,19.04,1064.0,5417.0,7.0,0,17.67,3.0,41.0,12,16.67,41.67,0.0,0.13
1972,Frasson Racing,17,1,4,0.0,25.53,860.0,3017.0,9.0,0,14.12,3.0,49.0,6,5.88,23.53,0.0,0.3
1973,Elder-Ranier,23,1,9,0.0,21.09,1376.0,5850.0,0.0,0,13.17,4.0,47.0,10,4.35,39.13,0.0,0.0
1975,Garn Racing,30,2,15,0.0,12.6,3818.0,9433.0,3.0,0,16.77,4.0,31.0,26,6.67,50.0,0.0,0.03
1980,M.C. Anderson Racing,32,16,21,3.0,12.06,4345.0,8847.0,672.0,11,6.53,1.0,33.0,21,50.0,65.63,9.38,7.6
1981,Jimmy Means Racing,32,0,2,0.0,20.69,3088.0,8339.0,0.0,0,28.19,9.0,38.0,23,0.0,6.25,0.0,0.0
1982,Irv Sanderson (Owner),5,0,0,0.0,25.6,431.0,639.0,0.0,0,24.2,13.0,38.0,2,0.0,0.0,0.0,0.0
1985,Melling Racing,28,16,18,11.0,8.68,4191.0,8724.0,1920.0,16,4.89,1.0,31.0,25,57.14,64.29,39.29,22.01
1989,U. S. Motorsports Inc.,29,0,4,0.0,21.17,2916.0,8286.0,69.0,2,23.76,6.0,41.0,23,0.0,13.79,0.0,0.83
1989,Branch-Ragan Racing,3,0,0,0.0,31.67,204.0,550.0,0.0,0,34.67,27.0,39.0,2,0.0,0.0,0.0,0.0
1993,Precision Products Racing,30,1,5,0.0,21.4,3001.0,8488.0,32.0,7,15.53,5.0,39.0,24,3.33,16.67,0.0,0.38
1999,Roush Racing,170,38,58,8.0,18.46,19066.0,48254.0,1795.0,69,22.48,1.0,43.0,153,22.35,34.12,4.71,3.72
1999,Bill Davis Racing,39,6,16,0.0,18.15,4394.0,10824.0,243.0,16,15.9,2.0,43.0,34,15.38,41.03,0.0,2.25
2007,Roush Fenway Racing,180,34,60,7.0,18.41,20165.0,50184.0,1576.0,115,21.19,1.0,43.0,159,18.89,33.33,3.89,3.14
1958,Blackie Pitt (Owner),1,0,1,0.0,10.0,0.0,93.0,0.0,0,15.0,10.0,10.0,1,0.0,100.0,0.0,0.0
1958,Smokey Yunick Racing,2,1,1,1.0,19.5,520.0,165.0,39.0,1,4.5,1.0,38.0,1,50.0,50.0,50.0,23.64
1958,Larson Racing,4,0,1,0.0,25.75,280.0,546.0,0.0,0,18.0,10.0,40.0,1,0.0,25.0,0.0,0.0
1951,Carson Dyer (Owner),2,0,0,0.0,22.5,,,0.0,0,11.0,11.0,34.0,0,0.0,0.0,0.0,
1952,Pappy Hough (Owner),4,0,1,0.0,13.25,,565.0,0.0,0,14.67,6.0,19.0,3,0.0,25.0,0.0,0.0
1954,Jim Reed (Owner),11,2,3,0.0,23.0,0.0,1233.0,0.0,0,17.0,5.0,46.0,5,18.18,27.27,0.0,0.0
1955,Herb Thomas Racing,34,16,19,3.0,11.82,6144.0,4811.0,249.0,7,8.18,1.0,60.0,21,47.06,55.88,8.82,5.18
1955,Lloyd Dane (Owner),3,1,1,0.0,13.33,314.0,303.0,5.0,0,7.67,3.0,26.0,2,33.33,33.33,0.0,1.65
1959,Sosebee Racing,1,0,0,0.0,49.0,880.0,44.0,0.0,0,36.0,49.0,49.0,0,0.0,0.0,0.0,0.0
1961,Floyd Johnson (Owner),4,1,2,0.0,12.75,1016.0,314.0,0.0,0,8.33,4.0,20.0,3,25.0,50.0,0.0,0.0
1964,Roy Tyner (Owner),46,0,17,0.0,15.0,13922.0,7327.0,0.0,0,20.63,7.0,33.0,26,0.0,36.96,0.0,0.0
1969,Amos Johnson (Owner),1,0,0,0.0,13.0,0.0,147.0,0.0,0,35.0,13.0,13.0,1,0.0,0.0,0.0,0.0
1969,Allan Schlauer (Owner),6,0,0,0.0,23.5,138.0,964.0,0.0,0,20.67,16.0,37.0,3,0.0,0.0,0.0,0.0
1974,Dick Midgley Motorsports,3,0,0,0.0,26.67,,135.0,0.0,0,25.33,12.0,35.0,1,0.0,0.0,0.0,0.0
1976,DeWitt Racing,32,18,23,2.0,11.28,4416.0,8775.0,457.0,5,7.47,1.0,39.0,25,56.25,71.88,6.25,5.21
1983,Ulrich Racing,28,0,2,0.0,18.68,2161.0,8825.0,0.0,0,25.61,10.0,36.0,21,0.0,7.14,0.0,0.0
1987,Linro Motorsports,3,0,0,0.0,32.0,201.0,233.0,0.0,0,29.33,24.0,37.0,0,0.0,0.0,0.0,0.0
1989,A.J. Foyt Racing,9,0,0,0.0,28.11,718.0,1417.0,6.0,1,25.33,16.0,38.0,3,0.0,0.0,0.0,0.42
1990,Adele Emerson,2,0,0,0.0,41.5,34.0,52.0,0.0,0,41.5,40.0,43.0,1,0.0,0.0,0.0,0.0
1995,DarWal Inc.,31,4,8,0.0,22.19,3078.0,8222.0,168.0,8,16.97,3.0,43.0,21,12.9,25.81,0.0,2.04
1998,LJ Racing,30,1,1,0.0,27.53,2429.0,7483.0,4.0,4,24.33,5.0,43.0,23,3.33,3.33,0.0,0.05
2001,Brett Bodine Racing,38,0,2,0.0,27.47,3000.0,10718.0,3.0,9,27.71,8.0,43.0,36,0.0,5.26,0.0,0.03
2002,Joe Gibbs Racing,72,20,28,4.0,16.22,8610.0,20316.0,868.0,44,16.47,1.0,43.0,62,27.78,38.89,5.56,4.27
2024,Joe Gibbs Racing,144,40,64,6.0,15.38,4101.0,37216.0,3060.0,104,11.71,1.0,40.0,127,27.78,44.44,4.17,8.22
2025,Hendrick Motorsports,144,43,73,8.0,14.43,4284.0,36406.0,3055.0,114,13.31,1.0,40.0,131,29.86,50.69,5.56,8.39
1954,Edgar Clay (Owner),5,0,0,0.0,22.6,,482.0,0.0,0,,14.0,41.0,2,0.0,0.0,0.0,0.0
1966,Curtis Larimer (Owner),1,0,0,0.0,29.0,20.0,15.0,0.0,0,29.0,29.0,29.0,0,0.0,0.0,0.0,0.0
1950,Petty Enterprises,17,9,13,1.0,7.71,,1558.0,43.0,1,24.5,1.0,27.0,10,52.94,76.47,5.88,2.76
1952,Bub King (Owner),10,2,5,0.0,12.3,0.0,1743.0,0.0,0,13.8,3.0,25.0,7,20.0,50.0,0.0,0.0
1954,Elmer Brooks (Owner),10,2,5,1.0,12.3,,1838.0,277.0,2,15.0,1.0,24.0,5,20.0,50.0,10.0,15.07
1955,Carl Kiekhaefer (Owner),64,42,47,22.0,7.8,13908.0,9881.0,3761.0,28,4.63,1.0,51.0,48,65.63,73.44,34.38,38.06
1955,Jim Lowe (Owner),37,11,18,5.0,13.95,4718.0,4846.0,790.0,6,7.67,1.0,46.0,18,29.73,48.65,13.51,16.3
1961,Beau Morgan (Owner),12,0,3,0.0,23.58,3728.0,1660.0,0.0,0,18.92,6.0,41.0,5,0.0,25.0,0.0,0.0
1961,Eddie Gray (Owner),4,3,3,2.0,5.0,1552.0,509.0,76.0,2,2.0,1.0,16.0,4,75.0,75.0,50.0,14.93
1969,Stan Starr (Owner),1,0,0,0.0,22.0,0.0,82.0,0.0,0,17.0,22.0,22.0,0,0.0,0.0,0.0,0.0
1970,Scott Racing,28,0,9,0.0,16.43,1682.0,6167.0,0.0,0,20.32,6.0,36.0,18,0.0,32.14,0.0,0.0
1970,Ober Logging,6,0,1,0.0,19.5,366.0,836.0,0.0,0,18.5,6.0,25.0,3,0.0,16.67,0.0,0.0
1974,Panch Racing,26,2,7,0.0,20.23,,6105.0,1.0,0,17.58,3.0,44.0,11,7.69,26.92,0.0,0.02
1978,Wood Brothers Racing,22,11,11,4.0,15.64,2756.0,5375.0,758.0,8,4.68,1.0,38.0,11,50.0,50.0,18.18,14.1
1980,Harris Racing,2,0,0,0.0,18.5,112.0,665.0,0.0,0,26.5,17.0,20.0,2,0.0,0.0,0.0,0.0
1985,Norm Palmer (Owner),1,0,0,0.0,39.0,46.0,22.0,0.0,0,40.0,39.0,39.0,0,0.0,0.0,0.0,0.0
1993,Leo Jackson Motorsports,30,4,12,0.0,16.27,3524.0,8843.0,265.0,9,19.2,3.0,37.0,24,13.33,40.0,0.0,3.0
1998,Andy Petree Racing,34,3,11,0.0,18.59,3712.0,9269.0,60.0,12,17.03,4.0,43.0,28,8.82,32.35,0.0,0.65
1999,Stan Hover Motorsports,1,0,0,0.0,35.0,58.0,233.0,0.0,0,9.0,35.0,35.0,0,0.0,0.0,0.0,0.0
2010,Hendrick Motorsports,144,38,59,6.0,14.85,17975.0,42319.0,2567.0,105,13.99,1.0,39.0,133,26.39,40.97,4.17,6.07
2013,Richard Childress Racing,109,14,36,4.0,16.15,3062.0,31063.0,360.0,81,16.99,1.0,43.0,103,12.84,33.03,3.67,1.16
2015,Hendrick Motorsports,149,38,75,9.0,14.39,4401.0,42220.0,1176.0,110,13.5,1.0,43.0,142,25.5,50.34,6.04,2.79
1951,T.L. King (Owner),1,0,0,0.0,19.0,,98.0,0.0,0,28.0,19.0,19.0,0,0.0,0.0,0.0,0.0
1956,Joe Navarro (Owner),1,0,0,0.0,22.0,,214.0,0.0,0,24.0,22.0,22.0,1,0.0,0.0,0.0,0.0
1962,Matthews Racing,12,5,7,1.0,13.25,12840.0,2554.0,595.0,2,7.17,1.0,43.0,7,41.67,58.33,8.33,23.3
1956,Jim Dane (Owner),1,0,0,0.0,14.0,,76.0,0.0,0,11.0,14.0,14.0,1,0.0,0.0,0.0,0.0
1956,Floyd Johnson (Owner),5,1,1,0.0,18.8,,552.0,0.0,0,14.8,5.0,35.0,3,20.0,20.0,0.0,0.0
1965,Nat Reeder (Owner),1,0,0,0.0,13.0,1600.0,160.0,0.0,0,39.0,13.0,13.0,0,0.0,0.0,0.0,0.0
1965,Donlavey Racing,10,1,2,0.0,19.6,3118.0,2272.0,0.0,0,12.1,5.0,41.0,3,10.0,20.0,0.0,0.0
1967,Dick Johnson CA (Owner),19,0,0,0.0,20.63,3310.0,2213.0,0.0,0,19.26,12.0,33.0,2,0.0,0.0,0.0,0.0
1969,Robertson Racing,64,0,12,0.0,16.58,3428.0,13056.0,0.0,0,18.58,7.0,39.0,41,0.0,18.75,0.0,0.0
1971,Coz Concilla (Owner),2,1,1,0.0,17.0,204.0,192.0,0.0,0,27.0,5.0,29.0,1,50.0,50.0,0.0,0.0
1972,Robertson Racing,41,0,5,0.0,21.02,2098.0,9282.0,0.0,0,27.15,8.0,46.0,21,0.0,12.2,0.0,0.0
1972,Howard & Egerton Racing,33,25,27,10.0,6.67,2856.0,10451.0,4353.0,20,5.15,1.0,45.0,28,75.76,81.82,30.3,41.65
1973,Team SABCO,2,0,1,0.0,20.5,122.0,532.0,0.0,0,19.5,7.0,34.0,1,0.0,50.0,0.0,0.0
1977,Petty Enterprises,30,20,23,5.0,7.53,4614.0,8840.0,1403.0,13,4.43,1.0,32.0,24,66.67,76.67,16.67,15.87
1978,M.C. Anderson Racing,19,4,8,0.0,19.0,2130.0,4319.0,353.0,1,9.37,2.0,37.0,7,21.05,42.11,0.0,8.17
1979,Petty Enterprises,36,23,28,5.0,7.89,5389.0,10436.0,1149.0,15,10.81,1.0,32.0,32,63.89,77.78,13.89,11.01
1983,Cline Racing,1,0,0,0.0,35.0,58.0,35.0,0.0,0,35.0,35.0,35.0,0,0.0,0.0,0.0,0.0
1986,Baker-Schiff Racing,18,6,6,0.0,18.78,1995.0,4025.0,45.0,4,13.94,3.0,41.0,9,33.33,33.33,0.0,1.12
1989,Roush Racing,29,14,18,1.0,10.72,4053.0,9010.0,480.0,16,5.31,1.0,38.0,25,48.28,62.07,3.45,5.33
1993,Chesrown Racing,3,0,0,0.0,25.67,258.0,499.0,0.0,0,31.0,21.0,35.0,2,0.0,0.0,0.0,0.0
2004,Daytona Speed Inc.,3,0,0,0.0,41.67,114.0,32.0,0.0,0,36.33,41.0,42.0,0,0.0,0.0,0.0,0.0
1951,Pepper Cunningham (Owner),4,0,0,0.0,25.0,,,0.0,0,5.0,19.0,32.0,0,0.0,0.0,0.0,
1958,Mario Rossi (Owner),2,0,0,0.0,21.0,528.0,501.0,0.0,0,20.5,17.0,25.0,1,0.0,0.0,0.0,0.0
1966,Jabe Thomas (Owner),1,0,0,0.0,23.0,60.0,232.0,0.0,0,8.0,23.0,23.0,1,0.0,0.0,0.0,0.0
1950,Buck Baker Racing,3,0,2,0.0,13.0,,213.0,10.0,0,4.67,8.0,22.0,2,0.0,66.67,0.0,4.69
1957,Zervakis Enterprises,2,0,0,0.0,19.0,,140.0,0.0,0,16.5,16.0,22.0,0,0.0,0.0,0.0,0.0
1958,Spook Crawford (Owner),43,3,8,0.0,17.37,3056.0,6091.0,0.0,0,16.3,3.0,47.0,25,6.98,18.6,0.0,0.0
1961,Owens Racing,25,14,18,4.0,8.2,19914.0,5043.0,150.0,8,7.2,1.0,40.0,20,56.0,72.0,16.0,2.97
1961,Joe Lee Johnson (Owner),19,1,7,0.0,17.84,8984.0,3375.0,0.0,0,17.74,3.0,52.0,8,5.26,36.84,0.0,0.0
1963,Fox Racing,40,13,15,7.0,15.35,18226.0,6428.0,2423.0,11,4.93,1.0,42.0,14,32.5,37.5,17.5,37.69
1965,Larry Manning (Owner),13,0,1,0.0,18.08,3962.0,1864.0,0.0,0,23.23,10.0,35.0,6,0.0,7.69,0.0,0.0
1970,Ernie Conn (Owner),2,0,1,0.0,18.0,198.0,207.0,0.0,0,20.5,6.0,30.0,1,0.0,50.0,0.0,0.0
1971,John McCarthy (Owner),4,0,3,0.0,9.5,0.0,796.0,0.0,0,11.5,6.0,18.0,3,0.0,75.0,0.0,0.0
1972,Ballard Racing,30,0,7,0.0,17.37,2014.0,8293.0,0.0,0,22.53,8.0,47.0,25,0.0,23.33,0.0,0.0
1978,McClure Motors,5,0,1,0.0,17.6,554.0,1201.0,0.0,0,27.8,8.0,38.0,4,0.0,20.0,0.0,0.0
1981,M.C. Anderson Racing,18,6,10,2.0,13.11,2201.0,4922.0,769.0,6,9.22,1.0,31.0,11,33.33,55.56,11.11,15.62
1993,Bud Moore Engineering,30,2,8,1.0,17.03,3452.0,9066.0,70.0,6,16.4,1.0,37.0,24,6.67,26.67,3.33,0.77
1995,Stavola Brothers Racing,29,1,2,0.0,25.17,2556.0,8050.0,4.0,4,23.76,5.0,40.0,23,3.45,6.9,0.0,0.05
2010,Richard Petty Motorsports,144,11,25,0.0,20.35,14956.0,41535.0,569.0,78,18.6,2.0,41.0,131,7.64,17.36,0.0,1.37
2013,Tommy Baldwin Racing,72,0,1,0.0,29.92,1022.0,19190.0,13.0,17,36.25,10.0,43.0,59,0.0,1.39,0.0,0.07
2015,Circle Sport,36,0,0,0.0,31.0,135.0,9921.0,0.0,9,34.0,12.0,43.0,33,0.0,0.0,0.0,0.0
2015,Premium Motorsports,42,0,0,0.0,36.31,204.0,10151.0,6.0,2,39.69,13.0,43.0,36,0.0,0.0,0.0,0.06
1955,George Miller (Owner),4,1,1,0.0,10.0,400.0,469.0,0.0,1,13.0,2.0,13.0,2,25.0,25.0,0.0,0.0
1950,Frank Luptow (Owner),1,0,0,0.0,18.0,,43.0,0.0,0,11.0,18.0,18.0,0,0.0,0.0,0.0,0.0
1952,Ronnie Kohler (Owner),2,1,1,0.0,13.5,,253.0,0.0,0,15.5,5.0,22.0,1,50.0,50.0,0.0,0.0
1956,Jim Stephens (Owner),17,3,5,0.0,22.59,,1970.0,0.0,0,11.82,3.0,61.0,5,17.65,29.41,0.0,0.0
1959,Carl Rupert (Owner),23,12,17,2.0,9.39,4730.0,3897.0,199.0,5,10.68,1.0,36.0,15,52.17,73.91,8.7,5.11
1959,Dick Wearing (Owner),1,0,0,0.0,13.0,,63.0,0.0,0,17.0,13.0,13.0,0,0.0,0.0,0.0,0.0
1960,Gerald Duke (Owner),14,1,7,0.0,21.64,6064.0,2109.0,0.0,0,23.36,4.0,65.0,8,7.14,50.0,0.0,0.0
1962,Ralph Smith (Owner),15,1,3,0.0,20.53,3128.0,2611.0,0.0,0,23.87,5.0,40.0,8,6.67,20.0,0.0,0.0
1964,Cliff Stewart Racing,16,2,4,0.0,17.69,4758.0,1398.0,0.0,0,12.81,4.0,33.0,5,12.5,25.0,0.0,0.0
1967,Truett Rodgers (Owner),27,0,1,0.0,22.67,5444.0,3041.0,0.0,0,25.74,10.0,41.0,5,0.0,3.7,0.0,0.0
1972,Bud Moore Engineering,10,1,2,0.0,26.0,416.0,1405.0,10.0,0,11.6,4.0,38.0,2,10.0,20.0,0.0,0.71
1977,Arrington Racing,28,0,5,0.0,15.79,3247.0,8601.0,0.0,0,23.68,7.0,38.0,26,0.0,17.86,0.0,0.0
1978,RahMoc Enterprises,2,0,0,0.0,25.0,85.0,564.0,0.0,0,32.5,24.0,26.0,2,0.0,0.0,0.0,0.0
1979,Jimmy Means Racing,26,0,1,0.0,21.88,2532.0,5430.0,0.0,0,24.12,10.0,33.0,14,0.0,3.85,0.0,0.0
1985,Petris Racing,1,0,0,0.0,30.0,73.0,57.0,0.0,0,34.0,30.0,30.0,0,0.0,0.0,0.0,0.0
1985,Bobby Allison Motorsports,13,1,2,0.0,22.69,1264.0,3153.0,51.0,0,18.08,4.0,38.0,7,7.69,15.38,0.0,1.62
1987,Bud Moore Engineering,29,10,13,2.0,13.52,3742.0,8206.0,505.0,12,13.76,1.0,31.0,20,34.48,44.83,6.9,6.15
1994,Cale Yarborough Motorsports,28,0,0,0.0,27.29,2277.0,7713.0,7.0,0,26.79,16.0,43.0,18,0.0,0.0,0.0,0.09
1997,LJ Racing,11,0,0,0.0,28.82,842.0,2627.0,0.0,2,29.91,17.0,43.0,9,0.0,0.0,0.0,0.0
1997,Marcis Auto Racing,19,0,0,0.0,29.68,1405.0,5245.0,0.0,3,32.53,15.0,41.0,17,0.0,0.0,0.0,0.0
2000,Tyler Jet Motorsports,17,1,2,0.0,18.29,1866.0,4718.0,50.0,6,25.29,2.0,42.0,15,5.88,11.76,0.0,1.06
2014,Phil Parsons Racing,35,0,0,0.0,32.43,405.0,9254.0,0.0,4,33.94,20.0,42.0,31,0.0,0.0,0.0,0.0
2021,Spire Motorsports,72,0,4,0.0,26.61,473.0,16117.0,13.0,22,27.74,6.0,40.0,57,0.0,5.56,0.0,0.08
1949,Rocco Janette (Owner),2,0,0,0.0,27.5,,115.0,0.0,0,18.0,17.0,38.0,0,0.0,0.0,0.0,0.0
1965,Betty Lilly (Owner),10,2,4,0.0,18.2,8766.0,1728.0,31.0,0,8.4,3.0,41.0,4,20.0,40.0,0.0,1.79
1966,Gene Hobby (Owner),2,0,0,0.0,25.5,70.0,34.0,0.0,0,25.0,23.0,28.0,0,0.0,0.0,0.0,0.0
1950,Paul Roberts (Owner),1,0,0,0.0,11.0,,46.0,0.0,0,10.0,11.0,11.0,0,0.0,0.0,0.0,0.0
1951,Marshall Teague (Owner),17,8,10,6.0,13.12,0.0,1811.0,466.0,6,7.18,1.0,33.0,10,47.06,58.82,35.29,25.73
1952,Felix Wilkes (Owner),1,0,0,0.0,33.0,,141.0,0.0,0,20.0,33.0,33.0,0,0.0,0.0,0.0,0.0
1955,Beryl Jackson (Owner),2,1,2,0.0,5.5,820.0,490.0,89.0,0,6.0,2.0,9.0,1,50.0,100.0,0.0,18.16
1956,Al Keller (Owner),4,1,2,0.0,15.0,,446.0,0.0,1,15.25,2.0,30.0,2,25.0,50.0,0.0,0.0
1961,Wildcat Williams (Owner),5,0,0,0.0,30.6,422.0,478.0,0.0,0,12.6,20.0,39.0,0,0.0,0.0,0.0,0.0
1964,Nichels Engineering,31,7,11,2.0,16.77,23642.0,4870.0,467.0,3,9.39,1.0,33.0,11,22.58,35.48,6.45,9.59
1965,Bob Cooper (Owner),40,1,10,0.0,17.48,14786.0,6108.0,0.0,0,17.23,4.0,40.0,18,2.5,25.0,0.0,0.0
1968,Mario Rossi (Owner),18,5,8,0.0,16.56,1515.0,4411.0,159.0,1,8.89,2.0,35.0,8,27.78,44.44,0.0,3.6
1971,Cunningham-Kelley,14,0,0,0.0,28.5,632.0,1850.0,0.0,0,26.07,13.0,42.0,3,0.0,0.0,0.0,0.0
1973,Dalton Racing,23,0,2,0.0,22.57,1260.0,4942.0,0.0,0,24.65,6.0,40.0,13,0.0,8.7,0.0,0.0
1973,James Racing,1,0,0,0.0,20.0,62.0,129.0,0.0,0,16.0,20.0,20.0,1,0.0,0.0,0.0,0.0
1980,Kennie Childers (Owner),20,2,4,0.0,24.55,1711.0,3984.0,196.0,1,12.3,3.0,41.0,7,10.0,20.0,0.0,4.92
1982,Hylton Engineering,28,0,2,0.0,17.86,2577.0,8303.0,1.0,0,29.54,9.0,30.0,25,0.0,7.14,0.0,0.01
1987,Fedewa Racing,1,0,0,0.0,27.0,82.0,355.0,0.0,0,27.0,27.0,27.0,0,0.0,0.0,0.0,0.0
1998,Joe Gibbs Racing,33,11,18,2.0,14.21,4180.0,9512.0,181.0,19,12.58,1.0,43.0,27,33.33,54.55,6.06,1.9
2000,Penske-Kranefuss Racing,33,6,12,2.0,22.85,3312.0,8328.0,846.0,15,18.24,1.0,43.0,22,18.18,36.36,6.06,10.16
2002,Penske Racing South,72,21,39,1.0,13.85,9192.0,20462.0,956.0,52,13.01,1.0,43.0,66,29.17,54.17,1.39,4.67
2013,Wood Brothers Racing,12,0,0,0.0,25.25,0.0,2678.0,1.0,5,25.08,15.0,43.0,10,0.0,0.0,0.0,0.04
2014,JTG Daugherty Racing,36,2,5,1.0,20.17,868.0,10280.0,69.0,19,19.67,1.0,43.0,32,5.56,13.89,2.78,0.67
2018,JTG Daugherty Racing,72,3,7,0.0,21.13,1186.0,18973.0,20.0,25,21.86,3.0,39.0,63,4.17,9.72,0.0,0.11
1949,Bobby Greene (Owner),2,0,0,0.0,14.0,,148.0,0.0,0,,11.0,17.0,0,0.0,0.0,0.0,0.0
1952,Bob Osiecki (Owner),1,0,0,0.0,23.0,,7.0,0.0,0,22.0,23.0,23.0,0,0.0,0.0,0.0,0.0
1957,Ted Chester (Owner),1,0,0,0.0,20.0,,97.0,0.0,0,11.0,20.0,20.0,0,0.0,0.0,0.0,0.0
1957,Jim Russell (Owner),1,0,0,0.0,56.0,,,0.0,0,23.0,56.0,56.0,0,0.0,0.0,0.0,
1960,Ebart Clifton (Owner),25,1,9,0.0,16.28,4088.0,3937.0,0.0,0,18.56,5.0,45.0,15,4.0,36.0,0.0,0.0
1968,Negre Racing,79,2,28,0.0,15.37,4199.0,16523.0,0.0,0,20.09,4.0,38.0,49,2.53,35.44,0.0,0.0
1970,James Good (Owner),2,1,2,0.0,7.5,138.0,309.0,0.0,0,18.0,5.0,10.0,2,50.0,100.0,0.0,0.0
1971,Faustina Racing,10,0,0,0.0,28.6,576.0,1456.0,0.0,0,30.5,18.0,42.0,3,0.0,0.0,0.0,0.0
1976,Brown Racing (Jerry Brown),3,0,0,0.0,25.33,261.0,591.0,0.0,0,25.0,22.0,30.0,1,0.0,0.0,0.0,0.0
1980,Wood Brothers Racing,22,10,13,2.0,14.05,2865.0,5173.0,333.0,8,5.73,1.0,41.0,13,45.45,59.09,9.09,6.44
1980,Al Rudd Auto,3,1,2,0.0,15.0,370.0,839.0,1.0,1,12.33,4.0,32.0,2,33.33,66.67,0.0,0.12
1984,HL Waters (Owner),2,0,0,0.0,29.0,152.0,533.0,0.0,0,36.5,22.0,36.0,1,0.0,0.0,0.0,0.0
1987,Marcis Auto Racing,29,2,7,0.0,19.86,3080.0,6880.0,84.0,3,23.9,3.0,35.0,19,6.9,24.14,0.0,1.22
1989,B & B Racing,14,0,1,0.0,26.14,1190.0,3740.0,2.0,1,32.93,10.0,39.0,10,0.0,7.14,0.0,0.05
1997,Bill Davis Racing,31,0,7,0.0,22.71,2987.0,8984.0,139.0,6,21.94,7.0,42.0,24,0.0,22.58,0.0,1.55
1999,Bahari'-Eel River Racing,10,0,0,0.0,30.5,715.0,2961.0,0.0,0,26.1,15.0,43.0,7,0.0,0.0,0.0,0.0
2016,Premium Motorsports,59,0,0,0.0,32.14,509.0,15620.0,4.0,8,36.46,11.0,40.0,49,0.0,0.0,0.0,0.03
1954,Arley Scranton (Owner),2,0,1,0.0,15.5,,639.0,0.0,0,22.0,10.0,21.0,2,0.0,50.0,0.0,0.0
1958,Johnny Mackison (Owner),4,0,0,0.0,28.0,644.0,531.0,0.0,0,20.25,14.0,44.0,0,0.0,0.0,0.0,0.0
1951,John Eanes (Owner),9,2,3,2.0,18.89,,1014.0,409.0,2,16.17,1.0,57.0,2,22.22,33.33,22.22,40.34
1957,Lennie Page (Owner),4,0,1,0.0,21.25,,396.0,0.0,0,22.5,6.0,45.0,2,0.0,25.0,0.0,0.0
1974,DiGard  Motorsports,21,6,10,0.0,17.38,,5101.0,183.0,2,6.19,2.0,40.0,10,28.57,47.62,0.0,3.59
1974,Jefferson Racing,4,0,1,0.0,25.0,,457.0,0.0,0,16.75,7.0,34.0,1,0.0,25.0,0.0,0.0
1975,Gordon Racing,30,7,16,0.0,14.27,3702.0,8577.0,6.0,0,14.33,2.0,37.0,20,23.33,53.33,0.0,0.07
1985,Baker-Schiff Racing,28,2,7,0.0,19.32,2986.0,6297.0,4.0,1,19.96,4.0,39.0,15,7.14,25.0,0.0,0.06
1990,Donlavey Racing,13,0,0,0.0,27.77,844.0,2713.0,1.0,0,27.46,13.0,40.0,5,0.0,0.0,0.0,0.04
1993,TriStar Motorsports,29,0,1,0.0,25.62,2508.0,7439.0,1.0,3,23.62,6.0,38.0,18,0.0,3.45,0.0,0.01
1994,U. S. Motorsports Inc.,32,0,3,0.0,27.28,2651.0,8333.0,38.0,2,20.16,6.0,39.0,21,0.0,9.38,0.0,0.46
1995,Bahari' Racing,31,2,8,0.0,16.58,3601.0,9222.0,41.0,13,17.1,3.0,38.0,29,6.45,25.81,0.0,0.44
1996,Stroppe Motorsports,1,0,0,0.0,37.0,52.0,68.0,0.0,0,44.0,37.0,37.0,1,0.0,0.0,0.0,0.0
1996,William Slate (Owner),1,0,0,0.0,37.0,52.0,349.0,0.0,0,30.0,37.0,37.0,0,0.0,0.0,0.0,0.0
2000,Robert Yates Racing,68,27,43,2.0,11.31,9259.0,19798.0,695.0,48,12.87,1.0,40.0,65,39.71,63.24,2.94,3.51
2000,Petty-Huggins Motorsports,5,0,0,0.0,33.4,314.0,1209.0,0.0,0,31.8,26.0,42.0,3,0.0,0.0,0.0,0.0
2006,No Fear Racing,4,1,2,0.0,21.5,415.0,379.0,10.0,3,16.0,4.0,42.0,3,25.0,50.0,0.0,2.64
2022,Trackhouse Racing,73,21,34,3.0,15.18,1994.0,18178.0,972.0,49,14.95,1.0,40.0,63,28.77,46.58,4.11,5.35
2022,Stewart-Haas Racing,144,17,37,3.0,17.51,3175.0,35779.0,495.0,101,17.21,1.0,38.0,122,11.81,25.69,2.08,1.38
1952,William Gundaker (Owner),6,0,2,0.0,15.67,,881.0,0.0,0,18.5,8.0,26.0,4,0.0,33.33,0.0,0.0
1953,Marvin Panch (Owner),2,0,0,0.0,23.0,,275.0,0.0,0,15.0,18.0,28.0,0,0.0,0.0,0.0,0.0
1956,Bob Osiecki (Owner),1,0,0,0.0,68.0,,,0.0,0,7.0,68.0,68.0,0,0.0,0.0,0.0,
1957,Lloyd Dane (Owner),10,7,10,1.0,3.8,,1296.0,1.0,4,4.8,1.0,10.0,9,70.0,100.0,10.0,0.08
1958,Bob Walden (Owner),18,1,10,0.0,12.06,580.0,3152.0,0.0,0,21.24,4.0,28.0,16,5.56,55.56,0.0,0.0
1959,E.C. Wilson (Owner),3,2,2,0.0,11.33,2076.0,624.0,7.0,1,12.67,4.0,25.0,2,66.67,66.67,0.0,1.12
1960,Charlie Chapman (Owner),5,0,0,0.0,17.6,3538.0,870.0,0.0,0,35.75,12.0,29.0,4,0.0,0.0,0.0,0.0
1961,Bobby Waddell (Owner),4,0,2,0.0,14.0,808.0,565.0,0.0,0,15.75,9.0,20.0,2,0.0,50.0,0.0,0.0
1962,Julian Petty (Owner),6,0,4,0.0,13.17,4906.0,1059.0,55.0,0,15.67,7.0,33.0,3,0.0,66.67,0.0,5.19
1964,Lyle Stelter (Owner),5,0,3,0.0,17.6,1082.0,768.0,0.0,0,14.2,7.0,33.0,3,0.0,60.0,0.0,0.0
1967,Casper Hensley (Owner),6,1,2,0.0,19.67,1032.0,636.0,0.0,0,14.0,3.0,36.0,2,16.67,33.33,0.0,0.0
1971,Ralph Davis (Owner),3,0,0,0.0,28.0,207.0,441.0,0.0,0,34.0,25.0,32.0,1,0.0,0.0,0.0,0.0
1981,Hagan Enterprises,31,8,17,0.0,12.71,4052.0,9074.0,114.0,6,8.52,2.0,40.0,24,25.81,54.84,0.0,1.26
1981,Lake Speed Racing,26,0,6,0.0,20.23,2690.0,6523.0,14.0,0,22.77,6.0,35.0,14,0.0,23.08,0.0,0.21
1987,Arrington Racing,28,0,0,0.0,22.04,2610.0,7115.0,0.0,0,30.39,12.0,37.0,22,0.0,0.0,0.0,0.0
1991,Donlavey Racing,14,0,0,0.0,28.64,1079.0,2898.0,0.0,0,32.64,18.0,41.0,7,0.0,0.0,0.0,0.0
1994,Wood Brothers Racing,31,9,16,0.0,12.68,4029.0,9788.0,80.0,17,19.74,2.0,32.0,29,29.03,51.61,0.0,0.82
1995,Active Motorsports,19,0,0,0.0,33.42,1192.0,3775.0,0.0,0,31.26,20.0,43.0,8,0.0,0.0,0.0,0.0
1999,Thompson Racing,1,0,0,0.0,39.0,46.0,78.0,0.0,0,31.0,39.0,39.0,1,0.0,0.0,0.0,0.0
2000,Team Menard,18,1,2,0.0,29.5,1367.0,4322.0,14.0,4,30.56,4.0,41.0,11,5.56,11.11,0.0,0.32
2000,Evernham Motorsports,3,0,1,0.0,18.0,328.0,1160.0,0.0,0,20.67,10.0,25.0,3,0.0,33.33,0.0,0.0
1949,Bruce Thompson (Owner),2,0,2,0.0,9.5,,,0.0,0,,9.0,10.0,1,0.0,100.0,0.0,
1954,Jerry Keyes (Owner),1,0,0,0.0,23.0,,338.0,0.0,0,19.0,23.0,23.0,0,0.0,0.0,0.0,0.0
1950,Charles Venable (Owner),2,0,0,0.0,44.0,,69.0,0.0,0,42.5,13.0,75.0,0,0.0,0.0,0.0,0.0
1951,Don Rogalla (Owner),14,1,4,0.0,20.0,,21.0,0.0,0,6.5,4.0,39.0,1,7.14,28.57,0.0,0.0
1951,R.H. Yandell (Owner),7,1,7,0.0,7.14,,391.0,0.0,0,15.0,3.0,10.0,1,14.29,100.0,0.0,0.0
1953,Frank Christian (Owner),54,19,28,5.0,12.2,0.0,3046.0,700.0,6,8.5,1.0,36.0,24,35.19,51.85,9.26,22.98
1958,Joe Jones (Owner),8,1,2,0.0,15.75,400.0,1534.0,0.0,0,21.38,4.0,39.0,6,12.5,25.0,0.0,0.0
1959,Rex White (Owner),20,11,13,5.0,9.1,3604.0,4416.0,824.0,8,7.58,1.0,26.0,15,55.0,65.0,25.0,18.66
1959,Jerry Draper (Owner),8,1,4,0.0,13.63,0.0,1389.0,0.0,0,17.63,4.0,31.0,5,12.5,50.0,0.0,0.0
1962,Melvin Bradley (Owner),16,3,8,0.0,15.38,3854.0,2980.0,0.0,1,12.69,2.0,40.0,8,18.75,50.0,0.0,0.0
1964,Stroppe Motorsports,27,4,9,0.0,18.63,19918.0,3689.0,36.0,3,10.67,4.0,38.0,11,14.81,33.33,0.0,0.98
1967,Ron Stotten (Owner),21,0,1,0.0,21.05,4772.0,2711.0,0.0,0,27.43,7.0,34.0,5,0.0,4.76,0.0,0.0
1969,Ernie Conn (Owner),2,0,1,0.0,21.0,180.0,257.0,0.0,0,34.5,7.0,35.0,1,0.0,50.0,0.0,0.0
1970,Mario Rossi (Owner),21,13,15,1.0,8.62,2380.0,5264.0,431.0,7,5.57,1.0,39.0,17,61.9,71.43,4.76,8.19
1970,Bobby Allison Motorsports,22,16,19,2.0,4.41,1314.0,6310.0,841.0,6,4.73,1.0,17.0,21,72.73,86.36,9.09,13.33
1970,Jim Calder (Owner),2,0,0,0.0,18.0,198.0,257.0,0.0,0,26.0,15.0,21.0,1,0.0,0.0,0.0,0.0
1971,Fred Elder (Owner),4,2,3,1.0,14.0,444.0,564.0,70.0,2,7.5,1.0,46.0,3,50.0,75.0,25.0,12.41
1974,Marcis Auto Racing,28,6,19,0.0,10.68,,8692.0,1.0,0,19.21,4.0,28.0,22,21.43,67.86,0.0,0.01
1975,Howard & Egerton Racing,2,0,1,0.0,21.0,69.0,578.0,1.0,0,11.0,9.0,33.0,1,0.0,50.0,0.0,0.17
1980,Puskarich Racing,3,0,0,0.0,26.0,255.0,201.0,0.0,0,31.67,17.0,42.0,2,0.0,0.0,0.0,0.0
1985,Hylton Engineering,29,0,0,0.0,24.66,2198.0,7230.0,3.0,0,28.07,12.0,41.0,14,0.0,0.0,0.0,0.04
1985,Jim Southard (Owner),1,0,0,0.0,22.0,0.0,431.0,0.0,0,37.0,22.0,22.0,1,0.0,0.0,0.0,0.0
1988,McDuffie Racing,2,0,0,0.0,30.5,148.0,516.0,1.0,0,37.0,25.0,36.0,1,0.0,0.0,0.0,0.19
1990,Richard Childress Racing,29,18,23,9.0,8.03,4430.0,9162.0,2438.0,20,5.86,1.0,34.0,28,62.07,79.31,31.03,26.61
1992,Cale Yarborough Motorsports,29,0,4,0.0,20.31,2987.0,9049.0,22.0,2,19.31,7.0,39.0,26,0.0,13.79,0.0,0.24
2003,Phoenix Racing,8,0,2,0.0,21.25,802.0,1662.0,7.0,5,27.63,9.0,34.0,7,0.0,25.0,0.0,0.42
2023,Front Row Motorsports,76,2,14,1.0,20.46,1261.0,18995.0,110.0,42,21.07,1.0,38.0,69,2.63,18.42,1.32,0.58
1959,Larry Flynn (Owner),4,0,0,0.0,30.75,80.0,206.0,0.0,0,29.5,24.0,49.0,1,0.0,0.0,0.0,0.0
1980,,10,0,0,0.0,28.1,620.0,1008.0,0.0,0,28.6,16.0,36.0,3,0.0,0.0,0.0,0.0
1951,McGriff Motorsports,3,1,1,0.0,23.0,,463.0,1.0,0,14.67,4.0,54.0,1,33.33,33.33,0.0,0.22
1955,Hubert Westmoreland (Owner),39,12,24,0.0,11.23,7904.0,6021.0,33.0,0,11.62,2.0,31.0,26,30.77,61.54,0.0,0.55
1957,Eddie Pagan (Owner),15,11,11,3.0,6.27,0.0,2611.0,3.0,6,8.87,1.0,19.0,14,73.33,73.33,20.0,0.11
1958,Jack Chatenay (Owner),1,0,0,0.0,41.0,,25.0,0.0,0,37.0,41.0,41.0,0,0.0,0.0,0.0,0.0
1959,Carl Dane (Owner),1,1,1,0.0,3.0,,100.0,0.0,1,20.0,3.0,3.0,1,100.0,100.0,0.0,0.0
1960,Lloyd Dane (Owner),3,2,2,0.0,9.0,614.0,323.0,89.0,0,4.5,3.0,19.0,3,66.67,66.67,0.0,27.55
1968,King Enterprises,17,0,7,0.0,21.0,1195.0,3693.0,52.0,0,12.0,6.0,48.0,6,0.0,41.18,0.0,1.41
1975,Wood Brothers Racing,21,13,14,3.0,10.29,3057.0,5653.0,1325.0,9,3.43,1.0,39.0,13,61.9,66.67,14.29,23.44
1977,Warren Racing,29,0,1,0.0,21.34,2876.0,6466.0,1.0,0,24.21,10.0,35.0,17,0.0,3.45,0.0,0.02
1978,Ulrich Racing,22,0,3,0.0,17.32,2452.0,6175.0,1.0,0,19.86,9.0,29.0,17,0.0,13.64,0.0,0.02
1988,Baker-Schiff Racing,29,1,10,0.0,17.21,2894.0,7967.0,51.0,6,20.79,4.0,38.0,21,3.45,34.48,0.0,0.64
1988,Gordon Chilson,3,0,0,0.0,32.67,195.0,117.0,0.0,1,37.0,22.0,40.0,1,0.0,0.0,0.0,0.0
1992,Leo Jackson Motorsports,29,10,15,2.0,11.31,3955.0,9197.0,407.0,14,18.52,1.0,29.0,26,34.48,51.72,6.9,4.43
1997,DarWal Inc.,32,1,4,0.0,23.56,3003.0,8580.0,18.0,9,25.19,5.0,43.0,26,3.13,12.5,0.0,0.21
2019,Richard Petty Motorsports,36,1,1,0.0,23.94,482.0,9939.0,1.0,9,24.33,3.0,39.0,33,2.78,2.78,0.0,0.01
1954,Peck Peckham (Owner),2,0,0,0.0,22.0,0.0,313.0,0.0,0,,20.0,24.0,1,0.0,0.0,0.0,0.0
1957,Jim Reed (Owner),5,2,3,0.0,9.8,,892.0,55.0,1,4.8,3.0,24.0,3,40.0,60.0,0.0,6.17
1951,Danny Weinberg (Owner),2,0,1,0.0,12.5,,,0.0,0,4.0,6.0,19.0,0,0.0,50.0,0.0,
1951,Del Pearson (Owner),9,1,3,0.0,15.22,,650.0,0.0,0,31.0,2.0,41.0,1,11.11,33.33,0.0,0.0
1952,Herschel Buchanan (Owner),4,3,4,0.0,5.25,,1116.0,0.0,0,8.5,3.0,8.0,4,75.0,100.0,0.0,0.0
1954,Hank Salat (Owner),1,0,0,0.0,25.0,,49.0,0.0,0,,25.0,25.0,0,0.0,0.0,0.0,0.0
1955,John Ditz (Owner),17,7,8,0.0,15.24,1980.0,2184.0,176.0,4,7.13,2.0,62.0,8,41.18,47.06,0.0,8.06
1956,Charlie Schwam (Owner),27,8,13,1.0,14.48,,4061.0,465.0,3,11.63,1.0,52.0,15,29.63,48.15,3.7,11.45
1956,Jimmy Pardue (Owner),6,0,0,0.0,20.0,,479.0,0.0,0,18.67,11.0,29.0,2,0.0,0.0,0.0,0.0
1958,Barney Shore (Owner),12,1,3,0.0,20.92,24.0,1872.0,0.0,0,20.36,5.0,42.0,6,8.33,25.0,0.0,0.0
1959,Bob Smith (Owner),2,0,2,0.0,7.0,,549.0,0.0,0,27.0,6.0,8.0,2,0.0,100.0,0.0,0.0
1966,Donlavey Racing,4,0,0,0.0,29.5,580.0,222.0,0.0,0,23.25,22.0,47.0,1,0.0,0.0,0.0,0.0
1972,Roberts Racing,26,0,1,0.0,21.96,1510.0,6225.0,0.0,0,29.54,10.0,50.0,18,0.0,3.85,0.0,0.0
1972,Daniel Racing,2,0,0,0.0,23.5,110.0,490.0,0.0,0,27.5,18.0,29.0,1,0.0,0.0,0.0,0.0
1974,Gordon Van Liew (Owner),25,0,1,0.0,22.52,,4961.0,0.0,0,25.76,7.0,36.0,9,0.0,4.0,0.0,0.0
1979,GC Spencer Racing,4,0,0,0.0,27.5,170.0,513.0,0.0,0,23.25,18.0,34.0,0,0.0,0.0,0.0,0.0
1980,Jimmy Means Racing,27,0,0,0.0,18.85,2874.0,7649.0,0.0,0,27.11,12.0,31.0,20,0.0,0.0,0.0,0.0
1985,Gary Smith (Owner),2,0,0,0.0,27.5,161.0,178.0,0.0,0,15.5,26.0,29.0,1,0.0,0.0,0.0,0.0
1988,King Racing,29,6,11,1.0,15.66,3547.0,8867.0,695.0,10,14.86,1.0,41.0,17,20.69,37.93,3.45,7.84
1992,Precision Products Racing,30,0,1,0.0,22.47,2870.0,8165.0,0.0,2,20.2,9.0,41.0,23,0.0,3.33,0.0,0.0
1994,Hagan Enterprises,19,0,0,0.0,31.47,1308.0,4252.0,1.0,1,26.84,19.0,42.0,9,0.0,0.0,0.0,0.02
1997,Robert Yates Racing,64,25,36,8.0,14.36,8230.0,18526.0,2515.0,39,13.14,1.0,41.0,55,39.06,56.25,12.5,13.58
2006,Peak Fitness Racing,7,0,0,0.0,31.86,492.0,2010.0,4.0,1,31.14,25.0,37.0,6,0.0,0.0,0.0,0.2
2012,Leavine Family Racing,15,0,0,0.0,35.93,121.0,1383.0,0.0,1,31.13,17.0,43.0,3,0.0,0.0,0.0,0.0
1949,Buddy Helms (Owner),4,0,1,0.0,12.25,,277.0,0.0,0,14.0,10.0,13.0,0,0.0,25.0,0.0,0.0
1962,L.D. Austin (Owner),1,0,0,0.0,23.0,64.0,53.0,0.0,0,19.0,23.0,23.0,0,0.0,0.0,0.0,0.0
1962,Ed Livingston (Owner),11,0,0,0.0,20.64,3220.0,1438.0,0.0,0,24.64,11.0,36.0,5,0.0,0.0,0.0,0.0
1955,Larson Racing,2,0,1,0.0,17.0,152.0,230.0,0.0,0,14.0,8.0,26.0,1,0.0,50.0,0.0,0.0
1956,Dave Terrell (Owner),5,0,1,0.0,21.6,,363.0,0.0,0,17.8,8.0,35.0,1,0.0,20.0,0.0,0.0
1957,Chuck Hobbs (Owner),1,0,0,0.0,32.0,,,0.0,0,55.0,32.0,32.0,0,0.0,0.0,0.0,
1959,Tommy Irwin (Owner),26,10,17,0.0,11.96,3408.0,4557.0,174.0,1,11.4,2.0,32.0,16,38.46,65.38,0.0,3.82
1961,Bob Perry (Owner),5,1,3,0.0,16.2,1032.0,453.0,0.0,0,21.75,5.0,32.0,3,20.0,60.0,0.0,0.0
1962,Toy Bolton (Owner),22,0,2,0.0,20.32,4414.0,2892.0,0.0,0,21.71,7.0,42.0,8,0.0,9.09,0.0,0.0
1964,Pete Stewart (Owner),5,0,0,0.0,21.2,1876.0,775.0,0.0,0,26.6,12.0,44.0,2,0.0,0.0,0.0,0.0
1965,Dick Niles (Owner),1,0,0,0.0,18.0,1100.0,95.0,0.0,0,6.0,18.0,18.0,0,0.0,0.0,0.0,0.0
1965,Cliff Stewart Racing,7,1,2,0.0,13.57,2192.0,1009.0,0.0,0,13.0,5.0,19.0,2,14.29,28.57,0.0,0.0
1968,Walson Gardner (Owner),12,0,2,0.0,18.33,640.0,3418.0,0.0,0,26.58,8.0,30.0,5,0.0,16.67,0.0,0.0
1969,Dave Alonzo (Owner),2,0,0,0.0,22.0,87.0,486.0,0.0,0,32.0,22.0,22.0,1,0.0,0.0,0.0,0.0
1972,Frank Vasko (Owner),6,0,0,0.0,24.0,324.0,1144.0,0.0,0,31.33,11.0,39.0,3,0.0,0.0,0.0,0.0
1972,Richard Hammond (Owner),2,0,1,0.0,16.0,82.0,271.0,0.0,0,28.0,10.0,22.0,1,0.0,50.0,0.0,0.0
1972,J.C. Crews (Owner),9,0,0,0.0,28.78,400.0,1460.0,0.0,0,36.67,18.0,49.0,4,0.0,0.0,0.0,0.0
1973,Gray Racing,25,0,4,0.0,18.48,1626.0,7832.0,0.0,0,27.24,9.0,34.0,21,0.0,16.0,0.0,0.0
1974,Wentz Racing,2,0,0,0.0,27.0,,198.0,0.0,0,30.5,23.0,31.0,0,0.0,0.0,0.0,0.0
1978,Osterlund Motorsports,52,18,30,0.0,14.17,6551.0,14140.0,390.0,6,9.87,2.0,37.0,37,34.62,57.69,0.0,2.76
1979,Langley-Woodfield Racing,29,0,1,0.0,21.59,2853.0,7515.0,0.0,0,25.0,7.0,36.0,19,0.0,3.45,0.0,0.0
1983,Hillin Racing,12,0,0,0.0,22.08,737.0,2791.0,0.0,0,29.0,11.0,41.0,8,0.0,0.0,0.0,0.0
1986,Linro Motorsports,2,0,0,0.0,37.5,101.0,14.0,0.0,0,34.5,36.0,39.0,0,0.0,0.0,0.0,0.0
1990,Junior Johnson & Associates,29,11,19,3.0,11.38,4017.0,8852.0,976.0,17,8.14,1.0,36.0,26,37.93,65.52,10.34,11.03
1991,Precision Products Racing,29,1,3,0.0,21.1,2918.0,8901.0,32.0,2,17.07,4.0,35.0,23,3.45,10.34,0.0,0.36
1991,A.J. Foyt Racing,4,0,0,0.0,28.25,313.0,751.0,0.0,0,32.75,25.0,33.0,2,0.0,0.0,0.0,0.0
1992,Hendrick Motorsports,59,13,29,1.0,15.03,7209.0,17557.0,414.0,21,11.07,1.0,41.0,48,22.03,49.15,1.69,2.36
1993,Lake Speed Racing,11,0,0,0.0,27.45,887.0,2536.0,0.0,2,21.09,14.0,35.0,5,0.0,0.0,0.0,0.0
1995,Geoff Bodine Racing,31,1,4,0.0,18.65,3357.0,9257.0,13.0,10,23.48,5.0,35.0,27,3.23,12.9,0.0,0.14
1997,Travis Carter Motorsports,32,1,4,0.0,22.88,3079.0,8665.0,70.0,9,20.88,5.0,43.0,26,3.13,12.5,0.0,0.81
1999,Joe Gibbs Racing,68,35,47,8.0,9.65,9835.0,19921.0,2426.0,50,11.07,1.0,41.0,66,51.47,69.12,11.76,12.18
2018,Roush Fenway Racing,72,3,7,0.0,20.79,1246.0,19990.0,138.0,28,17.96,3.0,38.0,59,4.17,9.72,0.0,0.69
1957,Ed Brown (Owner),1,0,0,0.0,17.0,,52.0,0.0,0,17.0,17.0,17.0,1,0.0,0.0,0.0,0.0
1953,,197,3,42,0.0,18.16,0.0,5064.0,64.0,0,27.56,4.0,58.0,20,1.52,21.32,0.0,1.26
1952,Ralph Liguori (Owner),3,1,1,0.0,19.33,,680.0,0.0,0,21.33,4.0,40.0,2,33.33,33.33,0.0,0.0
1957,Al Schmidhamer (Owner),4,2,3,1.0,6.0,,502.0,100.0,2,1.0,1.0,11.0,4,50.0,75.0,25.0,19.92
1957,Speedy Thompson (Owner),20,9,13,2.0,10.7,0.0,3610.0,593.0,5,5.05,1.0,31.0,12,45.0,65.0,10.0,16.43
1960,L.D. Austin (Owner),28,1,12,0.0,14.89,6200.0,5191.0,0.0,0,21.89,5.0,47.0,23,3.57,42.86,0.0,0.0
1960,Floyd Johnson (Owner),2,1,1,1.0,11.0,418.0,217.0,1.0,1,7.5,1.0,21.0,2,50.0,50.0,50.0,0.46
1961,Don House (Owner),2,0,0,0.0,24.5,850.0,200.0,0.0,0,33.0,19.0,30.0,2,0.0,0.0,0.0,0.0
1964,Burton-Robinson,54,18,28,1.0,10.8,28602.0,10466.0,470.0,3,7.02,1.0,35.0,24,33.33,51.85,1.85,4.49
1966,Langley-Woodfield Racing,46,11,19,2.0,14.78,18748.0,9269.0,308.0,2,9.61,1.0,45.0,27,23.91,41.3,4.35,3.32
1969,Petty Enterprises,50,31,38,10.0,7.88,3669.0,12589.0,3057.0,20,4.14,1.0,32.0,35,62.0,76.0,20.0,24.28
1973,Hollar Racing,4,0,0,0.0,26.25,198.0,694.0,0.0,0,25.25,15.0,34.0,1,0.0,0.0,0.0,0.0
1974,Ore Racing,1,0,0,0.0,17.0,,297.0,0.0,0,28.0,17.0,17.0,0,0.0,0.0,0.0,0.0
1975,Jefferson Racing,5,0,2,0.0,19.2,455.0,1036.0,0.0,0,15.0,6.0,32.0,3,0.0,40.0,0.0,0.0
1977,Negre Racing,23,0,0,0.0,22.91,2168.0,5446.0,0.0,0,23.61,11.0,41.0,9,0.0,0.0,0.0,0.0
1978,Wawak Racing,11,0,0,0.0,24.91,971.0,2403.0,0.0,0,30.18,12.0,37.0,4,0.0,0.0,0.0,0.0
1986,Hagan Enterprises,29,5,10,1.0,15.93,3473.0,8284.0,565.0,5,9.48,1.0,38.0,18,17.24,34.48,3.45,6.82
1993,Spears Racing,2,0,0,0.0,24.0,182.0,380.0,0.0,0,29.0,22.0,26.0,2,0.0,0.0,0.0,0.0
1996,Bud Moore Engineering,30,1,3,0.0,23.57,2786.0,8191.0,0.0,7,27.13,3.0,40.0,22,3.33,10.0,0.0,0.0
2001,Jasper Motorsports,36,1,6,0.0,23.03,3428.0,9356.0,5.0,15,26.17,2.0,43.0,27,2.78,16.67,0.0,0.05
2008,Haas CNC Racing,65,0,1,0.0,28.82,5020.0,18722.0,17.0,19,28.18,7.0,43.0,58,0.0,1.54,0.0,0.09
1949,Don Rogalla (Owner),3,0,2,0.0,14.0,,350.0,0.0,0,9.0,9.0,23.0,1,0.0,66.67,0.0,0.0
1960,Carl Rupert (Owner),2,0,1,0.0,15.0,232.0,268.0,0.0,0,7.5,10.0,20.0,0,0.0,50.0,0.0,0.0
1967,Bay Darnell (Owner),1,0,0,0.0,32.0,100.0,123.0,0.0,0,38.0,32.0,32.0,0,0.0,0.0,0.0,0.0
1967,Henry Woodfield (Owner),1,0,0,0.0,33.0,160.0,89.0,0.0,0,42.0,33.0,33.0,0,0.0,0.0,0.0,0.0
1955,Henry Ford (Owner),11,3,3,0.0,14.64,1092.0,1370.0,8.0,0,12.7,3.0,25.0,5,27.27,27.27,0.0,0.58
1955,Bob Welborn (Owner),10,3,7,0.0,10.3,1832.0,1903.0,31.0,2,16.2,2.0,30.0,9,30.0,70.0,0.0,1.63
1964,Arrington Racing,29,2,9,0.0,15.55,6554.0,5209.0,0.0,0,15.9,5.0,41.0,15,6.9,31.03,0.0,0.0
1965,Kenny Myler (Owner),20,10,13,1.0,9.8,6894.0,3929.0,18.0,1,8.55,1.0,37.0,15,50.0,65.0,5.0,0.46
1965,Dan Colone (Owner),8,5,7,0.0,6.0,2560.0,2029.0,0.0,0,8.5,3.0,14.0,8,62.5,87.5,0.0,0.0
1969,C.B. Gwynn (Owner),1,0,0,0.0,24.0,0.0,73.0,0.0,0,15.0,24.0,24.0,0,0.0,0.0,0.0,0.0
1973,Smokey Yunick Racing,8,1,2,0.0,24.25,428.0,877.0,0.0,0,20.38,5.0,48.0,3,12.5,25.0,0.0,0.0
1973,Jasper Motorsports,14,0,0,0.0,26.86,676.0,2834.0,0.0,0,34.5,15.0,43.0,6,0.0,0.0,0.0,0.0
1976,J.R. DeLotto (Owner),28,0,2,0.0,17.96,3062.0,7943.0,0.0,0,20.82,7.0,38.0,21,0.0,7.14,0.0,0.0
1977,GC Spencer Racing,9,0,1,0.0,23.67,831.0,1832.0,0.0,0,24.89,8.0,39.0,5,0.0,11.11,0.0,0.0
1978,Hagan Enterprises,23,2,8,0.0,16.39,2652.0,6879.0,0.0,0,13.83,4.0,39.0,16,8.7,34.78,0.0,0.0
1979,Robertson Racing,28,0,3,0.0,22.61,2679.0,6171.0,1.0,0,23.82,7.0,38.0,13,0.0,10.71,0.0,0.02
1982,RahMoc Enterprises,29,4,7,0.0,18.17,3046.0,7471.0,30.0,0,14.66,4.0,41.0,14,13.79,24.14,0.0,0.4
1988,Bown Racing,2,0,0,0.0,41.5,77.0,86.0,0.0,0,37.5,41.0,42.0,0,0.0,0.0,0.0,0.0
1993,Cale Yarborough Motorsports,30,0,1,0.0,23.57,2787.0,8406.0,38.0,2,18.07,8.0,39.0,22,0.0,3.33,0.0,0.45
1996,NEMCO Motorsports,29,0,2,0.0,26.97,2391.0,8110.0,2.0,4,22.1,8.0,41.0,21,0.0,6.9,0.0,0.02
2003,BAM Racing,32,0,2,0.0,28.84,2451.0,8706.0,0.0,5,29.72,8.0,43.0,24,0.0,6.25,0.0,0.0
2009,Hendrick Motorsports,151,48,76,13.0,14.85,19133.0,42802.0,4017.0,113,13.09,1.0,43.0,140,31.79,50.33,8.61,9.39
2013,Richard Petty Motorsports,72,1,12,0.0,19.33,1785.0,20269.0,82.0,44,17.85,5.0,42.0,66,1.39,16.67,0.0,0.4
1949,Lee Schmidt (Owner),1,0,0,0.0,18.0,,171.0,0.0,0,28.0,18.0,18.0,0,0.0,0.0,0.0,0.0
1952,J.E. Peters (Owner),2,0,0,0.0,26.0,,197.0,0.0,0,30.0,11.0,41.0,0,0.0,0.0,0.0,0.0
1956,William Long (Owner),1,0,0,0.0,14.0,,180.0,0.0,0,23.0,14.0,14.0,0,0.0,0.0,0.0,0.0
1967,Arnold Racing,2,0,0,0.0,28.0,516.0,58.0,0.0,0,25.5,14.0,42.0,1,0.0,0.0,0.0,0.0
1950,Walt Crawford (Owner),1,0,0,0.0,21.0,,358.0,0.0,0,51.0,21.0,21.0,1,0.0,0.0,0.0,0.0
1951,Ray Duhigg (Owner),5,0,0,0.0,21.8,,46.0,0.0,0,,13.0,28.0,0,0.0,0.0,0.0,0.0
1958,Oscar Maples (Owner),1,1,1,0.0,2.0,,190.0,0.0,1,5.0,2.0,2.0,1,100.0,100.0,0.0,0.0
1961,Charles French (Owner),3,0,0,0.0,21.0,390.0,241.0,0.0,0,27.67,17.0,23.0,1,0.0,0.0,0.0,0.0
1963,Roscoe Sanders (Owner),6,0,0,0.0,23.17,2780.0,825.0,0.0,0,17.5,14.0,34.0,3,0.0,0.0,0.0,0.0
1965,Wood Brothers Racing,27,17,19,7.0,10.33,28138.0,6387.0,1268.0,10,5.0,1.0,37.0,18,62.96,70.37,25.93,19.85
1972,Arnold Racing,26,0,7,0.0,16.0,1820.0,6976.0,0.0,0,19.73,6.0,36.0,20,0.0,26.92,0.0,0.0
1973,GC Spencer Racing,13,0,2,0.0,25.92,652.0,2234.0,0.0,0,19.92,8.0,41.0,3,0.0,15.38,0.0,0.0
1973,Bown Racing,2,0,1,0.0,19.5,126.0,204.0,0.0,0,19.5,10.0,29.0,1,0.0,50.0,0.0,0.0
1976,George Elliott Racing,6,0,0,0.0,31.17,262.0,613.0,0.0,0,28.83,17.0,40.0,1,0.0,0.0,0.0,0.0
1976,WAM Racing,5,1,3,0.0,18.4,558.0,603.0,1.0,0,14.2,5.0,40.0,3,20.0,60.0,0.0,0.17
1982,Billie Harvey (Owner),2,0,0,0.0,35.0,46.0,118.0,0.0,0,32.5,31.0,39.0,0,0.0,0.0,0.0,0.0
1988,Bob Clark Motorsports,28,0,1,0.0,24.61,1834.0,6892.0,24.0,1,26.43,9.0,42.0,15,0.0,3.57,0.0,0.35
1991,Penske Racing South,29,9,14,2.0,15.31,3582.0,8316.0,524.0,12,10.03,1.0,34.0,19,31.03,48.28,6.9,6.3
2017,Hendrick Motorsports,144,20,46,4.0,17.06,3411.0,39804.0,865.0,92,15.63,1.0,40.0,119,13.89,31.94,2.78,2.17
2018,StarCom Racing,54,0,0,0.0,30.89,79.0,13432.0,0.0,3,33.98,18.0,40.0,45,0.0,0.0,0.0,0.0
1968,Pistone Racing,6,2,2,0.0,20.67,292.0,1250.0,8.0,0,14.67,3.0,42.0,2,33.33,33.33,0.0,0.64
1954,Ken Pace (Owner),17,0,6,0.0,16.65,,2202.0,0.0,0,,7.0,34.0,12,0.0,35.29,0.0,0.0
1957,Danny Graves (Owner),6,3,4,1.0,8.17,,770.0,1.0,1,3.17,1.0,18.0,3,50.0,66.67,16.67,0.13
1958,Joe Frazier (Owner),1,0,0,0.0,21.0,88.0,7.0,0.0,0,19.0,21.0,21.0,0,0.0,0.0,0.0,0.0
1959,Gene White (Owner),7,0,2,0.0,20.43,1960.0,1210.0,0.0,0,12.14,7.0,37.0,3,0.0,28.57,0.0,0.0
1964,Leland Colvin (Owner),4,1,1,0.0,17.75,872.0,428.0,0.0,0,22.0,5.0,36.0,1,25.0,25.0,0.0,0.0
1968,Bobby Allison Motorsports,2,0,0,0.0,20.5,72.0,333.0,0.0,0,21.0,13.0,28.0,1,0.0,0.0,0.0,0.0
1973,Scott Racing,2,0,0,0.0,34.5,76.0,327.0,0.0,0,48.5,14.0,55.0,1,0.0,0.0,0.0,0.0
1975,Marcis Auto Racing,5,0,0,0.0,24.4,449.0,822.0,0.0,0,33.4,12.0,32.0,3,0.0,0.0,0.0,0.0
1977,Langley-Woodfield Racing,26,0,0,0.0,21.77,2540.0,6342.0,0.0,0,25.69,12.0,38.0,18,0.0,0.0,0.0,0.0
1981,Halpern Enterprises,4,0,1,0.0,24.75,154.0,887.0,7.0,0,9.75,8.0,32.0,1,0.0,25.0,0.0,0.79
1981,Price Racing,4,0,0,0.0,24.5,252.0,764.0,0.0,0,23.25,19.0,30.0,1,0.0,0.0,0.0,0.0
1981,Negre Racing,4,0,1,0.0,16.25,464.0,1386.0,1.0,0,27.25,9.0,25.0,3,0.0,25.0,0.0,0.07
1981,Zervakis Enterprises,3,0,1,0.0,20.0,250.0,678.0,14.0,0,12.0,7.0,30.0,1,0.0,33.33,0.0,2.06
1984,Benfield Racing,30,0,8,0.0,19.1,3117.0,7854.0,55.0,2,15.3,6.0,41.0,19,0.0,26.67,0.0,0.7
1984,McDuffie Racing,16,0,0,0.0,25.88,1366.0,4064.0,0.0,0,28.0,12.0,39.0,6,0.0,0.0,0.0,0.0
1990,Precision Products Racing,31,4,11,0.0,15.9,3652.0,8682.0,12.0,13,19.16,2.0,42.0,26,12.9,35.48,0.0,0.14
2004,Victory Motorsports,19,0,0,0.0,38.37,925.0,2090.0,4.0,0,41.11,32.0,43.0,2,0.0,0.0,0.0,0.19
2019,Joe Gibbs Racing,144,61,92,19.0,11.1,4755.0,40049.0,4047.0,110,12.83,1.0,40.0,135,42.36,63.89,13.19,10.11
2020,JTG Daugherty Racing,72,3,6,0.0,23.46,1078.0,17304.0,80.0,29,23.57,2.0,40.0,56,4.17,8.33,0.0,0.46
1949,Curtis Turner (Owner),3,0,1,0.0,18.0,,,0.0,0,6.0,9.0,25.0,0,0.0,33.33,0.0,
1955,Max Berrier (Owner),2,0,0,0.0,16.0,,232.0,0.0,0,19.0,14.0,18.0,1,0.0,0.0,0.0,0.0
1963,Dick Goode (Owner),2,0,1,0.0,23.5,490.0,107.0,0.0,0,18.0,10.0,37.0,1,0.0,50.0,0.0,0.0
1952,Louise Smith (Owner),17,0,1,0.0,21.82,,1275.0,0.0,0,18.87,8.0,35.0,3,0.0,5.88,0.0,0.0
1958,Buck Baker Racing,49,25,38,3.0,8.18,10764.0,8674.0,378.0,10,8.83,1.0,35.0,40,51.02,77.55,6.12,4.36
1960,Don Angel (Owner),2,0,0,0.0,34.5,140.0,155.0,0.0,0,48.0,24.0,45.0,1,0.0,0.0,0.0,0.0
1960,Tom Daniels (Owner),13,4,5,0.0,17.62,4362.0,2603.0,0.0,1,18.0,2.0,46.0,8,30.77,38.46,0.0,0.0
1964,Petty Enterprises,88,49,60,10.0,8.28,66004.0,20386.0,3710.0,18,5.5,1.0,30.0,59,55.68,68.18,11.36,18.2
1968,Bob Casperson (Owner),2,0,0,0.0,28.0,135.0,401.0,0.0,0,36.0,21.0,35.0,0,0.0,0.0,0.0,0.0
1981,Benfield Racing,17,1,2,0.0,23.0,1557.0,3174.0,48.0,1,21.53,5.0,37.0,6,5.88,11.76,0.0,1.51
1982,Bailey Racing,7,0,0,0.0,27.43,565.0,1276.0,0.0,0,29.14,20.0,35.0,3,0.0,0.0,0.0,0.0
1984,Ranier-Lundy Racing,16,10,10,3.0,7.38,2448.0,4387.0,736.0,9,7.38,1.0,21.0,14,62.5,62.5,18.75,16.78
1986,Winkle Motorsports,6,0,0,0.0,25.33,522.0,1768.0,0.0,0,33.17,20.0,37.0,3,0.0,0.0,0.0,0.0
1990,McDuffie Racing,8,0,0,0.0,31.13,557.0,1301.0,0.0,0,36.38,22.0,40.0,2,0.0,0.0,0.0,0.0
1991,Junior Johnson & Associates,58,13,28,1.0,13.84,7216.0,18089.0,363.0,17,13.02,1.0,39.0,49,22.41,48.28,1.72,2.01
1992,Donlavey Racing,15,0,0,0.0,26.73,1242.0,4005.0,0.0,0,27.67,15.0,38.0,11,0.0,0.0,0.0,0.0
1955,Van Matthews (Owner),1,0,0,0.0,19.0,,41.0,0.0,0,15.0,19.0,19.0,0,0.0,0.0,0.0,0.0
1966,Kenny Myler (Owner),1,0,1,0.0,9.0,340.0,291.0,0.0,0,9.0,9.0,9.0,1,0.0,100.0,0.0,0.0
1952,Bud Barry (Owner),2,0,0,0.0,17.0,,,0.0,0,32.0,14.0,20.0,0,0.0,0.0,0.0,
1956,Frank Dodge (Owner),4,0,0,0.0,21.5,,335.0,0.0,0,24.5,18.0,27.0,1,0.0,0.0,0.0,0.0
1957,Jack Chatenay (Owner),5,0,1,0.0,18.0,,376.0,0.0,0,16.4,9.0,27.0,2,0.0,20.0,0.0,0.0
1957,Holman Moody,14,5,7,0.0,13.07,,2475.0,59.0,1,10.08,2.0,40.0,9,35.71,50.0,0.0,2.38
1959,Jess Potter (Owner),40,1,10,0.0,18.48,1080.0,7109.0,0.0,0,19.53,5.0,55.0,23,2.5,25.0,0.0,0.0
1962,Ray Herlocker (Owner),41,2,20,0.0,13.29,11357.0,7805.0,0.0,0,18.73,4.0,42.0,31,4.88,48.78,0.0,0.0
1963,Jerome Warren (Owner),5,0,0,0.0,24.4,504.0,543.0,0.0,0,27.4,18.0,35.0,2,0.0,0.0,0.0,0.0
1970,John McConnell (Owner),5,2,2,0.0,19.0,0.0,819.0,7.0,0,12.8,4.0,39.0,2,40.0,40.0,0.0,0.85
1973,Marcis Auto Racing,15,2,4,0.0,19.93,932.0,3317.0,0.0,0,20.73,4.0,40.0,9,13.33,26.67,0.0,0.0
1978,Greg Heller (Owner),2,0,0,0.0,31.5,61.0,315.0,0.0,0,38.5,29.0,34.0,0,0.0,0.0,0.0,0.0
1979,Keith Davis (Owner),2,0,0,0.0,35.0,116.0,45.0,0.0,0,38.0,30.0,40.0,0,0.0,0.0,0.0,0.0
1990,Melling Racing,29,12,16,1.0,10.97,3999.0,9349.0,1185.0,18,7.93,1.0,33.0,27,41.38,55.17,3.45,12.68
1998,Filmar Racing,31,0,7,0.0,26.65,2615.0,6958.0,57.0,8,23.35,6.0,43.0,19,0.0,22.58,0.0,0.82
2001,MBV Motorsports,36,6,14,0.0,17.14,4152.0,10049.0,101.0,21,17.67,3.0,41.0,29,16.67,38.89,0.0,1.01
2001,A.J. Foyt Racing,32,0,1,0.0,30.5,2305.0,8659.0,29.0,6,27.5,9.0,42.0,24,0.0,3.13,0.0,0.33
1950,D.G. Hall (Owner),2,0,0,0.0,16.0,,130.0,0.0,0,16.0,15.0,17.0,0,0.0,0.0,0.0,0.0
1952,Joe Mangini (Owner),1,0,1,0.0,8.0,,,0.0,0,16.0,8.0,8.0,0,0.0,100.0,0.0,
1955,Ed Brown (Owner),4,0,2,0.0,12.25,600.0,584.0,44.0,0,9.25,7.0,18.0,2,0.0,50.0,0.0,7.53
1956,Art Krebs (Owner),2,0,0,0.0,27.5,,121.0,0.0,0,18.0,27.0,28.0,1,0.0,0.0,0.0,0.0
1956,Al Liggons (Owner),4,0,1,0.0,17.25,,435.0,0.0,0,11.75,8.0,25.0,3,0.0,25.0,0.0,0.0
1959,Scotty Cain (Owner),2,1,1,0.0,10.5,,467.0,0.0,1,11.0,2.0,19.0,1,50.0,50.0,0.0,0.0
1960,Roy McDonald (Owner),8,0,0,0.0,28.63,524.0,465.0,0.0,0,25.88,13.0,66.0,2,0.0,0.0,0.0,0.0
1966,Bill Church (Owner),2,0,0,0.0,27.5,648.0,260.0,0.0,0,32.5,23.0,32.0,1,0.0,0.0,0.0,0.0
1967,Shorty Johns (Owner),11,0,0,0.0,29.91,3068.0,1279.0,0.0,0,21.73,16.0,43.0,2,0.0,0.0,0.0,0.0
1969,Scott Racing,48,0,11,0.0,15.25,2803.0,11362.0,0.0,0,21.98,6.0,35.0,36,0.0,22.92,0.0,0.0
1970,Mack Sellers (Owner),8,0,1,0.0,21.13,169.0,801.0,0.0,0,24.0,10.0,29.0,3,0.0,12.5,0.0,0.0
1971,Owens Racing,20,11,12,1.0,13.65,1690.0,4407.0,214.0,3,5.05,1.0,35.0,11,55.0,60.0,5.0,4.86
1973,Bobby Allison Motorsports,27,15,16,2.0,13.11,2096.0,8072.0,22.0,3,4.63,1.0,42.0,16,55.56,59.26,7.41,0.27
1974,Larry Mollicone (Owner),1,0,0,0.0,26.0,,68.0,0.0,0,31.0,26.0,26.0,0,0.0,0.0,0.0,0.0
1975,Ellington Racing,12,2,3,0.0,20.08,328.0,2281.0,209.0,0,6.58,3.0,36.0,3,16.67,25.0,0.0,9.16
1976,Adcox-Kirby,11,0,2,0.0,14.91,1163.0,3326.0,0.0,0,21.27,7.0,30.0,7,0.0,18.18,0.0,0.0
1982,Langley-Woodfield Racing,26,0,0,0.0,20.42,2650.0,7239.0,1.0,0,28.81,11.0,39.0,19,0.0,0.0,0.0,0.01
1982,Johnny Hayes (Owner),6,3,5,0.0,8.33,861.0,1803.0,2.0,1,16.17,5.0,20.0,5,50.0,83.33,0.0,0.11
1982,Rick Baldwin Racing,1,0,0,0.0,12.0,127.0,323.0,0.0,0,33.0,12.0,12.0,1,0.0,0.0,0.0,0.0
1991,Osterlund Motorsports,2,0,0,0.0,36.5,107.0,105.0,0.0,0,26.5,36.0,37.0,0,0.0,0.0,0.0,0.0
1993,Hagan Enterprises,30,0,10,0.0,18.37,3280.0,8866.0,55.0,7,21.87,6.0,37.0,25,0.0,33.33,0.0,0.62
1996,Dale Earnhardt Inc.,3,0,0,0.0,38.33,144.0,297.0,0.0,0,27.67,36.0,41.0,0,0.0,0.0,0.0,0.0
1997,TRIX Racing,1,0,0,0.0,41.0,40.0,148.0,0.0,0,37.0,41.0,41.0,0,0.0,0.0,0.0,0.0
1998,ISM Racing,9,0,1,0.0,28.78,696.0,2807.0,46.0,0,26.67,10.0,40.0,7,0.0,11.11,0.0,1.64
2005,Richard Childress Racing,113,6,19,1.0,20.63,11615.0,31771.0,357.0,62,22.93,1.0,43.0,104,5.31,16.81,0.88,1.12
2007,Dale Earnhardt Inc.,117,14,29,1.0,21.0,12108.0,31575.0,1017.0,62,19.44,1.0,43.0,97,11.97,24.79,0.85,3.22
2009,Richard Petty Motorsports,144,9,26,2.0,21.7,14361.0,40333.0,302.0,73,22.39,1.0,41.0,137,6.25,18.06,1.39,0.75
2025,23XI Racing,112,13,29,1.0,19.78,2309.0,28551.0,549.0,70,18.72,1.0,40.0,96,11.61,25.89,0.89,1.92
1949,Wally Marks (Owner),1,0,0,0.0,24.0,,166.0,0.0,0,8.0,24.0,24.0,0,0.0,0.0,0.0,0.0
1951,Bob Phillippi (Owner),1,1,1,1.0,1.0,,250.0,156.0,1,4.0,1.0,1.0,1,100.0,100.0,100.0,62.4
1955,J.B. Cunningham (Owner),3,0,1,0.0,21.33,248.0,225.0,0.0,0,17.67,10.0,43.0,1,0.0,33.33,0.0,0.0
1962,Rex Lovette (Owner),13,5,5,0.0,15.38,4712.0,2173.0,154.0,1,6.54,3.0,34.0,6,38.46,38.46,0.0,7.09
1951,B.J. Dantone (Owner),9,1,4,0.0,15.89,,732.0,0.0,0,33.0,4.0,37.0,1,11.11,44.44,0.0,0.0
1954,Frank Dodge (Owner),22,2,3,0.0,17.86,,2876.0,0.0,1,16.75,2.0,39.0,12,9.09,13.64,0.0,0.0
1956,Don Oliver (Owner),1,0,0,0.0,17.0,,74.0,0.0,0,25.0,17.0,17.0,1,0.0,0.0,0.0,0.0
1956,Fred Steinbroner (Owner),1,0,0,0.0,21.0,,72.0,0.0,0,27.0,21.0,21.0,1,0.0,0.0,0.0,0.0
1957,Dick Foley (Owner),1,0,0,0.0,48.0,,,0.0,0,56.0,48.0,48.0,0,0.0,0.0,0.0,
1957,Clarence DeZalia (Owner),25,0,6,0.0,14.08,,4059.0,0.0,0,19.08,6.0,32.0,20,0.0,24.0,0.0,0.0
1957,Billy Myers (Owner),10,1,5,0.0,14.3,,1668.0,0.0,0,12.5,4.0,52.0,5,10.0,50.0,0.0,0.0
1973,Brooks Racing,10,0,0,0.0,26.6,500.0,2328.0,0.0,0,33.8,15.0,56.0,5,0.0,0.0,0.0,0.0
1976,Gordon Racing,28,0,5,0.0,18.68,3026.0,6637.0,7.0,0,19.36,6.0,36.0,18,0.0,17.86,0.0,0.11
1977,John Kennedy (Owner),2,0,0,0.0,36.0,110.0,78.0,0.0,0,30.0,33.0,39.0,0,0.0,0.0,0.0,0.0
1983,Jim Stacy Racing,31,4,15,0.0,15.58,3546.0,8694.0,6.0,5,17.55,2.0,37.0,19,12.9,48.39,0.0,0.07
1984,Simko Racing,1,0,0,0.0,27.0,0.0,189.0,0.0,0,40.0,27.0,27.0,1,0.0,0.0,0.0,0.0
1988,Jackson Bros. Motorsports,29,6,15,1.0,14.28,3630.0,8494.0,108.0,9,17.03,1.0,39.0,23,20.69,51.72,3.45,1.27
1994,Robert Yates Racing,30,14,17,3.0,11.37,4195.0,9397.0,1781.0,15,8.63,1.0,37.0,26,46.67,56.67,10.0,18.95
1995,Butch Mock Motorsports,28,1,3,0.0,26.39,2372.0,6684.0,19.0,3,26.29,4.0,42.0,18,3.57,10.71,0.0,0.28
1997,Bill Elliott Racing,33,5,14,0.0,16.0,3933.0,9770.0,442.0,14,16.15,2.0,38.0,30,15.15,42.42,0.0,4.52
1998,Team SABCO,89,1,10,0.0,23.4,8354.0,24251.0,383.0,23,19.61,4.0,42.0,75,1.12,11.24,0.0,1.58
2000,A.J. Foyt Racing,27,0,2,0.0,27.22,2205.0,7509.0,1.0,7,21.7,8.0,43.0,23,0.0,7.41,0.0,0.01
2005,PPI Motorsports,35,0,1,0.0,31.43,2413.0,8397.0,1.0,8,26.4,8.0,43.0,26,0.0,2.86,0.0,0.01
2007,Hendrick Motorsports,144,57,84,18.0,12.77,19316.0,40995.0,3265.0,109,13.77,1.0,42.0,135,39.58,58.33,12.5,7.96
2008,Gillett Evernham Motorsports,103,6,22,2.0,22.9,9949.0,28664.0,218.0,46,20.22,1.0,43.0,91,5.83,21.36,1.94,0.76
2016,JTG Daugherty Racing,36,2,9,0.0,17.81,840.0,10018.0,29.0,26,17.17,2.0,38.0,32,5.56,25.0,0.0,0.29
1972,,14,0,0,0.0,31.5,358.0,1526.0,19.0,0,31.5,16.0,46.0,3,0.0,0.0,0.0,1.25
1950,Harold Kite (Owner),5,3,3,2.0,11.2,,721.0,228.0,2,7.75,1.0,38.0,2,60.0,60.0,40.0,31.62
1950,Will Albright (Owner),1,0,0,0.0,19.0,,43.0,0.0,0,,19.0,19.0,0,0.0,0.0,0.0,0.0
1953,John Golabek (Owner),4,1,1,0.0,14.25,,,0.0,0,30.0,5.0,24.0,1,25.0,25.0,0.0,
1953,Buckshot Morris (Owner),6,5,6,2.0,2.5,,906.0,98.0,2,7.5,1.0,6.0,5,83.33,100.0,33.33,10.82
1956,Don Bailey (Owner),1,0,0,0.0,35.0,,,0.0,0,41.0,35.0,35.0,0,0.0,0.0,0.0,
1961,Shorty Johns (Owner),13,1,3,0.0,19.38,7212.0,2217.0,14.0,2,10.38,4.0,50.0,8,7.69,23.08,0.0,0.63
1965,Bob Bristol (Owner),1,0,0,0.0,30.0,100.0,41.0,0.0,0,32.0,30.0,30.0,0,0.0,0.0,0.0,0.0
1965,Louis Weathersbee (Owner),11,3,6,0.0,11.27,2668.0,1279.0,93.0,0,5.36,2.0,21.0,4,27.27,54.55,0.0,7.27
1968,Gene Black (Owner),10,0,0,0.0,21.0,290.0,1022.0,0.0,0,21.6,11.0,33.0,3,0.0,0.0,0.0,0.0
1968,Champion Racing,20,0,3,0.0,22.95,1226.0,3766.0,0.0,0,20.05,8.0,43.0,6,0.0,15.0,0.0,0.0
1969,Lyle Stelter (Owner),6,1,2,0.0,21.17,197.0,934.0,0.0,0,24.0,5.0,38.0,2,16.67,33.33,0.0,0.0
1969,Roscoe Leonard (Owner),1,0,0,0.0,31.0,0.0,9.0,0.0,0,19.0,31.0,31.0,0,0.0,0.0,0.0,0.0
1975,Schmitt Racing,3,0,1,0.0,19.67,315.0,293.0,0.0,0,29.67,8.0,33.0,1,0.0,33.33,0.0,0.0
1981,Kennie Childers (Owner),16,2,4,0.0,19.13,1476.0,3605.0,154.0,1,17.81,4.0,34.0,7,12.5,25.0,0.0,4.27
1985,J.B. Racing,5,0,0,0.0,25.4,434.0,1326.0,0.0,0,29.8,14.0,37.0,3,0.0,0.0,0.0,0.0
1986,Ellington Racing,10,2,4,0.0,22.8,989.0,1738.0,21.0,2,11.6,2.0,39.0,3,20.0,40.0,0.0,1.21
1989,Hess Racing,9,0,0,0.0,20.22,921.0,3194.0,0.0,0,27.11,15.0,24.0,9,0.0,0.0,0.0,0.0
2002,Marcis Auto Racing,10,0,0,0.0,40.5,415.0,1653.0,0.0,0,37.5,34.0,43.0,2,0.0,0.0,0.0,0.0
2003,Team Rensi Motorsports,2,0,0,0.0,20.5,203.0,590.0,0.0,1,27.0,14.0,27.0,2,0.0,0.0,0.0,0.0
2012,NEMCO Motorsports,33,0,0,0.0,39.06,7.0,1552.0,0.0,0,36.91,28.0,43.0,2,0.0,0.0,0.0,0.0
2013,Hendrick Motorsports,144,45,77,9.0,13.47,4501.0,40688.0,3438.0,108,12.05,1.0,42.0,132,31.25,53.47,6.25,8.45
2015,Front Row Motorsports,108,0,0,0.0,29.68,1428.0,30169.0,14.0,19,34.75,11.0,43.0,101,0.0,0.0,0.0,0.05
2017,Tommy Baldwin Racing,7,0,0,0.0,25.43,0.0,1841.0,7.0,2,33.0,17.0,37.0,6,0.0,0.0,0.0,0.38
2019,XCI Racing,1,0,0,0.0,22.0,0.0,187.0,0.0,0,33.0,22.0,22.0,0,0.0,0.0,0.0,0.0
2021,Roush Fenway Racing,72,3,13,0.0,19.92,1308.0,16992.0,97.0,44,20.75,3.0,40.0,64,4.17,18.06,0.0,0.57
1951,William Gundaker (Owner),5,1,2,0.0,12.6,,373.0,0.0,0,30.5,5.0,21.0,2,20.0,40.0,0.0,0.0
1954,Leon Lundy (Owner),1,0,0,0.0,32.0,,192.0,0.0,0,,32.0,32.0,1,0.0,0.0,0.0,0.0
1964,Mark Hurley (Owner),1,0,0,0.0,32.0,176.0,11.0,0.0,0,27.0,32.0,32.0,0,0.0,0.0,0.0,0.0
1953,J.L. Justice (Owner),3,0,0,0.0,40.0,,226.0,0.0,0,35.0,31.0,49.0,0,0.0,0.0,0.0,0.0
1955,Walt Palozi (Owner),3,0,1,0.0,14.0,0.0,312.0,0.0,0,19.67,9.0,19.0,2,0.0,33.33,0.0,0.0
1955,Charlie Schwam (Owner),11,2,5,0.0,21.36,1056.0,1394.0,155.0,2,10.18,2.0,58.0,4,18.18,45.45,0.0,11.12
1956,Larson Racing,6,0,1,0.0,20.67,,504.0,0.0,0,26.17,10.0,37.0,3,0.0,16.67,0.0,0.0
1956,Marion Cox (Owner),3,0,0,0.0,28.67,,329.0,0.0,0,24.33,12.0,55.0,1,0.0,0.0,0.0,0.0
1960,Fritz Wilson (Owner),4,2,2,0.0,15.5,774.0,284.0,0.0,0,18.0,4.0,34.0,2,50.0,50.0,0.0,0.0
1962,Lee Reitzel (Owner),8,0,1,0.0,26.13,948.0,1056.0,0.0,0,30.14,8.0,39.0,1,0.0,12.5,0.0,0.0
1965,Al White (Owner),4,0,1,0.0,15.0,796.0,348.0,0.0,0,20.5,8.0,20.0,2,0.0,25.0,0.0,0.0
1966,Gene Black (Owner),30,2,6,0.0,20.1,8018.0,4975.0,0.0,0,24.1,3.0,44.0,15,6.67,20.0,0.0,0.0
1967,Tom Hunter (Owner),13,0,1,0.0,25.08,7612.0,1760.0,0.0,0,27.54,9.0,35.0,1,0.0,7.69,0.0,0.0
1971,K-Automotive Motorsports,6,0,0,0.0,28.33,219.0,385.0,0.0,0,24.0,26.0,31.0,1,0.0,0.0,0.0,0.0
1973,Wood Brothers Racing,18,14,14,11.0,7.78,1831.0,5338.0,151.0,14,3.39,1.0,36.0,14,77.78,77.78,61.11,2.83
1975,DuWayne Wahl (Owner),1,0,0,0.0,35.0,58.0,29.0,0.0,0,26.0,35.0,35.0,0,0.0,0.0,0.0,0.0
1976,Sisco Racing,28,0,7,0.0,19.07,2930.0,7092.0,6.0,0,22.32,8.0,39.0,19,0.0,25.0,0.0,0.08
1978,Makar Enterprises,3,0,0,0.0,25.0,170.0,574.0,0.0,0,32.0,12.0,40.0,2,0.0,0.0,0.0,0.0
1979,Gray Racing,28,0,0,0.0,22.64,2589.0,6194.0,0.0,0,25.36,11.0,39.0,12,0.0,0.0,0.0,0.0
1986,Schmitt Racing,2,0,0,0.0,16.0,230.0,207.0,0.0,0,25.0,14.0,18.0,1,0.0,0.0,0.0,0.0
1991,Hakes-Welliver Racing,1,0,0,0.0,20.0,103.0,88.0,0.0,0,38.0,20.0,20.0,1,0.0,0.0,0.0,0.0
2005,Hendrick Motorsports,153,35,59,10.0,18.61,17244.0,41631.0,1837.0,93,15.6,1.0,43.0,122,22.88,38.56,6.54,4.41
1949,Charles Mobley (Owner),2,0,0,0.0,27.5,,,0.0,0,42.0,11.0,44.0,1,0.0,0.0,0.0,
1949,Petty Enterprises,6,3,5,1.0,6.33,,890.0,1.0,2,14.0,1.0,17.0,4,50.0,83.33,16.67,0.11
1951,John Soares (Owner),1,0,1,0.0,9.0,,,1.0,0,,9.0,9.0,1,0.0,100.0,0.0,
1953,Jimmy Ayers (Owner),3,0,2,0.0,12.0,,,0.0,0,,9.0,17.0,0,0.0,66.67,0.0,
1953,C.H. Dingler (Owner),5,0,3,0.0,10.8,,119.0,0.0,0,,8.0,15.0,0,0.0,60.0,0.0,0.0
1960,Pearson Racing,22,3,7,0.0,15.36,5956.0,3885.0,0.0,1,14.68,2.0,32.0,12,13.64,31.82,0.0,0.0
1960,E.C. Wilson (Owner),16,2,6,0.0,18.44,4678.0,2541.0,0.0,0,23.25,2.0,43.0,9,12.5,37.5,0.0,0.0
1962,Bud Moore Engineering,52,38,44,9.0,5.1,31684.0,12495.0,592.0,21,5.83,1.0,23.0,47,73.08,84.62,17.31,4.74
1970,Strong Racing,7,0,1,0.0,20.71,403.0,1223.0,0.0,0,21.57,6.0,36.0,4,0.0,14.29,0.0,0.0
1970,John Sears (Owner),34,4,7,0.0,15.97,2084.0,7217.0,10.0,0,18.82,4.0,30.0,22,11.76,20.59,0.0,0.14
1971,Williams Racing,14,0,0,0.0,22.29,1039.0,2586.0,0.0,0,29.14,14.0,38.0,9,0.0,0.0,0.0,0.0
1971,Ronnie Hopkins (Owner),7,5,7,2.0,3.71,477.0,2592.0,126.0,3,8.14,1.0,10.0,7,71.43,100.0,28.57,4.86
1976,Frasson Racing,11,0,2,0.0,27.36,900.0,1282.0,1.0,0,24.91,8.0,40.0,4,0.0,18.18,0.0,0.08
1982,M.C. Anderson Racing,16,8,8,3.0,15.75,2022.0,3439.0,379.0,7,8.75,1.0,37.0,8,50.0,50.0,18.75,11.02
1988,Lake Speed Racing,29,4,7,1.0,21.1,2979.0,7005.0,368.0,6,18.59,1.0,38.0,18,13.79,24.14,3.45,5.25
1992,Melling Racing,22,0,2,0.0,24.59,1972.0,5465.0,7.0,1,27.14,8.0,39.0,14,0.0,9.09,0.0,0.13
1993,Mueller Brothers Racing,2,0,0,0.0,27.5,161.0,307.0,0.0,0,36.0,19.0,36.0,1,0.0,0.0,0.0,0.0
1995,Cale Yarborough Motorsports,27,0,1,0.0,22.0,2637.0,7943.0,79.0,3,23.74,8.0,36.0,25,0.0,3.7,0.0,0.99
1996,Larry Hedrick Motorsports,31,3,5,0.0,22.1,3078.0,8551.0,136.0,6,20.81,3.0,42.0,24,9.68,16.13,0.0,1.59
1998,Bill Davis Racing,33,1,5,0.0,21.15,3352.0,9551.0,127.0,9,14.33,2.0,40.0,29,3.03,15.15,0.0,1.33
2003,Haas CNC Racing,35,0,0,0.0,29.69,2578.0,9256.0,54.0,3,26.4,13.0,41.0,29,0.0,0.0,0.0,0.58
2007,Petty Enterprises,72,1,4,0.0,25.46,6331.0,19816.0,30.0,29,27.01,3.0,43.0,65,1.39,5.56,0.0,0.15
2007,Furniture Row Racing,19,0,0,0.0,32.05,1280.0,4486.0,3.0,4,27.0,21.0,43.0,11,0.0,0.0,0.0,0.07
2012,Michael Waltrip Racing,108,24,58,3.0,12.81,3419.0,30491.0,1198.0,81,12.31,1.0,43.0,95,22.22,53.7,2.78,3.93
2020,Richard Childress Racing,72,7,19,1.0,16.71,1619.0,18980.0,168.0,46,16.9,1.0,39.0,64,9.72,26.39,1.39,0.89
2020,BJ McLeod Motorsports,15,0,0,0.0,34.33,0.0,3094.0,0.0,0,38.67,22.0,40.0,9,0.0,0.0,0.0,0.0
1958,Bernard Friedland (Owner),4,0,2,0.0,16.0,328.0,831.0,0.0,0,18.5,9.0,26.0,3,0.0,50.0,0.0,0.0
1958,,127,7,26,0.0,19.65,5696.0,14904.0,88.0,0,20.54,3.0,51.0,66,5.51,20.47,0.0,0.59
1951,R.G. Shelton (Owner),5,1,1,0.0,13.6,,113.0,23.0,0,5.0,3.0,18.0,1,20.0,20.0,0.0,20.35
1953,Phil Oates (Owner),24,7,15,0.0,13.71,,718.0,153.0,0,4.8,2.0,56.0,9,29.17,62.5,0.0,21.31
1957,Bob Ross (Owner),3,0,3,0.0,7.33,,396.0,0.0,0,11.67,6.0,10.0,3,0.0,100.0,0.0,0.0
1960,Fred Lorenzen (Owner),10,3,5,0.0,17.8,6764.0,2086.0,93.0,1,12.5,3.0,50.0,6,30.0,50.0,0.0,4.46
1962,Monroe Shook (Owner),13,0,5,0.0,16.62,2450.0,1954.0,10.0,1,10.83,6.0,42.0,6,0.0,38.46,0.0,0.51
1968,GC Spencer Racing,24,1,5,0.0,21.67,1236.0,4214.0,0.0,0,13.33,4.0,43.0,6,4.17,20.83,0.0,0.0
1972,McDuffie Racing,24,0,1,0.0,21.67,1402.0,5444.0,0.0,0,27.75,10.0,36.0,13,0.0,4.17,0.0,0.0
1974,Elder-Ranier,22,5,11,0.0,13.5,,6684.0,17.0,0,13.32,4.0,32.0,12,22.73,50.0,0.0,0.25
1974,Neil Castles (Owner),13,0,0,0.0,29.92,,1401.0,0.0,0,22.08,15.0,46.0,2,0.0,0.0,0.0,0.0
1975,Cunningham-Kelley,23,4,11,0.0,18.04,2584.0,5199.0,21.0,0,15.74,3.0,42.0,13,17.39,47.83,0.0,0.4
1976,Robertson Racing,23,0,0,0.0,19.61,2396.0,6389.0,0.0,0,29.52,13.0,30.0,18,0.0,0.0,0.0,0.0
1976,GC Spencer Racing,10,0,0,0.0,23.5,798.0,1991.0,0.0,0,26.5,12.0,36.0,4,0.0,0.0,0.0,0.0
1986,Blue Max Racing,29,4,16,2.0,12.66,3762.0,8486.0,428.0,8,10.72,1.0,35.0,25,13.79,55.17,6.9,5.04
1986,C & M Motorsports,6,0,0,0.0,23.17,561.0,1502.0,0.0,0,27.33,13.0,34.0,3,0.0,0.0,0.0,0.0
1988,Roush Racing,29,3,10,0.0,19.07,3142.0,7605.0,121.0,8,11.48,2.0,41.0,19,10.34,34.48,0.0,1.59
1991,Hagan Enterprises,29,1,7,0.0,20.0,3024.0,7989.0,52.0,3,22.55,5.0,41.0,21,3.45,24.14,0.0,0.65
1993,Wood Brothers Racing,30,3,15,1.0,13.33,3807.0,9542.0,92.0,12,15.37,1.0,35.0,28,10.0,50.0,3.33,0.96
1994,Rudd Performance Motorsports,31,6,15,1.0,12.26,4050.0,9728.0,194.0,14,17.1,1.0,32.0,29,19.35,48.39,3.23,1.99
2001,Andy Petree Racing,72,4,11,2.0,22.72,6955.0,20299.0,468.0,24,22.01,1.0,43.0,64,5.56,15.28,2.78,2.31
2006,BAM Racing,25,0,0,0.0,33.52,1566.0,6557.0,1.0,2,32.48,21.0,42.0,17,0.0,0.0,0.0,0.02
2008,Roush Fenway Racing,180,50,89,11.0,14.88,22507.0,52386.0,2546.0,132,16.0,1.0,43.0,168,27.78,49.44,6.11,4.86
1954,Pat Freeman (Owner),1,0,0,0.0,31.0,,20.0,0.0,0,25.0,31.0,31.0,0,0.0,0.0,0.0,0.0
1966,A.T. Mulherin (Owner),1,0,0,0.0,29.0,16.0,23.0,0.0,0,22.0,29.0,29.0,0,0.0,0.0,0.0,0.0
1983,,2,0,0,0.0,19.0,109.0,567.0,0.0,0,24.5,18.0,20.0,1,0.0,0.0,0.0,0.0
1951,Ken Swihart (Owner),5,0,1,0.0,21.8,,445.0,0.0,0,43.0,7.0,53.0,1,0.0,20.0,0.0,0.0
1952,Julian Petty (Owner),13,3,9,0.0,9.77,,2072.0,0.0,0,14.15,3.0,22.0,9,23.08,69.23,0.0,0.0
1958,Bill Benson (Owner),5,0,0,0.0,20.4,352.0,549.0,0.0,0,22.75,16.0,33.0,3,0.0,0.0,0.0,0.0
1961,Tony Lavati (Owner),2,0,0,0.0,19.0,690.0,223.0,0.0,0,19.0,17.0,21.0,2,0.0,0.0,0.0,0.0
1963,Ed Livingston (Owner),13,0,1,0.0,22.54,1854.0,1137.0,0.0,0,24.77,10.0,46.0,4,0.0,7.69,0.0,0.0
1970,Negre Racing,35,0,2,0.0,22.17,1602.0,4533.0,0.0,0,19.71,8.0,45.0,11,0.0,5.71,0.0,0.0
1971,Howard & Egerton Racing,15,7,7,1.0,17.27,699.0,4017.0,804.0,3,4.0,1.0,37.0,7,46.67,46.67,6.67,20.01
1972,Strong Racing,6,0,0,0.0,29.17,262.0,629.0,0.0,0,28.5,11.0,39.0,1,0.0,0.0,0.0,0.0
1985,John Soares Jr. (Owner),2,0,0,0.0,24.5,179.0,192.0,0.0,0,40.0,19.0,30.0,2,0.0,0.0,0.0,0.0
1986,Jimmy Means Racing,26,0,0,0.0,22.15,2525.0,6472.0,5.0,0,32.77,11.0,41.0,16,0.0,0.0,0.0,0.08
1990,Linro Motorsports,3,0,0,0.0,36.0,165.0,217.0,0.0,0,34.33,33.0,38.0,0,0.0,0.0,0.0,0.0
1993,Jeff Davis,1,0,0,0.0,42.0,37.0,46.0,0.0,0,40.0,42.0,42.0,0,0.0,0.0,0.0,0.0
2008,Hall of Fame Racing,31,1,1,0.0,30.65,2219.0,9223.0,1.0,6,33.97,3.0,42.0,28,3.23,3.23,0.0,0.01
2011,Team Red Bull,74,11,22,1.0,18.46,1886.0,20339.0,347.0,42,15.81,1.0,39.0,67,14.86,29.73,1.35,1.71
2014,Germain Racing,36,1,3,0.0,22.33,782.0,10405.0,4.0,18,25.53,4.0,38.0,35,2.78,8.33,0.0,0.04
2018,TriStar Motorsports,36,0,0,0.0,29.83,276.0,8462.0,0.0,4,33.06,16.0,40.0,28,0.0,0.0,0.0,0.0
1951,Pappy Hough (Owner),9,1,4,0.0,16.67,,,0.0,0,28.0,5.0,33.0,1,11.11,44.44,0.0,
1952,George Hutchens (Owner),25,11,14,1.0,14.48,,2977.0,120.0,5,13.88,1.0,66.0,16,44.0,56.0,4.0,4.03
1959,Beau Morgan (Owner),8,1,2,0.0,13.88,2526.0,1822.0,0.0,0,18.25,2.0,24.0,6,12.5,25.0,0.0,0.0
1959,Bernie Hentges (Owner),2,0,0,0.0,24.5,200.0,176.0,0.0,0,25.5,12.0,37.0,1,0.0,0.0,0.0,0.0
1961,Spook Crawford (Owner),4,0,0,0.0,30.25,284.0,265.0,0.0,0,34.5,19.0,45.0,2,0.0,0.0,0.0,0.0
1964,Rocky Hinton (Owner),2,0,0,0.0,17.0,1760.0,217.0,0.0,0,21.5,14.0,20.0,2,0.0,0.0,0.0,0.0
1969,Matthews Racing,18,11,13,1.0,11.33,1662.0,4707.0,402.0,2,8.44,1.0,34.0,13,61.11,72.22,5.56,8.54
1970,E.C. Reid (Owner),2,0,0,0.0,29.0,66.0,47.0,0.0,0,29.0,18.0,40.0,1,0.0,0.0,0.0,0.0
1971,Ivan Baldwin Engineering,3,0,0,0.0,27.0,216.0,272.0,0.0,0,35.67,16.0,39.0,1,0.0,0.0,0.0,0.0
1971,John Sears (Owner),36,0,3,0.0,20.78,2078.0,7138.0,0.0,0,20.94,8.0,36.0,14,0.0,8.33,0.0,0.0
1972,Darrell Waltrip Motorsports,5,1,3,0.0,16.4,224.0,1211.0,7.0,0,18.6,3.0,38.0,3,20.0,60.0,0.0,0.58
1975,Warren Racing,28,0,0,0.0,16.93,3142.0,7942.0,0.0,0,22.21,12.0,26.0,22,0.0,0.0,0.0,0.0
1976,M.C. Anderson Racing,5,0,1,0.0,27.0,412.0,1000.0,0.0,0,13.4,9.0,36.0,2,0.0,20.0,0.0,0.0
1980,Richard Childress Racing,31,0,10,0.0,14.77,3742.0,8693.0,21.0,0,18.23,6.0,37.0,27,0.0,32.26,0.0,0.24
1981,Ellington Racing,16,6,10,0.0,14.13,1904.0,3884.0,110.0,6,11.13,2.0,40.0,11,37.5,62.5,0.0,2.83
1984,Tom Heveron (Owner),14,0,0,0.0,27.21,1144.0,2960.0,7.0,0,32.64,13.0,40.0,5,0.0,0.0,0.0,0.24
1986,Race Hill Farm Team,12,3,6,1.0,17.08,1416.0,2782.0,130.0,4,12.08,1.0,37.0,6,25.0,50.0,8.33,4.67
1986,Wawak Racing,9,0,0,0.0,27.78,629.0,1627.0,0.0,0,35.67,19.0,39.0,4,0.0,0.0,0.0,0.0
1987,Melling Racing,29,16,20,6.0,9.86,4207.0,8902.0,1399.0,17,6.1,1.0,34.0,24,55.17,68.97,20.69,15.72
1988,Ball Racing,2,0,0,0.0,34.0,76.0,196.0,0.0,0,35.0,29.0,39.0,0,0.0,0.0,0.0,0.0
1998,Rudd Performance Motorsports,33,1,5,1.0,23.15,3131.0,9127.0,256.0,9,20.21,1.0,43.0,26,3.03,15.15,3.03,2.8
2004,Dale Earnhardt Inc.,81,19,31,6.0,16.69,9613.0,22849.0,1324.0,50,17.51,1.0,43.0,68,23.46,38.27,7.41,5.79
1966,Charles Johnson (Owner),1,0,0,0.0,22.0,0.0,35.0,0.0,0,31.0,22.0,22.0,1,0.0,0.0,0.0,0.0
1954,,281,2,15,0.0,25.06,0.0,31381.0,0.0,0,27.82,4.0,63.0,136,0.71,5.34,0.0,0.0
1950,Wally Marks (Owner),2,0,0,0.0,36.5,,309.0,0.0,0,30.5,21.0,52.0,0,0.0,0.0,0.0,0.0
1950,Weddle Racing,3,1,1,0.0,10.0,,158.0,0.0,0,21.0,3.0,14.0,1,33.33,33.33,0.0,0.0
1956,Brownie Pitt (Owner),26,0,4,0.0,21.85,,2460.0,0.0,0,21.35,8.0,57.0,6,0.0,15.38,0.0,0.0
1956,John McVitty (Owner),4,0,1,0.0,17.25,,431.0,0.0,0,17.75,10.0,20.0,2,0.0,25.0,0.0,0.0
1957,Volney Schulze (Owner),3,0,1,0.0,18.0,,530.0,0.0,0,25.67,9.0,25.0,3,0.0,33.33,0.0,0.0
1958,Jack Smith (Owner),37,14,21,2.0,11.89,4940.0,5366.0,381.0,7,8.71,1.0,33.0,19,37.84,56.76,5.41,7.1
1959,Chester Barron (Owner),6,0,1,0.0,21.83,80.0,979.0,0.0,0,15.17,7.0,42.0,3,0.0,16.67,0.0,0.0
1964,Bob Derrington (Owner),18,0,2,0.0,17.44,5896.0,1897.0,1.0,0,19.89,10.0,35.0,6,0.0,11.11,0.0,0.05
1966,Jon Thorne (Owner),9,2,4,1.0,18.44,10528.0,1545.0,364.0,2,8.0,1.0,39.0,4,22.22,44.44,11.11,23.56
1969,Jack Etheridge (Owner),1,0,0,0.0,24.0,27.0,7.0,0.0,0,24.0,24.0,24.0,0,0.0,0.0,0.0,0.0
1972,Sears Racing,27,1,6,0.0,16.78,1842.0,7494.0,0.0,0,22.67,5.0,32.0,18,3.7,22.22,0.0,0.0
1973,Kranzler Racing,1,0,0,0.0,25.0,52.0,108.0,0.0,0,19.0,25.0,25.0,1,0.0,0.0,0.0,0.0
1977,H Miller Racing,7,0,0,0.0,23.86,561.0,1557.0,0.0,0,32.14,13.0,30.0,4,0.0,0.0,0.0,0.0
1978,Wellrich Motorsports,4,0,0,0.0,30.0,292.0,612.0,0.0,0,28.25,16.0,40.0,1,0.0,0.0,0.0,0.0
1980,Billie Harvey (Owner),5,0,0,0.0,22.0,161.0,821.0,0.0,0,23.2,11.0,39.0,2,0.0,0.0,0.0,0.0
1983,Ronnie Thomas Racing,25,0,0,0.0,22.12,2421.0,6785.0,1.0,0,29.24,12.0,35.0,15,0.0,0.0,0.0,0.01
1986,King Racing,29,5,14,0.0,17.66,3295.0,7732.0,55.0,8,18.14,2.0,42.0,20,17.24,48.28,0.0,0.71
1988,Jefferson Racing,1,0,0,0.0,19.0,106.0,307.0,0.0,0,37.0,19.0,19.0,1,0.0,0.0,0.0,0.0
1990,Blue Max Racing,29,9,16,2.0,14.76,3676.0,8459.0,1137.0,14,12.41,1.0,40.0,21,31.03,55.17,6.9,13.44
1992,Bobby Gerhart Racing,3,0,0,0.0,34.33,180.0,350.0,0.0,0,35.67,32.0,37.0,1,0.0,0.0,0.0,0.0
1994,Chesrown Racing,4,0,0,0.0,30.75,283.0,958.0,0.0,0,35.75,22.0,41.0,1,0.0,0.0,0.0,0.0
2024,Team Penske,108,23,38,8.0,17.42,2727.0,27497.0,1237.0,74,13.49,1.0,39.0,91,21.3,35.19,7.41,4.5
1949,Buzzy Boehmen (Owner),1,0,0,0.0,23.0,,,0.0,0,,23.0,23.0,0,0.0,0.0,0.0,
1955,Bob Griffin (Owner),24,12,15,1.0,9.0,4008.0,3755.0,323.0,5,6.29,1.0,45.0,18,50.0,62.5,4.17,8.6
1955,Mack Hanbury (Owner),8,0,2,0.0,15.5,616.0,969.0,0.0,0,18.88,7.0,21.0,7,0.0,25.0,0.0,0.0
1956,Sherman Clark (Owner),5,0,2,0.0,19.8,,405.0,0.0,0,13.8,8.0,32.0,2,0.0,40.0,0.0,0.0
1963,Dave Kent (Owner),10,0,3,0.0,15.3,2040.0,1807.0,1.0,0,13.3,7.0,26.0,4,0.0,30.0,0.0,0.06
1965,Archie Smith (Owner),25,0,2,0.0,20.12,7326.0,3744.0,0.0,0,23.32,8.0,43.0,9,0.0,8.0,0.0,0.0
1971,Canavan Racing,5,0,0,0.0,31.0,215.0,400.0,0.0,0,24.2,29.0,34.0,0,0.0,0.0,0.0,0.0
1974,Bud Moore Engineering,27,12,15,0.0,14.0,,6595.0,362.0,3,4.63,2.0,37.0,13,44.44,55.56,0.0,5.49
1975,Panch Racing,14,1,4,0.0,25.14,1243.0,2276.0,8.0,0,15.64,5.0,49.0,4,7.14,28.57,0.0,0.35
1978,George Elliott Racing,10,0,5,0.0,15.7,1176.0,2278.0,0.0,0,18.8,6.0,38.0,7,0.0,50.0,0.0,0.0
1979,Donlavey Racing,31,5,19,0.0,12.23,4016.0,9623.0,22.0,1,13.26,3.0,34.0,24,16.13,61.29,0.0,0.23
1983,HL Waters (Owner),4,0,0,0.0,31.25,277.0,643.0,0.0,0,36.0,24.0,35.0,0,0.0,0.0,0.0,0.0
1984,Bud Moore Engineering,30,7,16,1.0,12.5,3918.0,9271.0,566.0,7,8.73,1.0,40.0,24,23.33,53.33,3.33,6.11
1992,Mansion Motorsports,5,0,0,0.0,33.2,317.0,1098.0,0.0,0,34.2,23.0,42.0,2,0.0,0.0,0.0,0.0
1992,Cicci-Welliver Racing,1,0,0,0.0,37.0,52.0,16.0,0.0,0,21.0,37.0,37.0,0,0.0,0.0,0.0,0.0
1993,Butch Mock Motorsports,29,0,1,0.0,27.72,2322.0,7102.0,3.0,1,27.52,9.0,42.0,17,0.0,3.45,0.0,0.04
1993,Akins Motorsports,2,0,1,0.0,14.5,240.0,694.0,0.0,0,33.5,10.0,19.0,2,0.0,50.0,0.0,0.0
2000,Petty Enterprises,58,0,3,0.0,25.84,5005.0,15831.0,19.0,15,26.59,7.0,43.0,44,0.0,5.17,0.0,0.12
2008,Richard Childress Racing,110,21,54,3.0,13.3,14024.0,32132.0,520.0,89,19.72,1.0,42.0,108,19.09,49.09,2.73,1.62
2025,Team Penske,108,24,37,6.0,16.94,2831.0,27099.0,1754.0,80,13.57,1.0,40.0,93,22.22,34.26,5.56,6.47
2025,Garage 66,17,0,0,0.0,32.71,15.0,4224.0,0.0,2,37.47,18.0,39.0,10,0.0,0.0,0.0,0.0
1955,Carl Wesson (Owner),3,0,0,0.0,20.0,184.0,347.0,0.0,0,28.67,11.0,31.0,3,0.0,0.0,0.0,0.0
1967,Toy Bolton (Owner),3,1,1,0.0,12.33,2892.0,690.0,0.0,0,18.0,4.0,19.0,2,33.33,33.33,0.0,0.0
1957,Scotty Cain (Owner),11,3,7,0.0,10.09,,1151.0,0.0,0,14.7,4.0,26.0,9,27.27,63.64,0.0,0.0
1958,Vel Miletich (Owner),8,2,2,2.0,21.75,1040.0,1148.0,191.0,2,15.63,1.0,40.0,3,25.0,25.0,25.0,16.64
1960,Art Krebs (Owner),3,0,2,0.0,9.67,658.0,333.0,0.0,0,14.0,7.0,13.0,3,0.0,66.67,0.0,0.0
1966,Ed Ackerman (Owner),6,1,1,0.0,24.17,890.0,542.0,0.0,0,21.33,3.0,50.0,1,16.67,16.67,0.0,0.0
1968,Fox Racing,37,16,18,1.0,14.41,2211.0,7848.0,564.0,2,6.43,1.0,43.0,17,43.24,48.65,2.7,7.19
1973,Robertson Racing,33,0,2,0.0,19.61,1988.0,9178.0,0.0,0,29.09,9.0,44.0,24,0.0,6.06,0.0,0.0
1983,John Callis (Owner),2,0,0,0.0,26.5,167.0,525.0,0.0,0,36.5,20.0,33.0,1,0.0,0.0,0.0,0.0
1985,Buck Baker Racing,1,0,0,0.0,21.0,0.0,453.0,0.0,0,34.0,21.0,21.0,1,0.0,0.0,0.0,0.0
1992,B & B Racing,5,0,0,0.0,29.2,377.0,823.0,0.0,0,37.8,19.0,40.0,3,0.0,0.0,0.0,0.0
1993,Bahari' Racing,30,0,5,0.0,18.23,3291.0,9379.0,40.0,6,20.8,6.0,37.0,26,0.0,16.67,0.0,0.43
1995,Rudd Performance Motorsports,31,10,16,1.0,15.97,3734.0,8813.0,367.0,13,11.23,1.0,41.0,25,32.26,51.61,3.23,4.16
1998,Marcis Auto Racing,13,0,0,0.0,30.38,949.0,3378.0,13.0,2,32.31,12.0,43.0,10,0.0,0.0,0.0,0.38
2005,MB2 Motorsports,81,5,14,0.0,23.21,7709.0,22045.0,165.0,36,18.49,2.0,41.0,71,6.17,17.28,0.0,0.75
2006,Haas CNC Racing,37,0,2,0.0,24.41,3253.0,10515.0,18.0,13,25.11,7.0,43.0,33,0.0,5.41,0.0,0.17
2007,Gillett Evernham Motorsports,35,1,7,0.0,23.51,3288.0,10104.0,340.0,15,15.66,2.0,41.0,32,2.86,20.0,0.0,3.37
2014,Xxxtreme Motorsports,6,0,0,0.0,38.0,0.0,1211.0,0.0,0,37.67,34.0,41.0,3,0.0,0.0,0.0,0.0
1953,J.B. Richter (Owner),2,0,0,0.0,31.0,,60.0,0.0,0,,17.0,45.0,0,0.0,0.0,0.0,0.0
1954,Walt Chapman (Owner),7,1,1,0.0,22.86,,727.0,0.0,0,49.0,4.0,46.0,3,14.29,14.29,0.0,0.0
1960,Bobby Waddell (Owner),1,0,0,0.0,17.0,,168.0,0.0,0,11.0,17.0,17.0,1,0.0,0.0,0.0,0.0
1951,Iggy Katona (Owner),5,0,0,0.0,22.8,,559.0,0.0,0,54.0,11.0,44.0,0,0.0,0.0,0.0,0.0
1952,Phil Oates (Owner),18,4,9,0.0,12.22,,2552.0,0.0,1,10.88,3.0,29.0,9,22.22,50.0,0.0,0.0
1955,Don Oldenberg (Owner),2,0,2,0.0,8.5,318.0,260.0,0.0,0,6.0,7.0,10.0,2,0.0,100.0,0.0,0.0
1956,Joe Blair (Owner),6,0,2,0.0,19.5,,384.0,0.0,0,20.0,9.0,30.0,3,0.0,33.33,0.0,0.0
1957,Dave Terrell (Owner),2,0,1,0.0,29.5,,290.0,0.0,0,35.5,6.0,53.0,1,0.0,50.0,0.0,0.0
1961,Frank Secrist (Owner),1,1,1,0.0,4.0,352.0,99.0,0.0,0,,4.0,4.0,1,100.0,100.0,0.0,0.0
1962,Fred Lovette (Owner),12,4,5,1.0,18.75,3216.0,2529.0,284.0,1,7.75,1.0,44.0,6,33.33,41.67,8.33,11.23
1962,Zervakis Enterprises,11,0,2,0.0,19.09,6406.0,2151.0,5.0,0,13.09,6.0,30.0,5,0.0,18.18,0.0,0.23
1963,Bob Adams (Owner),24,1,9,0.0,14.67,8114.0,5828.0,0.0,0,18.21,4.0,37.0,14,4.17,37.5,0.0,0.0
1965,Bondy Long (Owner),54,41,45,13.0,5.04,38712.0,13471.0,2251.0,23,4.41,1.0,20.0,44,75.93,83.33,24.07,16.71
1965,Langley-Woodfield Racing,43,3,12,0.0,16.02,13302.0,6801.0,19.0,0,15.58,3.0,35.0,18,6.98,27.91,0.0,0.28
1974,Bown Racing,3,0,0,0.0,31.33,,114.0,0.0,0,15.0,20.0,39.0,0,0.0,0.0,0.0,0.0
1976,Viglione Racing,21,0,3,0.0,19.38,2218.0,4644.0,3.0,0,22.43,8.0,38.0,15,0.0,14.29,0.0,0.06
1977,Junior Johnson & Associates,30,25,27,9.0,4.5,5000.0,9748.0,3198.0,20,3.97,1.0,24.0,30,83.33,90.0,30.0,32.81
1980,Pfeifer Racing,1,0,0,0.0,21.0,100.0,75.0,0.0,0,34.0,21.0,21.0,0,0.0,0.0,0.0,0.0
1987,King Racing,29,7,11,0.0,19.9,3099.0,6410.0,164.0,4,13.1,2.0,40.0,16,24.14,37.93,0.0,2.56
1987,Rudolph Racing,4,0,0,0.0,22.5,382.0,924.0,0.0,0,36.25,13.0,36.0,3,0.0,0.0,0.0,0.0
1990,Morgan-McClure Motorsports,29,6,13,1.0,15.31,3539.0,8889.0,280.0,12,9.31,1.0,42.0,25,20.69,44.83,3.45,3.15
1990,Hope Motorsports,1,0,0,0.0,26.0,85.0,315.0,0.0,0,28.0,26.0,26.0,0,0.0,0.0,0.0,0.0
1992,Petty Enterprises,29,0,0,0.0,23.0,2731.0,7977.0,5.0,2,22.59,15.0,41.0,23,0.0,0.0,0.0,0.06
1999,Marcis Auto Racing,20,0,0,0.0,32.6,1324.0,5354.0,9.0,0,34.8,16.0,41.0,17,0.0,0.0,0.0,0.17
2006,Roush Racing,186,43,78,6.0,17.0,21821.0,52254.0,2760.0,129,18.5,1.0,43.0,164,23.12,41.94,3.23,5.28
2011,Inception Motorsports,18,0,0,0.0,39.17,80.0,1532.0,0.0,0,33.17,32.0,42.0,2,0.0,0.0,0.0,0.0
2016,Furniture Row Racing,36,8,17,4.0,13.89,1016.0,10199.0,1809.0,28,9.11,1.0,40.0,32,22.22,47.22,11.11,17.74
1954,Larry Dorsey (Owner),3,0,1,0.0,16.0,,719.0,0.0,0,12.0,8.0,28.0,2,0.0,33.33,0.0,0.0
1963,Wildcat Williams (Owner),2,0,0,0.0,26.0,96.0,13.0,0.0,0,23.5,21.0,31.0,0,0.0,0.0,0.0,0.0
1967,Handy Racing,1,0,1,0.0,10.0,320.0,269.0,0.0,0,19.0,10.0,10.0,1,0.0,100.0,0.0,0.0
1964,,55,0,1,0.0,26.09,9891.0,2996.0,3.0,1,22.2,7.0,44.0,5,0.0,1.82,0.0,0.1
1953,Elton Hildreth (Owner),25,1,5,0.0,19.8,0.0,821.0,0.0,0,19.88,4.0,54.0,2,4.0,20.0,0.0,0.0
1957,Jim Rush (Owner),17,3,6,0.0,13.59,,1653.0,0.0,1,14.76,3.0,30.0,8,17.65,35.29,0.0,0.0
1960,W.T. Coppedge (Owner),20,2,8,0.0,15.9,5268.0,3812.0,188.0,0,12.7,3.0,38.0,8,10.0,40.0,0.0,4.93
1960,Vel Miletich (Owner),7,2,3,1.0,17.43,1630.0,606.0,86.0,2,21.83,1.0,54.0,4,28.57,42.86,14.29,14.19
1963,McDuffie Racing,13,0,3,0.0,15.92,2312.0,1929.0,0.0,0,17.62,8.0,32.0,6,0.0,23.08,0.0,0.0
1968,Ervin Pruitt (Owner),12,2,4,0.0,17.75,534.0,2542.0,0.0,0,22.67,3.0,40.0,8,16.67,33.33,0.0,0.0
1971,Bobby Allison Motorsports,17,6,9,1.0,14.24,1159.0,3977.0,484.0,3,9.82,1.0,39.0,11,35.29,52.94,5.88,12.17
1972,Bill Shirey (Owner),12,0,0,0.0,30.17,494.0,1574.0,0.0,0,30.17,18.0,47.0,1,0.0,0.0,0.0,0.0
1980,Bud Moore Engineering,31,12,18,4.0,14.1,4019.0,8244.0,946.0,9,6.68,1.0,40.0,18,38.71,58.06,12.9,11.48
1980,McDuffie Racing,32,0,3,0.0,21.69,3140.0,6887.0,0.0,0,23.41,9.0,41.0,18,0.0,9.38,0.0,0.0
1981,Rogers Racing,28,0,4,0.0,19.93,2789.0,7137.0,28.0,2,16.29,7.0,36.0,14,0.0,14.29,0.0,0.39
1981,GC Spencer Racing,7,0,0,0.0,22.71,664.0,1267.0,0.0,0,28.57,11.0,40.0,4,0.0,0.0,0.0,0.0
1982,Goffco,2,0,0,0.0,24.0,82.0,557.0,0.0,0,36.5,21.0,27.0,0,0.0,0.0,0.0,0.0
1984,Race Hill Farm Team,30,5,10,0.0,15.4,3609.0,9201.0,111.0,3,12.6,2.0,35.0,22,16.67,33.33,0.0,1.21
1984,Jim Southard (Owner),4,0,0,0.0,25.5,243.0,1113.0,0.0,0,35.5,20.0,31.0,3,0.0,0.0,0.0,0.0
1985,Hagan Enterprises,28,8,17,1.0,13.07,3683.0,7973.0,563.0,5,7.54,1.0,39.0,20,28.57,60.71,3.57,7.06
1990,Bobby Allison Motorsports,29,0,2,0.0,21.07,2827.0,8230.0,1.0,3,23.34,6.0,41.0,19,0.0,6.9,0.0,0.01
1990,Travis Carter Enterprises,29,0,2,0.0,21.38,2894.0,8291.0,4.0,3,25.97,7.0,34.0,22,0.0,6.9,0.0,0.05
2004,Morgan-McClure Motorsports,35,0,0,0.0,30.11,2583.0,8922.0,15.0,4,34.29,17.0,42.0,25,0.0,0.0,0.0,0.17
2012,Robby Gordon Motorsports,3,0,0,0.0,40.33,11.0,131.0,0.0,0,30.0,39.0,41.0,0,0.0,0.0,0.0,0.0
2017,Circle Sport / TMG,36,0,0,0.0,33.28,160.0,8004.0,0.0,0,35.97,26.0,40.0,22,0.0,0.0,0.0,0.0
1949,Ed Lawrence (Owner),4,2,2,0.0,16.0,,304.0,85.0,0,3.5,3.0,45.0,2,50.0,50.0,0.0,27.96
1951,Reino Tulonen (Owner),4,1,1,0.0,26.5,,353.0,0.0,0,42.5,5.0,40.0,1,25.0,25.0,0.0,0.0
1954,John McGinley (Owner),3,0,1,0.0,18.0,,399.0,0.0,0,,6.0,33.0,1,0.0,33.33,0.0,0.0
1954,Gifford Wood (Owner),1,0,0,0.0,20.0,,152.0,0.0,0,,20.0,20.0,1,0.0,0.0,0.0,0.0
1958,S.T. Campbell (Owner),4,1,1,0.0,13.75,296.0,650.0,0.0,0,21.25,5.0,21.0,2,25.0,25.0,0.0,0.0
1967,Harold Mays (Owner),4,0,0,0.0,31.75,1776.0,466.0,0.0,0,31.25,15.0,40.0,1,0.0,0.0,0.0,0.0
1950,R.B. McIntosh (Owner),2,0,0,0.0,33.0,,38.0,0.0,0,22.0,20.0,46.0,0,0.0,0.0,0.0,0.0
1952,Jim Reed (Owner),7,1,3,0.0,20.29,,597.0,0.0,0,15.0,5.0,53.0,3,14.29,42.86,0.0,0.0
1957,James Satcher (Owner),2,0,2,0.0,9.5,,341.0,0.0,0,7.5,9.0,10.0,1,0.0,100.0,0.0,0.0
1957,Harvey Eakin (Owner),5,0,0,0.0,24.8,,763.0,0.0,0,35.2,15.0,42.0,3,0.0,0.0,0.0,0.0
1961,J.D. Braswell (Owner),7,1,3,1.0,23.86,1864.0,910.0,178.0,1,21.29,1.0,54.0,4,14.29,42.86,14.29,19.56
1964,Toy Bolton (Owner),7,0,0,0.0,22.86,606.0,258.0,0.0,0,21.14,19.0,28.0,0,0.0,0.0,0.0,0.0
1967,Nichels Engineering,27,8,11,0.0,15.85,20570.0,5848.0,398.0,3,10.19,2.0,38.0,11,29.63,40.74,0.0,6.81
1979,M.C. Anderson Racing,31,16,21,2.0,11.26,4256.0,9335.0,736.0,7,7.0,1.0,34.0,24,51.61,67.74,6.45,7.88
1981,A.J. Foyt Racing,3,0,1,0.0,24.67,271.0,530.0,0.0,0,12.67,7.0,35.0,1,0.0,33.33,0.0,0.0
1988,Marcis Auto Racing,29,0,2,0.0,21.97,2854.0,8178.0,62.0,1,27.41,9.0,38.0,22,0.0,6.9,0.0,0.76
1990,Paul Romine (Owner),1,0,0,0.0,32.0,67.0,298.0,0.0,0,33.0,32.0,32.0,0,0.0,0.0,0.0,0.0
1994,Leo Jackson Motorsports,33,0,7,0.0,25.45,2891.0,7916.0,94.0,3,24.12,7.0,42.0,22,0.0,21.21,0.0,1.19
1994,Ultra Motorsports,1,0,0,0.0,29.0,76.0,303.0,0.0,0,40.0,29.0,29.0,1,0.0,0.0,0.0,0.0
1996,Filmar Racing,30,0,2,0.0,24.57,2694.0,8413.0,7.0,3,20.0,7.0,38.0,21,0.0,6.67,0.0,0.08
2000,Marcis Auto Racing,12,0,0,0.0,33.58,757.0,3177.0,14.0,0,34.5,23.0,43.0,7,0.0,0.0,0.0,0.44
2008,Hendrick Motorsports,146,39,63,8.0,15.38,18089.0,42020.0,3387.0,100,13.22,1.0,43.0,132,26.71,43.15,5.48,8.06
2010,Whitney Motorsports,22,0,0,0.0,37.05,1161.0,3002.0,5.0,1,35.09,19.0,43.0,5,0.0,0.0,0.0,0.17
2012,JTG Daugherty Racing,36,0,2,0.0,22.58,772.0,10071.0,1.0,12,26.64,9.0,35.0,34,0.0,5.56,0.0,0.01
2021,Front Row Motorsports,73,2,6,1.0,24.16,996.0,16634.0,31.0,28,23.15,1.0,39.0,59,2.74,8.22,1.37,0.19
1954,Jimmy Ayers (Owner),2,0,0,0.0,27.0,,219.0,0.0,0,,17.0,37.0,1,0.0,0.0,0.0,0.0
1955,Harvey Eakin (Owner),3,0,0,0.0,20.67,212.0,315.0,0.0,0,36.0,17.0,23.0,3,0.0,0.0,0.0,0.0
1968,Larry Hess (Owner),1,0,0,0.0,34.0,54.0,0.0,0.0,0,31.0,34.0,34.0,0,0.0,0.0,0.0,
1986,,4,0,0,0.0,35.25,229.0,490.0,0.0,0,35.75,30.0,40.0,0,0.0,0.0,0.0,0.0
1951,Jack Gaynor (Owner),12,3,4,1.0,15.33,,431.0,239.0,1,8.71,1.0,36.0,5,25.0,33.33,8.33,55.45
1955,Pappy Hough (Owner),3,0,0,0.0,13.33,332.0,422.0,0.0,0,20.0,12.0,15.0,3,0.0,0.0,0.0,0.0
1956,Billy Rafter (Owner),11,0,1,0.0,17.18,,1359.0,0.0,0,17.0,7.0,26.0,4,0.0,9.09,0.0,0.0
1957,John Zink (Owner),1,0,0,0.0,46.0,,,0.0,0,6.0,46.0,46.0,0,0.0,0.0,0.0,
1959,W.H. Watson (Owner),33,12,18,1.0,11.91,6863.0,5558.0,208.0,4,8.88,1.0,46.0,22,36.36,54.55,3.03,3.74
1961,Bob Welborn (Owner),4,0,1,0.0,11.75,3226.0,715.0,1.0,0,11.25,9.0,14.0,3,0.0,25.0,0.0,0.14
1961,William Long (Owner),3,1,1,0.0,12.33,672.0,191.0,0.0,0,9.0,3.0,19.0,2,33.33,33.33,0.0,0.0
1964,Al McCline (Owner),5,0,0,0.0,29.4,710.0,246.0,0.0,0,30.6,12.0,40.0,1,0.0,0.0,0.0,0.0
1965,Arrington Racing,45,6,12,0.0,18.36,13084.0,6021.0,0.0,0,18.51,3.0,41.0,16,13.33,26.67,0.0,0.0
1965,Ed Grady (Owner),4,0,1,0.0,25.5,728.0,271.0,0.0,0,21.25,7.0,38.0,1,0.0,25.0,0.0,0.0
1971,Ober Logging,4,0,0,0.0,28.75,213.0,415.0,0.0,0,15.5,16.0,39.0,0,0.0,0.0,0.0,0.0
1971,Robbins Racing,5,0,1,0.0,19.4,120.0,1296.0,0.0,0,17.8,7.0,37.0,3,0.0,20.0,0.0,0.0
1980,Cline Racing,1,0,0,0.0,30.0,0.0,74.0,0.0,0,35.0,30.0,30.0,0,0.0,0.0,0.0,0.0
1991,Leo Jackson Motorsports,29,15,17,5.0,11.9,3985.0,9428.0,1684.0,13,9.93,1.0,39.0,27,51.72,58.62,17.24,17.86
1993,Petty Enterprises,30,0,1,0.0,24.33,2708.0,8409.0,1.0,2,19.87,8.0,36.0,23,0.0,3.33,0.0,0.01
1993,Phoenix Racing,2,0,0,0.0,31.0,140.0,191.0,0.0,0,25.5,23.0,39.0,1,0.0,0.0,0.0,0.0
1996,Cale Yarborough Motorsports,31,3,3,0.0,22.42,3016.0,8880.0,21.0,8,21.74,4.0,41.0,26,9.68,9.68,0.0,0.24
2002,Wood Brothers Racing,36,2,7,0.0,23.39,3418.0,9789.0,29.0,12,25.61,2.0,43.0,30,5.56,19.44,0.0,0.3
2009,Robby Gordon Motorsports,38,1,1,0.0,29.13,2880.0,9129.0,10.0,10,30.47,3.0,43.0,27,2.63,2.63,0.0,0.11
2023,Live Fast Motorsports,36,0,0,0.0,29.83,132.0,8215.0,3.0,11,33.11,18.0,36.0,30,0.0,0.0,0.0,0.04
1952,Otis Martin (Owner),4,0,1,0.0,13.75,,483.0,0.0,0,24.75,9.0,20.0,3,0.0,25.0,0.0,0.0
1958,Dave Terrell (Owner),1,0,0,0.0,17.0,,113.0,0.0,0,19.0,17.0,17.0,1,0.0,0.0,0.0,0.0
1955,Gordon Smith (Owner),15,0,2,0.0,19.8,1212.0,1584.0,0.0,0,20.33,6.0,65.0,6,0.0,13.33,0.0,0.0
1956,Julian Petty (Owner),5,1,3,0.0,11.0,,1188.0,0.0,0,17.0,5.0,23.0,4,20.0,60.0,0.0,0.0
1956,John Foster (Owner),7,1,2,0.0,15.14,,1181.0,76.0,0,5.86,5.0,25.0,2,14.29,28.57,0.0,6.44
1957,Nichels Engineering,17,3,5,1.0,18.18,,2139.0,179.0,2,8.24,1.0,50.0,7,17.65,29.41,5.88,8.37
1957,Jack Smith (Owner),23,12,15,3.0,9.22,0.0,3958.0,314.0,3,9.77,1.0,38.0,15,52.17,65.22,13.04,7.93
1961,Tetsuo Fuchigami (Owner),2,0,0,0.0,37.5,140.0,60.0,0.0,0,42.0,24.0,51.0,1,0.0,0.0,0.0,0.0
1963,C.L. Kilpatrick (Owner),20,1,4,0.0,15.9,4330.0,4041.0,0.0,0,20.75,5.0,36.0,14,5.0,20.0,0.0,0.0
1966,Reid Shaw (Owner),9,2,3,1.0,13.89,3242.0,1372.0,178.0,1,16.33,1.0,23.0,4,22.22,33.33,11.11,12.97
1971,Bob England (Owner),4,0,0,0.0,23.75,327.0,477.0,0.0,0,43.75,12.0,41.0,0,0.0,0.0,0.0,0.0
1971,Johnny Wheeler (Owner),1,0,0,0.0,14.0,0.0,117.0,0.0,0,5.0,14.0,14.0,0,0.0,0.0,0.0,0.0
1972,Petty Enterprises,41,28,32,9.0,7.88,3532.0,12120.0,2231.0,16,5.0,1.0,34.0,31,68.29,78.05,21.95,18.41
1975,Champion Racing,21,0,2,0.0,21.29,2084.0,4851.0,0.0,0,26.0,10.0,35.0,8,0.0,9.52,0.0,0.0
1976,Penske Racing South,30,15,19,0.0,11.67,4097.0,8735.0,360.0,6,5.17,2.0,33.0,21,50.0,63.33,0.0,4.12
1977,Al Clark (Owner),2,0,0,0.0,24.5,179.0,126.0,0.0,0,11.0,20.0,29.0,1,0.0,0.0,0.0,0.0
1983,Morgan-McClure Motorsports,7,0,1,0.0,23.43,650.0,1335.0,0.0,0,22.43,10.0,40.0,4,0.0,14.29,0.0,0.0
1986,Ronnie Thomas Racing,3,0,0,0.0,30.67,213.0,522.0,0.0,0,32.0,26.0,40.0,0,0.0,0.0,0.0,0.0
1990,Stahl Racing,5,0,0,0.0,29.6,371.0,1268.0,0.0,0,38.8,24.0,33.0,4,0.0,0.0,0.0,0.0
1991,King Racing,29,2,6,0.0,20.69,2980.0,7873.0,163.0,5,17.48,2.0,37.0,17,6.9,20.69,0.0,2.07
1995,Robert Yates Racing,34,9,16,1.0,17.44,3938.0,9595.0,466.0,17,18.18,1.0,42.0,27,26.47,47.06,2.94,4.86
1996,Marcis Auto Racing,27,0,0,0.0,29.56,2047.0,7202.0,20.0,2,32.37,11.0,40.0,22,0.0,0.0,0.0,0.28
2002,Roush Racing,145,40,75,10.0,14.52,18218.0,41308.0,2113.0,99,17.97,1.0,41.0,130,27.59,51.72,6.9,5.12
2004,Michael Waltrip Racing,4,0,0,0.0,29.5,298.0,945.0,0.0,1,28.5,22.0,37.0,2,0.0,0.0,0.0,0.0
2005,Michael Waltrip Racing,6,0,0,0.0,36.17,327.0,966.0,0.0,1,28.17,22.0,43.0,2,0.0,0.0,0.0,0.0
2007,Richard Childress Racing,109,18,50,3.0,14.53,13519.0,31198.0,737.0,76,18.27,1.0,43.0,106,16.51,45.87,2.75,2.36
2017,GO FAS Racing,36,0,2,0.0,27.06,363.0,9617.0,12.0,9,28.89,8.0,39.0,30,0.0,5.56,0.0,0.12
1954,Langley-Woodfield Racing,2,0,0,0.0,35.5,,340.0,0.0,0,41.0,12.0,59.0,1,0.0,0.0,0.0,0.0
1954,Van Van Wey (Owner),3,0,0,0.0,19.67,,629.0,0.0,0,43.0,12.0,29.0,2,0.0,0.0,0.0,0.0
1952,John Golabek (Owner),5,1,4,0.0,9.2,,818.0,0.0,0,14.0,3.0,21.0,3,20.0,80.0,0.0,0.0
1957,Langley-Woodfield Racing,1,0,0,0.0,11.0,,189.0,0.0,0,19.0,11.0,11.0,1,0.0,0.0,0.0,0.0
1959,Aubrey Boles (Owner),4,0,1,0.0,19.25,,796.0,0.0,0,21.25,9.0,28.0,3,0.0,25.0,0.0,0.0
1960,Bob Barron (Owner),6,0,1,0.0,23.17,944.0,775.0,0.0,0,30.0,10.0,35.0,2,0.0,16.67,0.0,0.0
1968,Dennis Holt (Owner),34,0,0,0.0,18.62,1528.0,5306.0,0.0,0,23.65,11.0,40.0,14,0.0,0.0,0.0,0.0
1968,Newman Long (Owner),8,0,0,0.0,23.5,284.0,705.0,0.0,0,23.88,15.0,35.0,1,0.0,0.0,0.0,0.0
1970,Roberts Racing,3,0,0,0.0,32.33,98.0,95.0,0.0,0,26.67,25.0,43.0,0,0.0,0.0,0.0,0.0
1971,Hylton Engineering,46,14,37,0.0,8.28,4071.0,12787.0,229.0,0,13.0,2.0,24.0,41,30.43,80.43,0.0,1.79
1973,Norris Reed (Owner),6,0,0,0.0,33.0,168.0,647.0,0.0,0,18.67,23.0,50.0,0,0.0,0.0,0.0,0.0
1974,Warren Racing,29,1,2,0.0,18.1,,7342.0,0.0,0,23.41,5.0,34.0,17,3.45,6.9,0.0,0.0
1981,Satterfield Racing,3,0,0,0.0,29.67,0.0,132.0,0.0,0,31.67,29.0,30.0,0,0.0,0.0,0.0,0.0
1984,Hagan Enterprises,31,17,24,2.0,9.29,4508.0,9939.0,880.0,15,6.55,1.0,38.0,27,54.84,77.42,6.45,8.85
1984,Junior Johnson & Associates,60,20,34,7.0,12.43,8032.0,18590.0,2671.0,20,7.57,1.0,40.0,51,33.33,56.67,11.67,14.37
1985,Elliott Racing,3,0,0,0.0,26.0,176.0,837.0,0.0,0,29.0,22.0,28.0,1,0.0,0.0,0.0,0.0
1988,Schmitt Racing,2,0,0,0.0,24.5,179.0,252.0,0.0,1,40.0,12.0,37.0,1,0.0,0.0,0.0,0.0
1992,Roush Racing,58,11,18,2.0,17.31,6686.0,17067.0,533.0,19,16.6,1.0,38.0,46,18.97,31.03,3.45,3.12
1995,SABCO Racing,30,1,5,1.0,25.6,2638.0,8127.0,311.0,7,23.6,1.0,42.0,20,3.33,16.67,3.33,3.83
2002,Petty Enterprises,106,0,3,0.0,25.31,9284.0,29380.0,64.0,31,26.56,8.0,43.0,89,0.0,2.83,0.0,0.22
2005,Bill Davis Racing,42,0,0,0.0,26.93,3488.0,11170.0,45.0,14,27.1,11.0,42.0,32,0.0,0.0,0.0,0.4
1949,Leon Chester (Owner),3,1,2,0.0,9.67,,170.0,34.0,0,1.5,2.0,19.0,2,33.33,66.67,0.0,20.0
1951,Stan Noble (Owner),3,0,0,0.0,25.33,,,0.0,0,24.0,19.0,29.0,0,0.0,0.0,0.0,
1958,Ken Love (Owner),3,0,0,0.0,26.0,108.0,301.0,0.0,0,23.33,17.0,34.0,2,0.0,0.0,0.0,0.0
1963,Jack Russell (Owner),2,0,0,0.0,23.0,1318.0,211.0,0.0,0,39.0,23.0,23.0,2,0.0,0.0,0.0,0.0
1950,Sosebee Racing,1,0,0,0.0,17.0,,364.0,4.0,0,3.0,17.0,17.0,1,0.0,0.0,0.0,1.1
1951,George Seeger (Owner),4,0,0,0.0,25.0,,133.0,0.0,0,12.0,11.0,34.0,0,0.0,0.0,0.0,0.0
1956,Ed Cole (Owner),7,0,1,0.0,13.86,,922.0,0.0,0,22.43,8.0,17.0,5,0.0,14.29,0.0,0.0
1958,Fred Lauria (Owner),2,0,0,0.0,28.0,,146.0,0.0,0,26.0,28.0,28.0,1,0.0,0.0,0.0,0.0
1959,Buck Baker Racing,34,11,18,0.0,13.38,4292.0,4198.0,182.0,4,12.18,2.0,42.0,20,32.35,52.94,0.0,4.34
1960,Don Every (Owner),7,1,2,0.0,18.0,1142.0,822.0,0.0,0,21.0,5.0,45.0,4,14.29,28.57,0.0,0.0
1969,T.C. Hunt (Owner),1,0,0,0.0,28.0,0.0,53.0,0.0,0,27.0,28.0,28.0,0,0.0,0.0,0.0,0.0
1970,Ray Johnstone (Owner),1,0,0,0.0,31.0,60.0,26.0,0.0,0,31.0,31.0,31.0,0,0.0,0.0,0.0,0.0
1973,Carl Price (Owner),5,0,0,0.0,34.6,108.0,388.0,0.0,0,24.8,23.0,40.0,0,0.0,0.0,0.0,0.0
1974,Howard & Egerton Racing,17,11,12,6.0,7.59,,5525.0,1859.0,7,5.29,1.0,27.0,12,64.71,70.59,35.29,33.65
1974,Vic Kurten (Owner),2,0,1,0.0,9.5,,303.0,0.0,0,17.0,7.0,12.0,2,0.0,50.0,0.0,0.0
1975,Hiram Handy (Owner),5,0,1,0.0,16.0,330.0,1558.0,0.0,0,31.0,8.0,21.0,4,0.0,20.0,0.0,0.0
1977,Adcox-Kirby,6,0,0,0.0,26.5,413.0,776.0,0.0,0,22.83,15.0,37.0,2,0.0,0.0,0.0,0.0
1982,Bahre Racing,1,0,0,0.0,42.0,37.0,3.0,0.0,0,34.0,42.0,42.0,0,0.0,0.0,0.0,0.0
1982,Gray Racing,12,0,0,0.0,26.42,264.0,1607.0,1.0,0,29.67,15.0,42.0,3,0.0,0.0,0.0,0.06
1987,Andrew Scott,1,0,0,0.0,18.0,109.0,198.0,0.0,0,29.0,18.0,18.0,1,0.0,0.0,0.0,0.0
1989,LC Racing,2,0,0,0.0,24.5,94.0,385.0,0.0,0,22.5,23.0,26.0,2,0.0,0.0,0.0,0.0
1995,U. S. Motorsports Inc.,25,0,1,0.0,25.08,2206.0,6090.0,2.0,1,28.0,9.0,42.0,19,0.0,4.0,0.0,0.03
1996,Bobby Allison Motorsports,29,0,3,0.0,27.24,2374.0,7329.0,28.0,4,20.07,8.0,43.0,18,0.0,10.34,0.0,0.38
1998,Mattei Motorsports,32,1,5,0.0,24.88,2864.0,8745.0,33.0,5,22.97,5.0,41.0,23,3.13,15.63,0.0,0.38
2011,Furniture Row Racing,36,2,5,1.0,21.47,820.0,9864.0,36.0,19,14.75,1.0,39.0,32,5.56,13.89,2.78,0.36
1954,Leland Colvin (Owner),5,0,2,0.0,14.0,,811.0,0.0,0,8.0,7.0,22.0,2,0.0,40.0,0.0,0.0
1954,Bob Widenhouse (Owner),6,0,0,0.0,23.17,,987.0,0.0,0,28.0,11.0,43.0,4,0.0,0.0,0.0,0.0
1965,Ray Underwood (Owner),7,0,2,0.0,21.43,4322.0,906.0,0.0,0,20.71,8.0,43.0,3,0.0,28.57,0.0,0.0
1958,Whitey Norman (Owner),9,2,3,0.0,17.11,80.0,1348.0,0.0,0,18.0,4.0,33.0,5,22.22,33.33,0.0,0.0
1959,Marvin Porter (Owner),8,2,5,0.0,13.63,616.0,1980.0,0.0,0,17.13,3.0,47.0,7,25.0,62.5,0.0,0.0
1960,Curtis Crider (Owner),21,0,2,0.0,17.86,3496.0,3556.0,0.0,0,23.19,9.0,38.0,16,0.0,9.52,0.0,0.0
1964,Bernard Alvarez (Owner),16,0,2,0.0,21.56,4418.0,1140.0,0.0,0,17.0,9.0,37.0,2,0.0,12.5,0.0,0.0
1965,Emory Gilliam (Owner),18,1,3,0.0,21.0,2988.0,1185.0,0.0,1,16.44,4.0,41.0,3,5.56,16.67,0.0,0.0
1966,K&K Insurance Racing,10,1,2,0.0,22.5,5092.0,1747.0,15.0,1,8.9,5.0,35.0,2,10.0,20.0,0.0,0.86
1972,K&K Insurance Racing,31,15,15,2.0,14.9,2152.0,8129.0,1761.0,7,2.84,1.0,45.0,16,48.39,48.39,6.45,21.66
1974,Ulrich Racing,17,0,0,0.0,20.12,,3806.0,0.0,0,30.88,12.0,30.0,9,0.0,0.0,0.0,0.0
1975,DiGard  Motorsports,22,5,8,1.0,20.82,2236.0,4746.0,280.0,2,6.18,1.0,42.0,8,22.73,36.36,4.55,5.9
1975,Ed Clark (Owner),3,0,0,0.0,31.33,207.0,228.0,0.0,0,29.0,13.0,44.0,0,0.0,0.0,0.0,0.0
1977,Mihalic Racing,8,0,0,0.0,25.88,683.0,1550.0,0.0,0,29.63,18.0,40.0,2,0.0,0.0,0.0,0.0
1977,Sherrill Enterprises,1,0,0,0.0,30.0,73.0,266.0,0.0,0,23.0,30.0,30.0,0,0.0,0.0,0.0,0.0
1987,Branch-Ragan Racing,9,0,0,0.0,24.78,692.0,1794.0,0.0,0,24.67,17.0,33.0,3,0.0,0.0,0.0,0.0
1987,Bailey Racing,5,0,0,0.0,25.8,428.0,1150.0,0.0,0,34.0,17.0,40.0,3,0.0,0.0,0.0,0.0
1996,Jasper Motorsports,25,0,0,0.0,27.32,2031.0,6673.0,4.0,4,28.28,12.0,43.0,19,0.0,0.0,0.0,0.06
1949,Sam Marshall (Owner),1,0,0,0.0,24.0,,,0.0,0,,24.0,24.0,0,0.0,0.0,0.0,
1969,Glen Dorrity (Owner),1,0,0,0.0,20.0,93.0,129.0,0.0,0,20.0,20.0,20.0,0,0.0,0.0,0.0,0.0
1958,Arley Scranton (Owner),2,0,0,0.0,36.0,,17.0,0.0,0,14.0,26.0,46.0,0,0.0,0.0,0.0,0.0
1959,Fred Lauria (Owner),2,0,0,0.0,18.0,,427.0,0.0,0,4.0,11.0,25.0,1,0.0,0.0,0.0,0.0
1963,Shorty Johns (Owner),12,3,6,0.0,15.5,10490.0,2435.0,84.0,0,13.83,3.0,33.0,7,25.0,50.0,0.0,3.45
1967,Walson Gardner (Owner),1,0,0,0.0,26.0,30.0,47.0,0.0,0,25.0,26.0,26.0,0,0.0,0.0,0.0,0.0
1971,Lubinski Racing,21,0,6,0.0,19.57,1558.0,3512.0,0.0,0,20.24,7.0,40.0,10,0.0,28.57,0.0,0.0
1971,Ernest Eury (Owner),1,0,0,0.0,29.0,0.0,1.0,0.0,0,29.0,29.0,29.0,0,0.0,0.0,0.0,0.0
1972,McGee Racing,13,0,2,0.0,22.46,736.0,2161.0,0.0,0,24.38,7.0,37.0,6,0.0,15.38,0.0,0.0
1972,Dalton Racing,29,0,4,0.0,18.62,1872.0,7533.0,0.0,0,27.62,8.0,37.0,20,0.0,13.79,0.0,0.0
1979,Phil Howard (Owner),4,0,1,0.0,21.0,413.0,1092.0,7.0,0,18.75,8.0,32.0,2,0.0,25.0,0.0,0.64
1980,Halpern Enterprises,6,1,1,0.0,26.17,474.0,823.0,67.0,1,18.0,4.0,37.0,1,16.67,16.67,0.0,8.14
1982,A.J. Foyt Racing,2,0,0,0.0,30.0,146.0,162.0,0.0,0,9.0,21.0,39.0,0,0.0,0.0,0.0,0.0
1987,Ron Shephard (Owner),2,0,0,0.0,30.0,146.0,198.0,0.0,0,38.5,21.0,39.0,0,0.0,0.0,0.0,0.0
1991,Petty Enterprises,29,0,1,0.0,22.03,2817.0,8341.0,1.0,2,26.55,9.0,41.0,19,0.0,3.45,0.0,0.01
2011,Wood Brothers Racing,18,1,1,1.0,25.0,0.0,4438.0,11.0,8,18.28,1.0,41.0,15,5.56,5.56,5.56,0.25
2013,Joe Gibbs Racing,109,32,52,12.0,15.5,3154.0,30301.0,3373.0,78,9.69,1.0,43.0,92,29.36,47.71,11.01,11.13
1952,Harold Mays (Owner),4,0,1,0.0,22.0,,1.0,0.0,0,24.0,9.0,31.0,1,0.0,25.0,0.0,0.0
1955,Les Brand (Owner),2,0,0,0.0,17.0,144.0,222.0,0.0,0,14.5,12.0,22.0,1,0.0,0.0,0.0,0.0
1956,Harvey Henderson (Owner),18,0,4,0.0,19.33,0.0,2477.0,0.0,0,21.17,6.0,43.0,11,0.0,22.22,0.0,0.0
1959,Shorty Johns (Owner),8,1,2,0.0,21.13,2312.0,1911.0,129.0,0,10.43,3.0,47.0,4,12.5,25.0,0.0,6.75
1961,Jess Potter (Owner),20,0,5,0.0,20.7,5540.0,3408.0,0.0,0,25.3,7.0,46.0,11,0.0,25.0,0.0,0.0
1961,Ratus Walters (Owner),8,0,2,0.0,22.0,4402.0,1527.0,0.0,0,17.0,7.0,47.0,3,0.0,25.0,0.0,0.0
1962,Scott Racing,41,4,19,0.0,12.32,9906.0,8542.0,0.0,0,16.2,3.0,30.0,28,9.76,46.34,0.0,0.0
1964,Holman Moody,47,19,28,9.0,11.3,45026.0,10659.0,2516.0,13,8.43,1.0,35.0,29,40.43,59.57,19.15,23.6
1972,David Ray Boggs (Owner),24,0,0,0.0,25.79,1204.0,3876.0,0.0,0,24.92,12.0,50.0,5,0.0,0.0,0.0,0.0
1976,Warren Racing,28,0,3,0.0,18.39,3022.0,7309.0,0.0,0,21.75,10.0,29.0,22,0.0,10.71,0.0,0.0
1978,Negre Racing,23,0,1,0.0,23.09,2029.0,5789.0,0.0,0,27.09,10.0,36.0,16,0.0,4.35,0.0,0.0
1982,Petty Enterprises,53,11,20,0.0,16.32,6310.0,13274.0,368.0,9,15.57,2.0,36.0,28,20.75,37.74,0.0,2.77
1983,Sacks & Sons,5,0,0,0.0,30.4,359.0,638.0,0.0,0,25.6,17.0,38.0,1,0.0,0.0,0.0,0.0
1986,Bailey Racing,4,0,0,0.0,26.75,336.0,918.0,1.0,0,32.25,12.0,41.0,2,0.0,0.0,0.0,0.11
1987,Wawak Racing,8,0,0,0.0,27.75,638.0,1648.0,0.0,0,35.0,19.0,36.0,3,0.0,0.0,0.0,0.0
1989,Marcis Auto Racing,27,0,1,0.0,21.15,2715.0,7866.0,16.0,0,31.52,9.0,42.0,23,0.0,3.7,0.0,0.2
1991,Mueller Brothers Racing,6,0,0,0.0,30.83,423.0,1012.0,0.0,0,31.33,22.0,37.0,2,0.0,0.0,0.0,0.0
2006,Penske Racing South,72,9,19,1.0,19.99,7698.0,19951.0,397.0,38,11.03,1.0,43.0,66,12.5,26.39,1.39,1.99
2007,Wood Brothers/JTG Racing,34,0,0,0.0,28.94,2620.0,9326.0,8.0,6,29.5,11.0,41.0,28,0.0,0.0,0.0,0.09
1966,Bob Rosenthal (Owner),2,0,0,0.0,32.0,250.0,65.0,4.0,0,21.5,28.0,36.0,0,0.0,0.0,0.0,6.15
1951,Smokey Yunick Racing,2,0,0,0.0,21.0,,,0.0,0,20.0,15.0,27.0,0,0.0,0.0,0.0,
1951,Tommy Moon (Owner),1,0,1,0.0,6.0,,,0.0,0,,6.0,6.0,0,0.0,100.0,0.0,
1956,Curtis Reid (Owner),1,0,0,0.0,28.0,,,0.0,0,75.0,28.0,28.0,0,0.0,0.0,0.0,
1956,A.L. Bumgarner (Owner),12,0,2,0.0,20.0,,1236.0,17.0,0,12.17,7.0,40.0,4,0.0,16.67,0.0,1.38
1958,Frank Strickland (Owner),8,7,7,6.0,4.75,2680.0,2354.0,877.0,7,5.88,1.0,30.0,7,87.5,87.5,75.0,37.26
1958,Jim Paschal (Owner),2,0,0,0.0,16.5,760.0,504.0,0.0,0,31.0,12.0,21.0,1,0.0,0.0,0.0,0.0
1960,Monroe Shook (Owner),14,2,10,0.0,12.43,9720.0,3382.0,0.0,1,11.0,3.0,33.0,9,14.29,71.43,0.0,0.0
1960,Spook Crawford (Owner),33,1,6,0.0,17.55,7120.0,4996.0,0.0,0,19.27,5.0,46.0,17,3.03,18.18,0.0,0.0
1961,Petty Enterprises,59,22,31,3.0,11.29,19578.0,10425.0,829.0,6,10.21,1.0,32.0,33,37.29,52.54,5.08,7.95
1965,Fritz Wilson (Owner),1,0,0,0.0,21.0,0.0,84.0,0.0,0,34.0,21.0,21.0,0,0.0,0.0,0.0,0.0
1966,David Warren (Owner),26,0,0,0.0,20.27,5942.0,2872.0,0.0,0,24.42,13.0,28.0,7,0.0,0.0,0.0,0.0
1968,Bondy Long (Owner),18,5,7,0.0,19.22,1019.0,3976.0,157.0,2,9.17,2.0,45.0,7,27.78,38.89,0.0,3.95
1970,Fred Elder (Owner),4,0,1,0.0,15.0,342.0,441.0,0.0,0,19.0,6.0,24.0,2,0.0,25.0,0.0,0.0
1971,G.T. Tallas (Owner),2,0,0,0.0,28.0,138.0,189.0,0.0,0,33.0,11.0,45.0,0,0.0,0.0,0.0,0.0
1971,Bill Shirey (Owner),27,0,2,0.0,22.04,1270.0,3888.0,0.0,0,21.48,9.0,32.0,9,0.0,7.41,0.0,0.0
1974,Wood Brothers Racing,19,15,15,7.0,7.95,,4630.0,1167.0,15,2.16,1.0,35.0,15,78.95,78.95,36.84,25.21
1977,DuWayne Wahl (Owner),2,0,0,0.0,22.0,194.0,155.0,0.0,0,28.5,18.0,26.0,2,0.0,0.0,0.0,0.0
1982,Heyward Grooms (Owner),2,0,0,0.0,32.5,131.0,308.0,0.0,0,31.5,32.0,33.0,0,0.0,0.0,0.0,0.0
1983,Johnny Hayes (Owner),21,4,5,0.0,20.1,2115.0,3734.0,115.0,3,10.48,2.0,42.0,9,19.05,23.81,0.0,3.08
1992,TTC Motorsports Inc.,5,0,0,0.0,32.0,335.0,875.0,0.0,0,31.0,20.0,42.0,2,0.0,0.0,0.0,0.0
1993,RaDiUs Motorsports,29,2,5,0.0,21.97,2853.0,8530.0,8.0,6,21.66,5.0,39.0,23,6.9,17.24,0.0,0.09
1996,Melling Racing,31,0,2,0.0,24.06,2834.0,8493.0,10.0,6,21.35,8.0,42.0,22,0.0,6.45,0.0,0.12
1998,Diamond Ridge Motorsports,5,0,0,0.0,30.6,356.0,1648.0,0.0,0,34.4,22.0,42.0,4,0.0,0.0,0.0,0.0
2000,Spencer Racing,1,0,0,0.0,42.0,37.0,26.0,0.0,0,23.0,42.0,42.0,0,0.0,0.0,0.0,0.0
2012,Tommy Baldwin Racing,62,0,0,0.0,31.31,789.0,12727.0,7.0,4,34.48,11.0,43.0,31,0.0,0.0,0.0,0.06
2012,Swan Racing,8,0,0,0.0,36.63,59.0,896.0,0.0,0,32.5,33.0,40.0,1,0.0,0.0,0.0,0.0
2015,Richard Childress Racing,108,8,25,0.0,17.21,2906.0,30634.0,69.0,74,16.67,3.0,43.0,103,7.41,23.15,0.0,0.23
1955,Owen Cox (Owner),2,0,0,0.0,40.5,156.0,201.0,0.0,0,38.5,14.0,67.0,1,0.0,0.0,0.0,0.0
1951,Harold Mays (Owner),12,0,2,0.0,19.33,,142.0,0.0,0,22.17,6.0,31.0,1,0.0,16.67,0.0,0.0
1957,Chuck Hansen (Owner),7,0,0,0.0,25.43,,990.0,0.0,0,26.0,13.0,45.0,4,0.0,0.0,0.0,0.0
1958,William Dickenson (Owner),7,0,0,0.0,17.71,664.0,701.0,0.0,0,20.33,12.0,27.0,5,0.0,0.0,0.0,0.0
1960,Frank Filizer (Owner),2,0,0,0.0,41.5,100.0,43.0,0.0,0,27.0,16.0,67.0,1,0.0,0.0,0.0,0.0
1964,Wood Brothers Racing,36,19,23,4.0,10.25,21566.0,7195.0,795.0,8,6.22,1.0,39.0,23,52.78,63.89,11.11,11.05
1970,James Hanley (Owner),26,1,6,0.0,16.73,1831.0,5439.0,56.0,0,17.23,5.0,36.0,15,3.85,23.08,0.0,1.03
1974,McDuffie Racing,30,0,7,0.0,16.03,,8277.0,1.0,0,22.73,7.0,30.0,15,0.0,23.33,0.0,0.01
1978,Bud Moore Engineering,30,14,22,5.0,9.4,4367.0,9284.0,1046.0,9,6.87,1.0,38.0,23,46.67,73.33,16.67,11.27
1981,Bobby Hawkins (Owner),7,0,1,0.0,26.29,491.0,1524.0,0.0,0,25.29,9.0,38.0,2,0.0,14.29,0.0,0.0
1996,Andy Petree Racing,4,0,0,0.0,23.75,367.0,1328.0,0.0,1,18.0,11.0,32.0,4,0.0,0.0,0.0,0.0
2000,Eel River Racing,30,0,1,0.0,31.87,2034.0,6979.0,5.0,4,28.93,9.0,43.0,20,0.0,3.33,0.0,0.07
2001,Hendrick Motorsports,111,23,37,6.0,19.08,12277.0,32174.0,2500.0,55,20.9,1.0,41.0,92,20.72,33.33,5.41,7.77
2024,NY Racing Team,9,0,0,0.0,32.11,0.0,1757.0,1.0,2,37.78,20.0,40.0,5,0.0,0.0,0.0,0.06
1950,Jerry Wimbish (Owner),1,0,1,0.0,8.0,,,0.0,0,6.0,8.0,8.0,0,0.0,100.0,0.0,
1951,Bill Sheldon (Owner),6,0,0,0.0,29.83,,354.0,0.0,0,11.0,12.0,62.0,0,0.0,0.0,0.0,0.0
1952,Ted Chamberlain (Owner),16,0,5,0.0,14.5,,2703.0,0.0,0,19.56,7.0,31.0,12,0.0,31.25,0.0,0.0
1955,Les Milfield (Owner),1,0,1,0.0,8.0,360.0,242.0,0.0,0,7.0,8.0,8.0,1,0.0,100.0,0.0,0.0
1956,Spook Crawford (Owner),33,2,11,0.0,15.03,0.0,4902.0,0.0,0,19.94,5.0,42.0,20,6.06,33.33,0.0,0.0
1960,Bob Welborn (Owner),15,5,9,0.0,12.47,6988.0,2678.0,18.0,1,16.6,4.0,57.0,12,33.33,60.0,0.0,0.67
1960,Dick Freeman (Owner),4,0,0,0.0,36.5,190.0,349.0,0.0,0,35.0,16.0,68.0,1,0.0,0.0,0.0,0.0
1968,Junior Johnson & Associates,20,13,13,2.0,11.95,1676.0,5554.0,1300.0,4,3.95,1.0,41.0,12,65.0,65.0,10.0,23.41
1968,Butch Hartman (Owner),5,0,2,0.0,12.6,0.0,1458.0,10.0,0,16.2,10.0,16.0,5,0.0,40.0,0.0,0.69
1969,Owens Racing,20,11,13,0.0,11.65,2037.0,5324.0,658.0,7,5.2,2.0,33.0,12,55.0,65.0,0.0,12.36
1982,Willard Moore (Owner),4,0,0,0.0,32.0,230.0,456.0,4.0,0,34.5,18.0,40.0,1,0.0,0.0,0.0,0.88
1982,Jockos Racing,4,0,0,0.0,30.0,207.0,411.0,0.0,0,31.75,26.0,34.0,0,0.0,0.0,0.0,0.0
1983,Duffie Racing,4,0,0,0.0,32.25,265.0,750.0,0.0,0,32.75,27.0,38.0,1,0.0,0.0,0.0,0.0
1987,Jackson Bros. Motorsports,30,1,7,0.0,16.93,3403.0,8398.0,18.0,6,19.77,4.0,39.0,24,3.33,23.33,0.0,0.21
1995,Hendrick Motorsports,94,33,50,10.0,14.24,12066.0,27351.0,3276.0,52,13.03,1.0,42.0,79,35.11,53.19,10.64,11.98
1995,Penske Racing South,31,15,19,2.0,11.84,4240.0,9497.0,1066.0,20,13.9,1.0,34.0,27,48.39,61.29,6.45,11.22
2000,Richard Childress Racing,68,14,35,2.0,13.29,8763.0,19645.0,702.0,45,17.79,1.0,43.0,66,20.59,51.47,2.94,3.57
2006,Hendrick Motorsports,154,42,69,9.0,16.03,18700.0,43748.0,2241.0,105,14.48,1.0,43.0,139,27.27,44.81,5.84,5.12
2010,Front Row Motorsports,105,0,0,0.0,30.3,7657.0,29739.0,18.0,18,37.7,14.0,42.0,90,0.0,0.0,0.0,0.06
2020,Leavine Family Racing,36,2,7,0.0,20.25,686.0,9428.0,18.0,19,23.94,3.0,39.0,32,5.56,19.44,0.0,0.19
2024,RFK Racing,75,16,30,2.0,15.15,1929.0,19251.0,536.0,59,19.39,1.0,37.0,69,21.33,40.0,2.67,2.78
1949,Louise Smith (Owner),3,0,0,0.0,21.0,,175.0,0.0,0,38.0,16.0,27.0,0,0.0,0.0,0.0,0.0
1952,Ed Saverance (Owner),6,0,1,0.0,28.33,,390.0,15.0,0,16.0,8.0,52.0,1,0.0,16.67,0.0,3.85
1960,Lund Racing,2,0,0,0.0,22.0,72.0,120.0,0.0,0,17.5,21.0,23.0,0,0.0,0.0,0.0,0.0
1969,Sam Rose (Owner),1,0,0,0.0,27.0,72.0,65.0,0.0,0,43.0,27.0,27.0,0,0.0,0.0,0.0,0.0
1950,Joe Jernigan (Owner),2,0,0,0.0,17.5,,166.0,0.0,0,29.0,13.0,22.0,0,0.0,0.0,0.0,0.0
1951,Jim White (Owner),3,0,0,0.0,24.67,,233.0,0.0,0,56.0,11.0,34.0,1,0.0,0.0,0.0,0.0
1953,Ralph Liguori (Owner),5,0,1,0.0,16.2,,149.0,0.0,0,14.0,9.0,24.0,0,0.0,20.0,0.0,0.0
1954,Buckshot Morris (Owner),9,1,4,0.0,14.11,,1325.0,0.0,0,29.0,4.0,27.0,6,11.11,44.44,0.0,0.0
1956,Smokey Yunick Racing,29,12,17,3.0,10.1,,5203.0,225.0,6,9.43,1.0,24.0,21,41.38,58.62,10.34,4.32
1957,Paul Spaulding (Owner),1,1,1,0.0,3.0,,134.0,0.0,1,6.0,3.0,3.0,1,100.0,100.0,0.0,0.0
1958,Larry Frank (Owner),7,1,3,0.0,17.14,0.0,1713.0,0.0,1,16.29,3.0,33.0,5,14.29,42.86,0.0,0.0
1960,Weldon Wagner (Owner),23,2,7,0.0,14.09,4498.0,4308.0,0.0,1,16.13,4.0,26.0,14,8.7,30.43,0.0,0.0
1963,Burton-Robinson,50,31,38,8.0,8.46,24884.0,11370.0,1897.0,16,6.8,1.0,34.0,41,62.0,76.0,16.0,16.68
1966,McDuffie Racing,36,1,9,0.0,15.36,9588.0,7178.0,0.0,0,21.78,5.0,26.0,21,2.78,25.0,0.0,0.0
1967,Tom Hixon (Owner),6,0,1,0.0,25.33,1514.0,935.0,0.0,0,28.33,6.0,49.0,3,0.0,16.67,0.0,0.0
1969,Carl Manis (Owner),2,0,0,0.0,35.0,0.0,39.0,0.0,0,32.5,24.0,46.0,0,0.0,0.0,0.0,0.0
1969,Archie Smith (Owner),16,0,2,0.0,20.13,923.0,2693.0,0.0,0,26.56,7.0,39.0,9,0.0,12.5,0.0,0.0
1970,K-Automotive Motorsports,18,0,1,0.0,24.22,921.0,2594.0,9.0,0,24.83,8.0,38.0,5,0.0,5.56,0.0,0.35
1973,Harley Smith (Owner),11,0,1,0.0,24.45,600.0,2103.0,0.0,0,26.91,10.0,58.0,7,0.0,9.09,0.0,0.0
1975,Newsom Racing,10,0,0,0.0,25.1,877.0,1672.0,0.0,0,28.8,12.0,41.0,1,0.0,0.0,0.0,0.0
1976,Hill Racing,20,0,3,0.0,25.35,1752.0,3010.0,3.0,0,18.3,7.0,39.0,4,0.0,15.0,0.0,0.1
1978,Gray Racing,27,0,0,0.0,23.11,2529.0,5512.0,0.0,0,28.04,11.0,37.0,16,0.0,0.0,0.0,0.0
1985,Hamby Racing,28,0,1,0.0,22.18,2386.0,7068.0,3.0,0,27.93,9.0,39.0,18,0.0,3.57,0.0,0.04
1985,McCray Motorsports,2,0,0,0.0,40.0,46.0,47.0,0.0,0,32.0,39.0,41.0,0,0.0,0.0,0.0,0.0
1988,Mueller Brothers Racing,6,0,0,0.0,25.0,528.0,1234.0,0.0,0,25.17,13.0,39.0,3,0.0,0.0,0.0,0.0
1988,Ranier-Lundy Racing,29,12,16,2.0,15.07,3631.0,8333.0,611.0,11,13.1,1.0,40.0,22,41.38,55.17,6.9,7.33
1991,DarWal Inc.,29,5,17,2.0,13.59,3711.0,9229.0,203.0,11,12.83,1.0,32.0,23,17.24,58.62,6.9,2.2
1995,Diamond Ridge Motorsports,29,1,4,0.0,23.0,2757.0,8279.0,17.0,4,30.52,5.0,43.0,26,3.45,13.79,0.0,0.21
2020,Roush Fenway Racing,72,2,10,0.0,19.88,1242.0,19118.0,68.0,40,18.58,3.0,38.0,67,2.78,13.89,0.0,0.36
1962,,60,0,3,0.0,21.02,8006.0,6789.0,16.0,0,21.34,8.0,47.0,27,0.0,5.0,0.0,0.24
1950,Rice Racing,24,8,11,2.0,13.0,,2889.0,278.0,4,18.8,1.0,43.0,11,33.33,45.83,8.33,9.62
1953,Al Wheatley (Owner),9,2,3,0.0,18.33,,295.0,0.0,0,10.33,5.0,54.0,4,22.22,33.33,0.0,0.0
1955,Erick Erickson (Owner),2,0,0,0.0,25.5,48.0,74.0,0.0,0,7.0,22.0,29.0,0,0.0,0.0,0.0,0.0
1958,Speedy Thompson (Owner),38,19,25,4.0,10.11,7628.0,7033.0,230.0,8,7.22,1.0,48.0,27,50.0,65.79,10.53,3.27
1958,Bob Perry (Owner),3,0,1,0.0,28.67,80.0,314.0,0.0,0,22.33,7.0,48.0,1,0.0,33.33,0.0,0.0
1959,Paul Spaulding (Owner),28,14,16,5.0,10.18,4892.0,4504.0,166.0,7,13.33,1.0,35.0,19,50.0,57.14,17.86,3.69
1962,Fox Racing,14,2,7,1.0,14.43,15180.0,2634.0,610.0,2,4.71,1.0,37.0,6,14.29,50.0,7.14,23.16
1963,Rex White (Owner),25,5,14,0.0,12.24,19096.0,5598.0,171.0,3,7.72,2.0,37.0,16,20.0,56.0,0.0,3.05
1968,Petty Enterprises,49,31,35,16.0,8.39,2991.0,12254.0,4242.0,23,3.47,1.0,38.0,33,63.27,71.43,32.65,34.62
1972,Jack Mercer (Owner),7,0,0,0.0,25.0,364.0,1347.0,0.0,0,34.57,21.0,33.0,2,0.0,0.0,0.0,0.0
1972,Faustina Racing,7,0,0,0.0,31.29,276.0,819.0,0.0,0,28.71,20.0,45.0,3,0.0,0.0,0.0,0.0
1976,Richard Childress Racing,30,0,11,0.0,16.53,3428.0,8147.0,0.0,0,17.87,6.0,36.0,21,0.0,36.67,0.0,0.0
1978,Gary Myers (Owner),19,0,0,0.0,20.74,1915.0,5524.0,0.0,0,26.26,14.0,30.0,12,0.0,0.0,0.0,0.0
1978,Dion Racing,4,0,0,0.0,33.0,256.0,335.0,0.0,0,23.0,26.0,40.0,0,0.0,0.0,0.0,0.0
1978,Ralph Jones (Owner),7,0,0,0.0,24.14,634.0,1871.0,0.0,0,29.43,18.0,30.0,4,0.0,0.0,0.0,0.0
1985,Sadler Racing,11,0,0,0.0,22.73,1048.0,2183.0,1.0,0,19.64,12.0,34.0,5,0.0,0.0,0.0,0.05
1986,Curb Racing,18,0,2,0.0,24.39,1629.0,3723.0,1.0,1,23.33,6.0,42.0,8,0.0,11.11,0.0,0.03
1992,Bud Moore Engineering,29,7,11,2.0,16.17,3437.0,8222.0,474.0,10,14.76,1.0,40.0,22,24.14,37.93,6.9,5.77
2007,Chip Ganassi Racing,108,6,15,1.0,24.09,9950.0,29102.0,64.0,52,23.95,1.0,43.0,91,5.56,13.89,0.93,0.22
2013,Phoenix Racing,25,0,2,0.0,24.72,201.0,6152.0,1.0,11,26.16,6.0,43.0,20,0.0,8.0,0.0,0.02
2015,BK Racing,97,0,0,0.0,33.97,628.0,26102.0,5.0,7,37.18,14.0,43.0,88,0.0,0.0,0.0,0.02
2017,Beard Motorsports,4,0,1,0.0,15.75,0.0,723.0,6.0,2,34.5,7.0,26.0,3,0.0,25.0,0.0,0.83
2018,Team Penske,108,33,62,7.0,12.95,3451.0,29139.0,2295.0,84,9.83,1.0,40.0,94,30.56,57.41,6.48,7.88
1949,Glenn Dunaway (Owner),5,1,3,0.0,13.0,,394.0,0.0,0,6.0,3.0,28.0,1,20.0,60.0,0.0,0.0
1967,McDuffie Racing,1,0,0,0.0,18.0,160.0,137.0,0.0,0,16.0,18.0,18.0,0,0.0,0.0,0.0,0.0
1950,Lee Morgan (Owner),1,0,0,0.0,31.0,,342.0,0.0,0,5.0,31.0,31.0,0,0.0,0.0,0.0,0.0
1950,Ted Chamberlain (Owner),5,0,2,0.0,16.8,0.0,541.0,0.0,0,18.0,8.0,34.0,1,0.0,40.0,0.0,0.0
1955,Harvey Henderson (Owner),17,1,6,0.0,13.65,1930.0,2284.0,0.0,0,17.18,5.0,30.0,11,5.88,35.29,0.0,0.0
1957,John Foster (Owner),3,1,1,0.0,13.33,,230.0,0.0,0,15.0,5.0,24.0,1,33.33,33.33,0.0,0.0
1957,R.L. Combs (Owner),3,0,0,0.0,18.67,,123.0,0.0,0,16.0,13.0,23.0,1,0.0,0.0,0.0,0.0
1958,Jim Reed (Owner),16,10,12,4.0,7.13,2992.0,3486.0,692.0,9,6.88,1.0,21.0,12,62.5,75.0,25.0,19.85
1959,Neil Castles (Owner),3,0,0,0.0,25.33,120.0,598.0,0.0,0,25.0,12.0,33.0,1,0.0,0.0,0.0,0.0
1959,Arley Scranton (Owner),2,0,0,0.0,22.0,,361.0,0.0,0,18.0,22.0,22.0,1,0.0,0.0,0.0,0.0
1960,Frank Skinner (Owner),7,0,2,0.0,19.71,4700.0,1340.0,0.0,0,27.29,8.0,49.0,6,0.0,28.57,0.0,0.0
1961,Melvin Black (Owner),4,0,0,0.0,21.0,1648.0,344.0,0.0,0,19.5,11.0,43.0,2,0.0,0.0,0.0,0.0
1961,Pete Boland (Owner),3,0,0,0.0,18.33,394.0,311.0,0.0,0,15.0,13.0,27.0,2,0.0,0.0,0.0,0.0
1963,Jim Stephens (Owner),2,0,1,0.0,27.5,458.0,57.0,0.0,0,18.0,10.0,45.0,1,0.0,50.0,0.0,0.0
1963,Bondy Long (Owner),31,4,8,0.0,14.19,13884.0,6047.0,30.0,1,11.87,3.0,27.0,14,12.9,25.81,0.0,0.5
1967,Harold Rhodes (Owner),12,0,1,0.0,24.08,9992.0,1805.0,0.0,0,22.83,10.0,47.0,5,0.0,8.33,0.0,0.0
1980,Petty Enterprises,45,15,25,2.0,13.29,5851.0,12620.0,714.0,10,13.76,1.0,35.0,31,33.33,55.56,4.44,5.66
1997,Butch Mock Motorsports,29,0,2,0.0,24.9,2569.0,8415.0,1.0,6,24.38,9.0,42.0,25,0.0,6.9,0.0,0.01
2005,Robby Gordon Motorsports,29,1,2,0.0,30.07,2167.0,7047.0,20.0,6,27.03,2.0,42.0,16,3.45,6.9,0.0,0.28
2007,EM Motorsports,1,0,0,0.0,43.0,34.0,92.0,0.0,0,32.0,43.0,43.0,0,0.0,0.0,0.0,0.0
2011,Front Row Motorsports,85,1,2,0.0,31.25,718.0,19325.0,41.0,10,34.22,3.0,43.0,59,1.18,2.35,0.0,0.21
2014,Hendrick Motorsports,144,40,74,13.0,13.88,4460.0,40489.0,2994.0,111,13.59,1.0,43.0,133,27.78,51.39,9.03,7.39
1956,J.M. Wattenbarger (Owner),1,0,0,0.0,24.0,,207.0,0.0,0,23.0,24.0,24.0,1,0.0,0.0,0.0,0.0
1953,Ned Jarrett (Owner),1,0,0,0.0,59.0,,8.0,0.0,0,52.0,59.0,59.0,0,0.0,0.0,0.0,0.0
1955,Ken Pace (Owner),5,0,1,0.0,17.4,320.0,380.0,0.0,0,18.4,9.0,27.0,2,0.0,20.0,0.0,0.0
1956,Lloyd Dane (Owner),10,5,9,2.0,6.2,0.0,1706.0,2.0,2,13.6,1.0,15.0,9,50.0,90.0,20.0,0.12
1964,Bud Moore Engineering,58,17,35,5.0,11.52,42942.0,12495.0,1276.0,7,8.67,1.0,37.0,34,29.31,60.34,8.62,10.21
1970,Holman Moody,18,8,10,1.0,13.28,1716.0,3835.0,580.0,4,5.72,1.0,39.0,9,44.44,55.56,5.56,15.12
1970,John Soares Jr. (Owner),1,1,1,0.0,4.0,141.0,141.0,0.0,0,25.0,4.0,4.0,1,100.0,100.0,0.0,0.0
1972,Cunningham-Kelley,20,2,5,0.0,20.95,1202.0,4092.0,31.0,0,10.2,3.0,36.0,7,10.0,25.0,0.0,0.76
1973,Ellington Racing,11,1,1,0.0,28.0,176.0,1918.0,1.0,0,10.73,4.0,45.0,2,9.09,9.09,0.0,0.05
1980,Ballard Racing,16,1,2,0.0,30.88,1139.0,1484.0,4.0,0,21.75,5.0,41.0,2,6.25,12.5,0.0,0.27
1983,Wawak Racing,9,0,0,0.0,23.78,825.0,2167.0,0.0,0,30.56,16.0,37.0,6,0.0,0.0,0.0,0.0
1984,Blue Max Racing,30,6,11,1.0,16.7,3505.0,8225.0,58.0,6,15.3,1.0,34.0,18,20.0,36.67,3.33,0.71
1984,Bobby Hawkins (Owner),11,0,3,0.0,26.18,812.0,1630.0,10.0,1,10.27,9.0,41.0,4,0.0,27.27,0.0,0.61
1985,Bill Terry (Owner),5,0,0,0.0,20.4,509.0,1843.0,0.0,0,25.8,13.0,27.0,3,0.0,0.0,0.0,0.0
1986,Bahari' Racing,28,0,0,0.0,20.61,2853.0,7952.0,6.0,0,24.79,11.0,39.0,20,0.0,0.0,0.0,0.08
1988,Stavola Brothers Racing,58,6,19,1.0,14.91,6913.0,18363.0,225.0,9,20.45,1.0,39.0,53,10.34,32.76,1.72,1.23
1990,Spears Racing,3,0,0,0.0,26.67,249.0,730.0,0.0,0,30.0,20.0,36.0,3,0.0,0.0,0.0,0.0
1990,B & B Racing,2,0,0,0.0,25.5,173.0,474.0,0.0,0,35.0,22.0,29.0,1,0.0,0.0,0.0,0.0
1995,Larry Hedrick Motorsports,31,0,4,0.0,23.65,2883.0,8711.0,6.0,6,22.16,7.0,42.0,27,0.0,12.9,0.0,0.07
1997,Morgan-McClure Motorsports,32,2,6,0.0,24.19,2954.0,8584.0,70.0,8,20.69,3.0,43.0,24,6.25,18.75,0.0,0.82
2002,Chip Ganassi Racing,71,11,23,3.0,18.77,7840.0,19797.0,722.0,37,19.92,1.0,43.0,60,15.49,32.39,4.23,3.65
1949,Snowden Racing,3,0,2,0.0,11.67,,182.0,0.0,0,12.0,6.0,22.0,1,0.0,66.67,0.0,0.0
1956,Wood Brothers Racing,1,0,0,0.0,33.0,,110.0,0.0,0,6.0,33.0,33.0,0,0.0,0.0,0.0,0.0
1952,Petty Enterprises,32,21,27,3.0,6.56,,5094.0,191.0,8,11.69,1.0,32.0,26,65.63,84.38,9.38,3.75
1953,Otis Martin (Owner),8,0,2,0.0,19.13,,319.0,0.0,0,24.0,6.0,44.0,3,0.0,25.0,0.0,0.0
1953,Dick Meyer (Owner),1,1,1,0.0,4.0,,355.0,0.0,0,13.0,4.0,4.0,1,100.0,100.0,0.0,0.0
1954,Dink Widenhouse (Owner),6,1,2,0.0,24.33,,620.0,0.0,0,20.0,4.0,42.0,2,16.67,33.33,0.0,0.0
1955,Gary Drake (Owner),1,0,1,0.0,7.0,152.0,189.0,0.0,0,11.0,7.0,7.0,1,0.0,100.0,0.0,0.0
1955,Bill Stammer (Owner),2,0,2,0.0,9.0,500.0,338.0,0.0,0,14.0,8.0,10.0,2,0.0,100.0,0.0,0.0
1956,Herb Eberhart (Owner),10,2,4,0.0,14.4,,1431.0,0.0,1,14.2,2.0,29.0,8,20.0,40.0,0.0,0.0
1959,Dick Joslin (Owner),4,0,0,0.0,26.75,664.0,338.0,0.0,0,33.0,14.0,44.0,1,0.0,0.0,0.0,0.0
1959,Ned Jarrett (Owner),16,3,6,2.0,14.75,1056.0,2729.0,194.0,3,13.25,1.0,34.0,8,18.75,37.5,12.5,7.11
1960,Jim Reed (Owner),7,1,1,0.0,22.29,2270.0,1140.0,28.0,1,14.14,3.0,40.0,2,14.29,14.29,0.0,2.46
1961,Fred Harb (Owner),28,1,8,0.0,16.5,4606.0,4098.0,0.0,0,12.89,4.0,41.0,13,3.57,28.57,0.0,0.0
1961,J.L. Cheatham (Owner),12,0,1,0.0,25.67,4094.0,1951.0,0.0,0,26.58,7.0,40.0,3,0.0,8.33,0.0,0.0
1965,Harold Rhodes (Owner),7,0,1,0.0,23.29,4326.0,881.0,0.0,0,26.0,8.0,43.0,2,0.0,14.29,0.0,0.0
1970,Neil Castles (Owner),49,12,24,0.0,14.1,3188.0,10137.0,31.0,0,14.82,2.0,50.0,32,24.49,48.98,0.0,0.31
1971,Jim Calder (Owner),4,0,1,0.0,23.25,333.0,410.0,0.0,0,25.75,10.0,40.0,2,0.0,25.0,0.0,0.0
1979,Ulrich Racing,31,0,5,0.0,16.71,3511.0,9001.0,0.0,0,20.39,6.0,33.0,26,0.0,16.13,0.0,0.0
1980,Hollar Racing,8,0,0,0.0,23.25,155.0,2130.0,0.0,0,28.38,15.0,34.0,4,0.0,0.0,0.0,0.0
1980,Matthews Racing,3,0,2,0.0,17.0,134.0,742.0,0.0,0,25.0,10.0,31.0,2,0.0,66.67,0.0,0.0
1981,Billie Harvey (Owner),2,0,0,0.0,41.0,80.0,60.0,0.0,0,29.5,41.0,41.0,0,0.0,0.0,0.0,0.0
1985,Bill Osborne (Owner),2,0,0,0.0,22.5,191.0,198.0,0.0,0,34.5,21.0,24.0,2,0.0,0.0,0.0,0.0
1987,J.B. Racing,1,0,0,0.0,31.0,70.0,161.0,0.0,0,30.0,31.0,31.0,0,0.0,0.0,0.0,0.0
1988,Hagan Enterprises,29,6,13,0.0,14.31,3621.0,8798.0,334.0,11,14.07,2.0,37.0,23,20.69,44.83,0.0,3.8
1989,Jackson Bros. Motorsports,57,11,17,1.0,18.05,6416.0,15968.0,479.0,20,18.21,1.0,42.0,45,19.3,29.82,1.75,3.0
1994,Active Motorsports,25,0,1,0.0,27.52,2019.0,6422.0,1.0,1,25.52,8.0,41.0,15,0.0,4.0,0.0,0.02
2008,Wood Brothers Racing,28,1,1,0.0,29.75,2081.0,7839.0,1.0,4,29.21,3.0,43.0,26,3.57,3.57,0.0,0.01
2011,LTD Powersports,4,0,0,0.0,39.0,14.0,168.0,0.0,0,37.5,37.0,42.0,0,0.0,0.0,0.0,0.0
2011,Rick Ware Racing,1,0,0,0.0,27.0,17.0,110.0,0.0,1,42.0,27.0,27.0,1,0.0,0.0,0.0,0.0
2012,Front Row Motorsports,103,1,2,0.0,30.55,1399.0,20980.0,21.0,15,32.3,4.0,43.0,65,0.97,1.94,0.0,0.1
2019,Germain Racing,37,1,3,0.0,21.08,613.0,10275.0,14.0,13,23.97,4.0,40.0,36,2.7,8.11,0.0,0.14
1954,Buck Baker Racing,2,1,2,0.0,5.5,,389.0,180.0,1,1.0,2.0,9.0,2,50.0,100.0,0.0,46.27
1962,James Turner (Owner),3,0,2,0.0,12.33,1048.0,872.0,0.0,0,9.0,8.0,19.0,1,0.0,66.67,0.0,0.0
1953,Slim Rominger (Owner),2,0,0,0.0,39.5,,153.0,0.0,0,51.0,26.0,53.0,0,0.0,0.0,0.0,0.0
1955,DePaolo Engineering,16,6,9,2.0,12.13,3056.0,2057.0,495.0,5,10.38,1.0,32.0,11,37.5,56.25,12.5,24.06
1956,Carl Dane (Owner),1,1,1,1.0,1.0,,80.0,54.0,1,2.0,1.0,1.0,1,100.0,100.0,100.0,67.5
1956,C.H. Dingler (Owner),3,0,0,0.0,16.33,,181.0,0.0,0,17.33,14.0,21.0,1,0.0,0.0,0.0,0.0
1958,Al White (Owner),9,0,1,0.0,16.33,1464.0,1483.0,0.0,0,20.75,9.0,26.0,7,0.0,11.11,0.0,0.0
1960,Roz Howard (Owner),3,0,2,0.0,13.67,1810.0,676.0,0.0,0,14.33,7.0,25.0,2,0.0,66.67,0.0,0.0
1963,Leland Colvin (Owner),7,0,1,0.0,19.86,1448.0,700.0,0.0,0,22.43,10.0,27.0,2,0.0,14.29,0.0,0.0
1965,Larry Frank (Owner),9,1,1,0.0,23.33,2354.0,1009.0,33.0,0,8.33,4.0,41.0,2,11.11,11.11,0.0,3.27
1965,Jess Potter (Owner),37,0,7,0.0,15.41,13294.0,7381.0,0.0,0,20.89,6.0,34.0,23,0.0,18.92,0.0,0.0
1965,Petty Enterprises,19,13,13,4.0,9.95,8564.0,4670.0,942.0,6,3.37,1.0,36.0,13,68.42,68.42,21.05,20.17
1967,Donlavey Racing,7,0,2,0.0,20.57,8448.0,998.0,0.0,0,18.71,7.0,33.0,3,0.0,28.57,0.0,0.0
1967,Turkey Minton (Owner),11,1,4,0.0,21.55,2394.0,1422.0,0.0,0,14.82,3.0,36.0,3,9.09,36.36,0.0,0.0
1967,Jack Etheridge (Owner),3,0,0,0.0,22.33,508.0,160.0,0.0,0,22.33,13.0,38.0,0,0.0,0.0,0.0,0.0
1970,Arnold Bennett (Owner),1,0,0,0.0,30.0,21.0,1.0,0.0,0,26.0,30.0,30.0,0,0.0,0.0,0.0,0.0
1984,Petty Enterprises,30,1,6,0.0,19.53,3159.0,8400.0,2.0,2,22.4,5.0,40.0,23,3.33,20.0,0.0,0.02
1989,RahMoc Enterprises,29,5,13,0.0,16.52,3403.0,7590.0,139.0,10,16.1,2.0,36.0,20,17.24,44.83,0.0,1.83
1996,Scott Gaylord Racing,1,0,0,0.0,38.0,49.0,67.0,0.0,0,29.0,38.0,38.0,1,0.0,0.0,0.0,0.0
2014,Michael Waltrip Racing,106,8,24,0.0,22.89,2101.0,28755.0,167.0,52,22.46,2.0,43.0,92,7.55,22.64,0.0,0.58
1955,Leon Lundy (Owner),1,0,0,0.0,22.0,0.0,193.0,0.0,0,33.0,22.0,22.0,1,0.0,0.0,0.0,0.0
1963,Matt DeMatthews (Owner),1,0,0,0.0,16.0,0.0,144.0,0.0,0,17.0,16.0,16.0,0,0.0,0.0,0.0,0.0
1951,Leland Colvin (Owner),13,0,2,0.0,28.85,,379.0,0.0,0,23.4,9.0,73.0,0,0.0,15.38,0.0,0.0
1951,Bill Blair (Owner),8,3,5,0.0,18.5,,616.0,0.0,0,19.83,3.0,55.0,3,37.5,62.5,0.0,0.0
1952,Neil Cole (Owner),5,0,2,0.0,11.6,,591.0,0.0,0,13.75,6.0,20.0,2,0.0,40.0,0.0,0.0
1957,Bob Whitmire (Owner),2,0,0,0.0,15.0,,153.0,0.0,0,23.5,15.0,15.0,1,0.0,0.0,0.0,0.0
1957,Eddie Skinner (Owner),4,0,0,0.0,22.0,,833.0,0.0,0,31.75,21.0,23.0,2,0.0,0.0,0.0,0.0
1959,Don Every (Owner),18,3,10,0.0,15.94,3272.0,2209.0,0.0,1,15.78,2.0,48.0,9,16.67,55.56,0.0,0.0
1961,B.G. Holloway (Owner),69,26,46,1.0,10.51,41404.0,14513.0,618.0,6,12.01,1.0,43.0,48,37.68,66.67,1.45,4.26
1961,Jimmy Pardue (Owner),40,3,16,0.0,13.88,12904.0,7310.0,0.0,0,15.58,4.0,39.0,27,7.5,40.0,0.0,0.0
1963,Mark Hurley (Owner),4,1,2,0.0,12.5,864.0,564.0,0.0,0,11.5,4.0,23.0,2,25.0,50.0,0.0,0.0
1966,Smokey Yunick Racing,9,1,1,0.0,27.33,3008.0,756.0,72.0,0,11.67,4.0,43.0,2,11.11,11.11,0.0,9.52
1969,Jack Bowsher & Associates,4,3,3,0.0,12.5,0.0,522.0,64.0,1,9.5,2.0,40.0,3,75.0,75.0,0.0,12.26
1970,K&K Insurance Racing,47,32,38,11.0,6.81,3911.0,12726.0,3179.0,17,3.3,1.0,35.0,38,68.09,80.85,23.4,24.98
1970,Bill Kimmel Racing,1,0,0,0.0,20.0,31.0,41.0,0.0,0,25.0,20.0,20.0,1,0.0,0.0,0.0,0.0
1976,Price Racing,9,0,0,0.0,21.78,879.0,2532.0,0.0,0,29.89,16.0,28.0,5,0.0,0.0,0.0,0.0
1980,Penske Racing South,2,1,1,0.0,8.0,291.0,653.0,0.0,1,16.0,2.0,14.0,2,50.0,50.0,0.0,0.0
1983,Richard Childress Racing,30,7,14,2.0,15.27,3693.0,8581.0,871.0,7,6.57,1.0,37.0,21,23.33,46.67,6.67,10.15
1984,Barkdoll Motorsports,4,0,0,0.0,30.5,286.0,416.0,0.0,0,24.25,22.0,40.0,1,0.0,0.0,0.0,0.0
1986,Canavan Racing,1,0,0,0.0,32.0,67.0,165.0,0.0,0,35.0,32.0,32.0,0,0.0,0.0,0.0,0.0
1990,Dick Johnson Racing,4,0,0,0.0,31.0,280.0,365.0,0.0,0,30.0,24.0,39.0,1,0.0,0.0,0.0,0.0
2002,Team CLR,1,0,0,0.0,43.0,34.0,124.0,0.0,0,26.0,43.0,43.0,0,0.0,0.0,0.0,0.0
2004,Phoenix Racing,26,0,1,0.0,34.04,1597.0,4139.0,49.0,3,35.5,7.0,43.0,8,0.0,3.85,0.0,1.18
2019,Hendrick Motorsports,144,26,52,4.0,15.44,3843.0,39472.0,1165.0,91,12.48,1.0,39.0,129,18.06,36.11,2.78,2.95
2024,Legacy Motor Club,81,1,6,0.0,24.89,1010.0,21310.0,36.0,32,27.22,5.0,38.0,70,1.23,7.41,0.0,0.17
1954,George Miller (Owner),16,6,11,1.0,9.38,,2497.0,350.0,1,14.2,1.0,25.0,13,37.5,68.75,6.25,14.02
1957,Richard Gallup (Owner),1,0,0,0.0,25.0,,,0.0,0,51.0,25.0,25.0,0,0.0,0.0,0.0,
1959,Bob Perry (Owner),3,0,1,0.0,22.33,80.0,519.0,0.0,0,27.67,9.0,41.0,1,0.0,33.33,0.0,0.0
1960,Jess Potter (Owner),38,0,7,0.0,19.39,7038.0,5904.0,0.0,0,23.76,6.0,58.0,22,0.0,18.42,0.0,0.0
1961,Bob Smith (Owner),8,1,4,0.0,13.75,1624.0,792.0,0.0,0,11.17,4.0,27.0,5,12.5,50.0,0.0,0.0
1961,Bill Morton (Owner),5,0,3,0.0,16.0,1592.0,1697.0,0.0,0,23.8,9.0,26.0,4,0.0,60.0,0.0,0.0
1964,Jack Anderson (Owner),39,0,4,0.0,21.9,9718.0,3845.0,0.0,0,21.21,6.0,45.0,9,0.0,10.26,0.0,0.0
1968,Seifert Racing,48,1,9,0.0,18.54,2386.0,9007.0,0.0,0,22.17,5.0,43.0,22,2.08,18.75,0.0,0.0
1968,Giachetti Brothers,7,0,0,0.0,20.57,270.0,1173.0,0.0,0,16.43,12.0,33.0,2,0.0,0.0,0.0,0.0
1975,H Miller Racing,6,0,0,0.0,31.0,420.0,583.0,0.0,0,33.17,24.0,36.0,1,0.0,0.0,0.0,0.0
1975,Neil Castles (Owner),8,0,0,0.0,29.38,599.0,884.0,0.0,0,22.88,18.0,40.0,0,0.0,0.0,0.0,0.0
1977,McGriff Motorsports,2,0,1,0.0,20.5,207.0,120.0,0.0,0,25.0,7.0,34.0,1,0.0,50.0,0.0,0.0
1983,Hylton Engineering,28,0,1,0.0,20.25,2729.0,7491.0,3.0,0,23.64,9.0,32.0,19,0.0,3.57,0.0,0.04
1988,Alan Kulwicki Racing,29,7,9,1.0,19.24,3176.0,8149.0,134.0,9,10.14,1.0,40.0,17,24.14,31.03,3.45,1.64
1993,Junior Johnson & Associates,60,7,17,0.0,18.12,6640.0,17685.0,112.0,15,16.93,2.0,40.0,49,11.67,28.33,0.0,0.63
2003,Wood Brothers Racing,36,4,5,0.0,22.33,3521.0,9874.0,29.0,15,27.17,2.0,43.0,27,11.11,13.89,0.0,0.29
2016,Chip Ganassi Racing,72,12,27,1.0,15.26,1868.0,20469.0,379.0,50,16.08,1.0,40.0,68,16.67,37.5,1.39,1.85
2019,Wood Brothers Racing,36,0,4,0.0,16.56,769.0,10217.0,11.0,24,16.58,6.0,29.0,35,0.0,11.11,0.0,0.11
1949,Bill Appleton (Owner),1,0,0,0.0,14.0,,,0.0,0,6.0,14.0,14.0,0,0.0,0.0,0.0,
1960,Shorty Johns (Owner),2,1,1,0.0,9.5,448.0,665.0,49.0,0,11.5,5.0,14.0,1,50.0,50.0,0.0,7.37
1961,Buzz Woodward (Owner),1,0,1,0.0,7.0,,456.0,0.0,0,11.0,7.0,7.0,1,0.0,100.0,0.0,0.0
1962,Lewis Osborne (Owner),18,1,2,0.0,23.06,3790.0,2086.0,0.0,1,22.0,4.0,42.0,4,5.56,11.11,0.0,0.0
1968,Tom Vandiver (Owner),1,0,0,0.0,22.0,32.0,5.0,0.0,0,19.0,22.0,22.0,0,0.0,0.0,0.0,0.0
1952,B.A. Pless (Owner),17,5,8,2.0,11.65,0.0,2312.0,204.0,3,10.12,1.0,27.0,8,29.41,47.06,11.76,8.82
1956,Adelmo Tiezzi (Owner),4,0,0,0.0,27.75,,236.0,0.0,0,36.0,13.0,39.0,1,0.0,0.0,0.0,0.0
1956,Ted Chester (Owner),7,0,4,0.0,14.71,,1582.0,49.0,0,22.57,7.0,29.0,6,0.0,57.14,0.0,3.1
1958,Roz Howard (Owner),2,0,1,0.0,14.0,,300.0,0.0,0,16.0,7.0,21.0,1,0.0,50.0,0.0,0.0
1961,Curtis Crider (Owner),56,1,3,0.0,19.79,10798.0,7988.0,0.0,0,22.57,5.0,53.0,34,1.79,5.36,0.0,0.0
1964,Jerry Mullins (Owner),3,0,0,0.0,15.0,892.0,1172.0,0.0,0,24.33,11.0,19.0,2,0.0,0.0,0.0,0.0
1967,Lyle Stelter (Owner),10,1,2,0.0,18.4,3710.0,1567.0,35.0,0,14.0,5.0,40.0,2,10.0,20.0,0.0,2.23
1969,Bill Shirey (Owner),1,0,0,0.0,28.0,69.0,82.0,0.0,0,19.0,28.0,28.0,0,0.0,0.0,0.0,0.0
1981,RahMoc Enterprises,27,0,6,0.0,18.67,2102.0,6543.0,16.0,0,17.15,7.0,38.0,17,0.0,22.22,0.0,0.24
1982,Ulrich Racing,53,0,2,0.0,22.92,3302.0,12097.0,2.0,0,27.13,9.0,36.0,26,0.0,3.77,0.0,0.02
1983,Wood Brothers Racing,21,5,12,1.0,14.81,2611.0,5111.0,174.0,6,10.57,1.0,32.0,13,23.81,57.14,4.76,3.4
1983,Beahr Racing Enterprises,5,0,0,0.0,25.4,191.0,1199.0,0.0,0,30.4,18.0,33.0,2,0.0,0.0,0.0,0.0
1987,Stavola Brothers Racing,58,5,17,1.0,17.57,6552.0,14851.0,332.0,13,15.33,1.0,40.0,37,8.62,29.31,1.72,2.24
1997,Rudd Performance Motorsports,32,6,11,2.0,20.63,3330.0,9094.0,72.0,13,20.25,1.0,42.0,25,18.75,34.38,6.25,0.79
2000,Bill Elliott Racing,34,3,7,0.0,21.74,3410.0,9376.0,111.0,13,14.88,3.0,43.0,25,8.82,20.59,0.0,1.18
2017,Richard Childress Racing,108,12,20,2.0,18.03,2159.0,30626.0,63.0,64,19.28,1.0,40.0,96,11.11,18.52,1.85,0.21
2017,Leavine Family Racing,36,1,1,0.0,22.25,542.0,10446.0,10.0,12,23.89,4.0,35.0,34,2.78,2.78,0.0,0.1
1955,Paul Pettit (Owner),2,0,0,0.0,17.5,136.0,50.0,0.0,0,11.0,16.0,19.0,0,0.0,0.0,0.0,0.0
1967,Bailey Racing,3,0,0,0.0,21.33,3482.0,322.0,0.0,0,19.67,15.0,31.0,2,0.0,0.0,0.0,0.0
1967,Ranier-Lundy Racing,4,0,1,0.0,21.25,810.0,589.0,0.0,0,24.5,10.0,33.0,1,0.0,25.0,0.0,0.0
1951,Sosebee Racing,7,3,4,0.0,15.0,,613.0,0.0,0,20.33,2.0,52.0,4,42.86,57.14,0.0,0.0
1953,Neil Roberts (Owner),1,0,0,0.0,15.0,,335.0,0.0,0,32.0,15.0,15.0,1,0.0,0.0,0.0,0.0
1955,Petty Enterprises,41,20,30,6.0,7.85,6838.0,6408.0,769.0,11,8.7,1.0,23.0,32,48.78,73.17,14.63,12.0
1955,Sam McCuthen (Owner),5,1,3,0.0,14.4,1444.0,799.0,2.0,1,8.0,5.0,35.0,2,20.0,60.0,0.0,0.25
1957,Smokey Yunick Racing,28,8,12,3.0,14.86,,4377.0,627.0,7,10.07,1.0,44.0,15,28.57,42.86,10.71,14.32
1961,Bud Moore Engineering,28,15,20,8.0,7.89,21922.0,6839.0,702.0,10,4.75,1.0,28.0,22,53.57,71.43,28.57,10.26
1962,Owens Racing,23,9,12,0.0,14.3,11502.0,3726.0,204.0,5,7.14,2.0,41.0,9,39.13,52.17,0.0,5.48
1965,Gene Hobby (Owner),20,1,2,0.0,16.7,3510.0,2190.0,0.0,0,20.0,4.0,27.0,6,5.0,10.0,0.0,0.0
1971,Smokey Yunick Racing,2,0,0,0.0,16.5,207.0,234.0,3.0,0,7.0,12.0,21.0,0,0.0,0.0,0.0,1.28
1971,Kranzler Racing,3,0,0,0.0,28.33,204.0,215.0,0.0,0,28.67,14.0,48.0,1,0.0,0.0,0.0,0.0
1976,Elder-Ranier,30,10,19,0.0,12.63,3930.0,8182.0,217.0,0,11.57,2.0,34.0,21,33.33,63.33,0.0,2.65
1977,Robbins Racing,3,0,0,0.0,28.67,231.0,230.0,0.0,0,27.67,13.0,38.0,1,0.0,0.0,0.0,0.0
1984,Curb Racing,30,5,13,2.0,15.2,3643.0,8835.0,275.0,3,14.77,1.0,37.0,23,16.67,43.33,6.67,3.11
1989,Linro Motorsports,3,0,0,0.0,30.0,219.0,325.0,0.0,0,36.0,28.0,32.0,0,0.0,0.0,0.0,0.0
2008,Furniture Row Racing,33,0,0,0.0,34.0,2023.0,8364.0,2.0,7,30.76,11.0,43.0,26,0.0,0.0,0.0,0.02
2009,Hall of Fame Racing,36,1,1,0.0,26.53,3035.0,9829.0,14.0,12,29.08,5.0,43.0,31,2.78,2.78,0.0,0.14
2012,Phil Parsons Racing,33,0,0,0.0,38.0,199.0,3077.0,1.0,0,30.06,23.0,43.0,5,0.0,0.0,0.0,0.03
2012,Max Q Motorsports,9,0,0,0.0,40.67,28.0,471.0,0.0,0,36.89,35.0,42.0,1,0.0,0.0,0.0,0.0
2017,Joe Gibbs Racing,144,40,74,8.0,13.41,4331.0,40840.0,3194.0,109,9.98,1.0,40.0,124,27.78,51.39,5.56,7.82
2020,Tommy Baldwin Racing,22,0,0,0.0,33.77,17.0,5429.0,0.0,0,38.18,25.0,39.0,15,0.0,0.0,0.0,0.0
2025,Richard Childress Racing,80,4,16,1.0,20.09,1350.0,21063.0,207.0,51,20.1,1.0,38.0,75,5.0,20.0,1.25,0.98
1952,Fred Dove (Owner),5,0,2,0.0,13.2,,610.0,0.0,0,19.2,9.0,23.0,3,0.0,40.0,0.0,0.0
1978,A.J. Foyt Racing,5,2,2,0.0,22.4,221.0,643.0,0.0,0,6.4,3.0,39.0,2,40.0,40.0,0.0,0.0
1980,Ivan Baldwin Engineering,1,0,0,0.0,37.0,52.0,20.0,0.0,0,33.0,37.0,37.0,0,0.0,0.0,0.0,0.0
1956,Millard Wright (Owner),1,0,0,0.0,16.0,,178.0,0.0,0,15.0,16.0,16.0,1,0.0,0.0,0.0,0.0
1967,Frank Burnett (Owner),1,0,0,0.0,30.0,530.0,60.0,0.0,0,42.0,30.0,30.0,0,0.0,0.0,0.0,0.0
1979,Gilbert Moore (Owner),1,0,0,0.0,17.0,112.0,170.0,0.0,0,39.0,17.0,17.0,1,0.0,0.0,0.0,0.0
1974,Lubinski Racing,5,0,0,0.0,24.0,,688.0,0.0,0,16.2,16.0,29.0,1,0.0,0.0,0.0,0.0
1949,Grady Cole (Owner),1,1,1,0.0,2.0,,,0.0,0,5.0,2.0,2.0,1,100.0,100.0,0.0,
1955,Mellie Bernard (Owner),2,0,0,0.0,35.0,68.0,333.0,0.0,0,37.0,33.0,37.0,1,0.0,0.0,0.0,0.0
1956,Leslie Carr (Owner),1,0,0,0.0,33.0,,43.0,0.0,0,30.0,33.0,33.0,0,0.0,0.0,0.0,0.0
1958,Bob Fish (Owner),1,0,1,0.0,9.0,340.0,37.0,0.0,0,7.0,9.0,9.0,1,0.0,100.0,0.0,0.0
1968,Ellington Racing,3,0,0,0.0,27.33,222.0,494.0,0.0,0,26.0,17.0,34.0,1,0.0,0.0,0.0,0.0
1975,J Rogers Racing,1,0,0,0.0,14.0,0.0,370.0,0.0,0,19.0,14.0,14.0,1,0.0,0.0,0.0,0.0
1979,Jim Norris (Owner),3,0,0,0.0,31.67,128.0,192.0,0.0,0,32.0,29.0,36.0,0,0.0,0.0,0.0,0.0
1954,Claude Alexander (Owner),1,0,0,0.0,17.0,,36.0,0.0,0,12.0,17.0,17.0,1,0.0,0.0,0.0,0.0
1964,Jack Alger (Owner),1,0,0,0.0,31.0,100.0,79.0,0.0,0,23.0,31.0,31.0,0,0.0,0.0,0.0,0.0
1978,Emerson Racing,1,0,0,0.0,41.0,40.0,1.0,0.0,0,20.0,41.0,41.0,0,0.0,0.0,0.0,0.0
1979,Billie Harvey (Owner),4,0,0,0.0,31.75,116.0,216.0,0.0,0,23.75,16.0,41.0,1,0.0,0.0,0.0,0.0
1986,Barkdoll Motorsports,2,0,0,0.0,30.5,84.0,249.0,3.0,0,29.5,28.0,33.0,0,0.0,0.0,0.0,1.2
1979,Schmitt Racing,3,1,1,0.0,17.33,342.0,325.0,0.0,0,10.67,4.0,30.0,2,33.33,33.33,0.0,0.0
1964,Vel Miletich (Owner),1,0,1,0.0,7.0,2000.0,179.0,0.0,0,31.0,7.0,7.0,1,0.0,100.0,0.0,0.0
1980,Dion Racing,4,0,1,0.0,17.75,441.0,1075.0,0.0,0,26.0,9.0,31.0,3,0.0,25.0,0.0,0.0
1974,Bray Racing,4,0,0,0.0,30.75,,388.0,0.0,0,34.0,21.0,35.0,0,0.0,0.0,0.0,0.0
1985,HL Waters (Owner),2,0,0,0.0,38.5,95.0,71.0,0.0,0,32.0,37.0,40.0,0,0.0,0.0,0.0,0.0
1971,Arrington Racing,1,0,0,0.0,14.0,0.0,472.0,0.0,0,21.0,14.0,14.0,1,0.0,0.0,0.0,0.0
1972,Paul Burchard (Owner),2,0,1,0.0,18.5,130.0,320.0,0.0,0,32.5,7.0,30.0,2,0.0,50.0,0.0,0.0
1972,Friday Hassler (Owner),1,0,1,0.0,9.0,84.0,137.0,0.0,0,7.0,9.0,9.0,1,0.0,100.0,0.0,0.0
1972,Blank & Kalashian,5,1,1,0.0,22.6,160.0,801.0,6.0,0,22.8,5.0,36.0,2,20.0,20.0,0.0,0.75
1974,Hill Racing,1,0,0,0.0,13.0,,189.0,0.0,0,33.0,13.0,13.0,1,0.0,0.0,0.0,0.0
2010,Keyed-up Motorsports,2,0,0,0.0,29.0,152.0,860.0,0.0,0,34.5,28.0,30.0,2,0.0,0.0,0.0,0.0
1986,Beahr Racing Enterprises,4,0,0,0.0,35.75,171.0,150.0,0.0,0,31.75,30.0,38.0,0,0.0,0.0,0.0,0.0
1971,Pistone Racing,3,0,1,0.0,22.33,132.0,245.0,0.0,0,19.67,7.0,40.0,2,0.0,33.33,0.0,0.0
1977,Hiram Handy (Owner),5,0,0,0.0,23.4,464.0,1129.0,0.0,0,30.8,17.0,25.0,2,0.0,0.0,0.0,0.0
1953,R.W. Douglass (Owner),1,0,0,0.0,24.0,,33.0,0.0,0,37.0,24.0,24.0,1,0.0,0.0,0.0,0.0
1963,Floyd Powell (Owner),3,2,3,0.0,5.0,1084.0,548.0,0.0,1,11.0,4.0,7.0,3,66.67,100.0,0.0,0.0
1980,McClure Motors,1,0,0,0.0,28.0,79.0,134.0,0.0,0,21.0,28.0,28.0,0,0.0,0.0,0.0,0.0
1971,Norris Reed (Owner),1,0,1,0.0,7.0,47.0,474.0,0.0,0,17.0,7.0,7.0,1,0.0,100.0,0.0,0.0
1992,Stan Hover Motorsports,1,0,0,0.0,31.0,70.0,371.0,0.0,0,36.0,31.0,31.0,0,0.0,0.0,0.0,0.0
1958,Ward Towers (Owner),1,0,0,0.0,16.0,220.0,34.0,0.0,0,40.0,16.0,16.0,1,0.0,0.0,0.0,0.0
1976,Greg Hamson (Owner),1,0,0,0.0,32.0,67.0,26.0,0.0,0,20.0,32.0,32.0,0,0.0,0.0,0.0,0.0
1977,C & M Racing,2,0,1,0.0,23.5,186.0,152.0,0.0,0,24.5,10.0,37.0,1,0.0,50.0,0.0,0.0
1981,Morgan-McClure,1,0,0,0.0,32.0,67.0,111.0,0.0,0,38.0,32.0,32.0,0,0.0,0.0,0.0,0.0
1988,Stoke Racing,2,0,0,0.0,31.0,145.0,120.0,3.0,0,29.5,23.0,39.0,1,0.0,0.0,0.0,2.5
1989,Arrington Racing,1,0,0,0.0,17.0,112.0,488.0,0.0,0,28.0,17.0,17.0,1,0.0,0.0,0.0,0.0
1962,Fred Wheat (Owner),1,0,0,0.0,44.0,90.0,6.0,0.0,0,37.0,44.0,44.0,0,0.0,0.0,0.0,0.0
1967,Coz Concilla (Owner),1,0,0,0.0,23.0,1060.0,92.0,0.0,0,38.0,23.0,23.0,0,0.0,0.0,0.0,0.0
1972,Dick Gulstrand (Owner),1,0,0,0.0,32.0,38.0,28.0,0.0,0,21.0,32.0,32.0,0,0.0,0.0,0.0,0.0
1974,Finney Racing,1,0,0,0.0,31.0,,100.0,0.0,0,45.0,31.0,31.0,0,0.0,0.0,0.0,0.0
1974,Ken Friez (Owner),1,0,0,0.0,13.0,,315.0,0.0,0,26.0,13.0,13.0,1,0.0,0.0,0.0,0.0
1975,Fritz Racing,1,0,0,0.0,33.0,64.0,10.0,0.0,0,29.0,33.0,33.0,0,0.0,0.0,0.0,0.0
1987,Pearson Racing,4,0,1,0.0,21.75,401.0,1162.0,1.0,0,22.75,6.0,31.0,1,0.0,25.0,0.0,0.09
1987,Reno Racing,3,0,1,0.0,23.33,287.0,420.0,1.0,0,28.67,8.0,33.0,1,0.0,33.33,0.0,0.24
1969,C.J. Grana (Owner),1,0,0,0.0,17.0,102.0,162.0,0.0,0,19.0,17.0,17.0,1,0.0,0.0,0.0,0.0
1984,Buck Baker Racing,3,0,0,0.0,30.0,219.0,553.0,0.0,0,34.0,24.0,39.0,1,0.0,0.0,0.0,0.0
2008,BAM Racing,3,0,0,0.0,33.0,192.0,1154.0,0.0,1,22.33,21.0,41.0,3,0.0,0.0,0.0,0.0
1977,Johnny Ray (Owner),3,0,0,0.0,39.67,49.0,104.0,0.0,0,33.0,38.0,41.0,0,0.0,0.0,0.0,0.0
1980,Robbins Racing,2,0,0,0.0,23.0,64.0,227.0,0.0,0,36.5,13.0,33.0,1,0.0,0.0,0.0,0.0
1964,Louis Clements (Owner),1,0,0,0.0,26.0,100.0,17.0,0.0,0,13.0,26.0,26.0,0,0.0,0.0,0.0,0.0
1967,Kyle Gibson (Owner),1,0,0,0.0,40.0,106.0,13.0,0.0,0,28.0,40.0,40.0,0,0.0,0.0,0.0,0.0
1975,C & M Racing,1,0,0,0.0,25.0,88.0,63.0,0.0,0,34.0,25.0,25.0,0,0.0,0.0,0.0,0.0
1994,ppc Racing,2,0,0,0.0,23.5,190.0,517.0,1.0,0,24.0,18.0,29.0,2,0.0,0.0,0.0,0.19
1971,Johnny Steele (Owner),1,0,0,0.0,37.0,42.0,79.0,0.0,0,48.0,37.0,37.0,0,0.0,0.0,0.0,0.0
1981,Thonesen Racing,1,0,0,0.0,22.0,97.0,110.0,0.0,0,40.0,22.0,22.0,1,0.0,0.0,0.0,0.0
1951,Russ Lou (Owner),5,1,1,0.0,20.2,,363.0,0.0,0,28.0,2.0,32.0,1,20.0,20.0,0.0,0.0
1956,Al Liberty (Owner),2,0,0,0.0,27.5,,230.0,0.0,0,27.0,23.0,32.0,1,0.0,0.0,0.0,0.0
1956,Beryl Jackson (Owner),3,1,1,0.0,13.33,,780.0,0.0,0,22.5,5.0,18.0,2,33.33,33.33,0.0,0.0
1973,Larson Racing,2,0,0,0.0,34.0,0.0,109.0,0.0,0,34.0,32.0,36.0,0,0.0,0.0,0.0,0.0
1984,Beahr Racing Enterprises,3,0,0,0.0,21.0,300.0,1174.0,0.0,0,35.33,16.0,28.0,2,0.0,0.0,0.0,0.0
1985,Pearson Racing,4,0,0,0.0,37.75,199.0,203.0,0.0,0,6.0,35.0,40.0,0,0.0,0.0,0.0,0.0
1949,Ed Hastings (Owner),4,2,3,0.0,6.75,,713.0,0.0,1,5.0,2.0,15.0,2,50.0,75.0,0.0,0.0
1964,Al Self (Owner),1,0,0,0.0,43.0,100.0,9.0,0.0,0,43.0,43.0,43.0,0,0.0,0.0,0.0,0.0
1980,Oswald Racing,5,0,0,0.0,26.6,416.0,1027.0,0.0,0,30.0,20.0,38.0,2,0.0,0.0,0.0,0.0
1974,Rush & Associates,5,0,1,0.0,22.2,,1142.0,0.0,0,25.8,8.0,40.0,4,0.0,20.0,0.0,0.0
1985,Sims Brothers Racing,7,0,0,0.0,23.71,643.0,1255.0,0.0,0,23.71,12.0,34.0,3,0.0,0.0,0.0,0.0
1952,Paul Pettit (Owner),3,0,0,0.0,22.67,,198.0,0.0,0,22.33,15.0,31.0,1,0.0,0.0,0.0,0.0
1958,Bill Blair (Owner),1,0,0,0.0,11.0,,104.0,0.0,0,26.0,11.0,11.0,1,0.0,0.0,0.0,0.0
1979,A.J. Kurten (Owner),2,0,0,0.0,26.5,167.0,176.0,0.0,0,23.0,21.0,32.0,1,0.0,0.0,0.0,0.0
1981,Sandy Satullo (Owner),2,0,0,0.0,35.0,70.0,109.0,0.0,0,38.5,31.0,39.0,0,0.0,0.0,0.0,0.0
1973,Bailey Racing,2,0,0,0.0,25.0,104.0,243.0,0.0,0,25.0,11.0,39.0,1,0.0,0.0,0.0,0.0
1975,Butch Hawkersmith (Owner),2,0,1,0.0,9.0,277.0,790.0,0.0,0,18.0,6.0,12.0,2,0.0,50.0,0.0,0.0
1977,Goffco,1,0,0,0.0,36.0,55.0,38.0,0.0,0,38.0,36.0,36.0,0,0.0,0.0,0.0,0.0
1979,Richard Peralta (Owner),1,0,0,0.0,15.0,118.0,85.0,0.0,0,33.0,15.0,15.0,1,0.0,0.0,0.0,0.0
1987,Edwards Racing,2,0,0,0.0,36.0,110.0,226.0,0.0,0,38.0,35.0,37.0,0,0.0,0.0,0.0,0.0
1990,Barkdoll Motorsports,4,0,0,0.0,33.75,247.0,303.0,0.0,0,30.75,30.0,39.0,0,0.0,0.0,0.0,0.0
1998,Sadler Racing,1,0,0,0.0,29.0,76.0,198.0,0.0,0,18.0,29.0,29.0,1,0.0,0.0,0.0,0.0
1964,Speedy Spiers (Owner),1,0,0,0.0,18.0,128.0,35.0,0.0,0,9.0,18.0,18.0,0,0.0,0.0,0.0,0.0
1969,Otis Patton (Owner),1,0,0,0.0,25.0,78.0,157.0,0.0,0,38.0,25.0,25.0,1,0.0,0.0,0.0,0.0
1979,Mike White (Owner),3,0,0,0.0,25.0,264.0,234.0,0.0,0,30.67,16.0,30.0,2,0.0,0.0,0.0,0.0
1988,Hess Racing,1,0,0,0.0,20.0,103.0,472.0,0.0,0,36.0,20.0,20.0,1,0.0,0.0,0.0,0.0
1957,Jim Blomgren (Owner),2,1,1,0.0,11.5,,183.0,0.0,0,15.0,5.0,18.0,1,50.0,50.0,0.0,0.0
1965,Don Hume (Owner),3,0,0,0.0,27.33,1296.0,494.0,0.0,0,35.33,18.0,40.0,1,0.0,0.0,0.0,0.0
1971,Harold Furr (Owner),7,0,0,0.0,29.86,280.0,888.0,0.0,0,20.57,16.0,44.0,0,0.0,0.0,0.0,0.0
1978,Charles Dean (Owner),4,0,0,0.0,31.5,274.0,307.0,0.0,0,31.25,20.0,40.0,1,0.0,0.0,0.0,0.0
1979,Al Holbert (Owner),6,0,1,0.0,26.0,402.0,938.0,5.0,0,15.0,8.0,38.0,2,0.0,16.67,0.0,0.53
1977,Larry LeMay (Owner),1,0,0,0.0,24.0,91.0,252.0,0.0,0,17.0,24.0,24.0,1,0.0,0.0,0.0,0.0
1984,Stoke Racing,2,0,0,0.0,32.5,131.0,121.0,0.0,0,35.5,32.0,33.0,0,0.0,0.0,0.0,0.0
1949,Jim Paschal (Owner),1,0,0,0.0,23.0,,,0.0,0,,23.0,23.0,0,0.0,0.0,0.0,
1977,Marcis Auto Racing,2,0,0,0.0,20.5,208.0,755.0,2.0,0,7.0,20.0,21.0,2,0.0,0.0,0.0,0.26
1972,Ernie Conn (Owner),3,0,0,0.0,28.67,134.0,228.0,0.0,0,20.33,12.0,38.0,1,0.0,0.0,0.0,0.0
1981,John Childs (Owner),2,0,1,0.0,17.5,150.0,487.0,0.0,0,25.0,6.0,29.0,1,0.0,50.0,0.0,0.0
1982,Smokey Yunick Racing,1,0,0,0.0,14.0,121.0,113.0,0.0,0,37.0,14.0,14.0,1,0.0,0.0,0.0,0.0
1961,Jim McNeil (Owner),2,0,0,0.0,28.5,24.0,16.0,0.0,0,24.5,22.0,35.0,0,0.0,0.0,0.0,0.0
1989,McGriff Motorsports,1,0,0,0.0,14.0,0.0,74.0,0.0,1,31.0,14.0,14.0,1,0.0,0.0,0.0,0.0
1979,Borneman Motorsports,2,0,0,0.0,25.0,176.0,96.0,0.0,0,24.0,20.0,30.0,0,0.0,0.0,0.0,0.0
1987,Tri-Sack Racing,1,0,0,0.0,34.0,61.0,204.0,0.0,0,32.0,34.0,34.0,0,0.0,0.0,0.0,0.0
1990,Phoenix Racing,4,0,0,0.0,34.5,238.0,653.0,0.0,0,27.5,31.0,38.0,0,0.0,0.0,0.0,0.0
1994,Marvin Petty (Owner),1,0,0,0.0,41.0,40.0,73.0,0.0,0,35.0,41.0,41.0,0,0.0,0.0,0.0,0.0
1985,Bob Johnson (Owner),1,0,0,0.0,14.0,0.0,319.0,0.0,0,16.0,14.0,14.0,1,0.0,0.0,0.0,0.0
1974,Bierschwale Racing,3,0,0,0.0,27.67,,304.0,1.0,0,33.33,20.0,39.0,1,0.0,0.0,0.0,0.33
1976,McGriff Motorsports,2,0,0,0.0,31.0,73.0,179.0,0.0,0,20.5,30.0,32.0,0,0.0,0.0,0.0,0.0
1982,Duffie Racing,5,0,0,0.0,18.2,542.0,1166.0,0.0,0,35.4,16.0,23.0,5,0.0,0.0,0.0,0.0
1992,Barry Owen Racing,2,0,0,0.0,23.5,185.0,791.0,0.0,0,36.0,20.0,27.0,2,0.0,0.0,0.0,0.0
1953,Wood Brothers Racing,2,0,0,0.0,25.0,,274.0,0.0,0,,20.0,30.0,0,0.0,0.0,0.0,0.0
1956,Peck Peckham (Owner),3,0,0,0.0,36.67,0.0,324.0,0.0,0,55.0,13.0,67.0,2,0.0,0.0,0.0,0.0
1970,Kranzler Racing,1,0,0,0.0,18.0,99.0,148.0,0.0,0,28.0,18.0,18.0,1,0.0,0.0,0.0,0.0
1971,Ernie Shaw (Owner),2,0,1,0.0,15.0,142.0,578.0,0.0,0,25.0,8.0,22.0,1,0.0,50.0,0.0,0.0
1986,Gordon Chilson,1,0,0,0.0,26.0,85.0,84.0,0.0,0,28.0,26.0,26.0,1,0.0,0.0,0.0,0.0
1949,Clarence Benton (Owner),1,0,0,0.0,31.0,,,0.0,0,,31.0,31.0,0,0.0,0.0,0.0,
1973,Strong Racing,2,0,0,0.0,28.0,92.0,457.0,0.0,0,33.5,20.0,36.0,0,0.0,0.0,0.0,0.0
1974,George England (Owner),3,0,0,0.0,27.33,,184.0,0.0,0,30.33,26.0,29.0,0,0.0,0.0,0.0,0.0
1999,Roehrig Racing,2,0,0,0.0,30.5,143.0,373.0,0.0,0,17.0,28.0,33.0,2,0.0,0.0,0.0,0.0
1976,Howard & Egerton Racing,1,0,1,0.0,6.0,0.0,473.0,0.0,0,13.0,6.0,6.0,1,0.0,100.0,0.0,0.0
1986,Zanworth Racing Team,3,0,0,0.0,25.0,264.0,807.0,0.0,0,27.33,22.0,30.0,2,0.0,0.0,0.0,0.0
1971,Junior Johnson & Associates,4,1,3,0.0,12.5,98.0,778.0,26.0,1,12.5,4.0,34.0,2,25.0,75.0,0.0,3.34
1976,Marquardt Racing,2,0,0,0.0,25.5,173.0,227.0,0.0,0,33.5,20.0,31.0,0,0.0,0.0,0.0,0.0
1980,Wellrich Motorsports,1,0,0,0.0,28.0,79.0,149.0,0.0,0,34.0,28.0,28.0,1,0.0,0.0,0.0,0.0
1956,Rat Garner (Owner),2,0,0,0.0,14.5,,657.0,0.0,0,23.5,14.0,15.0,1,0.0,0.0,0.0,0.0
1959,Elmo Henderson (Owner),1,0,0,0.0,22.0,112.0,160.0,0.0,0,12.0,22.0,22.0,0,0.0,0.0,0.0,0.0
1971,Leonard Blanchard (Owner),1,0,0,0.0,16.0,35.0,46.0,0.0,0,23.0,16.0,16.0,1,0.0,0.0,0.0,0.0
1981,Scott Smith Racing,3,0,0,0.0,21.0,300.0,346.0,0.0,0,12.33,14.0,35.0,2,0.0,0.0,0.0,0.0
1952,Sally Guide (Owner),2,0,0,0.0,52.0,,200.0,0.0,0,36.0,46.0,58.0,1,0.0,0.0,0.0,0.0
1975,Ernie Conn (Owner),2,0,0,0.0,35.0,116.0,9.0,0.0,0,17.0,35.0,35.0,0,0.0,0.0,0.0,0.0
1979,Ogden Racing,3,0,0,0.0,31.67,0.0,473.0,0.0,0,27.67,28.0,37.0,0,0.0,0.0,0.0,0.0
1952,David Ezell (Owner),1,1,1,0.0,3.0,,153.0,0.0,0,6.0,3.0,3.0,1,100.0,100.0,0.0,0.0
1957,Bob Weatherly (Owner),1,0,0,0.0,42.0,,31.0,0.0,0,44.0,42.0,42.0,0,0.0,0.0,0.0,0.0
1962,Tom Hawkins (Owner),2,0,0,0.0,29.0,232.0,77.0,0.0,0,29.5,19.0,39.0,1,0.0,0.0,0.0,0.0
1978,,7,0,2,0.0,21.57,523.0,1018.0,1.0,0,24.0,9.0,37.0,4,0.0,28.57,0.0,0.1
1971,Wawak Racing,2,0,0,0.0,19.5,93.0,615.0,0.0,0,42.0,19.0,20.0,1,0.0,0.0,0.0,0.0
1980,John Kieper (Owner),2,0,0,0.0,25.0,94.0,278.0,0.0,0,23.5,23.0,27.0,0,0.0,0.0,0.0,0.0
1982,Fred Correa (Owner),1,0,0,0.0,37.0,52.0,40.0,0.0,0,41.0,37.0,37.0,0,0.0,0.0,0.0,0.0
1986,Laws Racing,2,0,0,0.0,27.5,161.0,422.0,0.0,0,34.5,24.0,31.0,1,0.0,0.0,0.0,0.0
1990,Smith Racing,1,0,0,0.0,37.0,52.0,130.0,0.0,0,40.0,37.0,37.0,0,0.0,0.0,0.0,0.0
2007,No Fear Racing,3,0,1,0.0,16.67,346.0,503.0,1.0,2,12.67,9.0,27.0,3,0.0,33.33,0.0,0.2
1950,Tommy Coates (Owner),1,0,0,0.0,14.0,,,0.0,0,,14.0,14.0,0,0.0,0.0,0.0,
1952,Pat Kirkwood (Owner),4,2,2,0.0,11.75,,764.0,0.0,1,13.0,3.0,20.0,3,50.0,50.0,0.0,0.0
1952,Bruce Root (Owner),1,0,0,0.0,19.0,,26.0,0.0,0,18.0,19.0,19.0,0,0.0,0.0,0.0,0.0
1974,Hugh Pearson (Owner),2,0,0,0.0,28.0,,116.0,0.0,0,24.0,19.0,37.0,0,0.0,0.0,0.0,0.0
1983,John Kieper (Owner),1,0,0,0.0,35.0,58.0,37.0,0.0,0,13.0,35.0,35.0,0,0.0,0.0,0.0,0.0
1993,Woodland Racing,1,0,0,0.0,38.0,49.0,114.0,0.0,0,39.0,38.0,38.0,0,0.0,0.0,0.0,0.0
1974,Hansen Racing,3,0,0,0.0,29.67,,221.0,0.0,0,34.67,25.0,38.0,1,0.0,0.0,0.0,0.0
1981,Behn's Enterprises,1,0,0,0.0,16.0,115.0,86.0,0.0,0,27.0,16.0,16.0,1,0.0,0.0,0.0,0.0
1998,Barkdoll Motorsports,1,0,0,0.0,23.0,94.0,199.0,0.0,0,23.0,23.0,23.0,1,0.0,0.0,0.0,0.0
1949,Jimmie Lewallen (Owner),1,0,0,0.0,16.0,,,0.0,0,,16.0,16.0,0,0.0,0.0,0.0,
1960,Lyle Stelter (Owner),2,0,0,0.0,20.0,80.0,130.0,0.0,0,20.0,16.0,24.0,1,0.0,0.0,0.0,0.0
1975,Larson Racing,1,0,0,0.0,32.0,0.0,36.0,0.0,0,23.0,32.0,32.0,0,0.0,0.0,0.0,0.0
1984,Lain Racing,4,0,0,0.0,31.5,215.0,595.0,1.0,0,32.5,25.0,39.0,0,0.0,0.0,0.0,0.17
1974,Newsom Racing,3,0,0,0.0,16.67,,848.0,0.0,0,28.33,14.0,22.0,1,0.0,0.0,0.0,0.0
1974,Jerry Davis (Owner),1,0,0,0.0,28.0,,96.0,0.0,0,34.0,28.0,28.0,0,0.0,0.0,0.0,0.0
1976,Trent Francis (Owner),1,0,0,0.0,28.0,79.0,125.0,0.0,0,35.0,28.0,28.0,0,0.0,0.0,0.0,0.0
1979,JD Johnson Racing,2,0,1,0.0,11.5,258.0,791.0,0.0,0,31.5,10.0,13.0,2,0.0,50.0,0.0,0.0
1981,Waterman Racing,3,0,1,0.0,16.0,351.0,301.0,1.0,0,29.0,10.0,23.0,2,0.0,33.33,0.0,0.33
1966,Robert Harper (Owner),2,0,1,0.0,18.0,2384.0,664.0,0.0,0,33.0,9.0,27.0,1,0.0,50.0,0.0,0.0
1979,Don Noel (Owner),1,0,0,0.0,31.0,70.0,15.0,0.0,0,29.0,31.0,31.0,0,0.0,0.0,0.0,0.0
1989,Allan Grice Racing,1,0,0,0.0,34.0,61.0,294.0,0.0,0,32.0,34.0,34.0,0,0.0,0.0,0.0,0.0
1955,Bob Beck (Owner),1,0,0,0.0,24.0,0.0,65.0,0.0,0,29.0,24.0,24.0,1,0.0,0.0,0.0,0.0
1956,Joe George (Owner),1,0,0,0.0,27.0,,21.0,0.0,0,18.0,27.0,27.0,0,0.0,0.0,0.0,0.0
1956,Mario Rossi (Owner),1,0,0,0.0,31.0,,97.0,0.0,0,24.0,31.0,31.0,0,0.0,0.0,0.0,0.0
1959,Max Berrier (Owner),2,0,0,0.0,17.5,,214.0,0.0,0,15.0,17.0,18.0,0,0.0,0.0,0.0,0.0
1980,DuWayne Wahl (Owner),1,0,0,0.0,25.0,88.0,88.0,0.0,0,23.0,25.0,25.0,1,0.0,0.0,0.0,0.0
1987,Barkdoll Motorsports,1,0,0,0.0,35.0,58.0,27.0,0.0,0,37.0,35.0,35.0,0,0.0,0.0,0.0,0.0
2005,Zero Four Motorsports,4,0,0,0.0,42.5,142.0,72.0,0.0,0,37.25,41.0,43.0,0,0.0,0.0,0.0,0.0
1985,Goffco,1,0,0,0.0,18.0,109.0,167.0,0.0,0,39.0,18.0,18.0,1,0.0,0.0,0.0,0.0
1983,Edgett Racing,1,0,0,0.0,36.0,55.0,36.0,0.0,0,14.0,36.0,36.0,0,0.0,0.0,0.0,0.0
1952,Barney Smith (Owner),3,0,2,0.0,9.33,,647.0,0.0,0,10.67,6.0,12.0,3,0.0,66.67,0.0,0.0
1957,Billy Rafter (Owner),2,0,0,0.0,18.0,,172.0,0.0,0,17.0,13.0,23.0,0,0.0,0.0,0.0,0.0
1957,Marvin Porter (Owner),2,2,2,1.0,1.5,,216.0,1.0,2,11.0,1.0,2.0,2,100.0,100.0,50.0,0.46
1964,Dick Niles (Owner),1,1,1,0.0,4.0,2300.0,181.0,0.0,0,10.0,4.0,4.0,1,100.0,100.0,0.0,0.0
1984,Elliott Racing,1,0,0,0.0,27.0,82.0,203.0,0.0,0,30.0,27.0,27.0,0,0.0,0.0,0.0,0.0
1971,Robert Koehler (Owner),1,0,0,0.0,28.0,69.0,163.0,1.0,0,13.0,28.0,28.0,1,0.0,0.0,0.0,0.61
1962,Roy Burdick (Owner),2,0,1,0.0,21.0,424.0,95.0,0.0,1,12.0,7.0,35.0,1,0.0,50.0,0.0,0.0
1970,Robert Brown (Owner),1,0,0,0.0,17.0,0.0,267.0,0.0,0,31.0,17.0,17.0,1,0.0,0.0,0.0,0.0
1983,B & B Racing,3,0,0,0.0,28.67,231.0,524.0,0.0,0,37.0,26.0,34.0,1,0.0,0.0,0.0,0.0
1986,Robert Harrington (Owner),5,0,0,0.0,26.6,421.0,909.0,4.0,0,22.6,16.0,37.0,1,0.0,0.0,0.0,0.44
1953,Sam DiRusso (Owner),2,0,1,0.0,18.0,,213.0,0.0,0,38.0,10.0,26.0,2,0.0,50.0,0.0,0.0
1953,Ted Lee (Owner),4,0,0,0.0,23.0,,294.0,0.0,0,55.0,13.0,37.0,1,0.0,0.0,0.0,0.0
1984,Jefferson Racing,3,0,0,0.0,20.67,185.0,370.0,0.0,0,36.0,15.0,29.0,2,0.0,0.0,0.0,0.0
1956,Harvey Eakin (Owner),2,0,0,0.0,22.5,,278.0,0.0,0,37.0,21.0,24.0,0,0.0,0.0,0.0,0.0
1958,Jim Rathmann (Owner),1,0,0,0.0,36.0,20.0,17.0,0.0,0,19.0,36.0,36.0,0,0.0,0.0,0.0,0.0
1964,Carl Dane (Owner),1,0,0,0.0,41.0,100.0,9.0,0.0,0,28.0,41.0,41.0,0,0.0,0.0,0.0,0.0
1988,Hamby Racing,4,0,0,0.0,27.0,231.0,1109.0,0.0,0,36.0,22.0,33.0,3,0.0,0.0,0.0,0.0
1953,McGriff Motorsports,2,0,0,0.0,16.5,,274.0,101.0,0,6.0,14.0,19.0,0,0.0,0.0,0.0,36.86
1972,Allan Brown (Owner),2,0,0,0.0,21.0,120.0,324.0,0.0,0,16.5,21.0,21.0,0,0.0,0.0,0.0,0.0
1976,John Irvan (Owner),1,0,0,0.0,28.0,79.0,39.0,0.0,0,30.0,28.0,28.0,0,0.0,0.0,0.0,0.0
1978,Danny Queen (Owner),1,0,0,0.0,32.0,0.0,52.0,0.0,0,34.0,32.0,32.0,0,0.0,0.0,0.0,0.0
1969,Roy Hallquist (Owner),3,0,0,0.0,22.0,147.0,260.0,0.0,0,24.67,20.0,24.0,0,0.0,0.0,0.0,0.0
1982,Jim Lee (Owner),2,0,0,0.0,28.5,155.0,125.0,0.0,0,32.0,23.0,34.0,1,0.0,0.0,0.0,0.0
1997,Golden West Motorsports,1,0,0,0.0,33.0,64.0,69.0,0.0,0,43.0,33.0,33.0,1,0.0,0.0,0.0,0.0
1954,Matt Gowan (Owner),1,0,0,0.0,17.0,,53.0,0.0,0,,17.0,17.0,0,0.0,0.0,0.0,0.0
1973,Allan Brown (Owner),2,0,0,0.0,26.0,100.0,353.0,0.0,0,28.0,19.0,33.0,1,0.0,0.0,0.0,0.0
1985,Mueller Brothers Racing,3,0,0,0.0,24.67,267.0,565.0,0.0,0,34.67,20.0,31.0,2,0.0,0.0,0.0,0.0
1969,Wawak Racing,1,0,0,0.0,31.0,60.0,74.0,0.0,0,36.0,31.0,31.0,0,0.0,0.0,0.0,0.0
1974,Brooks Racing,16,0,3,0.0,21.81,,2951.0,1.0,0,17.75,7.0,36.0,3,0.0,18.75,0.0,0.03
1982,Miller Brothers,1,0,0,0.0,29.0,76.0,91.0,0.0,0,26.0,29.0,29.0,1,0.0,0.0,0.0,0.0
1984,Lee & Humphries,2,0,0,0.0,27.0,164.0,170.0,0.0,0,23.5,27.0,27.0,2,0.0,0.0,0.0,0.0
1990,Parker Racing,2,0,0,0.0,38.5,95.0,121.0,0.0,0,35.5,38.0,39.0,0,0.0,0.0,0.0,0.0
1997,Sadler Racing,3,0,0,0.0,26.0,255.0,1119.0,0.0,0,27.0,23.0,28.0,2,0.0,0.0,0.0,0.0
1953,Mason Darnell (Owner),2,0,1,0.0,19.5,,33.0,0.0,0,28.0,10.0,29.0,1,0.0,50.0,0.0,0.0
1953,G.A. Faver (Owner),1,0,0,0.0,26.0,,12.0,0.0,0,,26.0,26.0,0,0.0,0.0,0.0,0.0
1956,Robert McReynolds (Owner),1,0,0,0.0,30.0,,327.0,0.0,0,33.0,30.0,30.0,1,0.0,0.0,0.0,0.0
1973,Allan Brooke (Owner),3,0,0,0.0,28.67,134.0,335.0,0.0,0,29.33,14.0,39.0,0,0.0,0.0,0.0,0.0
1974,Vandiver Racing,7,0,1,0.0,24.71,,1061.0,1.0,0,18.14,8.0,39.0,2,0.0,14.29,0.0,0.09
1984,Terry Schoonover (Owner),2,0,0,0.0,27.5,61.0,543.0,0.0,0,37.5,21.0,34.0,0,0.0,0.0,0.0,0.0
1984,Potter Racing,1,0,0,0.0,40.0,0.0,9.0,0.0,0,40.0,40.0,40.0,0,0.0,0.0,0.0,0.0
1955,Sonny Black (Owner),1,0,0,0.0,13.0,104.0,181.0,0.0,0,14.0,13.0,13.0,1,0.0,0.0,0.0,0.0
1972,Thomas Hynes (Owner),3,0,0,0.0,28.0,138.0,587.0,0.0,0,25.0,23.0,31.0,1,0.0,0.0,0.0,0.0
1979,Satterfield Racing,4,0,0,0.0,28.5,310.0,262.0,0.0,0,31.25,24.0,34.0,0,0.0,0.0,0.0,0.0
1983,Robert Palmer (Owner),1,0,0,0.0,36.0,55.0,23.0,0.0,0,16.0,36.0,36.0,0,0.0,0.0,0.0,0.0
1991,Brooks Racing,1,0,0,0.0,39.0,46.0,11.0,0.0,0,40.0,39.0,39.0,0,0.0,0.0,0.0,0.0
1979,Sosebee Racing,3,0,0,0.0,29.33,146.0,547.0,0.0,0,36.67,27.0,33.0,0,0.0,0.0,0.0,0.0
1984,Miller Brothers,2,0,0,0.0,34.5,119.0,98.0,0.0,0,23.0,33.0,36.0,0,0.0,0.0,0.0,0.0
1951,Ed Saverance (Owner),2,2,2,0.0,3.5,,587.0,0.0,1,5.5,2.0,5.0,2,100.0,100.0,0.0,0.0
1952,Grady Quinn (Owner),1,0,0,0.0,51.0,,,0.0,0,25.0,51.0,51.0,0,0.0,0.0,0.0,
1986,Holden Racing,1,0,0,0.0,30.0,0.0,100.0,0.0,0,37.0,30.0,30.0,0,0.0,0.0,0.0,0.0
1972,Don Noel (Owner),2,0,0,0.0,32.0,76.0,159.0,0.0,0,18.5,16.0,48.0,1,0.0,0.0,0.0,0.0
1953,Wayne Niedecken (Owner),1,0,0,0.0,12.0,,,0.0,0,,12.0,12.0,0,0.0,0.0,0.0,
1960,Ernie Gahan (Owner),2,0,0,0.0,14.0,2080.0,818.0,0.0,0,40.5,13.0,15.0,1,0.0,0.0,0.0,0.0
1961,Buzz McCann (Owner),1,0,0,0.0,33.0,10.0,1.0,0.0,0,17.0,33.0,33.0,1,0.0,0.0,0.0,0.0
1975,Goffco,5,0,0,0.0,28.4,389.0,1052.0,0.0,0,31.4,23.0,37.0,1,0.0,0.0,0.0,0.0
1987,Gary Smith (Owner),2,0,0,0.0,27.0,164.0,101.0,0.0,0,25.0,12.0,42.0,1,0.0,0.0,0.0,0.0
1970,Ranier-Lundy Racing,1,0,0,0.0,28.0,46.0,11.0,0.0,0,12.0,28.0,28.0,0,0.0,0.0,0.0,0.0
1979,Don Guy (Owner),1,0,0,0.0,24.0,91.0,47.0,0.0,0,35.0,24.0,24.0,0,0.0,0.0,0.0,0.0
1952,Smokey Purser (Owner),1,0,0,0.0,61.0,,,0.0,0,,61.0,61.0,0,0.0,0.0,0.0,
1989,Allen Beebe,1,0,0,0.0,24.0,0.0,72.0,0.0,0,32.0,24.0,24.0,1,0.0,0.0,0.0,0.0
1970,Gilbert Hildebrant (Owner),1,0,0,0.0,24.0,81.0,134.0,0.0,0,30.0,24.0,24.0,0,0.0,0.0,0.0,0.0
1976,Ron Esau (Owner),2,0,0,0.0,24.5,179.0,160.0,0.0,0,28.5,14.0,35.0,1,0.0,0.0,0.0,0.0
1989,Reno Racing,1,0,0,0.0,20.0,103.0,309.0,0.0,0,39.0,20.0,20.0,1,0.0,0.0,0.0,0.0
2011,K-Automotive Motorsports,2,0,0,0.0,39.5,3.0,364.0,0.0,0,26.0,38.0,41.0,0,0.0,0.0,0.0,0.0
1988,J.C. Weaver (Owner),1,0,0,0.0,29.0,76.0,464.0,0.0,0,38.0,29.0,29.0,1,0.0,0.0,0.0,0.0
1984,Paul Racing,1,0,0,0.0,41.0,40.0,1.0,0.0,0,33.0,41.0,41.0,0,0.0,0.0,0.0,0.0
1958,Dick Foley (Owner),1,0,0,0.0,19.0,160.0,34.0,0.0,0,13.0,19.0,19.0,1,0.0,0.0,0.0,0.0
1973,Louis Nissen (Owner),1,0,1,0.0,9.0,84.0,176.0,0.0,0,38.0,9.0,9.0,1,0.0,100.0,0.0,0.0
1976,Budd Hagelin (Owner),1,0,0,0.0,19.0,106.0,409.0,0.0,0,38.0,19.0,19.0,1,0.0,0.0,0.0,0.0
1979,McCray Motorsports,1,0,0,0.0,27.0,82.0,31.0,0.0,0,21.0,27.0,27.0,0,0.0,0.0,0.0,0.0
1981,Bob Schacht Motorsports,2,0,0,0.0,31.0,140.0,241.0,0.0,0,29.5,30.0,32.0,0,0.0,0.0,0.0,0.0
1993,Dale Earnhardt Inc.,1,0,0,0.0,21.0,100.0,187.0,0.0,0,30.0,21.0,21.0,1,0.0,0.0,0.0,0.0
1972,Clem Proctor (Owner),1,0,0,0.0,30.0,42.0,37.0,0.0,0,14.0,30.0,30.0,0,0.0,0.0,0.0,0.0
1987,Salmon Racing,2,0,0,0.0,23.0,188.0,754.0,0.0,0,38.5,21.0,25.0,2,0.0,0.0,0.0,0.0
1989,Bahre Racing,1,0,0,0.0,24.0,91.0,480.0,0.0,0,37.0,24.0,24.0,1,0.0,0.0,0.0,0.0
1984,KC Racing,2,0,0,0.0,39.5,89.0,54.0,0.0,0,27.5,39.0,40.0,0,0.0,0.0,0.0,0.0
1952,Jerry Wimbish (Owner),4,1,1,0.0,17.5,,222.0,0.0,0,10.75,5.0,23.0,1,25.0,25.0,0.0,0.0
1962,Nichels Engineering,4,0,1,0.0,18.5,4172.0,645.0,0.0,0,18.0,6.0,31.0,2,0.0,25.0,0.0,0.0
1972,Roger Paquette (Owner),1,0,0,0.0,19.0,64.0,130.0,0.0,0,10.0,19.0,19.0,1,0.0,0.0,0.0,0.0
1952,Adams Racing,6,0,2,0.0,18.83,,708.0,0.0,0,22.33,7.0,56.0,4,0.0,33.33,0.0,0.0
1962,Luther Costales (Owner),2,0,0,0.0,20.5,1008.0,199.0,0.0,0,32.0,18.0,23.0,1,0.0,0.0,0.0,0.0
1985,Stoner Racing,1,0,0,0.0,38.0,49.0,94.0,0.0,0,40.0,38.0,38.0,0,0.0,0.0,0.0,0.0
1976,Fred Elder (Owner),2,2,2,0.0,4.0,320.0,284.0,0.0,0,9.0,4.0,4.0,2,100.0,100.0,0.0,0.0
1988,Jimmy Vaughn (Owner),1,0,0,0.0,32.0,67.0,148.0,0.0,0,34.0,32.0,32.0,1,0.0,0.0,0.0,0.0
2006,Ash Motorsports,2,0,0,0.0,40.5,88.0,183.0,1.0,0,41.5,38.0,43.0,1,0.0,0.0,0.0,0.55
1953,George Gallup (Owner),1,0,0,0.0,19.0,,36.0,0.0,0,29.0,19.0,19.0,1,0.0,0.0,0.0,0.0
1971,T.C. Hunt (Owner),1,0,0,0.0,26.0,82.0,178.0,0.0,0,32.0,26.0,26.0,0,0.0,0.0,0.0,0.0
1989,Chuck Wellings (Owner),1,0,0,0.0,13.0,0.0,199.0,0.0,0,17.0,13.0,13.0,1,0.0,0.0,0.0,0.0
1983,Smokey Yunick Racing,2,0,0,0.0,21.0,200.0,179.0,0.0,0,29.5,14.0,28.0,1,0.0,0.0,0.0,0.0
1964,Chuck Parkko (Owner),1,0,0,0.0,20.0,900.0,152.0,0.0,0,22.0,20.0,20.0,1,0.0,0.0,0.0,0.0
1983,Simko Racing,1,0,0,0.0,37.0,52.0,154.0,0.0,0,30.0,37.0,37.0,0,0.0,0.0,0.0,0.0
1997,Tamara Turner (Owner),1,0,0,0.0,38.0,49.0,60.0,0.0,0,44.0,38.0,38.0,1,0.0,0.0,0.0,0.0
2005,Braun Racing,2,0,0,0.0,41.5,77.0,305.0,0.0,0,27.0,40.0,43.0,0,0.0,0.0,0.0,0.0
2025,Beard Motorsports,4,0,0,0.0,26.0,0.0,765.0,21.0,2,34.75,21.0,31.0,3,0.0,0.0,0.0,2.75
1972,Gary Sigman (Owner),2,0,0,0.0,17.5,134.0,313.0,0.0,0,31.5,15.0,20.0,2,0.0,0.0,0.0,0.0
1951,Joe Jernigan (Owner),2,0,0,0.0,33.5,,,0.0,0,19.5,21.0,46.0,0,0.0,0.0,0.0,
1967,Ray Elder (Owner),1,0,0,0.0,36.0,106.0,23.0,0.0,0,30.0,36.0,36.0,0,0.0,0.0,0.0,0.0
1973,H.J. Brooking (Owner),4,0,2,0.0,17.0,272.0,1430.0,0.0,0,18.0,6.0,35.0,2,0.0,50.0,0.0,0.0
1978,Satterfield Racing,1,0,0,0.0,30.0,0.0,84.0,0.0,0,32.0,30.0,30.0,0,0.0,0.0,0.0,0.0
1971,John Hodges (Owner),2,0,0,0.0,25.5,82.0,263.0,0.0,0,32.0,21.0,30.0,0,0.0,0.0,0.0,0.0
1987,Curb Racing,3,0,0,0.0,34.33,185.0,243.0,1.0,0,34.33,27.0,42.0,0,0.0,0.0,0.0,0.41
1989,Aroneck Racing,4,0,0,0.0,32.0,268.0,1026.0,0.0,0,33.5,26.0,38.0,2,0.0,0.0,0.0,0.0
1963,Bray Racing,1,0,0,0.0,16.0,160.0,171.0,0.0,0,24.0,16.0,16.0,1,0.0,0.0,0.0,0.0
1987,Dick Midgley Motorsports,2,0,0,0.0,28.0,163.0,122.0,8.0,0,28.5,16.0,40.0,1,0.0,0.0,0.0,6.56
1972,Smokey Yunick Racing,4,2,3,0.0,7.0,352.0,727.0,3.0,0,6.5,5.0,12.0,4,50.0,75.0,0.0,0.41
1979,Chris Monoleos (Owner),1,0,0,0.0,34.0,61.0,2.0,0.0,0,30.0,34.0,34.0,0,0.0,0.0,0.0,0.0
2009,Ash Motorsports,1,0,0,0.0,41.0,40.0,94.0,0.0,0,43.0,41.0,41.0,0,0.0,0.0,0.0,0.0
1969,Red Sharp (Owner),1,0,1,0.0,6.0,90.0,462.0,0.0,0,7.0,6.0,6.0,0,0.0,100.0,0.0,0.0
1982,Hillin Racing,5,0,0,0.0,22.4,379.0,917.0,0.0,0,27.6,16.0,36.0,4,0.0,0.0,0.0,0.0
1993,O'Neil Racing,2,0,0,0.0,36.5,107.0,312.0,0.0,0,35.5,34.0,39.0,0,0.0,0.0,0.0,0.0
1961,Arley Scranton (Owner),1,0,0,0.0,23.0,,3.0,0.0,0,21.0,23.0,23.0,0,0.0,0.0,0.0,0.0
1983,Sage Racing,3,0,0,0.0,24.0,103.0,638.0,0.0,0,24.33,20.0,26.0,1,0.0,0.0,0.0,0.0
1989,Dingman Brothers Racing,3,0,0,0.0,29.67,222.0,510.0,0.0,0,36.0,25.0,38.0,2,0.0,0.0,0.0,0.0
1953,Cotton Priddy (Owner),2,0,0,0.0,25.5,,35.0,0.0,0,36.0,20.0,31.0,1,0.0,0.0,0.0,0.0
1954,Jerry Wimbish (Owner),1,0,0,0.0,14.0,,92.0,0.0,0,,14.0,14.0,0,0.0,0.0,0.0,0.0
1971,Fox Racing,3,0,1,0.0,23.0,0.0,355.0,13.0,0,12.0,7.0,33.0,1,0.0,33.33,0.0,3.66
1971,Harley Smith (Owner),4,0,1,0.0,19.5,378.0,896.0,0.0,0,24.0,10.0,25.0,4,0.0,25.0,0.0,0.0
1953,Tom Travis (Owner),1,0,0,0.0,25.0,,33.0,0.0,0,57.0,25.0,25.0,1,0.0,0.0,0.0,0.0
1965,Don Snyder (Owner),9,1,3,0.0,20.0,7118.0,1597.0,0.0,0,19.33,4.0,33.0,5,11.11,33.33,0.0,0.0
1967,Stroppe Motorsports,3,1,1,1.0,17.33,106.0,343.0,162.0,1,7.67,1.0,37.0,1,33.33,33.33,33.33,47.23
1972,Nichels Engineering,2,0,0,0.0,40.5,0.0,122.0,0.0,0,24.5,38.0,43.0,0,0.0,0.0,0.0,0.0
1987,A.J. Foyt Racing,5,0,0,0.0,30.2,372.0,738.0,2.0,0,20.0,20.0,38.0,1,0.0,0.0,0.0,0.27
1988,Stahl Racing,1,0,0,0.0,37.0,52.0,233.0,0.0,0,39.0,37.0,37.0,0,0.0,0.0,0.0,0.0
1966,Jack Bowsher & Associates,2,0,0,0.0,13.0,0.0,775.0,0.0,0,22.0,11.0,15.0,0,0.0,0.0,0.0,0.0
1967,Bill Clifton (Owner),2,0,1,0.0,25.5,2332.0,171.0,0.0,0,23.5,7.0,44.0,1,0.0,50.0,0.0,0.0
1979,Steve Peles (Owner),3,0,0,0.0,20.0,309.0,1107.0,0.0,0,29.67,19.0,21.0,3,0.0,0.0,0.0,0.0
1974,Jack White Racing,12,1,4,0.0,18.33,,2776.0,0.0,0,22.25,4.0,38.0,5,8.33,33.33,0.0,0.0
1985,A.J. Foyt Racing,7,1,1,0.0,28.0,410.0,966.0,2.0,0,19.57,5.0,38.0,1,14.29,14.29,0.0,0.21
1993,Barry Owen Racing,3,0,0,0.0,24.33,270.0,964.0,0.0,0,31.0,15.0,36.0,2,0.0,0.0,0.0,0.0
2012,Turn One Racing,7,0,0,0.0,40.86,5.0,169.0,0.0,0,37.71,38.0,43.0,0,0.0,0.0,0.0,0.0
1951,Johnny Grubb (Owner),1,0,0,0.0,16.0,,,0.0,0,26.0,16.0,16.0,0,0.0,0.0,0.0,
1956,Earl Wright (Owner),3,0,0,0.0,38.0,,320.0,0.0,0,29.67,11.0,68.0,1,0.0,0.0,0.0,0.0
1956,Cotton Priddy (Owner),1,0,0,0.0,24.0,,38.0,0.0,0,21.0,24.0,24.0,0,0.0,0.0,0.0,0.0
1972,John Soares Jr. (Owner),3,0,0,0.0,19.67,188.0,337.0,0.0,0,25.33,11.0,35.0,2,0.0,0.0,0.0,0.0
1979,Michael McCluney (Owner),1,0,0,0.0,32.0,0.0,8.0,0.0,0,23.0,32.0,32.0,0,0.0,0.0,0.0,0.0
1985,Ball Racing,5,0,0,0.0,34.6,296.0,456.0,0.0,0,24.6,22.0,41.0,0,0.0,0.0,0.0,0.0
1986,Sosebee Racing,2,0,0,0.0,35.0,116.0,267.0,0.0,0,28.5,34.0,36.0,0,0.0,0.0,0.0,0.0
1958,George Augustine (Owner),3,0,0,0.0,24.67,204.0,203.0,0.0,0,32.5,14.0,45.0,1,0.0,0.0,0.0,0.0
1982,HL Waters (Owner),3,0,0,0.0,23.33,279.0,467.0,0.0,0,26.67,17.0,30.0,2,0.0,0.0,0.0,0.0
1982,Robbins Racing,2,0,0,0.0,35.0,116.0,134.0,0.0,0,33.5,33.0,37.0,0,0.0,0.0,0.0,0.0
1988,KC Racing,1,0,0,0.0,25.0,88.0,92.0,0.0,0,38.0,25.0,25.0,1,0.0,0.0,0.0,0.0
1956,Chester Barron (Owner),2,0,1,0.0,13.0,,207.0,0.0,0,16.5,9.0,17.0,1,0.0,50.0,0.0,0.0
1957,Ernest Woods (Owner),2,0,1,0.0,9.5,,213.0,0.0,0,14.5,7.0,12.0,2,0.0,50.0,0.0,0.0
1962,Tubby Gonzales (Owner),4,0,0,0.0,29.25,904.0,422.0,0.0,0,33.75,19.0,46.0,2,0.0,0.0,0.0,0.0
1973,Gil Cramer (Owner),1,0,0,0.0,37.0,28.0,58.0,0.0,0,22.0,37.0,37.0,0,0.0,0.0,0.0,0.0
1975,Walther Racing,1,0,0,0.0,17.0,0.0,188.0,0.0,0,21.0,17.0,17.0,1,0.0,0.0,0.0,0.0
1980,Jockos Racing,2,0,0,0.0,31.5,137.0,280.0,0.0,0,35.0,24.0,39.0,0,0.0,0.0,0.0,0.0
1976,Puskarich Racing,3,0,0,0.0,21.0,300.0,343.0,0.0,0,29.33,15.0,27.0,2,0.0,0.0,0.0,0.0
1977,Newsom Racing,7,0,0,0.0,25.43,446.0,1240.0,0.0,0,26.71,16.0,29.0,2,0.0,0.0,0.0,0.0
1977,Norris Price (Owner),2,0,0,0.0,27.5,55.0,160.0,0.0,0,40.0,19.0,36.0,0,0.0,0.0,0.0,0.0
1983,Randy Becker (Owner),1,0,0,0.0,15.0,118.0,116.0,0.0,0,25.0,15.0,15.0,1,0.0,0.0,0.0,0.0
1977,Bill Osborne (Owner),1,0,0,0.0,23.0,0.0,188.0,0.0,0,31.0,23.0,23.0,1,0.0,0.0,0.0,0.0
1979,Puskarich Racing,1,0,0,0.0,28.0,79.0,47.0,0.0,0,32.0,28.0,28.0,1,0.0,0.0,0.0,0.0
1981,Irv Sanderson (Owner),2,0,0,0.0,31.0,0.0,183.0,0.0,0,9.0,28.0,34.0,0,0.0,0.0,0.0,0.0
1958,Doc White (Owner),1,0,0,0.0,43.0,20.0,6.0,0.0,0,29.0,43.0,43.0,0,0.0,0.0,0.0,0.0
1975,Bailey Racing,1,0,0,0.0,40.0,43.0,1.0,0.0,0,40.0,40.0,40.0,0,0.0,0.0,0.0,0.0
1970,Buster Davis (Owner),4,0,0,0.0,33.75,189.0,158.0,0.0,0,32.0,28.0,38.0,0,0.0,0.0,0.0,0.0
1979,Mike Kempton (Owner),5,0,0,0.0,26.2,422.0,576.0,0.0,0,28.8,18.0,29.0,2,0.0,0.0,0.0,0.0
1986,Adcox-Kirby,2,0,0,0.0,23.5,185.0,338.0,0.0,0,39.0,21.0,26.0,2,0.0,0.0,0.0,0.0
1991,Hylton Engineering,4,0,0,0.0,38.0,196.0,87.0,0.0,0,37.5,37.0,40.0,0,0.0,0.0,0.0,0.0
1971,George Elliott Racing,1,0,0,0.0,31.0,60.0,141.0,0.0,0,45.0,31.0,31.0,1,0.0,0.0,0.0,0.0
1972,Buxton Racing,4,0,0,0.0,31.75,154.0,321.0,0.0,0,34.25,23.0,39.0,1,0.0,0.0,0.0,0.0
1972,Jasper Motorsports,4,0,0,0.0,20.5,244.0,1001.0,0.0,0,30.0,11.0,38.0,3,0.0,0.0,0.0,0.0
1979,McClure Motors,3,0,0,0.0,28.67,191.0,425.0,0.0,0,30.0,17.0,41.0,1,0.0,0.0,0.0,0.0
1992,Buck Baker Racing,1,0,0,0.0,25.0,88.0,459.0,0.0,0,38.0,25.0,25.0,1,0.0,0.0,0.0,0.0
2014,NEMCO Motorsports,2,0,0,0.0,42.0,3.0,104.0,0.0,0,42.0,41.0,43.0,0,0.0,0.0,0.0,0.0
1955,Fred Harb (Owner),1,0,0,0.0,11.0,,183.0,0.0,0,21.0,11.0,11.0,1,0.0,0.0,0.0,0.0
1964,Bill Clifton (Owner),1,0,0,0.0,22.0,800.0,150.0,0.0,0,35.0,22.0,22.0,1,0.0,0.0,0.0,0.0
1972,Bown Racing,3,0,0,0.0,26.33,148.0,391.0,0.0,0,26.67,14.0,33.0,0,0.0,0.0,0.0,0.0
1992,Ball Racing,1,0,0,0.0,29.0,76.0,147.0,0.0,0,39.0,29.0,29.0,1,0.0,0.0,0.0,0.0
2022,Beard Motorsports,4,1,1,0.0,21.5,0.0,724.0,0.0,2,34.5,5.0,31.0,3,25.0,25.0,0.0,0.0
1952,Thomas Lechlider (Owner),1,0,0,0.0,32.0,,,0.0,0,37.0,32.0,32.0,0,0.0,0.0,0.0,
1952,Tom Lucas (Owner),1,0,0,0.0,50.0,,,0.0,0,47.0,50.0,50.0,0,0.0,0.0,0.0,
1958,Paul Craig Jr. (Owner),1,0,0,0.0,18.0,180.0,34.0,0.0,0,38.0,18.0,18.0,1,0.0,0.0,0.0,0.0
1983,Adcox-Kirby,1,0,0,0.0,36.0,55.0,1.0,0.0,0,16.0,36.0,36.0,0,0.0,0.0,0.0,0.0
1985,Shepherd Racing,1,0,0,0.0,13.0,124.0,180.0,0.0,0,22.0,13.0,13.0,1,0.0,0.0,0.0,0.0
1974,A.J. Foyt Racing,2,1,1,0.0,17.0,,243.0,8.0,0,22.5,5.0,29.0,1,50.0,50.0,0.0,3.29
1979,Sandy Satullo (Owner),2,0,0,0.0,28.5,155.0,210.0,0.0,0,32.5,19.0,38.0,1,0.0,0.0,0.0,0.0
1954,John Eanes (Owner),1,0,0,0.0,26.0,,35.0,0.0,0,24.0,26.0,26.0,1,0.0,0.0,0.0,0.0
1964,Bob Kitchell (Owner),1,0,0,0.0,19.0,1000.0,154.0,0.0,0,20.0,19.0,19.0,0,0.0,0.0,0.0,0.0
1984,Mueller Brothers Racing,3,0,0,0.0,21.67,294.0,500.0,0.0,0,27.67,16.0,28.0,2,0.0,0.0,0.0,0.0
1993,Gray Racing,1,0,0,0.0,37.0,52.0,232.0,0.0,0,36.0,37.0,37.0,0,0.0,0.0,0.0,0.0
1952,Carl Mays (Owner),4,1,2,0.0,13.0,,450.0,0.0,0,9.5,4.0,26.0,2,25.0,50.0,0.0,0.0
1965,Don House (Owner),2,0,0,0.0,22.0,312.0,164.0,0.0,0,17.5,17.0,27.0,0,0.0,0.0,0.0,0.0
1977,Smokey Yunick Racing,2,0,0,0.0,25.0,176.0,256.0,0.0,0,34.5,19.0,31.0,1,0.0,0.0,0.0,0.0
1971,Wangerin Racing,1,0,0,0.0,29.0,0.0,16.0,0.0,0,25.0,29.0,29.0,0,0.0,0.0,0.0,0.0
1953,Baugess Racing,1,0,0,0.0,33.0,,32.0,0.0,0,25.0,33.0,33.0,0,0.0,0.0,0.0,0.0
1955,Pistone Racing,1,0,0,0.0,27.0,,28.0,0.0,0,28.0,27.0,27.0,0,0.0,0.0,0.0,0.0
1956,Jack Montgangelo (Owner),1,0,0,0.0,20.0,,206.0,0.0,0,31.0,20.0,20.0,1,0.0,0.0,0.0,0.0
1977,Arthur Godfrey (Owner),1,0,0,0.0,28.0,79.0,150.0,0.0,0,41.0,28.0,28.0,0,0.0,0.0,0.0,0.0
1979,,6,0,1,0.0,22.83,503.0,842.0,0.0,0,24.67,8.0,36.0,3,0.0,16.67,0.0,0.0
1982,Boys Racing,1,0,0,0.0,22.0,97.0,105.0,0.0,0,40.0,22.0,22.0,1,0.0,0.0,0.0,0.0
1982,Jefferson Racing,1,0,0,0.0,36.0,55.0,42.0,0.0,0,39.0,36.0,36.0,0,0.0,0.0,0.0,0.0
1992,Dale Earnhardt Inc.,1,0,0,0.0,13.0,124.0,159.0,0.0,0,13.0,13.0,13.0,1,0.0,0.0,0.0,0.0
1952,Jimmy Ayers (Owner),3,0,0,0.0,26.33,,179.0,0.0,0,11.0,18.0,40.0,1,0.0,0.0,0.0,0.0
1971,Don Noel (Owner),2,0,0,0.0,29.5,129.0,137.0,0.0,0,26.5,15.0,44.0,0,0.0,0.0,0.0,0.0
1971,Al Straub (Owner),1,0,0,0.0,30.0,37.0,48.0,0.0,0,19.0,30.0,30.0,0,0.0,0.0,0.0,0.0
1972,Ober Logging,3,0,0,0.0,14.67,218.0,459.0,0.0,0,7.67,13.0,18.0,3,0.0,0.0,0.0,0.0
1990,Wawak Racing,3,0,0,0.0,31.0,210.0,463.0,0.0,0,36.0,25.0,38.0,1,0.0,0.0,0.0,0.0
1992,Phoenix Racing,2,0,0,0.0,31.5,137.0,338.0,0.0,0,34.0,27.0,36.0,1,0.0,0.0,0.0,0.0
1953,Johnny Roberts (Owner),2,0,0,0.0,28.5,,33.0,0.0,0,49.0,25.0,32.0,1,0.0,0.0,0.0,0.0
1956,Leland Colvin (Owner),2,0,0,0.0,54.5,,289.0,0.0,0,52.5,43.0,66.0,0,0.0,0.0,0.0,0.0
1952,Lloyd Schoenheit (Owner),1,0,0,0.0,34.0,,,0.0,0,12.0,34.0,34.0,0,0.0,0.0,0.0,
1989,John McFadden (Owner),2,0,0,0.0,35.5,113.0,213.0,0.0,0,36.5,31.0,40.0,0,0.0,0.0,0.0,0.0
1962,Julian Buesink (Owner),4,0,1,0.0,27.75,1402.0,336.0,0.0,0,19.75,10.0,48.0,2,0.0,25.0,0.0,0.0
1982,Puskarich Racing,1,0,0,0.0,20.0,103.0,87.0,0.0,0,36.0,20.0,20.0,1,0.0,0.0,0.0,0.0
1979,Dick Whalen (Owner),1,0,0,0.0,19.0,106.0,81.0,0.0,0,32.0,19.0,19.0,1,0.0,0.0,0.0,0.0
1988,Bobby Gerhart Racing,2,0,0,0.0,24.0,182.0,377.0,0.0,0,40.0,22.0,26.0,2,0.0,0.0,0.0,0.0
1952,Bob Apperson (Owner),1,0,0,0.0,36.0,,,0.0,0,,36.0,36.0,0,0.0,0.0,0.0,
1983,Puskarich Racing,2,0,0,0.0,19.5,209.0,203.0,0.0,0,32.0,18.0,21.0,2,0.0,0.0,0.0,0.0
2005,Victory Motorsports,4,0,0,0.0,41.25,162.0,187.0,2.0,0,41.75,40.0,42.0,0,0.0,0.0,0.0,1.07
2022,NY Racing Team,5,0,0,0.0,32.4,24.0,784.0,1.0,1,32.6,20.0,37.0,2,0.0,0.0,0.0,0.13
1977,Bob Lehman (Owner),1,0,0,0.0,30.0,73.0,118.0,0.0,0,42.0,30.0,30.0,0,0.0,0.0,0.0,0.0
1982,Stahl Racing,1,0,0,0.0,22.0,97.0,85.0,0.0,0,34.0,22.0,22.0,1,0.0,0.0,0.0,0.0
1972,Dean Barnicle (Owner),5,0,1,0.0,18.0,330.0,883.0,0.0,0,23.8,6.0,26.0,5,0.0,20.0,0.0,0.0
1977,Opal Voight (Owner),3,0,0,0.0,36.33,89.0,116.0,0.0,0,30.67,30.0,40.0,0,0.0,0.0,0.0,0.0
2021,BJ McLeod Motorsports,1,0,0,0.0,38.0,0.0,255.0,0.0,0,39.0,38.0,38.0,1,0.0,0.0,0.0,0.0
1954,Andy Winfree (Owner),3,0,1,0.0,14.67,,301.0,0.0,0,,8.0,24.0,2,0.0,33.33,0.0,0.0
1964,Bob Bristol (Owner),1,0,0,0.0,35.0,100.0,43.0,0.0,0,41.0,35.0,35.0,0,0.0,0.0,0.0,0.0
1965,Bud Harless (Owner),1,0,0,0.0,23.0,348.0,222.0,0.0,0,34.0,23.0,23.0,0,0.0,0.0,0.0,0.0
1975,Reynolds Racing,2,0,1,0.0,15.0,237.0,248.0,0.0,0,32.0,10.0,20.0,1,0.0,50.0,0.0,0.0
1980,Bub Strickler (Owner),1,0,0,0.0,14.0,0.0,367.0,0.0,0,25.0,14.0,14.0,1,0.0,0.0,0.0,0.0
1974,Gerald Craker (Owner),1,0,0,0.0,27.0,,102.0,0.0,0,32.0,27.0,27.0,1,0.0,0.0,0.0,0.0
1981,Stahl Racing,1,0,0,0.0,23.0,94.0,109.0,0.0,0,39.0,23.0,23.0,1,0.0,0.0,0.0,0.0
2010,Stavola Labonte Racing,2,0,0,0.0,26.0,170.0,666.0,0.0,0,30.5,22.0,30.0,2,0.0,0.0,0.0,0.0
1974,Willie Humphries (Owner),2,0,0,0.0,25.0,,329.0,0.0,0,12.5,23.0,27.0,2,0.0,0.0,0.0,0.0
1962,John Rogers (Owner),1,0,0,0.0,20.0,96.0,35.0,0.0,0,16.0,20.0,20.0,0,0.0,0.0,0.0,0.0
1987,Spears Racing,1,0,0,0.0,38.0,0.0,26.0,0.0,0,31.0,38.0,38.0,0,0.0,0.0,0.0,0.0
1982,Lois Williams (Owner),2,0,0,0.0,24.0,182.0,150.0,0.0,0,18.5,20.0,28.0,1,0.0,0.0,0.0,0.0
1950,Nagle Racers,2,0,1,0.0,15.5,,,0.0,0,,9.0,22.0,0,0.0,50.0,0.0,
1951,Bob Griffin (Owner),4,2,2,0.0,18.5,,309.0,0.0,0,32.5,5.0,51.0,2,50.0,50.0,0.0,0.0
1956,Chick Garno (Owner),1,0,0,0.0,20.0,,112.0,0.0,0,25.0,20.0,20.0,0,0.0,0.0,0.0,0.0
1976,DuWayne Wahl (Owner),2,0,0,0.0,17.5,226.0,182.0,3.0,0,21.0,13.0,22.0,1,0.0,0.0,0.0,1.65
1976,Al Clark (Owner),1,0,0,0.0,29.0,76.0,72.0,0.0,0,21.0,29.0,29.0,0,0.0,0.0,0.0,0.0
1984,Satterfield Racing,1,0,0,0.0,36.0,0.0,70.0,0.0,0,34.0,36.0,36.0,0,0.0,0.0,0.0,0.0
1993,Hylton Engineering,3,0,0,0.0,36.33,167.0,124.0,1.0,0,38.0,34.0,40.0,0,0.0,0.0,0.0,0.81
1957,Arley Scranton (Owner),1,0,0,0.0,23.0,,25.0,0.0,0,11.0,23.0,23.0,0,0.0,0.0,0.0,0.0
1958,Gene Hege (Owner),1,0,0,0.0,25.0,40.0,85.0,0.0,0,31.0,25.0,25.0,0,0.0,0.0,0.0,0.0
1964,Possum Jones (Owner),2,0,0,0.0,22.0,340.0,160.0,0.0,0,26.5,11.0,33.0,1,0.0,0.0,0.0,0.0
1977,Walther Racing,1,0,0,0.0,24.0,0.0,114.0,0.0,0,25.0,24.0,24.0,0,0.0,0.0,0.0,0.0
1984,McKnight Racing,2,0,0,0.0,22.0,194.0,192.0,0.0,0,32.0,19.0,25.0,1,0.0,0.0,0.0,0.0
1990,Salmon Racing,2,0,0,0.0,38.5,95.0,84.0,0.0,0,37.0,37.0,40.0,0,0.0,0.0,0.0,0.0
1995,Stan Hover Motorsports,1,0,0,0.0,19.0,106.0,200.0,0.0,1,27.0,19.0,19.0,1,0.0,0.0,0.0,0.0
1981,Robert Beadle (Owner),3,0,1,0.0,23.0,285.0,178.0,0.0,1,15.0,8.0,31.0,1,0.0,33.33,0.0,0.0
1983,Waterman Racing,2,0,0,0.0,22.5,191.0,189.0,0.0,0,21.0,20.0,25.0,1,0.0,0.0,0.0,0.0
1988,Spears Racing,1,0,0,0.0,18.0,114.0,94.0,1.0,0,24.0,18.0,18.0,1,0.0,0.0,0.0,1.06
1957,Hoss Kagle (Owner),1,0,0,0.0,32.0,,23.0,0.0,0,14.0,32.0,32.0,0,0.0,0.0,0.0,0.0
1974,Buster Davis (Owner),2,0,0,0.0,31.5,,252.0,0.0,0,35.0,22.0,41.0,2,0.0,0.0,0.0,0.0
1978,Bobby Fisher (Owner),2,0,0,0.0,34.5,43.0,33.0,0.0,0,20.5,29.0,40.0,0,0.0,0.0,0.0,0.0
1984,Schmitt Racing,2,0,0,0.0,26.0,170.0,125.0,0.0,0,29.0,13.0,39.0,1,0.0,0.0,0.0,0.0
1989,Darin Brassfield (Owner),3,0,0,0.0,21.33,297.0,275.0,0.0,1,31.67,12.0,30.0,2,0.0,0.0,0.0,0.0
1954,Jimmy Florian (Owner),1,0,0,0.0,37.0,,34.0,0.0,0,49.0,37.0,37.0,1,0.0,0.0,0.0,0.0
1983,John McFadden (Owner),3,0,0,0.0,30.67,213.0,289.0,0.0,0,29.0,28.0,35.0,0,0.0,0.0,0.0,0.0
1991,Hill Motorsports,2,0,0,0.0,38.0,98.0,52.0,0.0,0,37.5,38.0,38.0,0,0.0,0.0,0.0,0.0
2014,Jay Robinson Racing,1,0,0,0.0,38.0,0.0,186.0,0.0,0,23.0,38.0,38.0,1,0.0,0.0,0.0,0.0
1977,Jefferson Racing,1,0,0,0.0,18.0,109.0,195.0,0.0,0,34.0,18.0,18.0,1,0.0,0.0,0.0,0.0
1986,Walker Enterprises,1,0,0,0.0,33.0,64.0,73.0,0.0,0,34.0,33.0,33.0,0,0.0,0.0,0.0,0.0
1974,Robbins Racing,4,1,2,0.0,17.75,,550.0,0.0,0,23.25,5.0,42.0,3,25.0,50.0,0.0,0.0
1982,McCray Motorsports,2,0,0,0.0,24.0,182.0,151.0,0.0,0,17.0,14.0,34.0,1,0.0,0.0,0.0,0.0
1983,McKnight Racing,2,0,0,0.0,17.0,224.0,204.0,0.0,0,36.0,15.0,19.0,2,0.0,0.0,0.0,0.0
1949,Skimp Hersey (Owner),1,0,0,0.0,18.0,,,0.0,0,,18.0,18.0,0,0.0,0.0,0.0,
1979,Rodney Friesen (Owner),1,0,0,0.0,22.0,97.0,100.0,0.0,0,35.0,22.0,22.0,0,0.0,0.0,0.0,0.0
1986,Paul Ingle (Owner),2,0,0,0.0,35.0,121.0,400.0,1.0,0,37.0,29.0,41.0,1,0.0,0.0,0.0,0.25
1972,Monty Myers (Owner),2,1,1,0.0,16.5,138.0,472.0,11.0,0,6.0,5.0,28.0,1,50.0,50.0,0.0,2.33
1979,Tim Williamson (Owner),3,0,1,0.0,19.0,320.0,340.0,0.0,0,26.0,9.0,26.0,2,0.0,33.33,0.0,0.0
1984,Stahl Racing,3,0,0,0.0,27.67,240.0,842.0,0.0,0,34.67,18.0,38.0,1,0.0,0.0,0.0,0.0
1991,Stahl Racing,2,0,0,0.0,36.5,107.0,30.0,0.0,0,36.5,36.0,37.0,0,0.0,0.0,0.0,0.0
1954,Hap Jones (Owner),1,0,0,0.0,43.0,,31.0,0.0,0,55.0,43.0,43.0,1,0.0,0.0,0.0,0.0
1958,John Findlay (Owner),3,0,0,0.0,13.33,336.0,485.0,0.0,0,18.0,11.0,16.0,3,0.0,0.0,0.0,0.0
1982,Hurlbert Racing,1,0,0,0.0,40.0,0.0,1.0,0.0,0,32.0,40.0,40.0,0,0.0,0.0,0.0,0.0
1979,Kranzler Racing,1,0,0,0.0,29.0,76.0,23.0,0.0,0,31.0,29.0,29.0,0,0.0,0.0,0.0,0.0
1983,Phil Kord (Owner),1,0,0,0.0,19.0,106.0,89.0,0.0,0,35.0,19.0,19.0,1,0.0,0.0,0.0,0.0
1984,Boys Racing,1,0,0,0.0,31.0,70.0,178.0,0.0,0,26.0,31.0,31.0,0,0.0,0.0,0.0,0.0
2009,Blackjack Racing,1,0,0,0.0,36.0,55.0,196.0,0.0,0,43.0,36.0,36.0,1,0.0,0.0,0.0,0.0
1956,Malcolm Barlow (Owner),2,0,0,0.0,34.5,,384.0,0.0,0,32.5,33.0,36.0,1,0.0,0.0,0.0,0.0
1982,,2,0,0,0.0,23.0,188.0,146.0,0.0,0,31.5,13.0,33.0,1,0.0,0.0,0.0,0.0
1976,John Kieper (Owner),1,0,0,0.0,35.0,58.0,62.0,0.0,0,38.0,35.0,35.0,0,0.0,0.0,0.0,0.0
1979,Stan Lasky (Owner),2,0,0,0.0,27.0,164.0,232.0,0.0,0,25.5,22.0,32.0,0,0.0,0.0,0.0,0.0
1981,Jack Williams (Owner),3,0,2,0.0,16.0,351.0,264.0,0.0,0,19.33,6.0,32.0,2,0.0,66.67,0.0,0.0
1982,Bown Racing,2,0,1,0.0,13.5,246.0,204.0,0.0,0,21.5,10.0,17.0,2,0.0,50.0,0.0,0.0
1974,Reynolds Racing,2,0,1,0.0,14.0,,303.0,0.0,0,34.5,10.0,18.0,2,0.0,50.0,0.0,0.0
1968,Dub Clewis (Owner),7,1,2,0.0,21.29,514.0,1571.0,0.0,0,27.71,4.0,40.0,4,14.29,28.57,0.0,0.0
1979,Newsom Racing,4,0,0,0.0,24.75,355.0,484.0,0.0,0,35.75,15.0,35.0,3,0.0,0.0,0.0,0.0
1987,Go-Em Racing,2,0,0,0.0,26.0,170.0,171.0,0.0,0,34.5,20.0,32.0,1,0.0,0.0,0.0,0.0
1979,Gerald Craker (Owner),3,0,0,0.0,25.67,258.0,192.0,0.0,0,7.67,16.0,36.0,0,0.0,0.0,0.0,0.0
1981,Chuck Pittinger (Owner),1,0,0,0.0,28.0,0.0,80.0,0.0,0,14.0,28.0,28.0,0,0.0,0.0,0.0,0.0
1991,Ross Racing,1,0,0,0.0,39.0,46.0,37.0,0.0,0,36.0,39.0,39.0,0,0.0,0.0,0.0,0.0
1993,Hill Motorsports,2,0,0,0.0,38.0,98.0,353.0,0.0,0,38.5,38.0,38.0,0,0.0,0.0,0.0,0.0
1994,Cicci-Welliver Racing,2,0,0,0.0,24.5,179.0,386.0,0.0,0,34.0,22.0,27.0,2,0.0,0.0,0.0,0.0
2015,The Motorsports Group,2,0,0,0.0,41.0,2.0,573.0,0.0,0,33.5,40.0,42.0,1,0.0,0.0,0.0,0.0
1951,Weddle Racing,3,0,0,0.0,20.33,,,0.0,0,22.0,11.0,30.0,0,0.0,0.0,0.0,
1954,Tommy Thompson (Owner),1,0,0,0.0,56.0,,15.0,0.0,0,3.0,56.0,56.0,0,0.0,0.0,0.0,0.0
1975,Price Racing,3,0,0,0.0,20.0,309.0,331.0,0.0,0,27.0,18.0,22.0,1,0.0,0.0,0.0,0.0
1977,Wangerin Racing,1,0,0,0.0,24.0,0.0,260.0,0.0,0,39.0,24.0,24.0,1,0.0,0.0,0.0,0.0
1994,Steve Balogh (Owner),1,0,0,0.0,42.0,37.0,11.0,0.0,0,30.0,42.0,42.0,0,0.0,0.0,0.0,0.0
1981,Testa Racing,2,0,0,0.0,19.0,212.0,550.0,0.0,0,22.0,11.0,27.0,1,0.0,0.0,0.0,0.0
1973,Joiner Racing,1,0,0,0.0,33.0,36.0,46.0,0.0,0,33.0,33.0,33.0,0,0.0,0.0,0.0,0.0
1973,Lubinski Racing,3,0,0,0.0,33.67,104.0,369.0,0.0,0,30.67,20.0,50.0,1,0.0,0.0,0.0,0.0
1984,Terris Racing,1,0,0,0.0,24.0,0.0,78.0,0.0,0,34.0,24.0,24.0,1,0.0,0.0,0.0,0.0
1958,Dick Bailey (Owner),1,0,0,0.0,20.0,140.0,33.0,0.0,0,9.0,20.0,20.0,1,0.0,0.0,0.0,0.0
1986,Leonard Racing,2,0,0,0.0,33.5,125.0,354.0,0.0,0,37.0,28.0,39.0,0,0.0,0.0,0.0,0.0
1977,Billie Harvey (Owner),1,0,0,0.0,14.0,0.0,264.0,0.0,0,33.0,14.0,14.0,0,0.0,0.0,0.0,0.0
1982,Zervakis Enterprises,4,1,1,0.0,20.0,435.0,1020.0,165.0,0,12.75,2.0,28.0,1,25.0,25.0,0.0,16.18
1983,Gary Smith (Owner),2,0,1,0.0,17.0,227.0,191.0,0.0,1,20.0,8.0,26.0,1,0.0,50.0,0.0,0.0
1989,O.C. Welch (Owner),1,0,0,0.0,34.0,61.0,137.0,0.0,0,38.0,34.0,34.0,0,0.0,0.0,0.0,0.0
1993,Tex Racing,4,0,0,0.0,33.5,250.0,904.0,0.0,0,36.0,24.0,40.0,2,0.0,0.0,0.0,0.0
1996,Monroe Motorsports,2,0,0,0.0,33.0,128.0,756.0,0.0,0,16.0,33.0,33.0,1,0.0,0.0,0.0,0.0
1949,Slick Smith (Owner),1,0,1,0.0,8.0,,,0.0,0,,8.0,8.0,0,0.0,100.0,0.0,
1953,Duane Duvall (Owner),1,0,0,0.0,14.0,,37.0,0.0,0,20.0,14.0,14.0,1,0.0,0.0,0.0,0.0
1953,Frank Dodge (Owner),5,0,1,0.0,16.0,,21.0,0.0,0,,7.0,27.0,0,0.0,20.0,0.0,0.0
1956,Louis Headley (Owner),1,0,0,0.0,25.0,,1.0,0.0,0,,25.0,25.0,0,0.0,0.0,0.0,0.0
1960,Aubrey Boles (Owner),1,0,0,0.0,33.0,20.0,97.0,0.0,0,36.0,33.0,33.0,0,0.0,0.0,0.0,0.0
1981,Wangerin Racing,1,0,0,0.0,42.0,37.0,17.0,0.0,0,30.0,42.0,42.0,0,0.0,0.0,0.0,0.0
1974,Davis Racing,8,0,1,0.0,33.13,,772.0,6.0,0,15.5,10.0,48.0,1,0.0,12.5,0.0,0.78
1977,Champion Racing,3,0,0,0.0,28.67,231.0,560.0,0.0,0,34.33,19.0,36.0,0,0.0,0.0,0.0,0.0
1979,Charles Dean (Owner),2,0,0,0.0,31.5,0.0,242.0,2.0,0,17.5,29.0,34.0,0,0.0,0.0,0.0,0.83
2001,SCORE Motorsports,3,0,0,0.0,30.67,131.0,1206.0,0.0,0,26.67,27.0,37.0,3,0.0,0.0,0.0,0.0
1958,Cannonball Brown (Owner),2,0,0,0.0,30.5,,104.0,0.0,0,36.0,18.0,43.0,1,0.0,0.0,0.0,0.0
1964,Frank Tanner (Owner),3,0,0,0.0,22.33,200.0,7.0,0.0,0,21.67,21.0,25.0,0,0.0,0.0,0.0,0.0
1974,Adcox-Kirby,4,0,0,0.0,24.75,,979.0,8.0,0,25.5,18.0,38.0,1,0.0,0.0,0.0,0.82
2009,H&S Motorsports,1,0,0,0.0,43.0,34.0,56.0,0.0,0,43.0,43.0,43.0,0,0.0,0.0,0.0,0.0
1956,Warren Lee (Owner),1,0,0,0.0,22.0,,336.0,0.0,0,65.0,22.0,22.0,1,0.0,0.0,0.0,0.0
1962,Thurman Wilkes (Owner),5,1,2,0.0,18.0,1000.0,402.0,0.0,0,11.4,5.0,41.0,2,20.0,40.0,0.0,0.0
1962,Ronald Hawk (Owner),2,0,0,0.0,18.5,968.0,189.0,0.0,0,35.5,18.0,19.0,1,0.0,0.0,0.0,0.0
1975,Robbins Racing,2,0,0,0.0,35.0,121.0,65.0,2.0,0,22.5,31.0,39.0,0,0.0,0.0,0.0,3.08
1985,Edward Cooper (Owner),1,0,0,0.0,36.0,55.0,7.0,0.0,0,35.0,36.0,36.0,0,0.0,0.0,0.0,0.0
1991,Pat Rissi (Owner),1,0,0,0.0,40.0,43.0,11.0,0.0,0,40.0,40.0,40.0,0,0.0,0.0,0.0,0.0
1995,Bradberry Racing,2,0,0,0.0,42.0,74.0,32.0,0.0,0,29.5,41.0,43.0,0,0.0,0.0,0.0,0.0
1953,Paul Newkirk (Owner),1,0,0,0.0,13.0,,56.0,0.0,0,,13.0,13.0,0,0.0,0.0,0.0,0.0
1954,Virgil Livengood (Owner),1,0,0,0.0,34.0,,35.0,0.0,0,41.0,34.0,34.0,1,0.0,0.0,0.0,0.0
1971,Wentz Racing,1,0,0,0.0,28.0,38.0,100.0,0.0,0,20.0,28.0,28.0,0,0.0,0.0,0.0,0.0
1989,McDuffie Racing,7,0,0,0.0,32.57,457.0,1381.0,0.0,0,36.0,24.0,37.0,2,0.0,0.0,0.0,0.0
1952,Doug Yates (Owner),1,0,0,0.0,38.0,,,0.0,0,10.0,38.0,38.0,0,0.0,0.0,0.0,
1957,George Green (Owner),2,0,1,0.0,13.0,,307.0,0.0,0,17.0,9.0,17.0,1,0.0,50.0,0.0,0.0
1967,J.R. Van Curren (Owner),1,0,0,0.0,35.0,106.0,25.0,0.0,0,33.0,35.0,35.0,0,0.0,0.0,0.0,0.0
1989,,3,0,0,0.0,32.33,158.0,533.0,0.0,0,39.33,25.0,41.0,1,0.0,0.0,0.0,0.0
1972,Don Nuzum (Owner),4,0,0,0.0,26.25,198.0,385.0,0.0,0,29.75,17.0,42.0,2,0.0,0.0,0.0,0.0
1979,Jim Stacy Racing,3,0,0,0.0,33.0,133.0,95.0,12.0,0,19.33,32.0,34.0,0,0.0,0.0,0.0,12.63
1979,Vandiver Racing,3,0,0,0.0,31.33,146.0,476.0,1.0,0,35.0,19.0,41.0,0,0.0,0.0,0.0,0.21
1959,Lennie Page (Owner),2,0,1,0.0,24.5,224.0,251.0,0.0,0,30.5,10.0,39.0,1,0.0,50.0,0.0,0.0
1961,Fred Lovette (Owner),1,0,0,0.0,32.0,10.0,1.0,0.0,0,7.0,32.0,32.0,1,0.0,0.0,0.0,0.0
1975,Marquardt Racing,2,0,0,0.0,26.0,170.0,104.0,0.0,0,9.5,22.0,30.0,0,0.0,0.0,0.0,0.0
1977,Moyer Racing,1,0,0,0.0,22.0,97.0,321.0,0.0,0,17.0,22.0,22.0,1,0.0,0.0,0.0,0.0
1972,Harold Furr (Owner),4,0,0,0.0,31.75,0.0,503.0,0.0,0,13.0,21.0,40.0,1,0.0,0.0,0.0,0.0
1979,Oswald Racing,8,0,0,0.0,27.38,559.0,987.0,0.0,0,28.25,22.0,36.0,0,0.0,0.0,0.0,0.0
1985,Adcox-Kirby,2,0,0,0.0,31.0,140.0,169.0,0.0,0,37.0,22.0,40.0,1,0.0,0.0,0.0,0.0
1993,BS&S Motorsports,1,0,0,0.0,40.0,43.0,68.0,0.0,0,35.0,40.0,40.0,0,0.0,0.0,0.0,0.0
2011,Rusty Wallace Racing,1,0,0,0.0,20.0,0.0,208.0,0.0,1,36.0,20.0,20.0,1,0.0,0.0,0.0,0.0
1951,Bill Cramer (Owner),1,1,1,0.0,3.0,,199.0,0.0,0,8.0,3.0,3.0,1,100.0,100.0,0.0,0.0
1971,Joe Hines (Owner),1,0,0,0.0,33.0,18.0,1.0,0.0,0,31.0,33.0,33.0,0,0.0,0.0,0.0,0.0
1972,Matthews Racing,2,0,0,0.0,32.0,76.0,291.0,12.0,0,7.0,28.0,36.0,0,0.0,0.0,0.0,4.12
1980,Trent Francis (Owner),1,0,0,0.0,32.0,67.0,91.0,0.0,0,29.0,32.0,32.0,0,0.0,0.0,0.0,0.0
1981,Bailey Racing,4,0,0,0.0,26.75,288.0,605.0,0.0,0,31.0,15.0,40.0,2,0.0,0.0,0.0,0.0
1950,Bob Moore (Owner),2,0,0,0.0,27.5,,,0.0,0,,26.0,29.0,0,0.0,0.0,0.0,
1967,Ron Smith (Owner),3,0,1,0.0,24.0,396.0,188.0,0.0,0,24.67,8.0,36.0,1,0.0,33.33,0.0,0.0
1977,Hamby Racing,2,0,0,0.0,25.0,0.0,614.0,0.0,0,26.5,19.0,31.0,2,0.0,0.0,0.0,0.0
1979,Morgan-McClure,5,0,0,0.0,36.2,229.0,218.0,0.0,0,32.4,34.0,40.0,0,0.0,0.0,0.0,0.0
1965,Tom Spell (Owner),1,0,0,0.0,21.0,100.0,22.0,0.0,0,21.0,21.0,21.0,0,0.0,0.0,0.0,0.0
1971,Bub Strickler (Owner),1,0,0,0.0,50.0,3.0,1.0,0.0,0,25.0,50.0,50.0,0,0.0,0.0,0.0,0.0
1977,Robert Switzer (Owner),1,0,0,0.0,13.0,124.0,196.0,0.0,0,33.0,13.0,13.0,1,0.0,0.0,0.0,0.0
1989,Spears Racing,1,0,0,0.0,36.0,55.0,170.0,0.0,0,38.0,36.0,36.0,0,0.0,0.0,0.0,0.0
1958,Don Gray (Owner),2,0,0,0.0,18.5,120.0,264.0,0.0,0,16.0,17.0,20.0,1,0.0,0.0,0.0,0.0
1972,Gordon Van Liew (Owner),1,0,0,0.0,25.0,52.0,200.0,0.0,0,44.0,25.0,25.0,1,0.0,0.0,0.0,0.0
1979,Marvin Petty (Owner),2,0,0,0.0,17.0,0.0,765.0,0.0,0,34.0,16.0,18.0,2,0.0,0.0,0.0,0.0
1988,Wawak Racing,1,0,0,0.0,37.0,0.0,89.0,0.0,0,29.0,37.0,37.0,0,0.0,0.0,0.0,0.0
1953,Joseph Braun (Owner),1,0,0,0.0,31.0,,33.0,0.0,0,22.0,31.0,31.0,1,0.0,0.0,0.0,0.0
1957,Bob Havenmann (Owner),1,0,0,0.0,12.0,,117.0,0.0,0,6.0,12.0,12.0,0,0.0,0.0,0.0,0.0
1967,Carl Dane (Owner),1,0,0,0.0,38.0,106.0,15.0,0.0,0,25.0,38.0,38.0,0,0.0,0.0,0.0,0.0
1987,D. Wayne Strout (Owner),1,0,0,0.0,26.0,85.0,381.0,0.0,0,37.0,26.0,26.0,0,0.0,0.0,0.0,0.0
1991,White Racing,1,0,0,0.0,33.0,64.0,63.0,0.0,0,37.0,33.0,33.0,0,0.0,0.0,0.0,0.0
1994,TW Taylor,9,0,0,0.0,26.0,765.0,1891.0,0.0,0,25.11,19.0,39.0,7,0.0,0.0,0.0,0.0
1956,Elton Hildreth (Owner),1,0,0,0.0,28.0,,122.0,0.0,0,15.0,28.0,28.0,0,0.0,0.0,0.0,0.0
1974,Matthews Racing,2,1,2,0.0,5.0,,697.0,2.0,0,4.5,2.0,8.0,2,50.0,100.0,0.0,0.29
1980,Joe Booher,1,0,0,0.0,35.0,58.0,81.0,0.0,0,35.0,35.0,35.0,0,0.0,0.0,0.0,0.0
2003,Matrix Motorsports,1,0,0,0.0,32.0,0.0,271.0,0.0,0,27.0,32.0,32.0,1,0.0,0.0,0.0,0.0
1951,Fred Bince (Owner),2,0,1,0.0,12.0,,,0.0,0,9.0,7.0,17.0,0,0.0,50.0,0.0,
1976,Frank Coletto (Owner),1,0,0,0.0,34.0,61.0,15.0,0.0,0,25.0,34.0,34.0,0,0.0,0.0,0.0,0.0
1950,Ken Marriott (Owner),1,0,0,0.0,44.0,,,0.0,0,,44.0,44.0,0,0.0,0.0,0.0,
1984,Newsom Racing,1,0,0,0.0,29.0,76.0,242.0,0.0,0,34.0,29.0,29.0,0,0.0,0.0,0.0,0.0
1986,Spohn Racing,1,0,0,0.0,28.0,0.0,376.0,0.0,0,21.0,28.0,28.0,1,0.0,0.0,0.0,0.0
1984,Smokey Yunick Racing,1,0,0,0.0,16.0,115.0,91.0,0.0,0,35.0,16.0,16.0,1,0.0,0.0,0.0,0.0
1993,Jacks Motorsports,1,0,0,0.0,41.0,40.0,48.0,0.0,0,43.0,41.0,41.0,0,0.0,0.0,0.0,0.0
1953,Sam Knox (Owner),2,0,0,0.0,11.5,,210.0,0.0,0,15.0,11.0,12.0,2,0.0,0.0,0.0,0.0
1972,Team SABCO,5,0,1,0.0,19.0,320.0,1032.0,0.0,0,23.0,10.0,28.0,3,0.0,20.0,0.0,0.0
1978,Hollar Racing,4,0,0,0.0,31.5,274.0,216.0,0.0,0,30.25,26.0,36.0,0,0.0,0.0,0.0,0.0
1980,Housby Racing,3,0,0,0.0,24.33,185.0,524.0,0.0,0,26.67,17.0,30.0,1,0.0,0.0,0.0,0.0
1986,Ball Racing,5,0,0,0.0,34.8,293.0,591.0,0.0,0,32.0,21.0,40.0,0,0.0,0.0,0.0,0.0
2005,Furniture Row Racing,2,0,0,0.0,37.5,101.0,432.0,0.0,0,43.0,34.0,41.0,1,0.0,0.0,0.0,0.0
1951,D.G. Hall (Owner),1,0,0,0.0,28.0,,,0.0,0,,28.0,28.0,0,0.0,0.0,0.0,
1953,Lucky Sawyer (Owner),4,0,0,0.0,25.25,,27.0,0.0,0,35.0,15.0,39.0,1,0.0,0.0,0.0,0.0
1953,Henry Bryant (Owner),1,0,0,0.0,11.0,,,0.0,0,,11.0,11.0,0,0.0,0.0,0.0,
1963,H.G. Rosier (Owner),2,1,1,0.0,13.5,400.0,162.0,0.0,0,12.0,4.0,23.0,1,50.0,50.0,0.0,0.0
1972,Coz Concilla (Owner),2,0,0,0.0,24.0,108.0,184.0,0.0,0,26.0,22.0,26.0,1,0.0,0.0,0.0,0.0
1988,Moroso Racing,1,0,0,0.0,31.0,70.0,142.0,0.0,0,26.0,31.0,31.0,0,0.0,0.0,0.0,0.0
1955,Raymond Parks (Owner),4,3,3,0.0,5.5,480.0,554.0,0.0,1,7.0,3.0,11.0,4,75.0,75.0,0.0,0.0
1972,Bob Greeley (Owner),1,0,0,0.0,13.0,76.0,182.0,0.0,0,28.0,13.0,13.0,1,0.0,0.0,0.0,0.0
1977,Steve Peles (Owner),2,0,0,0.0,29.0,58.0,209.0,0.0,0,35.5,23.0,35.0,1,0.0,0.0,0.0,0.0
1951,Warren Fraser (Owner),3,0,2,0.0,11.0,,,0.0,0,5.5,7.0,18.0,0,0.0,66.67,0.0,
1984,Steve Moore (Owner),2,0,0,0.0,26.5,167.0,237.0,0.0,0,38.5,18.0,35.0,1,0.0,0.0,0.0,0.0
1990,Mansion Motorsports,1,0,0,0.0,35.0,58.0,230.0,0.0,0,33.0,35.0,35.0,0,0.0,0.0,0.0,0.0
1951,Don Oldenberg (Owner),4,2,3,0.0,11.5,,,0.0,0,,3.0,28.0,2,50.0,75.0,0.0,
1958,Buzz Wilson (Owner),2,0,0,0.0,16.5,64.0,270.0,0.0,0,14.5,11.0,22.0,1,0.0,0.0,0.0,0.0
1975,Frank Coletto (Owner),3,0,0,0.0,22.67,285.0,224.0,0.0,0,32.33,16.0,26.0,0,0.0,0.0,0.0,0.0
1979,Jimmy Hindman (Owner),1,0,0,0.0,30.0,0.0,2.0,0.0,0,29.0,30.0,30.0,0,0.0,0.0,0.0,0.0
1972,Fred Elder (Owner),3,3,3,1.0,3.33,286.0,493.0,50.0,1,6.33,1.0,5.0,3,100.0,100.0,33.33,10.14
1977,David Lee Sellers (Owner),3,0,0,0.0,23.0,282.0,815.0,0.0,0,26.67,18.0,33.0,2,0.0,0.0,0.0,0.0
1979,Wawak Racing,4,0,0,0.0,23.0,376.0,740.0,0.0,0,27.25,14.0,29.0,1,0.0,0.0,0.0,0.0
1979,RPM Enterprises,4,0,0,0.0,27.5,209.0,584.0,0.0,0,27.25,11.0,36.0,2,0.0,0.0,0.0,0.0
2024,Team AmeriVet,2,0,0,0.0,37.0,0.0,541.0,0.0,0,39.0,36.0,38.0,2,0.0,0.0,0.0,0.0
1963,Lyle Stelter (Owner),6,0,2,0.0,15.67,844.0,1048.0,8.0,0,18.83,9.0,26.0,4,0.0,33.33,0.0,0.76
1984,McCray Motorsports,2,0,0,0.0,33.5,125.0,102.0,0.0,0,27.5,30.0,37.0,0,0.0,0.0,0.0,0.0
1987,Ball Racing,3,0,0,0.0,39.0,83.0,78.0,0.0,0,28.67,36.0,41.0,0,0.0,0.0,0.0,0.0
1994,Dale Earnhardt Inc.,1,1,1,1.0,1.0,180.0,367.0,21.0,1,9.0,1.0,1.0,1,100.0,100.0,100.0,5.72
1953,R.L. Bowling (Owner),1,0,1,0.0,7.0,,38.0,0.0,0,16.0,7.0,7.0,1,0.0,100.0,0.0,0.0
1958,Stroppe Motorsports,1,0,0,0.0,46.0,,3.0,0.0,0,11.0,46.0,46.0,0,0.0,0.0,0.0,0.0
1986,HL Waters (Owner),4,0,0,0.0,30.0,297.0,509.0,1.0,0,33.25,19.0,39.0,1,0.0,0.0,0.0,0.2
1951,Cliff Caldwell (Owner),2,1,1,0.0,13.0,,98.0,0.0,0,15.5,4.0,22.0,1,50.0,50.0,0.0,0.0
1964,Troy Ruttman (Owner),1,0,0,0.0,34.0,100.0,46.0,0.0,0,32.0,34.0,34.0,0,0.0,0.0,0.0,0.0
1987,McCray Motorsports,2,0,0,0.0,34.5,58.0,189.0,0.0,0,31.5,34.0,35.0,0,0.0,0.0,0.0,0.0
1972,Newsom Racing,1,0,0,0.0,22.0,58.0,231.0,0.0,0,40.0,22.0,22.0,1,0.0,0.0,0.0,0.0
1984,Jolly Racing,1,0,0,0.0,38.0,49.0,10.0,0.0,0,36.0,38.0,38.0,0,0.0,0.0,0.0,0.0
1987,AAG Racing,3,0,0,0.0,31.67,204.0,356.0,0.0,0,27.67,25.0,41.0,1,0.0,0.0,0.0,0.0
1953,C.D. Wilson (Owner),1,0,0,0.0,52.0,,5.0,0.0,0,21.0,52.0,52.0,0,0.0,0.0,0.0,0.0
1966,Butch Hartman (Owner),1,0,0,0.0,14.0,0.0,307.0,0.0,0,22.0,14.0,14.0,1,0.0,0.0,0.0,0.0
1967,Charles Bell (Owner),1,0,0,0.0,25.0,848.0,88.0,0.0,0,23.0,25.0,25.0,0,0.0,0.0,0.0,0.0
1977,Lloyd McBee (Owner),1,0,0,0.0,28.0,79.0,47.0,0.0,0,29.0,28.0,28.0,0,0.0,0.0,0.0,0.0
1983,Wangerin Racing,2,0,0,0.0,36.5,107.0,48.0,0.0,0,31.5,34.0,39.0,0,0.0,0.0,0.0,0.0
1971,Buster Davis (Owner),4,0,0,0.0,21.25,116.0,631.0,0.0,0,28.75,15.0,28.0,4,0.0,0.0,0.0,0.0
1973,Jefferson Racing,1,0,0,0.0,34.0,34.0,37.0,0.0,0,21.0,34.0,34.0,0,0.0,0.0,0.0,0.0
1966,J.H. Crawford (Owner),3,0,0,0.0,27.67,400.0,337.0,0.0,0,14.33,16.0,34.0,0,0.0,0.0,0.0,0.0
1975,G Matthews Racing,2,0,1,0.0,11.5,260.0,298.0,0.0,0,21.5,8.0,15.0,2,0.0,50.0,0.0,0.0
1973,Paul Stockwell (Owner),1,0,0,0.0,37.0,28.0,9.0,0.0,0,32.0,37.0,37.0,0,0.0,0.0,0.0,0.0
1977,Frasson Racing,2,0,0,0.0,26.5,167.0,267.0,0.0,0,28.5,24.0,29.0,0,0.0,0.0,0.0,0.0
1980,A.J. Foyt Racing,2,0,0,0.0,34.5,119.0,130.0,0.0,0,10.5,31.0,38.0,0,0.0,0.0,0.0,0.0
1955,C.H. Dingler (Owner),1,0,0,0.0,24.0,,8.0,0.0,0,19.0,24.0,24.0,0,0.0,0.0,0.0,0.0
1972,Ivan Baldwin Engineering,1,0,0,0.0,20.0,62.0,123.0,0.0,0,36.0,20.0,20.0,1,0.0,0.0,0.0,0.0
1986,Mueller Brothers Racing,2,0,0,0.0,21.5,197.0,335.0,0.0,0,30.0,18.0,25.0,1,0.0,0.0,0.0,0.0
1988,McCray Motorsports,1,0,0,0.0,37.0,52.0,46.0,0.0,0,31.0,37.0,37.0,0,0.0,0.0,0.0,0.0
1975,Holt Racing,2,0,0,0.0,22.5,91.0,120.0,0.0,0,26.0,21.0,24.0,0,0.0,0.0,0.0,0.0
1986,Morris-Ragan,1,0,0,0.0,41.0,40.0,5.0,0.0,0,36.0,41.0,41.0,0,0.0,0.0,0.0,0.0
1974,Norris Reed (Owner),7,1,5,0.0,11.57,,1890.0,0.0,1,14.0,3.0,28.0,5,14.29,71.43,0.0,0.0
1981,Schmitt Racing,3,0,0,0.0,20.0,314.0,257.0,1.0,0,15.0,14.0,24.0,1,0.0,0.0,0.0,0.39
1982,Sage Racing,5,0,0,0.0,20.6,324.0,1572.0,0.0,0,24.4,16.0,30.0,4,0.0,0.0,0.0,0.0
2004,Ultra Motorsports,2,0,0,0.0,32.0,134.0,321.0,0.0,0,32.0,24.0,40.0,1,0.0,0.0,0.0,0.0
1951,Ed Samples (Owner),2,0,2,0.0,7.0,,,0.0,0,,6.0,8.0,0,0.0,100.0,0.0,
1980,Finney Racing,2,0,0,0.0,29.0,152.0,188.0,0.0,0,33.5,20.0,38.0,0,0.0,0.0,0.0,0.0
1973,Yarboro Racing,1,0,0,0.0,59.0,2.0,4.0,0.0,0,28.0,59.0,59.0,0,0.0,0.0,0.0,0.0
1981,Edgett Racing,1,0,0,0.0,12.0,127.0,117.0,0.0,0,33.0,12.0,12.0,1,0.0,0.0,0.0,0.0
2006,Faith Motorsports (Shepherd),2,0,0,0.0,42.5,71.0,79.0,0.0,0,42.0,42.0,43.0,0,0.0,0.0,0.0,0.0
1966,Tinker Faulkner (Owner),1,0,0,0.0,19.0,1210.0,293.0,0.0,0,41.0,19.0,19.0,1,0.0,0.0,0.0,0.0
1970,Sam Rose (Owner),1,0,0,0.0,15.0,108.0,157.0,0.0,0,43.0,15.0,15.0,1,0.0,0.0,0.0,0.0
1972,Charles Heckert (Owner),1,0,0,0.0,31.0,40.0,35.0,0.0,0,36.0,31.0,31.0,0,0.0,0.0,0.0,0.0
1976,Noble Auto,1,0,0,0.0,23.0,94.0,71.0,0.0,0,17.0,23.0,23.0,0,0.0,0.0,0.0,0.0
1987,,1,0,0,0.0,24.0,91.0,391.0,0.0,0,29.0,24.0,24.0,0,0.0,0.0,0.0,0.0
1971,John Pemberton (Owner),1,0,0,0.0,32.0,0.0,2.0,0.0,0,28.0,32.0,32.0,0,0.0,0.0,0.0,0.0
1982,Gary Smith (Owner),2,0,0,0.0,30.5,143.0,115.0,0.0,0,14.0,28.0,33.0,0,0.0,0.0,0.0,0.0
1964,Coz Concilla (Owner),1,0,0,0.0,16.0,1300.0,161.0,0.0,0,38.0,16.0,16.0,1,0.0,0.0,0.0,0.0
1953,Dub Livingston (Owner),6,0,1,0.0,23.5,,309.0,0.0,0,30.0,7.0,46.0,1,0.0,16.67,0.0,0.0
1974,J.C. Crews (Owner),1,0,0,0.0,47.0,,1.0,0.0,0,47.0,47.0,47.0,0,0.0,0.0,0.0,0.0
1975,Canavan Racing,12,0,0,0.0,24.83,1062.0,1601.0,0.0,0,27.5,13.0,35.0,3,0.0,0.0,0.0,0.0
1953,Ernie Derr (Owner),1,0,0,0.0,11.0,,119.0,0.0,0,,11.0,11.0,0,0.0,0.0,0.0,0.0
1976,Ernie Stierly (Owner),1,0,0,0.0,33.0,64.0,21.0,0.0,0,32.0,33.0,33.0,0,0.0,0.0,0.0,0.0
1976,Puro Racing,1,0,0,0.0,21.0,100.0,252.0,0.0,0,20.0,21.0,21.0,0,0.0,0.0,0.0,0.0
1977,Jockos Racing,3,0,0,0.0,27.0,164.0,467.0,0.0,0,33.67,26.0,28.0,0,0.0,0.0,0.0,0.0
1981,Jockos Racing,1,0,0,0.0,31.0,70.0,189.0,0.0,0,34.0,31.0,31.0,0,0.0,0.0,0.0,0.0
2002,Haas CNC Racing,3,0,0,0.0,33.33,189.0,747.0,0.0,0,27.67,30.0,35.0,2,0.0,0.0,0.0,0.0
1972,Kranzler Racing,3,0,0,0.0,25.33,154.0,391.0,0.0,0,31.33,16.0,37.0,3,0.0,0.0,0.0,0.0
1985,Tom Heveron (Owner),1,0,0,0.0,39.0,46.0,44.0,0.0,0,23.0,39.0,39.0,0,0.0,0.0,0.0,0.0
1978,Robbins Racing,1,0,0,0.0,18.0,109.0,171.0,0.0,0,38.0,18.0,18.0,1,0.0,0.0,0.0,0.0
1984,Wangerin Racing,1,0,0,0.0,36.0,0.0,0.0,0.0,0,36.0,36.0,36.0,0,0.0,0.0,0.0,
1983,Schmitt Racing,2,0,1,0.0,24.5,181.0,107.0,0.0,0,23.5,9.0,40.0,1,0.0,50.0,0.0,0.0
1989,Patty Moise (Owner),2,0,0,0.0,36.0,110.0,33.0,0.0,0,35.5,33.0,39.0,0,0.0,0.0,0.0,0.0
1990,Bailey Racing,3,0,0,0.0,34.33,180.0,421.0,0.0,0,37.33,32.0,38.0,0,0.0,0.0,0.0,0.0
1952,C.H. Dingler (Owner),1,0,0,0.0,20.0,,160.0,0.0,0,10.0,20.0,20.0,1,0.0,0.0,0.0,0.0
1953,J.R. Dunberry (Owner),1,0,0,0.0,55.0,,4.0,0.0,0,43.0,55.0,55.0,0,0.0,0.0,0.0,0.0
1963,Sherman Utsman (Owner),3,0,3,0.0,8.0,864.0,582.0,0.0,0,11.33,7.0,9.0,3,0.0,100.0,0.0,0.0
1980,Rogers Racing,4,0,0,0.0,19.0,303.0,1312.0,0.0,0,16.75,14.0,24.0,2,0.0,0.0,0.0,0.0
1984,Randall Racing,1,0,0,0.0,30.0,0.0,50.0,0.0,0,30.0,30.0,30.0,0,0.0,0.0,0.0,0.0
1974,Jerry Lankford (Owner),1,0,0,0.0,26.0,,112.0,0.0,0,12.0,26.0,26.0,0,0.0,0.0,0.0,0.0
1979,Wayne Watercutter (Owner),1,0,0,0.0,26.0,85.0,243.0,0.0,0,39.0,26.0,26.0,1,0.0,0.0,0.0,0.0
2012,TriStar Motorsports,2,0,0,0.0,41.5,0.0,34.0,0.0,0,34.0,40.0,43.0,0,0.0,0.0,0.0,0.0
1952,Hubert Hamilton (Owner),1,0,0,0.0,23.0,,,0.0,0,22.0,23.0,23.0,0,0.0,0.0,0.0,
1953,Mason Bright (Owner),1,0,0,0.0,28.0,,33.0,0.0,0,51.0,28.0,28.0,1,0.0,0.0,0.0,0.0
1970,Dave Alonzo (Owner),2,0,0,0.0,27.5,141.0,160.0,0.0,0,24.5,16.0,39.0,1,0.0,0.0,0.0,0.0
1980,Ingram Racing,1,0,0,0.0,15.0,118.0,437.0,0.0,0,33.0,15.0,15.0,1,0.0,0.0,0.0,0.0
2014,Swan Racing,16,0,0,0.0,34.06,159.0,4854.0,0.0,1,34.38,18.0,42.0,11,0.0,0.0,0.0,0.0
1949,Raymond Lewis (Owner),2,0,0,0.0,18.0,,66.0,0.0,0,9.0,15.0,21.0,0,0.0,0.0,0.0,0.0
1953,Herb Tillman (Owner),2,0,0,0.0,28.0,,122.0,0.0,0,29.5,16.0,40.0,0,0.0,0.0,0.0,0.0
1958,John Lindsay (Owner),3,0,1,0.0,13.0,312.0,476.0,0.0,0,11.0,8.0,19.0,3,0.0,33.33,0.0,0.0
1981,Nelson Malloch (Owner),1,0,0,0.0,39.0,46.0,54.0,0.0,0,24.0,39.0,39.0,0,0.0,0.0,0.0,0.0
1987,Lois Williams (Owner),2,0,0,0.0,24.0,182.0,157.0,0.0,0,25.5,12.0,36.0,1,0.0,0.0,0.0,0.0
1972,Hollar Racing,2,0,0,0.0,38.5,50.0,121.0,0.0,0,27.0,37.0,40.0,0,0.0,0.0,0.0,0.0
1974,Faustina Racing,9,0,0,0.0,30.78,,1019.0,0.0,0,26.33,14.0,42.0,1,0.0,0.0,0.0,0.0
1985,Bobby Hawkins (Owner),5,1,2,0.0,19.0,435.0,1172.0,0.0,0,13.0,5.0,37.0,2,20.0,40.0,0.0,0.0
1961,Gene Stokes (Owner),2,0,0,0.0,33.5,272.0,96.0,0.0,0,35.5,19.0,48.0,0,0.0,0.0,0.0,0.0
1974,Walt Price (Owner),2,0,0,0.0,26.0,,136.0,0.0,0,30.5,21.0,31.0,0,0.0,0.0,0.0,0.0
1978,Canavan Racing,9,0,0,0.0,26.78,559.0,2111.0,0.0,0,30.11,16.0,39.0,5,0.0,0.0,0.0,0.0
1965,Champion Racing,1,0,0,0.0,25.0,116.0,173.0,0.0,0,30.0,25.0,25.0,0,0.0,0.0,0.0,0.0
1967,Don Noel (Owner),1,0,0,0.0,17.0,1484.0,131.0,0.0,0,44.0,17.0,17.0,0,0.0,0.0,0.0,0.0
1977,Harris Racing,1,0,0,0.0,40.0,43.0,44.0,0.0,0,16.0,40.0,40.0,0,0.0,0.0,0.0,0.0
1986,Stahl Racing,3,0,0,0.0,26.0,255.0,719.0,0.0,0,39.0,16.0,32.0,1,0.0,0.0,0.0,0.0
1976,George Harrivel (Owner),1,0,0,0.0,33.0,64.0,49.0,0.0,0,25.0,33.0,33.0,0,0.0,0.0,0.0,0.0
1953,Gene Horne (Owner),1,0,0,0.0,18.0,,36.0,0.0,0,47.0,18.0,18.0,1,0.0,0.0,0.0,0.0
1958,Lyle Sokoll (Owner),2,0,0,0.0,18.0,152.0,241.0,0.0,0,17.5,18.0,18.0,1,0.0,0.0,0.0,0.0
1964,Archie Smith (Owner),3,2,2,0.0,12.33,852.0,402.0,20.0,0,5.0,2.0,32.0,2,66.67,66.67,0.0,4.98
1967,Bob Bristol (Owner),1,0,1,0.0,6.0,2438.0,174.0,0.0,0,29.0,6.0,6.0,1,0.0,100.0,0.0,0.0
1968,Jack Marlin (Owner),1,0,1,0.0,10.0,0.0,237.0,0.0,0,14.0,10.0,10.0,1,0.0,100.0,0.0,0.0
1969,Roy Buckner (Owner),2,0,0,0.0,30.5,99.0,215.0,0.0,0,13.5,27.0,34.0,0,0.0,0.0,0.0,0.0
1974,Acton Racing,1,0,0,0.0,26.0,,66.0,0.0,0,29.0,26.0,26.0,0,0.0,0.0,0.0,0.0
1951,Al Jacobs (Owner),1,0,0,0.0,12.0,,,0.0,0,19.0,12.0,12.0,0,0.0,0.0,0.0,
1952,Gordon Bishop (Owner),2,0,0,0.0,35.5,,,0.0,0,,15.0,56.0,0,0.0,0.0,0.0,
1961,Dale Swanson (Owner),1,0,0,0.0,16.0,100.0,37.0,0.0,0,24.0,16.0,16.0,0,0.0,0.0,0.0,0.0
1967,Larry Hess (Owner),1,0,0,0.0,23.0,48.0,5.0,0.0,0,22.0,23.0,23.0,0,0.0,0.0,0.0,0.0
1975,K-Automotive Motorsports,1,0,0,0.0,35.0,58.0,3.0,0.0,0,34.0,35.0,35.0,0,0.0,0.0,0.0,0.0
1973,Gardner Racing,1,0,0,0.0,47.0,8.0,9.0,0.0,0,11.0,47.0,47.0,0,0.0,0.0,0.0,0.0
1974,Allan Brooke (Owner),6,2,2,0.0,15.5,,1429.0,6.0,1,19.5,2.0,50.0,5,33.33,33.33,0.0,0.42
1979,John Haver (Owner),1,0,0,0.0,33.0,0.0,36.0,0.0,0,34.0,33.0,33.0,0,0.0,0.0,0.0,0.0
2006,Phoenix Racing,4,0,0,0.0,26.5,334.0,629.0,0.0,3,25.5,17.0,42.0,3,0.0,0.0,0.0,0.0
1952,Bob Griffin (Owner),1,0,0,0.0,28.0,,,0.0,0,20.0,28.0,28.0,0,0.0,0.0,0.0,
1956,Sally Guide (Owner),1,0,0,0.0,15.0,,141.0,0.0,0,29.0,15.0,15.0,1,0.0,0.0,0.0,0.0
1956,Frank Bruner (Owner),1,0,0,0.0,12.0,,117.0,0.0,0,14.0,12.0,12.0,1,0.0,0.0,0.0,0.0
1962,Don House (Owner),2,0,1,0.0,21.5,440.0,92.0,0.0,0,15.0,6.0,37.0,1,0.0,50.0,0.0,0.0
1962,Happy Steigel (Owner),3,0,0,0.0,32.67,790.0,228.0,0.0,0,25.33,17.0,45.0,1,0.0,0.0,0.0,0.0
1980,Peles Racing,1,0,0,0.0,28.0,79.0,207.0,0.0,0,34.0,28.0,28.0,0,0.0,0.0,0.0,0.0
1986,Salmon Racing,1,0,0,0.0,18.0,109.0,457.0,0.0,0,34.0,18.0,18.0,1,0.0,0.0,0.0,0.0
1974,Joe Marsik (Owner),2,0,1,0.0,14.0,,275.0,0.0,0,20.5,8.0,20.0,1,0.0,50.0,0.0,0.0
1951,Bill Widenhouse (Owner),4,0,0,0.0,20.75,,371.0,0.0,0,36.67,15.0,25.0,1,0.0,0.0,0.0,0.0
1953,Tom Cherry (Owner),1,0,1,0.0,9.0,,38.0,0.0,0,13.0,9.0,9.0,1,0.0,100.0,0.0,0.0
1976,Reynolds Racing,1,0,0,0.0,18.0,109.0,83.0,0.0,0,31.0,18.0,18.0,1,0.0,0.0,0.0,0.0
1982,KC Racing,1,0,0,0.0,19.0,106.0,87.0,0.0,0,35.0,19.0,19.0,1,0.0,0.0,0.0,0.0
1957,Rat Garner (Owner),1,0,0,0.0,18.0,,356.0,0.0,0,22.0,18.0,18.0,1,0.0,0.0,0.0,0.0
1974,Mike Link (Owner),2,0,0,0.0,40.0,,146.0,0.0,0,31.5,37.0,43.0,0,0.0,0.0,0.0,0.0
1978,Willard Moore (Owner),1,0,0,0.0,27.0,82.0,150.0,0.0,0,40.0,27.0,27.0,1,0.0,0.0,0.0,0.0
1974,Viglione Racing,5,0,1,0.0,20.0,,1725.0,0.0,0,22.4,7.0,37.0,3,0.0,20.0,0.0,0.0
1992,Barkdoll Motorsports,2,0,0,0.0,22.5,191.0,354.0,0.0,0,30.0,17.0,28.0,2,0.0,0.0,0.0,0.0
1972,James Racing,2,0,0,0.0,32.0,76.0,180.0,0.0,0,36.5,24.0,40.0,1,0.0,0.0,0.0,0.0
1972,Paul Jett (Owner),1,0,0,0.0,18.0,66.0,220.0,0.0,0,33.0,18.0,18.0,1,0.0,0.0,0.0,0.0
1973,A.J. Foyt Racing,3,1,1,0.0,22.67,0.0,467.0,0.0,0,14.33,4.0,37.0,1,33.33,33.33,0.0,0.0
1989,Schmitt Racing,2,0,0,0.0,21.5,85.0,380.0,0.0,0,39.5,17.0,26.0,2,0.0,0.0,0.0,0.0
1953,Norm Johnson (Owner),2,0,0,0.0,27.0,,100.0,0.0,0,34.0,20.0,34.0,1,0.0,0.0,0.0,0.0
1957,Ned Jarrett (Owner),1,0,0,0.0,19.0,,7.0,0.0,0,19.0,19.0,19.0,0,0.0,0.0,0.0,0.0
1979,B & B Racing,3,0,0,0.0,30.67,213.0,152.0,0.0,0,31.0,19.0,39.0,0,0.0,0.0,0.0,0.0
2017,StarCom Racing,2,0,0,0.0,36.0,6.0,337.0,0.0,0,39.5,32.0,40.0,1,0.0,0.0,0.0,0.0
1953,Paul Nunn (Owner),1,0,0,0.0,48.0,,8.0,0.0,0,33.0,48.0,48.0,0,0.0,0.0,0.0,0.0
1959,Ted Chamberlain (Owner),1,0,0,0.0,18.0,88.0,68.0,0.0,0,13.0,18.0,18.0,0,0.0,0.0,0.0,0.0
1975,Joe Marsik (Owner),2,0,1,0.0,11.5,262.0,270.0,0.0,0,12.5,6.0,17.0,1,0.0,50.0,0.0,0.0
1971,Matthews Racing,4,0,1,0.0,24.0,45.0,543.0,11.0,1,12.5,6.0,34.0,1,0.0,25.0,0.0,2.03
1974,Frasson Racing,14,0,3,0.0,24.64,,2141.0,13.0,0,22.71,7.0,42.0,4,0.0,21.43,0.0,0.61
1980,Glen Ward (Owner),1,0,0,0.0,35.0,58.0,77.0,0.0,0,42.0,35.0,35.0,0,0.0,0.0,0.0,0.0
1999,Ralphs/Food 4 Less Race Team,1,0,0,0.0,43.0,34.0,3.0,0.0,0,27.0,43.0,43.0,0,0.0,0.0,0.0,0.0
1955,Millard Wright (Owner),1,0,0,0.0,12.0,112.0,182.0,0.0,0,22.0,12.0,12.0,1,0.0,0.0,0.0,0.0
1966,Iggy Katona (Owner),1,0,0,0.0,21.0,990.0,286.0,0.0,0,37.0,21.0,21.0,1,0.0,0.0,0.0,0.0
1987,Buck Baker Racing,3,0,0,0.0,25.67,258.0,691.0,0.0,0,36.33,17.0,40.0,2,0.0,0.0,0.0,0.0
1983,Lois Williams (Owner),2,0,0,0.0,16.0,230.0,204.0,0.0,0,19.0,11.0,21.0,2,0.0,0.0,0.0,0.0
1990,Doreen Jeffrey Racing,1,0,0,0.0,30.0,73.0,467.0,0.0,0,32.0,30.0,30.0,1,0.0,0.0,0.0,0.0
1964,Clem Proctor (Owner),2,0,0,0.0,33.0,400.0,109.0,0.0,0,24.5,27.0,39.0,0,0.0,0.0,0.0,0.0
1965,Walt Hansgen (Owner),1,0,1,0.0,6.0,0.0,58.0,0.0,0,17.0,6.0,6.0,1,0.0,100.0,0.0,0.0
1982,Schmitt Racing,1,0,0,0.0,24.0,91.0,77.0,0.0,0,26.0,24.0,24.0,0,0.0,0.0,0.0,0.0
1972,Jim Calder (Owner),2,0,1,0.0,17.0,136.0,259.0,0.0,0,16.5,9.0,25.0,1,0.0,50.0,0.0,0.0
1964,Floyd Johnson (Owner),1,0,0,0.0,14.0,1500.0,170.0,0.0,0,40.0,14.0,14.0,1,0.0,0.0,0.0,0.0
1986,J.B. Racing,2,0,0,0.0,32.5,131.0,255.0,0.0,0,31.5,29.0,36.0,0,0.0,0.0,0.0,0.0
1981,Gerald Craker (Owner),3,0,0,0.0,32.0,206.0,80.0,1.0,0,17.0,25.0,38.0,0,0.0,0.0,0.0,1.25
1989,AAG Racing,4,0,0,0.0,34.5,238.0,891.0,0.0,0,34.25,29.0,40.0,1,0.0,0.0,0.0,0.0
1990,Diamond Ridge Motorsports,5,0,1,0.0,26.2,428.0,888.0,12.0,1,18.8,10.0,41.0,3,0.0,20.0,0.0,1.35
1951,Sonny Black (Owner),4,0,2,0.0,28.5,,73.0,0.0,0,33.0,9.0,78.0,0,0.0,50.0,0.0,0.0
1970,Eddie Yarboro (Owner),1,0,1,0.0,9.0,0.0,338.0,0.0,0,36.0,9.0,9.0,1,0.0,100.0,0.0,0.0
1973,K-Automotive Motorsports,2,1,1,0.0,18.5,130.0,364.0,0.0,0,15.5,5.0,32.0,1,50.0,50.0,0.0,0.0
1977,Morgan-McClure,3,0,0,0.0,27.33,243.0,250.0,0.0,0,29.0,21.0,32.0,0,0.0,0.0,0.0,0.0
1986,Simko Racing,1,0,0,0.0,27.0,82.0,170.0,0.0,0,35.0,27.0,27.0,1,0.0,0.0,0.0,0.0
1971,Keith Christensen (Owner),1,0,0,0.0,34.0,0.0,11.0,0.0,0,21.0,34.0,34.0,0,0.0,0.0,0.0,0.0
1976,Gerald Craker (Owner),5,0,0,0.0,22.6,481.0,568.0,3.0,0,13.4,16.0,31.0,1,0.0,0.0,0.0,0.53
1981,Pat Mintey (Owner),1,0,0,0.0,34.0,61.0,40.0,0.0,0,38.0,34.0,34.0,0,0.0,0.0,0.0,0.0
1982,Wangerin Racing,1,0,0,0.0,30.0,73.0,73.0,0.0,0,40.0,30.0,30.0,0,0.0,0.0,0.0,0.0
1956,Langley-Woodfield Racing,1,0,0,0.0,19.0,,338.0,0.0,0,42.0,19.0,19.0,1,0.0,0.0,0.0,0.0
1987,KC Racing,1,0,0,0.0,29.0,76.0,80.0,0.0,0,30.0,29.0,29.0,1,0.0,0.0,0.0,0.0
1971,Vandiver Racing,8,1,4,0.0,13.0,553.0,2010.0,0.0,0,18.0,5.0,31.0,7,12.5,50.0,0.0,0.0
2001,Team CLR,1,0,0,0.0,24.0,91.0,263.0,0.0,0,30.0,24.0,24.0,1,0.0,0.0,0.0,0.0
2021,Kaulig Racing,9,2,4,1.0,18.78,0.0,917.0,23.0,6,26.56,1.0,38.0,6,22.22,44.44,11.11,2.51
1954,Raymond Parks (Owner),2,1,1,0.0,31.0,,112.0,0.0,0,11.0,5.0,57.0,1,50.0,50.0,0.0,0.0
1958,Phil Orr (Owner),1,0,0,0.0,27.0,20.0,31.0,0.0,0,16.0,27.0,27.0,1,0.0,0.0,0.0,0.0
1971,Jimmy McCain (Owner),6,0,1,0.0,25.17,141.0,589.0,0.0,0,19.67,8.0,47.0,3,0.0,16.67,0.0,0.0
1979,Jimmy Edwards (Owner),1,0,0,0.0,39.0,46.0,15.0,0.0,0,35.0,39.0,39.0,0,0.0,0.0,0.0,0.0
1981,Heyward Grooms (Owner),1,0,0,0.0,18.0,109.0,315.0,0.0,0,40.0,18.0,18.0,1,0.0,0.0,0.0,0.0
1957,Shorty Johns (Owner),1,0,0,0.0,16.0,,335.0,0.0,0,23.0,16.0,16.0,1,0.0,0.0,0.0,0.0
1959,Doug Cox (Owner),4,0,2,0.0,14.5,,532.0,0.0,0,12.5,8.0,20.0,1,0.0,50.0,0.0,0.0
1986,Bobby Eller (Owner),2,0,0,0.0,29.5,149.0,430.0,0.0,0,38.5,25.0,34.0,1,0.0,0.0,0.0,0.0
1972,Joiner Racing,2,1,1,0.0,8.5,170.0,283.0,0.0,0,31.0,5.0,12.0,2,50.0,50.0,0.0,0.0
1972,Glen Dorrity (Owner),2,0,0,0.0,25.5,102.0,208.0,0.0,0,28.5,18.0,33.0,0,0.0,0.0,0.0,0.0
1996,Phoenix Racing,4,0,0,0.0,27.0,328.0,532.0,0.0,2,16.75,12.0,40.0,2,0.0,0.0,0.0,0.0
1980,Morgan-McClure,3,0,0,0.0,32.0,158.0,507.0,0.0,0,35.0,26.0,40.0,0,0.0,0.0,0.0,0.0
1984,Go-Em Racing,2,0,0,0.0,26.5,167.0,172.0,0.0,0,36.5,22.0,31.0,1,0.0,0.0,0.0,0.0
1951,J.O. Goode (Owner),2,0,1,0.0,10.0,,,0.0,0,,9.0,11.0,0,0.0,50.0,0.0,
1962,Dave McCready (Owner),2,0,0,0.0,14.0,1944.0,231.0,0.0,0,22.0,11.0,17.0,2,0.0,0.0,0.0,0.0
1969,Bob Cooper (Owner),1,0,0,0.0,44.0,21.0,55.0,0.0,0,40.0,44.0,44.0,0,0.0,0.0,0.0,0.0
1978,Champion Racing,1,0,0,0.0,26.0,85.0,151.0,0.0,0,33.0,26.0,26.0,1,0.0,0.0,0.0,0.0
1985,Matthews Racing,2,0,0,0.0,36.0,55.0,253.0,0.0,0,34.0,36.0,36.0,0,0.0,0.0,0.0,0.0
1955,Ned Jarrett (Owner),1,0,0,0.0,22.0,32.0,70.0,0.0,0,21.0,22.0,22.0,0,0.0,0.0,0.0,0.0
1979,Potter Racing,4,0,0,0.0,24.0,209.0,1021.0,0.0,0,27.75,16.0,35.0,2,0.0,0.0,0.0,0.0
2001,TWC Motorsport,1,0,0,0.0,34.0,61.0,88.0,0.0,0,31.0,34.0,34.0,1,0.0,0.0,0.0,0.0
2003,Andy Petree Racing,2,0,0,0.0,32.0,134.0,198.0,0.0,1,38.5,29.0,35.0,2,0.0,0.0,0.0,0.0
1958,Pappy Crane (Owner),1,0,0,0.0,42.0,20.0,7.0,0.0,0,24.0,42.0,42.0,0,0.0,0.0,0.0,0.0
1994,Triad Motorsports,3,0,0,0.0,26.0,255.0,859.0,0.0,0,28.33,17.0,36.0,2,0.0,0.0,0.0,0.0
1979,Bill Meazell (Owner),1,0,0,0.0,32.0,67.0,46.0,0.0,0,32.0,32.0,32.0,0,0.0,0.0,0.0,0.0
1986,Bob Johnson (Owner),2,0,0,0.0,25.5,173.0,325.0,0.0,0,29.5,22.0,29.0,1,0.0,0.0,0.0,0.0
1956,R.H. Coleman (Owner),2,0,0,0.0,14.0,,300.0,0.0,0,16.0,11.0,17.0,1,0.0,0.0,0.0,0.0
1989,Gray Racing,2,0,0,0.0,27.0,164.0,365.0,0.0,0,28.5,26.0,28.0,2,0.0,0.0,0.0,0.0
1976,Schmitt Racing,2,0,1,0.0,18.0,219.0,318.0,0.0,0,34.0,10.0,26.0,1,0.0,50.0,0.0,0.0
2009,Morgan-McClure Motorsports,1,0,0,0.0,29.0,76.0,496.0,0.0,0,26.0,29.0,29.0,1,0.0,0.0,0.0,0.0
1952,J.E. Hardie (Owner),2,0,0,0.0,29.5,,69.0,0.0,0,24.0,14.0,45.0,1,0.0,0.0,0.0,0.0
1953,Tommy Boger (Owner),1,0,0,0.0,35.0,,32.0,0.0,0,24.0,35.0,35.0,0,0.0,0.0,0.0,0.0
1958,Charlie Stone (Owner),1,0,0,0.0,15.0,240.0,35.0,0.0,0,39.0,15.0,15.0,1,0.0,0.0,0.0,0.0
1970,Les Loeser (Owner),1,0,0,0.0,32.0,57.0,38.0,0.0,0,44.0,32.0,32.0,0,0.0,0.0,0.0,0.0
1977,Norris Reed (Owner),1,0,0,0.0,32.0,67.0,85.0,0.0,0,31.0,32.0,32.0,0,0.0,0.0,0.0,0.0
1985,Bailey Racing,2,0,0,0.0,34.5,119.0,206.0,0.0,0,33.0,34.0,35.0,0,0.0,0.0,0.0,0.0
1995,RaDiUs Motorsports,1,0,0,0.0,28.0,79.0,196.0,0.0,0,26.0,28.0,28.0,1,0.0,0.0,0.0,0.0
1987,Jefferson Racing,2,0,0,0.0,15.0,236.0,211.0,0.0,0,32.5,15.0,15.0,2,0.0,0.0,0.0,0.0
1960,Bill Clifton (Owner),2,0,0,0.0,15.0,96.0,198.0,0.0,0,30.0,14.0,16.0,0,0.0,0.0,0.0,0.0
1987,Holden Racing,1,0,0,0.0,42.0,37.0,8.0,0.0,0,39.0,42.0,42.0,0,0.0,0.0,0.0,0.0
1985,Paul Ingle (Owner),1,0,0,0.0,36.0,55.0,47.0,0.0,0,28.0,36.0,36.0,0,0.0,0.0,0.0,0.0
1989,Dick Midgley Motorsports,2,0,0,0.0,33.0,40.0,112.0,0.0,0,30.5,25.0,41.0,1,0.0,0.0,0.0,0.0
2001,Michael Kranefuss Racing,1,0,0,0.0,34.0,61.0,197.0,0.0,0,32.0,34.0,34.0,1,0.0,0.0,0.0,0.0
1954,Don White (Owner),1,0,0,0.0,11.0,,38.0,0.0,0,25.0,11.0,11.0,1,0.0,0.0,0.0,0.0
1956,Arden Mounts (Owner),3,0,0,0.0,37.67,,545.0,0.0,0,32.33,21.0,70.0,2,0.0,0.0,0.0,0.0
1982,Canavan Racing,2,0,0,0.0,38.0,52.0,76.0,0.0,0,33.5,37.0,39.0,0,0.0,0.0,0.0,0.0
1985,Stahl Racing,1,0,0,0.0,21.0,100.0,375.0,0.0,0,40.0,21.0,21.0,1,0.0,0.0,0.0,0.0
1988,Doreen Jeffrey Racing,2,0,0,0.0,29.5,149.0,326.0,0.0,0,33.0,29.0,30.0,2,0.0,0.0,0.0,0.0
1949,Penny Mullis (Owner),1,0,0,0.0,11.0,,,0.0,0,,11.0,11.0,0,0.0,0.0,0.0,
1956,Al Watkins (Owner),2,0,0,0.0,16.0,,253.0,0.0,0,17.5,15.0,17.0,1,0.0,0.0,0.0,0.0
1956,Howard Moore (Owner),1,0,1,0.0,10.0,,347.0,0.0,0,20.0,10.0,10.0,1,0.0,100.0,0.0,0.0
1972,Ron Gautsche (Owner),2,0,0,0.0,35.0,64.0,215.0,0.0,0,44.0,35.0,35.0,1,0.0,0.0,0.0,0.0
1951,Lee Coonis (Owner),1,0,0,0.0,13.0,,,0.0,0,23.0,13.0,13.0,0,0.0,0.0,0.0,
1954,Bobby Courtwright (Owner),1,0,0,0.0,11.0,,107.0,0.0,0,,11.0,11.0,1,0.0,0.0,0.0,0.0
1976,D. Nienberg Hay (Owner),1,0,0,0.0,17.0,112.0,86.0,0.0,0,35.0,17.0,17.0,1,0.0,0.0,0.0,0.0
1985,Jeff Hooker (Owner),1,0,0,0.0,40.0,0.0,11.0,0.0,0,39.0,40.0,40.0,0,0.0,0.0,0.0,0.0
1979,Housby Racing,1,0,0,0.0,16.0,115.0,149.0,0.0,0,25.0,16.0,16.0,0,0.0,0.0,0.0,0.0
1983,KC Racing,1,0,0,0.0,32.0,67.0,60.0,0.0,0,36.0,32.0,32.0,0,0.0,0.0,0.0,0.0
2007,Front Row Motorsports,3,0,0,0.0,37.0,156.0,641.0,0.0,0,37.33,34.0,42.0,1,0.0,0.0,0.0,0.0
1950,Bucky Sager (Owner),2,1,1,0.0,14.5,,,146.0,0,27.0,2.0,27.0,1,50.0,50.0,0.0,
1952,Sam Nunn (Owner),2,0,1,0.0,12.5,,256.0,0.0,0,16.5,8.0,17.0,1,0.0,50.0,0.0,0.0
1958,Hubert Westmoreland (Owner),1,0,0,0.0,29.0,20.0,29.0,0.0,0,10.0,29.0,29.0,0,0.0,0.0,0.0,0.0
1974,Ellington Racing,15,2,7,0.0,18.47,,2988.0,84.0,0,10.67,4.0,37.0,8,13.33,46.67,0.0,2.81
1976,Jefferson Racing,1,0,0,0.0,35.0,58.0,14.0,0.0,0,17.0,35.0,35.0,0,0.0,0.0,0.0,0.0
1986,Pearson Racing,4,0,1,0.0,24.5,304.0,695.0,0.0,0,16.75,10.0,40.0,2,0.0,25.0,0.0,0.0
1987,Bryant Racing,1,0,0,0.0,34.0,61.0,205.0,0.0,0,24.0,34.0,34.0,0,0.0,0.0,0.0,0.0
1993,Bahre Racing,1,0,0,0.0,36.0,55.0,368.0,0.0,0,35.0,36.0,36.0,0,0.0,0.0,0.0,0.0
1994,Phoenix Racing,6,0,0,0.0,31.83,405.0,942.0,0.0,0,25.17,21.0,38.0,2,0.0,0.0,0.0,0.0
1977,Ranier Racing,1,0,0,0.0,20.0,103.0,137.0,0.0,0,19.0,20.0,20.0,1,0.0,0.0,0.0,0.0
1978,David Lee Sellers (Owner),3,0,0,0.0,25.67,258.0,586.0,0.0,0,27.0,19.0,35.0,2,0.0,0.0,0.0,0.0
1988,Salmon Racing,1,0,0,0.0,38.0,49.0,136.0,0.0,0,40.0,38.0,38.0,0,0.0,0.0,0.0,0.0
1976,C & M Racing,2,0,0,0.0,16.5,227.0,224.0,0.0,0,25.5,15.0,18.0,2,0.0,0.0,0.0,0.0
1983,Pat Mintey (Owner),2,0,0,0.0,33.0,128.0,76.0,0.0,0,39.0,29.0,37.0,0,0.0,0.0,0.0,0.0
1962,Stroppe Motorsports,1,1,1,0.0,5.0,1890.0,218.0,0.0,0,22.0,5.0,5.0,1,100.0,100.0,0.0,0.0
1967,Dan Dostinich (Owner),2,0,1,0.0,15.0,3392.0,266.0,0.0,0,36.0,10.0,20.0,1,0.0,50.0,0.0,0.0
1967,Bo Reeder (Owner),1,0,0,0.0,12.0,1908.0,159.0,0.0,0,39.0,12.0,12.0,1,0.0,0.0,0.0,0.0
1975,Kay Borland (Owner),1,0,0,0.0,21.0,0.0,382.0,0.0,0,35.0,21.0,21.0,0,0.0,0.0,0.0,0.0
1956,Roz Howard (Owner),1,0,0,0.0,13.0,,343.0,0.0,0,22.0,13.0,13.0,1,0.0,0.0,0.0,0.0
1971,Bill Ellis (Owner),2,0,0,0.0,21.0,0.0,402.0,0.0,0,21.5,12.0,30.0,1,0.0,0.0,0.0,0.0
1986,D & H Racing,1,0,0,0.0,36.0,55.0,14.0,0.0,0,36.0,36.0,36.0,0,0.0,0.0,0.0,0.0
2001,Phoenix Racing,4,0,0,0.0,40.25,169.0,409.0,0.0,0,18.5,34.0,43.0,1,0.0,0.0,0.0,0.0
1987,J.C. Weaver (Owner),2,0,0,0.0,31.5,137.0,210.0,0.0,0,30.0,27.0,36.0,0,0.0,0.0,0.0,0.0
1962,Frank Rhoads (Owner),2,0,0,0.0,25.5,360.0,72.0,0.0,0,23.5,11.0,40.0,1,0.0,0.0,0.0,0.0
1975,John Soares Jr. (Owner),1,0,0,0.0,31.0,70.0,18.0,0.0,0,35.0,31.0,31.0,0,0.0,0.0,0.0,0.0
1976,George Stark (Owner),1,0,0,0.0,22.0,97.0,73.0,0.0,0,34.0,22.0,22.0,1,0.0,0.0,0.0,0.0
1981,,5,0,0,0.0,27.6,237.0,291.0,0.0,0,24.2,18.0,36.0,1,0.0,0.0,0.0,0.0
1984,Lois Williams (Owner),2,0,0,0.0,21.5,197.0,189.0,0.0,0,23.5,14.0,29.0,2,0.0,0.0,0.0,0.0
1957,Jimmy Thompson (Owner),1,0,0,0.0,17.0,,328.0,0.0,0,26.0,17.0,17.0,1,0.0,0.0,0.0,0.0
1973,Arnold Racing,1,0,0,0.0,52.0,2.0,9.0,0.0,0,53.0,52.0,52.0,0,0.0,0.0,0.0,0.0
1952,H.R. Robertson (Owner),1,0,0,0.0,37.0,,,0.0,0,5.0,37.0,37.0,0,0.0,0.0,0.0,
1965,Curtis Crider (Owner),2,1,1,0.0,9.5,660.0,357.0,0.0,0,13.5,4.0,15.0,1,50.0,50.0,0.0,0.0
1973,Housby Racing,2,0,1,0.0,24.0,108.0,273.0,0.0,0,7.0,8.0,40.0,1,0.0,50.0,0.0,0.0
1988,Tom Reet (Owner),1,0,0,0.0,30.0,0.0,138.0,0.0,0,18.0,30.0,30.0,0,0.0,0.0,0.0,0.0
1980,Russ Draime (Owner),1,0,0,0.0,18.0,109.0,183.0,0.0,0,6.0,18.0,18.0,0,0.0,0.0,0.0,0.0
2014,Team XTREME Racing,2,0,0,0.0,42.5,3.0,41.0,0.0,0,42.0,42.0,43.0,0,0.0,0.0,0.0,0.0
1953,Bill Harrison (Owner),2,0,2,0.0,7.5,,353.0,0.0,0,,6.0,9.0,2,0.0,100.0,0.0,0.0
1957,Pappy Crane (Owner),1,0,0,0.0,37.0,,66.0,0.0,0,16.0,37.0,37.0,0,0.0,0.0,0.0,0.0
1960,Frank Klitzer (Owner),1,0,0,0.0,34.0,20.0,72.0,0.0,0,31.0,34.0,34.0,0,0.0,0.0,0.0,0.0
1984,Gary Smith (Owner),2,0,1,0.0,22.0,143.0,149.0,1.0,1,14.5,9.0,35.0,1,0.0,50.0,0.0,0.67
1956,Ranier-Lundy Racing,3,0,1,0.0,15.67,,563.0,0.0,0,18.33,7.0,26.0,2,0.0,33.33,0.0,0.0
1972,Jim Danielson (Owner),2,0,0,0.0,24.5,106.0,282.0,0.0,0,35.0,19.0,30.0,1,0.0,0.0,0.0,0.0
1983,Miller Brothers,2,0,0,0.0,26.0,170.0,173.0,0.0,0,17.0,22.0,30.0,1,0.0,0.0,0.0,0.0
1986,Good Racing,2,0,0,0.0,30.0,146.0,439.0,0.0,0,31.5,25.0,35.0,0,0.0,0.0,0.0,0.0
1989,Barkdoll Motorsports,4,0,0,0.0,23.25,378.0,658.0,2.0,0,22.5,15.0,32.0,2,0.0,0.0,0.0,0.3
1965,John Marsh (Owner),1,0,0,0.0,25.0,196.0,198.0,0.0,0,34.0,25.0,25.0,0,0.0,0.0,0.0,0.0
1970,Joiner Racing,1,0,0,0.0,37.0,42.0,23.0,0.0,0,26.0,37.0,37.0,0,0.0,0.0,0.0,0.0
1972,Hank Richardson (Owner),4,0,0,0.0,25.5,100.0,638.0,0.0,0,23.0,12.0,38.0,1,0.0,0.0,0.0,0.0
1972,Buster Davis (Owner),1,0,0,0.0,25.0,52.0,178.0,0.0,0,17.0,25.0,25.0,1,0.0,0.0,0.0,0.0
1987,Glenn Steurer (Owner),1,0,0,0.0,41.0,0.0,19.0,0.0,0,28.0,41.0,41.0,0,0.0,0.0,0.0,0.0
1977,Junior Miller Racing,7,0,0,0.0,26.0,595.0,1216.0,0.0,0,27.86,17.0,35.0,2,0.0,0.0,0.0,0.0
1970,Norm Nelson (Owner),1,1,1,0.0,2.0,0.0,193.0,2.0,1,13.0,2.0,2.0,1,100.0,100.0,0.0,1.04
1986,Boys Racing,2,0,0,0.0,38.5,95.0,91.0,0.0,0,39.0,38.0,39.0,0,0.0,0.0,0.0,0.0
1987,Bob Clark Motorsports,2,0,0,0.0,15.0,241.0,648.0,17.0,0,29.5,13.0,17.0,2,0.0,0.0,0.0,2.62
1976,,5,0,0,0.0,29.6,274.0,386.0,0.0,0,30.0,22.0,37.0,1,0.0,0.0,0.0,0.0
1976,Roger Paquette (Owner),3,1,2,0.0,10.67,307.0,454.0,0.0,1,16.67,3.0,21.0,2,33.33,66.67,0.0,0.0
1981,Marlin Racing,1,0,0,0.0,28.0,79.0,193.0,0.0,0,29.0,28.0,28.0,0,0.0,0.0,0.0,0.0
1988,Petris Racing,1,0,0,0.0,35.0,0.0,52.0,0.0,0,36.0,35.0,35.0,0,0.0,0.0,0.0,0.0
1972,Ron Grana (Owner),1,0,0,0.0,37.0,0.0,31.0,0.0,0,40.0,37.0,37.0,0,0.0,0.0,0.0,0.0
1977,Robin Schildnecht (Owner),2,0,0,0.0,18.0,118.0,581.0,0.0,0,26.5,15.0,21.0,2,0.0,0.0,0.0,0.0
1984,Adcox-Kirby,2,0,0,0.0,31.0,43.0,187.0,0.0,0,33.5,22.0,40.0,0,0.0,0.0,0.0,0.0
1953,Gene Darragh (Owner),1,0,0,0.0,38.0,,,0.0,0,,38.0,38.0,0,0.0,0.0,0.0,
1983,Goffco,1,0,0,0.0,40.0,43.0,1.0,0.0,0,39.0,40.0,40.0,0,0.0,0.0,0.0,0.0
1974,Canavan Racing,6,0,0,0.0,19.17,,1477.0,0.0,0,28.0,14.0,30.0,4,0.0,0.0,0.0,0.0
1982,Ivan Baldwin Engineering,2,0,1,0.0,14.5,240.0,202.0,0.0,0,20.0,10.0,19.0,2,0.0,50.0,0.0,0.0
1984,John Kieper (Owner),2,0,0,0.0,32.0,139.0,132.0,4.0,0,21.0,28.0,36.0,0,0.0,0.0,0.0,3.03
1997,Stroppe Motorsports,1,0,0,0.0,24.0,91.0,74.0,0.0,1,28.0,24.0,24.0,1,0.0,0.0,0.0,0.0
2012,Xxxtreme Motorsports,1,0,0,0.0,40.0,4.0,28.0,0.0,0,34.0,40.0,40.0,0,0.0,0.0,0.0,0.0
1959,Barney Shore (Owner),6,0,2,0.0,19.83,,628.0,0.0,0,14.5,7.0,36.0,2,0.0,33.33,0.0,0.0
1960,Al White (Owner),2,0,1,0.0,8.5,0.0,643.0,0.0,0,19.5,6.0,11.0,2,0.0,50.0,0.0,0.0
1971,Ferguson-Stephens,3,0,0,0.0,34.67,0.0,250.0,0.0,0,29.33,26.0,39.0,2,0.0,0.0,0.0,0.0
1983,Bailey Racing,2,0,0,0.0,22.0,194.0,684.0,0.0,0,37.0,22.0,22.0,2,0.0,0.0,0.0,0.0
1979,Norm Palmer (Owner),1,0,1,0.0,8.0,142.0,91.0,0.0,0,16.0,8.0,8.0,1,0.0,100.0,0.0,0.0
1981,Bown Racing,4,0,0,0.0,27.75,319.0,561.0,0.0,0,25.75,15.0,36.0,0,0.0,0.0,0.0,0.0
1982,Waterman Racing,2,0,0,0.0,22.0,199.0,156.0,1.0,0,23.0,11.0,33.0,1,0.0,0.0,0.0,0.64
1954,Marshall Harless (Owner),1,0,0,0.0,20.0,,82.0,0.0,0,,20.0,20.0,1,0.0,0.0,0.0,0.0
1977,Sam Arakalian (Owner),1,0,0,0.0,33.0,64.0,93.0,0.0,0,32.0,33.0,33.0,0,0.0,0.0,0.0,0.0
1981,Puskarich Racing,3,0,0,0.0,23.33,279.0,211.0,0.0,0,27.33,17.0,32.0,1,0.0,0.0,0.0,0.0
1986,Matthews Racing,2,0,0,0.0,16.0,230.0,676.0,0.0,0,24.0,15.0,17.0,2,0.0,0.0,0.0,0.0
2018,Obaika Racing,3,0,0,0.0,36.0,7.0,824.0,0.0,0,37.67,31.0,39.0,2,0.0,0.0,0.0,0.0
1956,Pat Grogan (Owner),1,0,0,0.0,47.0,,202.0,0.0,0,51.0,47.0,47.0,0,0.0,0.0,0.0,0.0
1956,Richard Gallup (Owner),1,0,0,0.0,56.0,,134.0,0.0,0,58.0,56.0,56.0,1,0.0,0.0,0.0,0.0
1964,Don House (Owner),2,0,0,0.0,36.5,214.0,18.0,0.0,0,32.0,35.0,38.0,0,0.0,0.0,0.0,0.0
1987,Schmitt Racing,2,0,0,0.0,34.5,119.0,99.0,0.0,0,34.5,33.0,36.0,0,0.0,0.0,0.0,0.0
1972,Tom Hunter (Owner),2,0,0,0.0,40.5,36.0,94.0,0.0,0,37.5,39.0,42.0,0,0.0,0.0,0.0,0.0
1964,Ralph Shelton (Owner),1,0,0,0.0,12.0,1700.0,174.0,0.0,0,39.0,12.0,12.0,1,0.0,0.0,0.0,0.0
1974,Goffco,3,0,0,0.0,21.33,,908.0,0.0,0,37.0,18.0,25.0,2,0.0,0.0,0.0,0.0
1974,Randy Tissot (Owner),3,0,0,0.0,30.0,,473.0,8.0,0,22.0,23.0,35.0,1,0.0,0.0,0.0,1.69
1987,Autosports Enterprises,2,0,0,0.0,39.5,89.0,29.0,0.0,0,18.5,39.0,40.0,0,0.0,0.0,0.0,0.0
1993,Linro Motorsports,4,0,0,0.0,32.5,262.0,725.0,0.0,0,29.75,26.0,41.0,1,0.0,0.0,0.0,0.0
2011,Leavine Family Racing,2,0,0,0.0,28.0,0.0,817.0,2.0,0,40.0,27.0,29.0,2,0.0,0.0,0.0,0.24
1954,George Osborne (Owner),1,0,0,0.0,55.0,,16.0,0.0,0,34.0,55.0,55.0,0,0.0,0.0,0.0,0.0
1956,Bill Blair (Owner),2,0,1,0.0,12.5,,360.0,0.0,0,26.5,7.0,18.0,1,0.0,50.0,0.0,0.0
1957,Ansel Rakestraw (Owner),2,0,0,0.0,14.5,,276.0,0.0,0,22.0,14.0,15.0,2,0.0,0.0,0.0,0.0
1966,George Elliott Racing,1,0,0,0.0,42.0,108.0,48.0,0.0,0,44.0,42.0,42.0,0,0.0,0.0,0.0,0.0
1972,Paul Stockwell (Owner),2,0,0,0.0,34.0,68.0,178.0,0.0,0,39.0,29.0,39.0,0,0.0,0.0,0.0,0.0
1974,Jack Doering (Owner),1,0,1,0.0,7.0,,389.0,0.0,0,28.0,7.0,7.0,1,0.0,100.0,0.0,0.0
1972,Robbins Racing,5,0,2,0.0,26.6,220.0,1096.0,0.0,0,19.2,8.0,50.0,3,0.0,40.0,0.0,0.0
1973,Gordon Van Liew (Owner),4,0,0,0.0,25.25,164.0,854.0,0.0,0,35.0,16.0,32.0,1,0.0,0.0,0.0,0.0
1980,Negre Racing,2,0,0,0.0,24.5,61.0,188.0,0.0,0,34.5,15.0,34.0,1,0.0,0.0,0.0,0.0
1981,Cline Racing,1,0,0,0.0,30.0,73.0,77.0,0.0,0,29.0,30.0,30.0,0,0.0,0.0,0.0,0.0
1984,Fox Brothers,1,0,0,0.0,25.0,88.0,352.0,0.0,0,36.0,25.0,25.0,0,0.0,0.0,0.0,0.0
1953,Bill House (Owner),4,1,2,0.0,11.25,,223.0,0.0,0,18.0,5.0,16.0,3,25.0,50.0,0.0,0.0
1961,Lyle Stelter (Owner),1,0,0,0.0,53.0,160.0,10.0,0.0,0,40.0,53.0,53.0,0,0.0,0.0,0.0,0.0
1980,Don Whittington (Owner),2,0,0,0.0,28.0,158.0,196.0,0.0,0,23.0,22.0,34.0,1,0.0,0.0,0.0,0.0
1986,Buck Baker Racing,2,0,0,0.0,32.0,134.0,328.0,0.0,0,36.5,22.0,42.0,1,0.0,0.0,0.0,0.0
1952,Sosebee Racing,3,2,2,0.0,12.67,,195.0,0.0,0,13.5,5.0,28.0,2,66.67,66.67,0.0,0.0
1957,Ray Hall (Owner),1,0,0,0.0,17.0,,71.0,0.0,0,19.0,17.0,17.0,1,0.0,0.0,0.0,0.0
1984,Rioux Racing,1,0,0,0.0,20.0,0.0,424.0,0.0,0,35.0,20.0,20.0,1,0.0,0.0,0.0,0.0
1976,Hugh Pearson (Owner),2,0,0,0.0,27.0,164.0,115.0,0.0,0,12.0,24.0,30.0,0,0.0,0.0,0.0,0.0
1983,Bill Morehart (Owner),1,0,0,0.0,23.0,94.0,81.0,0.0,0,7.0,23.0,23.0,0,0.0,0.0,0.0,0.0
1991,Jenny Van Houten,1,0,0,0.0,37.0,0.0,13.0,0.0,0,39.0,37.0,37.0,0,0.0,0.0,0.0,0.0
1974,Fox Racing,1,0,0,0.0,29.0,,125.0,0.0,0,20.0,29.0,29.0,0,0.0,0.0,0.0,0.0
1979,Go-Em Racing,1,0,0,0.0,23.0,94.0,82.0,0.0,0,33.0,23.0,23.0,1,0.0,0.0,0.0,0.0
1976,Michael Brockman (Owner),2,0,1,0.0,19.0,216.0,223.0,0.0,0,11.5,7.0,31.0,1,0.0,50.0,0.0,0.0
1986,Miller Racing,3,0,0,0.0,23.33,164.0,799.0,0.0,0,23.33,16.0,33.0,2,0.0,0.0,0.0,0.0
1959,Bill Poor (Owner),4,0,0,0.0,21.0,128.0,484.0,0.0,0,23.75,15.0,29.0,3,0.0,0.0,0.0,0.0
1969,John Kennedy (Owner),8,0,0,0.0,28.63,417.0,1084.0,0.0,0,29.5,14.0,43.0,3,0.0,0.0,0.0,0.0
1973,Holman Moody,1,1,1,0.0,4.0,0.0,186.0,0.0,0,7.0,4.0,4.0,1,100.0,100.0,0.0,0.0
1976,Ranier Racing,1,0,0,0.0,13.0,124.0,176.0,0.0,0,35.0,13.0,13.0,1,0.0,0.0,0.0,0.0
1982,Terris Racing,1,0,0,0.0,41.0,40.0,12.0,0.0,0,30.0,41.0,41.0,0,0.0,0.0,0.0,0.0
1984,Matthews Racing,1,0,0,0.0,36.0,55.0,53.0,0.0,0,21.0,36.0,36.0,0,0.0,0.0,0.0,0.0
1989,Adcox-Kirby,3,0,0,0.0,23.0,282.0,541.0,0.0,1,38.0,13.0,32.0,2,0.0,0.0,0.0,0.0
1950,Pepper Cunningham (Owner),2,0,2,0.0,8.0,,130.0,0.0,0,,6.0,10.0,0,0.0,100.0,0.0,0.0
1979,Hal Callentine (Owner),2,0,0,0.0,17.5,94.0,279.0,0.0,0,27.5,12.0,23.0,2,0.0,0.0,0.0,0.0
1989,Salmon Racing,3,0,0,0.0,35.33,171.0,255.0,0.0,0,34.33,26.0,40.0,1,0.0,0.0,0.0,0.0
1951,Glenn Dunaway (Owner),5,0,2,0.0,12.8,,,0.0,0,17.75,8.0,17.0,0,0.0,40.0,0.0,
1971,Ken Spikes (Owner),2,0,0,0.0,23.5,0.0,77.0,0.0,0,22.0,16.0,31.0,1,0.0,0.0,0.0,0.0
1974,GC Spencer Racing,10,0,1,0.0,29.0,,1205.0,3.0,0,20.0,6.0,39.0,1,0.0,10.0,0.0,0.25
1976,Dick Midgley Motorsports,3,0,0,0.0,28.33,234.0,225.0,0.0,0,29.33,20.0,38.0,0,0.0,0.0,0.0,0.0
1980,Don Guy (Owner),1,0,0,0.0,27.0,82.0,82.0,0.0,0,36.0,27.0,27.0,1,0.0,0.0,0.0,0.0
1983,Lee & Humphries,2,0,0,0.0,36.5,107.0,70.0,0.0,0,26.5,35.0,38.0,0,0.0,0.0,0.0,0.0
2005,Ash Motorsports,1,0,0,0.0,42.0,37.0,161.0,0.0,0,18.0,42.0,42.0,0,0.0,0.0,0.0,0.0
1963,Ray Herlocker (Owner),1,0,0,0.0,13.0,208.0,183.0,0.0,0,21.0,13.0,13.0,1,0.0,0.0,0.0,0.0
1974,George Elliott Racing,1,0,0,0.0,45.0,,15.0,0.0,0,48.0,45.0,45.0,0,0.0,0.0,0.0,0.0
1978,Junior Miller Racing,2,0,0,0.0,24.0,182.0,575.0,0.0,0,28.0,20.0,28.0,0,0.0,0.0,0.0,0.0
1951,Lee Connell (Owner),1,0,0,0.0,80.0,,58.0,0.0,0,42.0,80.0,80.0,0,0.0,0.0,0.0,0.0
1954,Clyde Minter (Owner),2,0,0,0.0,18.5,,241.0,0.0,0,,18.0,19.0,1,0.0,0.0,0.0,0.0
1979,Jim Patrick (Owner),1,0,0,0.0,24.0,0.0,101.0,0.0,0,24.0,24.0,24.0,0,0.0,0.0,0.0,0.0
1985,Canavan Racing,1,0,0,0.0,36.0,55.0,53.0,0.0,0,36.0,36.0,36.0,0,0.0,0.0,0.0,0.0
1954,Ray Henderson (Owner),3,0,0,0.0,23.67,,509.0,0.0,0,,13.0,29.0,2,0.0,0.0,0.0,0.0
1984,Bob Penrod (Owner),1,0,0,0.0,39.0,46.0,55.0,0.0,0,34.0,39.0,39.0,0,0.0,0.0,0.0,0.0
1986,Bill Osborne (Owner),1,0,0,0.0,35.0,0.0,38.0,0.0,0,42.0,35.0,35.0,0,0.0,0.0,0.0,0.0
1951,Buck Baity (Owner),1,0,0,0.0,61.0,,248.0,0.0,0,77.0,61.0,61.0,0,0.0,0.0,0.0,0.0
1985,Rick Baldwin Racing,1,0,0,0.0,28.0,79.0,142.0,0.0,0,40.0,28.0,28.0,0,0.0,0.0,0.0,0.0
1951,Clarence Burbank (Owner),1,0,0,0.0,29.0,,367.0,0.0,0,63.0,29.0,29.0,0,0.0,0.0,0.0,0.0
1951,George Hicks (Owner),1,0,0,0.0,15.0,,,0.0,0,12.0,15.0,15.0,0,0.0,0.0,0.0,
1952,Red Harrelson (Owner),1,0,0,0.0,41.0,,254.0,0.0,0,24.0,41.0,41.0,0,0.0,0.0,0.0,0.0
1978,Puskarich Racing,1,0,0,0.0,31.0,70.0,36.0,0.0,0,28.0,31.0,31.0,0,0.0,0.0,0.0,0.0
1979,Butch Hartman (Owner),1,0,0,0.0,14.0,121.0,351.0,0.0,0,27.0,14.0,14.0,1,0.0,0.0,0.0,0.0
1996,Golden West Motorsports,1,0,0,0.0,33.0,64.0,302.0,0.0,0,43.0,33.0,33.0,1,0.0,0.0,0.0,0.0
1980,Phil Howard (Owner),1,0,0,0.0,24.0,91.0,353.0,0.0,0,24.0,24.0,24.0,0,0.0,0.0,0.0,0.0
1968,Jim Whitehead (Owner),1,0,1,0.0,8.0,0.0,171.0,0.0,0,16.0,8.0,8.0,1,0.0,100.0,0.0,0.0
1968,Coz Concilla (Owner),1,0,0,0.0,11.0,0.0,162.0,0.0,0,20.0,11.0,11.0,1,0.0,0.0,0.0,0.0
1954,Lloyd Dane (Owner),3,2,3,0.0,6.0,,773.0,0.0,0,,5.0,8.0,3,66.67,100.0,0.0,0.0
1991,Bahre Racing,2,0,0,0.0,31.5,137.0,515.0,0.0,0,31.0,30.0,33.0,1,0.0,0.0,0.0,0.0
1978,Richard Waters (Owner),1,0,0,0.0,29.0,76.0,13.0,0.0,0,27.0,29.0,29.0,0,0.0,0.0,0.0,0.0
1979,A.J. Foyt Racing,2,1,2,0.0,6.5,0.0,356.0,7.0,1,7.0,3.0,10.0,2,50.0,100.0,0.0,1.97
1988,Joe Booher,1,0,0,0.0,38.0,49.0,272.0,0.0,0,38.0,38.0,38.0,0,0.0,0.0,0.0,0.0
2002,Kirk Shelmerdine Racing,2,0,0,0.0,41.5,77.0,91.0,0.0,0,42.0,41.0,42.0,0,0.0,0.0,0.0,0.0
1978,Don Noel (Owner),2,0,0,0.0,30.5,79.0,180.0,0.0,0,26.0,28.0,33.0,0,0.0,0.0,0.0,0.0
1978,Jimmy Edwards (Owner),1,0,0,0.0,20.0,103.0,317.0,0.0,0,23.0,20.0,20.0,1,0.0,0.0,0.0,0.0
1991,James Reed (Owner),1,0,0,0.0,34.0,61.0,177.0,0.0,0,36.0,34.0,34.0,0,0.0,0.0,0.0,0.0
1996,Ken Schrader Racing,2,0,0,0.0,32.5,136.0,333.0,2.0,0,23.0,23.0,42.0,1,0.0,0.0,0.0,0.6
1996,Ranier-Lundy Racing,1,0,0,0.0,23.0,94.0,327.0,0.0,0,24.0,23.0,23.0,1,0.0,0.0,0.0,0.0
1952,Beryl Jackson (Owner),2,0,1,0.0,11.0,,283.0,0.0,0,26.0,7.0,15.0,1,0.0,50.0,0.0,0.0
1997,Buckshot Racing,1,0,0,0.0,43.0,34.0,38.0,0.0,0,32.0,43.0,43.0,0,0.0,0.0,0.0,0.0
1966,Floyd Johnson (Owner),1,0,0,0.0,38.0,100.0,14.0,0.0,0,42.0,38.0,38.0,0,0.0,0.0,0.0,0.0
1986,Potter Racing,1,0,0,0.0,40.0,43.0,22.0,0.0,0,29.0,40.0,40.0,0,0.0,0.0,0.0,0.0
1990,Marion Collins (Owner),1,0,0,0.0,33.0,64.0,280.0,0.0,0,39.0,33.0,33.0,1,0.0,0.0,0.0,0.0
1950,Bill Blair (Owner),1,1,1,0.0,5.0,,,0.0,0,6.0,5.0,5.0,1,100.0,100.0,0.0,
1966,Joiner Racing,1,0,0,0.0,33.0,100.0,41.0,0.0,0,24.0,33.0,33.0,0,0.0,0.0,0.0,0.0
1972,Don Tarr (Owner),1,1,1,0.0,5.0,92.0,466.0,0.0,0,20.0,5.0,5.0,1,100.0,100.0,0.0,0.0
1951,Wade Fields (Owner),1,0,0,0.0,11.0,,,0.0,0,,11.0,11.0,0,0.0,0.0,0.0,
1954,Ray Erickson (Owner),1,1,1,1.0,1.0,,250.0,108.0,1,26.0,1.0,1.0,1,100.0,100.0,100.0,43.2
1954,F.W. Smith (Owner),2,0,1,0.0,23.0,,373.0,0.0,0,,7.0,39.0,1,0.0,50.0,0.0,0.0
1955,Spook Crawford (Owner),1,0,0,0.0,17.0,216.0,169.0,0.0,0,31.0,17.0,17.0,1,0.0,0.0,0.0,0.0
1976,Clay Blackwell (Owner),1,0,0,0.0,28.0,79.0,111.0,0.0,0,35.0,28.0,28.0,0,0.0,0.0,0.0,0.0
2008,JTG Daugherty Racing,2,0,0,0.0,29.0,152.0,424.0,0.0,1,22.0,22.0,36.0,2,0.0,0.0,0.0,0.0
2000,Buckshot Racing,1,0,0,0.0,37.0,52.0,277.0,0.0,0,29.0,37.0,37.0,1,0.0,0.0,0.0,0.0
1950,Felix Wilkes (Owner),1,0,0,0.0,29.0,,,0.0,0,,29.0,29.0,0,0.0,0.0,0.0,
1959,Hoss Kagle (Owner),1,0,0,0.0,12.0,,158.0,0.0,0,,12.0,12.0,0,0.0,0.0,0.0,0.0
1959,Jim Findley (Owner),1,0,0,0.0,17.0,112.0,116.0,0.0,0,,17.0,17.0,0,0.0,0.0,0.0,0.0
1983,Spohn Racing,1,0,0,0.0,36.0,55.0,24.0,0.0,0,35.0,36.0,36.0,0,0.0,0.0,0.0,0.0
1998,Midwest Transit Racing,1,0,0,0.0,36.0,55.0,99.0,0.0,0,26.0,36.0,36.0,0,0.0,0.0,0.0,0.0
1991,Mansion Motorsports,2,0,0,0.0,36.0,110.0,350.0,0.0,0,38.5,32.0,40.0,1,0.0,0.0,0.0,0.0
1966,Ralph Shelton (Owner),1,0,0,0.0,32.0,200.0,43.0,0.0,0,21.0,32.0,32.0,0,0.0,0.0,0.0,0.0
1980,B & B Racing,1,0,0,0.0,13.0,124.0,181.0,0.0,0,26.0,13.0,13.0,1,0.0,0.0,0.0,0.0
1961,Jay George (Owner),1,0,0,0.0,36.0,24.0,6.0,0.0,0,24.0,36.0,36.0,0,0.0,0.0,0.0,0.0
1980,John Callis (Owner),2,0,0,0.0,30.5,100.0,464.0,0.0,0,31.0,21.0,40.0,1,0.0,0.0,0.0,0.0
1951,James Hinnant (Owner),1,0,0,0.0,58.0,,268.0,0.0,0,40.0,58.0,58.0,0,0.0,0.0,0.0,0.0
1955,Leland Colvin (Owner),1,0,0,0.0,20.0,360.0,346.0,0.0,0,18.0,20.0,20.0,1,0.0,0.0,0.0,0.0
1980,Bill Osborne (Owner),1,0,0,0.0,35.0,58.0,22.0,0.0,0,34.0,35.0,35.0,0,0.0,0.0,0.0,0.0
2018,NY Racing Team,1,0,0,0.0,38.0,0.0,191.0,0.0,0,40.0,38.0,38.0,0,0.0,0.0,0.0,0.0
1949,Frankie Schneider (Owner),1,0,1,0.0,6.0,,,0.0,0,,6.0,6.0,0,0.0,100.0,0.0,
1951,Murrace Walker (Owner),1,0,0,0.0,74.0,,104.0,0.0,0,36.0,74.0,74.0,0,0.0,0.0,0.0,0.0
1986,Clay Young (Owner),1,0,0,0.0,21.0,100.0,90.0,0.0,0,37.0,21.0,21.0,0,0.0,0.0,0.0,0.0
1995,Eldon George,2,0,0,0.0,36.0,110.0,251.0,0.0,0,42.5,31.0,41.0,1,0.0,0.0,0.0,0.0
1954,Jack Beumer (Owner),2,0,1,0.0,24.0,,269.0,0.0,0,,7.0,41.0,1,0.0,50.0,0.0,0.0
1977,Finney Racing,1,0,0,0.0,35.0,58.0,148.0,0.0,0,35.0,35.0,35.0,0,0.0,0.0,0.0,0.0
1998,Bud Moore Engineering,2,0,0,0.0,41.0,80.0,221.0,0.0,0,32.0,39.0,43.0,0,0.0,0.0,0.0,0.0
2024,Beard Motorsports,4,0,2,0.0,16.0,0.0,744.0,4.0,2,31.25,6.0,27.0,4,0.0,50.0,0.0,0.54
1951,Herschel Buchanan (Owner),1,0,0,0.0,49.0,,,0.0,0,37.0,49.0,49.0,0,0.0,0.0,0.0,
1995,Ultra Motorsports,1,0,0,0.0,42.0,37.0,19.0,0.0,0,33.0,42.0,42.0,0,0.0,0.0,0.0,0.0
1963,Vel Miletich (Owner),2,0,0,0.0,26.5,856.0,202.0,0.0,0,18.0,15.0,38.0,1,0.0,0.0,0.0,0.0
1964,E.A. McQuaig (Owner),1,0,0,0.0,20.0,96.0,23.0,0.0,0,11.0,20.0,20.0,0,0.0,0.0,0.0,0.0
1999,Ultra Motorsports,1,0,0,0.0,24.0,91.0,397.0,0.0,0,29.0,24.0,24.0,1,0.0,0.0,0.0,0.0
1951,Owens Racing,1,1,1,0.0,5.0,,,0.0,0,25.0,5.0,5.0,1,100.0,100.0,0.0,
1978,DuWayne Wahl (Owner),2,0,0,0.0,32.0,134.0,102.0,0.0,0,32.0,28.0,36.0,0,0.0,0.0,0.0,0.0
1952,W.A. Smith (Owner),1,0,0,0.0,45.0,,205.0,0.0,0,51.0,45.0,45.0,1,0.0,0.0,0.0,0.0
1998,Roehrig Racing,1,0,0,0.0,41.0,40.0,78.0,0.0,0,10.0,41.0,41.0,0,0.0,0.0,0.0,0.0
1951,J.E. Hardie (Owner),1,0,0,0.0,42.0,,339.0,0.0,0,73.0,42.0,42.0,0,0.0,0.0,0.0,0.0
1957,Ed Chann (Owner),1,0,0,0.0,27.0,,47.0,0.0,0,24.0,27.0,27.0,0,0.0,0.0,0.0,0.0
1973,Nagle Racers,1,0,0,0.0,23.0,56.0,150.0,0.0,0,21.0,23.0,23.0,0,0.0,0.0,0.0,0.0
1954,Les Brand (Owner),3,0,0,0.0,26.0,,517.0,0.0,0,,19.0,38.0,1,0.0,0.0,0.0,0.0
1990,Pearson Racing,4,0,0,0.0,26.0,340.0,1193.0,0.0,0,25.5,20.0,34.0,3,0.0,0.0,0.0,0.0
1954,Billy Irvin (Owner),1,0,0,0.0,12.0,,127.0,0.0,0,,12.0,12.0,1,0.0,0.0,0.0,0.0
1955,Claude Porter (Owner),1,0,0,0.0,47.0,60.0,225.0,0.0,0,53.0,47.0,47.0,0,0.0,0.0,0.0,0.0
1963,Ray Osborne (Owner),1,0,0,0.0,34.0,82.0,20.0,0.0,0,29.0,34.0,34.0,0,0.0,0.0,0.0,0.0
2002,Victory Motorsports,5,0,0,0.0,41.2,202.0,221.0,4.0,0,42.8,40.0,43.0,0,0.0,0.0,0.0,1.81
1963,Oren Prosser (Owner),1,0,0,0.0,25.0,128.0,95.0,0.0,0,25.0,25.0,25.0,1,0.0,0.0,0.0,0.0
1968,Truett Rodgers (Owner),1,0,0,0.0,16.0,35.0,151.0,0.0,0,27.0,16.0,16.0,1,0.0,0.0,0.0,0.0
1981,Pfeifer Racing,1,0,0,0.0,24.0,91.0,83.0,0.0,0,35.0,24.0,24.0,0,0.0,0.0,0.0,0.0
1992,Kaylan Young (Owner),1,0,0,0.0,35.0,58.0,69.0,0.0,0,39.0,35.0,35.0,1,0.0,0.0,0.0,0.0
1951,Barney Smith (Owner),2,0,0,0.0,13.0,,,0.0,0,,12.0,14.0,0,0.0,0.0,0.0,
1974,Roland Gautsche (Owner),1,0,0,0.0,22.0,,71.0,0.0,0,6.0,22.0,22.0,0,0.0,0.0,0.0,0.0
1952,Clark Warwick (Owner),1,0,1,0.0,9.0,,171.0,0.0,0,7.0,9.0,9.0,0,0.0,100.0,0.0,0.0
1952,L.W. Tickle (Owner),1,0,0,0.0,32.0,,336.0,0.0,0,9.0,32.0,32.0,1,0.0,0.0,0.0,0.0
1954,Chris Milovich (Owner),1,0,0,0.0,18.0,,228.0,0.0,0,,18.0,18.0,1,0.0,0.0,0.0,0.0
1978,Gerald Craker (Owner),2,0,1,0.0,19.5,223.0,147.0,5.0,0,8.5,7.0,32.0,1,0.0,50.0,0.0,3.4
1981,Bob Bondurant (Owner),1,0,0,0.0,21.0,100.0,93.0,0.0,0,26.0,21.0,21.0,0,0.0,0.0,0.0,0.0
1950,Bruce Thompson (Owner),1,0,0,0.0,21.0,,,0.0,0,,21.0,21.0,0,0.0,0.0,0.0,
1955,Malcolm Barlow (Owner),1,0,0,0.0,38.0,60.0,302.0,0.0,0,57.0,38.0,38.0,1,0.0,0.0,0.0,0.0
1959,Bob Weatherly (Owner),1,0,0,0.0,27.0,80.0,219.0,0.0,0,33.0,27.0,27.0,0,0.0,0.0,0.0,0.0
1974,G Matthews Racing,1,0,0,0.0,26.0,,37.0,0.0,0,33.0,26.0,26.0,0,0.0,0.0,0.0,0.0
1990,Chuck Wellings (Owner),1,0,0,0.0,26.0,85.0,196.0,0.0,0,27.0,26.0,26.0,1,0.0,0.0,0.0,0.0
1949,Robert Dixon (Owner),1,0,1,0.0,8.0,,194.0,0.0,0,,8.0,8.0,0,0.0,100.0,0.0,0.0
1951,Bucky Sager (Owner),1,0,0,0.0,25.0,,,0.0,0,33.0,25.0,25.0,0,0.0,0.0,0.0,
1955,Bob Fish (Owner),2,0,0,0.0,57.0,60.0,69.0,4.0,1,2.5,48.0,66.0,0,0.0,0.0,0.0,5.8
2015,Team XTREME Racing,1,0,0,0.0,32.0,12.0,203.0,0.0,1,14.0,32.0,32.0,1,0.0,0.0,0.0,0.0
1954,John Fernandez (Owner),1,0,1,0.0,10.0,,244.0,0.0,0,,10.0,10.0,1,0.0,100.0,0.0,0.0
1955,Gus Holzmueller (Owner),1,0,0,0.0,20.0,,37.0,0.0,0,46.0,20.0,20.0,1,0.0,0.0,0.0,0.0
1968,Fred Elder (Owner),1,0,0,0.0,30.0,0.0,37.0,0.0,0,19.0,30.0,30.0,0,0.0,0.0,0.0,0.0
1974,Dagit Racing,1,0,0,0.0,18.0,,183.0,0.0,0,31.0,18.0,18.0,1,0.0,0.0,0.0,0.0
1996,Berrier Racing,1,0,0,0.0,39.0,46.0,57.0,0.0,0,33.0,39.0,39.0,0,0.0,0.0,0.0,0.0
1987,Good Racing,1,0,0,0.0,39.0,46.0,10.0,0.0,0,38.0,39.0,39.0,0,0.0,0.0,0.0,0.0
1952,Oda Greene (Owner),1,0,0,0.0,15.0,,134.0,0.0,0,13.0,15.0,15.0,0,0.0,0.0,0.0,0.0
1978,Michael McCluney (Owner),1,0,0,0.0,32.0,67.0,98.0,0.0,0,39.0,32.0,32.0,0,0.0,0.0,0.0,0.0
1949,Ted Chamberlain (Owner),2,0,0,0.0,12.0,,148.0,0.0,0,,11.0,13.0,0,0.0,0.0,0.0,0.0
1968,Bob Bristol (Owner),1,0,0,0.0,24.0,0.0,67.0,0.0,0,25.0,24.0,24.0,0,0.0,0.0,0.0,0.0
1995,TTC Motorsports Inc.,2,0,0,0.0,33.0,128.0,348.0,0.0,0,34.0,27.0,39.0,1,0.0,0.0,0.0,0.0
1989,Bickle Racing,2,0,0,0.0,30.5,143.0,355.0,0.0,0,40.0,22.0,39.0,1,0.0,0.0,0.0,0.0
1963,Ralph Smith (Owner),1,0,0,0.0,17.0,144.0,184.0,0.0,0,20.0,17.0,17.0,1,0.0,0.0,0.0,0.0
1978,Rocky Moran (Owner),3,0,0,0.0,25.33,261.0,289.0,0.0,0,30.33,20.0,30.0,1,0.0,0.0,0.0,0.0
1959,Gus Wilson (Owner),1,0,0,0.0,18.0,,100.0,0.0,0,,18.0,18.0,0,0.0,0.0,0.0,0.0
1979,Smokey Yunick Racing,1,0,0,0.0,31.0,70.0,136.0,0.0,0,18.0,31.0,31.0,0,0.0,0.0,0.0,0.0
1990,RaDiUs Motorsports,1,0,0,0.0,40.0,0.0,0.0,0.0,0,40.0,40.0,40.0,0,0.0,0.0,0.0,
1952,Dave Kennedy (Owner),2,0,0,0.0,31.5,,218.0,0.0,0,7.0,23.0,40.0,0,0.0,0.0,0.0,0.0
1952,James Barnes (Owner),1,0,0,0.0,24.0,,169.0,0.0,0,14.0,24.0,24.0,0,0.0,0.0,0.0,0.0
1951,Rudy Hires (Owner),1,0,0,0.0,77.0,,82.0,0.0,0,56.0,77.0,77.0,0,0.0,0.0,0.0,0.0
1952,Rollin Smith (Owner),1,0,0,0.0,12.0,,385.0,0.0,0,35.0,12.0,12.0,1,0.0,0.0,0.0,0.0
1976,Walther Racing,1,0,0,0.0,12.0,0.0,187.0,0.0,0,26.0,12.0,12.0,1,0.0,0.0,0.0,0.0
1980,Revis Racing,1,0,0,0.0,33.0,64.0,23.0,0.0,0,36.0,33.0,33.0,0,0.0,0.0,0.0,0.0
2001,Dark Horse Motorsports,1,0,0,0.0,42.0,37.0,104.0,0.0,0,36.0,42.0,42.0,0,0.0,0.0,0.0,0.0
1951,Bob Moore (Owner),1,0,0,0.0,27.0,,,0.0,0,,27.0,27.0,0,0.0,0.0,0.0,
1993,Sadler Racing,1,0,0,0.0,29.0,76.0,324.0,0.0,0,30.0,29.0,29.0,1,0.0,0.0,0.0,0.0
1994,Butch Leitzinger (Owner),1,0,0,0.0,31.0,70.0,81.0,0.0,0,38.0,31.0,31.0,0,0.0,0.0,0.0,0.0
1997,Cicci-Welliver Racing,1,0,0,0.0,35.0,58.0,87.0,0.0,0,1.0,35.0,35.0,0,0.0,0.0,0.0,0.0
2007,Wyler Racing,1,0,0,0.0,31.0,70.0,397.0,0.0,0,31.0,31.0,31.0,1,0.0,0.0,0.0,0.0
1951,A.L. Miller (Owner),1,0,0,0.0,70.0,,148.0,0.0,0,74.0,70.0,70.0,0,0.0,0.0,0.0,0.0
1963,Bill Clifton (Owner),2,0,0,0.0,24.0,920.0,247.0,0.0,0,35.5,14.0,34.0,2,0.0,0.0,0.0,0.0
1975,Little Racing,1,0,0,0.0,28.0,79.0,35.0,0.0,0,19.0,28.0,28.0,0,0.0,0.0,0.0,0.0
1978,Go-Em Racing,2,0,0,0.0,26.0,170.0,185.0,0.0,0,35.5,19.0,33.0,1,0.0,0.0,0.0,0.0
1982,L.W. Wright (Owner),1,0,0,0.0,39.0,0.0,13.0,0.0,0,36.0,39.0,39.0,0,0.0,0.0,0.0,0.0
1988,,1,0,0,0.0,37.0,52.0,280.0,0.0,0,36.0,37.0,37.0,0,0.0,0.0,0.0,0.0
1974,Larry Richardson (Owner),1,0,0,0.0,28.0,,36.0,0.0,0,32.0,28.0,28.0,0,0.0,0.0,0.0,0.0
1979,Jockos Racing,1,0,0,0.0,24.0,91.0,172.0,0.0,0,29.0,24.0,24.0,1,0.0,0.0,0.0,0.0
1982,Brown Racing,1,0,0,0.0,28.0,79.0,75.0,0.0,0,39.0,28.0,28.0,0,0.0,0.0,0.0,0.0
1953,Earl Foushee (Owner),1,0,0,0.0,27.0,,256.0,0.0,0,,27.0,27.0,0,0.0,0.0,0.0,0.0
1952,W.H. Baker (Owner),1,0,0,0.0,22.0,,368.0,0.0,0,57.0,22.0,22.0,1,0.0,0.0,0.0,0.0
1965,Basil Whittaker (Owner),4,0,0,0.0,27.5,584.0,627.0,0.0,0,26.5,18.0,43.0,0,0.0,0.0,0.0,0.0
2002,Tri-State Motorsports,1,0,0,0.0,43.0,0.0,8.0,0.0,0,43.0,43.0,43.0,0,0.0,0.0,0.0,0.0
1952,Robert McGrath (Owner),1,0,0,0.0,30.0,,123.0,0.0,0,36.0,30.0,30.0,0,0.0,0.0,0.0,0.0
1954,Joe Fisher (Owner),2,0,0,0.0,18.0,,336.0,0.0,0,,11.0,25.0,1,0.0,0.0,0.0,0.0
2011,Leavine Fenton Racing,2,0,0,0.0,37.0,0.0,408.0,0.0,0,32.5,36.0,38.0,0,0.0,0.0,0.0,0.0
1974,Gene Evans (Owner),1,0,0,0.0,27.0,,116.0,0.0,0,32.0,27.0,27.0,0,0.0,0.0,0.0,0.0
1978,Schmitt Racing,3,0,1,0.0,18.0,330.0,304.0,0.0,0,10.0,8.0,32.0,2,0.0,33.33,0.0,0.0
1951,Ed Rooney (Owner),1,0,0,0.0,37.0,,,0.0,0,41.0,37.0,37.0,0,0.0,0.0,0.0,
1955,Pepper Cunningham (Owner),1,0,0,0.0,32.0,12.0,3.0,0.0,0,6.0,32.0,32.0,0,0.0,0.0,0.0,0.0
1961,Bill Lloyd (Owner),2,0,0,0.0,21.5,228.0,168.0,0.0,0,25.5,13.0,30.0,2,0.0,0.0,0.0,0.0
1951,Bob Pronger (Owner),1,0,0,0.0,47.0,,332.0,0.0,0,57.0,47.0,47.0,0,0.0,0.0,0.0,0.0
1976,H.C. Porter (Owner),1,0,0,0.0,24.0,91.0,301.0,0.0,0,38.0,24.0,24.0,1,0.0,0.0,0.0,0.0
1951,Wesley McBell (Owner),1,0,0,0.0,35.0,,,0.0,0,31.0,35.0,35.0,0,0.0,0.0,0.0,
1951,Truthful Kelley (Owner),1,0,0,0.0,29.0,,,0.0,0,,29.0,29.0,0,0.0,0.0,0.0,
1955,Chuck Hansen (Owner),1,0,0,0.0,13.0,156.0,109.0,0.0,0,30.0,13.0,13.0,1,0.0,0.0,0.0,0.0
1962,Gene Stokes (Owner),2,0,0,0.0,14.5,368.0,319.0,0.0,0,17.5,12.0,17.0,2,0.0,0.0,0.0,0.0
1963,Lloyd Dane (Owner),1,0,0,0.0,44.0,88.0,8.0,0.0,0,29.0,44.0,44.0,0,0.0,0.0,0.0,0.0
1966,Bob Bristol (Owner),1,0,0,0.0,42.0,100.0,4.0,0.0,0,37.0,42.0,42.0,0,0.0,0.0,0.0,0.0
1952,Stuart Joyce (Owner),2,0,1,0.0,22.5,,296.0,0.0,0,29.0,8.0,37.0,1,0.0,50.0,0.0,0.0
1963,Jack Norton (Owner),1,0,0,0.0,28.0,264.0,140.0,0.0,0,42.0,28.0,28.0,0,0.0,0.0,0.0,0.0
1985,Circle Bar Racing,1,0,0,0.0,25.0,88.0,308.0,0.0,0,36.0,25.0,25.0,1,0.0,0.0,0.0,0.0
1993,Filmar Racing,1,0,0,0.0,37.0,52.0,86.0,0.0,0,6.0,37.0,37.0,0,0.0,0.0,0.0,0.0
1957,Bob Smith (Owner),1,0,0,0.0,19.0,,120.0,0.0,0,27.0,19.0,19.0,0,0.0,0.0,0.0,0.0
1975,Mike White (Owner),1,0,0,0.0,19.0,106.0,117.0,0.0,0,16.0,19.0,19.0,0,0.0,0.0,0.0,0.0
1979,Danny Queen (Owner),1,0,0,0.0,28.0,0.0,76.0,0.0,0,26.0,28.0,28.0,0,0.0,0.0,0.0,0.0
1994,Chris Virtue (Owner),1,0,0,0.0,33.0,64.0,152.0,0.0,0,26.0,33.0,33.0,1,0.0,0.0,0.0,0.0
1966,Clem Proctor (Owner),1,0,0,0.0,24.0,900.0,114.0,0.0,0,18.0,24.0,24.0,0,0.0,0.0,0.0,0.0
1975,G.T. Tallas (Owner),1,0,0,0.0,29.0,76.0,28.0,0.0,0,31.0,29.0,29.0,0,0.0,0.0,0.0,0.0
1989,Stoke Racing,1,0,0,0.0,35.0,0.0,61.0,0.0,0,25.0,35.0,35.0,0,0.0,0.0,0.0,0.0
1951,Len Brown (Owner),1,0,0,0.0,44.0,,,0.0,0,,44.0,44.0,0,0.0,0.0,0.0,
1952,Tony Bonadies (Owner),1,0,0,0.0,27.0,,350.0,0.0,0,11.0,27.0,27.0,1,0.0,0.0,0.0,0.0
1952,Rudy Hires (Owner),1,0,0,0.0,39.0,,267.0,0.0,0,45.0,39.0,39.0,1,0.0,0.0,0.0,0.0
1990,Ken Schrader Racing,1,0,0,0.0,27.0,82.0,175.0,0.0,0,35.0,27.0,27.0,0,0.0,0.0,0.0,0.0
1963,B.G. Holloway (Owner),2,0,0,0.0,15.0,352.0,280.0,0.0,0,10.5,11.0,19.0,0,0.0,0.0,0.0,0.0
1968,Stroppe Motorsports,1,1,1,0.0,3.0,0.0,186.0,49.0,1,3.0,3.0,3.0,1,100.0,100.0,0.0,26.34
1974,Brown Racing (Jerry Brown),1,0,0,0.0,35.0,,51.0,0.0,0,33.0,35.0,35.0,0,0.0,0.0,0.0,0.0
1959,Tiny Benson (Owner),2,0,2,0.0,8.5,,298.0,0.0,0,18.0,7.0,10.0,2,0.0,100.0,0.0,0.0
1968,Bo Reeder (Owner),1,0,0,0.0,40.0,0.0,4.0,0.0,0,44.0,40.0,40.0,0,0.0,0.0,0.0,0.0
1978,Sam Arakalian (Owner),1,0,0,0.0,29.0,76.0,41.0,0.0,0,17.0,29.0,29.0,0,0.0,0.0,0.0,0.0
1951,Herb Trimble (Owner),2,0,1,0.0,38.5,,198.0,0.0,0,66.0,9.0,68.0,0,0.0,50.0,0.0,0.0
1991,Ball Racing,1,0,0,0.0,21.0,100.0,322.0,0.0,0,38.0,21.0,21.0,1,0.0,0.0,0.0,0.0
2000,Cicci-Welliver Racing,1,0,0,0.0,42.0,37.0,31.0,0.0,0,43.0,42.0,42.0,0,0.0,0.0,0.0,0.0
1957,William Dickenson (Owner),1,1,1,0.0,4.0,,97.0,0.0,0,9.0,4.0,4.0,1,100.0,100.0,0.0,0.0
1959,Buzz Woodward (Owner),1,1,1,0.0,5.0,,191.0,0.0,0,,5.0,5.0,1,100.0,100.0,0.0,0.0
1959,S.T. Campbell (Owner),1,0,1,0.0,8.0,0.0,147.0,0.0,0,11.0,8.0,8.0,1,0.0,100.0,0.0,0.0
1962,Al White (Owner),1,0,0,0.0,20.0,120.0,233.0,0.0,0,28.0,20.0,20.0,0,0.0,0.0,0.0,0.0
1983,Halverson Racing,1,0,0,0.0,33.0,0.0,34.0,0.0,0,40.0,33.0,33.0,0,0.0,0.0,0.0,0.0
1992,Gilliland Racing,2,0,0,0.0,33.5,125.0,347.0,0.0,0,38.0,29.0,38.0,1,0.0,0.0,0.0,0.0
1952,Johnny Bridgers (Owner),1,0,0,0.0,42.0,,244.0,0.0,0,28.0,42.0,42.0,0,0.0,0.0,0.0,0.0
1954,George Rogge (Owner),1,0,0,0.0,40.0,,64.0,0.0,0,,40.0,40.0,0,0.0,0.0,0.0,0.0
1977,Michael Brockman (Owner),1,0,0,0.0,34.0,61.0,4.0,0.0,0,4.0,34.0,34.0,0,0.0,0.0,0.0,0.0
1991,Fast Track Racing Enterprises,2,0,0,0.0,36.0,110.0,320.0,0.0,0,34.5,32.0,40.0,1,0.0,0.0,0.0,0.0
1976,Norris Reed (Owner),1,0,0,0.0,26.0,0.0,113.0,0.0,0,1.0,26.0,26.0,0,0.0,0.0,0.0,0.0
1978,McGriff Motorsports,1,0,0,0.0,17.0,112.0,90.0,0.0,0,11.0,17.0,17.0,1,0.0,0.0,0.0,0.0
1987,John Sheppard (Owner),1,0,0,0.0,35.0,0.0,161.0,0.0,0,36.0,35.0,35.0,0,0.0,0.0,0.0,0.0
1952,Dub Livingston (Owner),1,0,0,0.0,14.0,,152.0,0.0,0,11.0,14.0,14.0,0,0.0,0.0,0.0,0.0
1994,Gilliland Racing,1,0,0,0.0,27.0,82.0,72.0,0.0,0,14.0,27.0,27.0,1,0.0,0.0,0.0,0.0
1994,A.J. Foyt Racing,1,0,0,0.0,30.0,73.0,156.0,0.0,0,40.0,30.0,30.0,1,0.0,0.0,0.0,0.0
1966,Arley Scranton (Owner),1,0,0,0.0,43.0,100.0,3.0,0.0,0,39.0,43.0,43.0,0,0.0,0.0,0.0,0.0
1969,Paul Dean Holt (Owner),1,0,0,0.0,34.0,51.0,247.0,0.0,0,37.0,34.0,34.0,0,0.0,0.0,0.0,0.0
1993,ppc Racing,1,0,0,0.0,33.0,64.0,314.0,0.0,0,39.0,33.0,33.0,1,0.0,0.0,0.0,0.0
1955,J.C. Van Landingham (Owner),1,0,1,0.0,7.0,,38.0,0.0,0,5.0,7.0,7.0,1,0.0,100.0,0.0,0.0
1994,Gene Isenhour (Owner),1,0,0,0.0,35.0,58.0,106.0,0.0,0,22.0,35.0,35.0,0,0.0,0.0,0.0,0.0
1957,Joiner Racing,1,0,0,0.0,16.0,,18.0,0.0,0,,16.0,16.0,0,0.0,0.0,0.0,0.0
1964,Larry Thomas (Owner),1,0,1,0.0,8.0,504.0,478.0,0.0,0,8.0,8.0,8.0,1,0.0,100.0,0.0,0.0
1974,Richard Peralta (Owner),1,0,0,0.0,11.0,,121.0,0.0,0,35.0,11.0,11.0,1,0.0,0.0,0.0,0.0
1955,Harvey Walters (Owner),1,0,0,0.0,19.0,,37.0,0.0,0,24.0,19.0,19.0,1,0.0,0.0,0.0,0.0
1963,Al White (Owner),1,0,0,0.0,24.0,60.0,211.0,0.0,0,36.0,24.0,24.0,0,0.0,0.0,0.0,0.0
2009,Gunselman Motorsports,6,0,0,0.0,41.0,240.0,380.0,0.0,0,36.17,37.0,43.0,0,0.0,0.0,0.0,0.0
1955,Ray Fletcher (Owner),1,0,0,0.0,44.0,60.0,247.0,0.0,0,36.0,44.0,44.0,0,0.0,0.0,0.0,0.0
1956,Joe Gilliam (Owner),1,0,0,0.0,32.0,,37.0,0.0,0,35.0,32.0,32.0,0,0.0,0.0,0.0,0.0
1963,Scotty Cain (Owner),2,0,0,0.0,24.5,768.0,229.0,0.0,0,30.5,21.0,28.0,1,0.0,0.0,0.0,0.0
1981,McCray Motorsports,1,0,0,0.0,26.0,85.0,66.0,0.0,0,25.0,26.0,26.0,0,0.0,0.0,0.0,0.0
1984,Fields Racing,2,0,0,0.0,28.5,155.0,661.0,0.0,0,36.5,26.0,31.0,1,0.0,0.0,0.0,0.0
1995,Dale Earnhardt Inc.,1,0,0,0.0,17.0,117.0,398.0,6.0,0,34.0,17.0,17.0,1,0.0,0.0,0.0,1.51
1952,Bob Pronger (Owner),1,0,0,0.0,54.0,,140.0,0.0,0,15.0,54.0,54.0,0,0.0,0.0,0.0,0.0
1955,Steve Pierce (Owner),1,0,0,0.0,41.0,60.0,276.0,0.0,0,62.0,41.0,41.0,0,0.0,0.0,0.0,0.0
1963,John Rostek (Owner),1,0,0,0.0,16.0,1144.0,172.0,0.0,0,27.0,16.0,16.0,0,0.0,0.0,0.0,0.0
1952,Johnny Gouveia (Owner),1,0,0,0.0,59.0,,61.0,0.0,0,26.0,59.0,59.0,0,0.0,0.0,0.0,0.0
1959,Jim Parsley (Owner),1,0,1,0.0,8.0,160.0,177.0,0.0,0,,8.0,8.0,1,0.0,100.0,0.0,0.0
1967,Cunningham-Kelley,1,0,0,0.0,17.0,180.0,120.0,0.0,0,13.0,17.0,17.0,0,0.0,0.0,0.0,0.0
1974,C & M Racing,1,0,1,0.0,9.0,,123.0,0.0,0,34.0,9.0,9.0,1,0.0,100.0,0.0,0.0
1990,Byers Racing,2,0,0,0.0,40.0,43.0,41.0,0.0,0,35.0,40.0,40.0,0,0.0,0.0,0.0,0.0
1951,Julian Petty (Owner),2,0,1,0.0,11.5,,494.0,0.0,0,55.0,10.0,13.0,1,0.0,50.0,0.0,0.0
1962,Leroy Faucett (Owner),2,0,1,0.0,16.5,464.0,380.0,0.0,0,31.0,7.0,26.0,2,0.0,50.0,0.0,0.0
1966,Jim Whitehead (Owner),1,0,0,0.0,41.0,100.0,4.0,0.0,0,28.0,41.0,41.0,0,0.0,0.0,0.0,0.0
1978,McCray Motorsports,3,0,0,0.0,21.33,297.0,220.0,0.0,0,28.67,12.0,39.0,2,0.0,0.0,0.0,0.0
1992,RahMoc Enterprises,3,1,1,0.0,17.0,343.0,573.0,0.0,2,32.33,5.0,27.0,3,33.33,33.33,0.0,0.0
1993,TW Taylor,3,0,0,0.0,38.0,152.0,280.0,1.0,0,32.67,34.0,40.0,0,0.0,0.0,0.0,0.36
1961,Donlavey Racing,1,0,0,0.0,21.0,96.0,113.0,0.0,0,15.0,21.0,21.0,0,0.0,0.0,0.0,0.0
1982,Marvin Thaxton (Owner),1,0,0,0.0,39.0,46.0,35.0,0.0,0,34.0,39.0,39.0,0,0.0,0.0,0.0,0.0
1992,Gray Racing,1,0,0,0.0,39.0,46.0,8.0,0.0,0,38.0,39.0,39.0,0,0.0,0.0,0.0,0.0
1961,Joiner Racing,1,0,0,0.0,20.0,144.0,125.0,0.0,0,13.0,20.0,20.0,1,0.0,0.0,0.0,0.0
1956,Whitey Norman (Owner),1,0,1,0.0,10.0,,150.0,0.0,0,24.0,10.0,10.0,1,0.0,100.0,0.0,0.0
1957,John Kieper (Owner),1,0,0,0.0,16.0,,6.0,0.0,0,8.0,16.0,16.0,0,0.0,0.0,0.0,0.0
1991,Buck Baker Racing,2,0,0,0.0,27.0,164.0,689.0,0.0,0,36.0,26.0,28.0,2,0.0,0.0,0.0,0.0
1952,Joe Hawkins (Owner),2,0,0,0.0,15.5,,596.0,0.0,0,38.0,14.0,17.0,2,0.0,0.0,0.0,0.0
1952,Walter Martinson (Owner),1,0,0,0.0,26.0,,140.0,0.0,0,38.0,26.0,26.0,0,0.0,0.0,0.0,0.0
1954,Al Neves (Owner),4,1,2,0.0,14.5,,981.0,0.0,0,,4.0,26.0,4,25.0,50.0,0.0,0.0
1955,R.C. Rollings (Owner),1,0,0,0.0,57.0,60.0,137.0,0.0,0,54.0,57.0,57.0,0,0.0,0.0,0.0,0.0
1962,Paul Lewis (Owner),1,0,0,0.0,13.0,208.0,170.0,0.0,0,16.0,13.0,13.0,0,0.0,0.0,0.0,0.0
1984,Churchill Motorsports,1,0,0,0.0,34.0,61.0,118.0,0.0,0,32.0,34.0,34.0,0,0.0,0.0,0.0,0.0
1990,Duffie Racing,2,0,0,0.0,29.0,152.0,191.0,0.0,0,39.0,21.0,37.0,1,0.0,0.0,0.0,0.0
1955,Walt Chapman (Owner),1,0,0,0.0,36.0,,22.0,0.0,0,17.0,36.0,36.0,0,0.0,0.0,0.0,0.0
1955,Bill Taylor (Owner),1,0,0,0.0,15.0,264.0,176.0,0.0,0,27.0,15.0,15.0,1,0.0,0.0,0.0,0.0
1968,Dick Behling (Owner),1,0,0,0.0,12.0,123.0,312.0,0.0,0,32.0,12.0,12.0,1,0.0,0.0,0.0,0.0
1971,Daniel Racing,1,0,0,0.0,26.0,25.0,16.0,0.0,0,25.0,26.0,26.0,0,0.0,0.0,0.0,0.0
1978,Arthur Godfrey (Owner),1,0,0,0.0,27.0,82.0,50.0,0.0,0,13.0,27.0,27.0,0,0.0,0.0,0.0,0.0
1993,Aroneck Racing,1,0,0,0.0,40.0,43.0,9.0,0.0,0,36.0,40.0,40.0,0,0.0,0.0,0.0,0.0
2012,Hamilton Means Racing,1,0,0,0.0,41.0,0.0,20.0,0.0,0,35.0,41.0,41.0,0,0.0,0.0,0.0,0.0
1968,Dan Dostinich (Owner),1,0,0,0.0,14.0,0.0,140.0,0.0,0,31.0,14.0,14.0,1,0.0,0.0,0.0,0.0
1953,Jerry Wimbish (Owner),1,1,1,0.0,5.0,,,0.0,0,,5.0,5.0,1,100.0,100.0,0.0,
1954,Slick Smith (Owner),1,0,0,0.0,17.0,,231.0,0.0,0,,17.0,17.0,1,0.0,0.0,0.0,0.0
1977,Trent Francis (Owner),1,0,0,0.0,33.0,64.0,9.0,0.0,0,35.0,33.0,33.0,0,0.0,0.0,0.0,0.0
1981,Tartaglia Racing,1,0,0,0.0,35.0,58.0,4.0,0.0,0,36.0,35.0,35.0,0,0.0,0.0,0.0,0.0
2004,McGlynn Racing,1,0,0,0.0,41.0,40.0,39.0,0.0,0,38.0,41.0,41.0,0,0.0,0.0,0.0,0.0
1963,Floyd Johnson (Owner),1,0,0,0.0,26.0,352.0,143.0,0.0,0,38.0,26.0,26.0,0,0.0,0.0,0.0,0.0
1993,Triad Motorsports,1,0,0,0.0,26.0,85.0,372.0,0.0,0,30.0,26.0,26.0,1,0.0,0.0,0.0,0.0
1953,Johnny Ray (Owner),1,0,0,0.0,34.0,,202.0,0.0,0,,34.0,34.0,0,0.0,0.0,0.0,0.0
1958,James Jones (Owner),1,0,0,0.0,29.0,,212.0,0.0,0,51.0,29.0,29.0,1,0.0,0.0,0.0,0.0
1978,Norm Palmer (Owner),2,0,0,0.0,24.5,179.0,119.0,0.0,0,9.0,14.0,35.0,0,0.0,0.0,0.0,0.0
1986,Ray Kelly (Owner),1,0,0,0.0,36.0,55.0,36.0,0.0,0,40.0,36.0,36.0,1,0.0,0.0,0.0,0.0
1994,Venable Racing,1,0,0,0.0,40.0,43.0,43.0,0.0,0,43.0,40.0,40.0,1,0.0,0.0,0.0,0.0
1951,Louise Smith (Owner),1,0,0,0.0,30.0,,,0.0,0,41.0,30.0,30.0,0,0.0,0.0,0.0,
1951,Erick Erickson (Owner),1,1,1,0.0,3.0,,,0.0,0,20.0,3.0,3.0,1,100.0,100.0,0.0,
1977,Hugh Pearson (Owner),1,0,1,0.0,8.0,142.0,114.0,0.0,0,23.0,8.0,8.0,1,0.0,100.0,0.0,0.0
1984,Halverson Racing,1,0,0,0.0,23.0,0.0,416.0,0.0,0,33.0,23.0,23.0,1,0.0,0.0,0.0,0.0
1996,Schnell Motorsports,1,0,0,0.0,43.0,34.0,9.0,0.0,0,28.0,43.0,43.0,0,0.0,0.0,0.0,0.0
1955,William P. Webb (Owner),1,0,0,0.0,18.0,,37.0,0.0,0,15.0,18.0,18.0,1,0.0,0.0,0.0,0.0
1955,Paper Hangers (Owner),1,0,0,0.0,17.0,540.0,348.0,0.0,0,13.0,17.0,17.0,1,0.0,0.0,0.0,0.0
1971,Finney Racing,1,0,0,0.0,21.0,60.0,357.0,0.0,0,28.0,21.0,21.0,1,0.0,0.0,0.0,0.0
1954,Chet Chiroso (Owner),4,0,1,0.0,17.75,,827.0,0.0,0,,9.0,27.0,3,0.0,25.0,0.0,0.0
1954,Bill Payne (Owner),2,0,1,0.0,11.5,,525.0,0.0,0,,10.0,13.0,2,0.0,50.0,0.0,0.0
1992,Chesrown Racing,2,0,0,0.0,39.5,89.0,58.0,0.0,0,33.0,37.0,42.0,0,0.0,0.0,0.0,0.0
1953,Jack Lawrence (Owner),2,0,0,0.0,17.5,,101.0,0.0,0,18.0,17.0,18.0,0,0.0,0.0,0.0,0.0
1981,Borneman Motorsports,1,0,0,0.0,12.0,127.0,116.0,0.0,0,27.0,12.0,12.0,1,0.0,0.0,0.0,0.0
1985,Paul Racing,1,0,0,0.0,35.0,58.0,156.0,0.0,0,29.0,35.0,35.0,0,0.0,0.0,0.0,0.0
2020,Kaulig Racing,1,0,0,0.0,13.0,0.0,209.0,0.0,1,33.0,13.0,13.0,1,0.0,0.0,0.0,0.0
1988,Buck Baker Racing,1,0,0,0.0,36.0,55.0,135.0,0.0,0,37.0,36.0,36.0,0,0.0,0.0,0.0,0.0
1951,Walt Jarrod (Owner),1,0,0,0.0,72.0,,112.0,0.0,0,81.0,72.0,72.0,0,0.0,0.0,0.0,0.0
1978,Rodney Friesen (Owner),1,0,0,0.0,22.0,97.0,75.0,0.0,0,22.0,22.0,22.0,0,0.0,0.0,0.0,0.0
1988,Sadler Racing,1,0,0,0.0,19.0,106.0,199.0,0.0,0,28.0,19.0,19.0,1,0.0,0.0,0.0,0.0
2000,NEMCO Motorsports,1,0,0,0.0,43.0,34.0,21.0,0.0,0,40.0,43.0,43.0,0,0.0,0.0,0.0,0.0
1987,Phoenix Racing,1,0,0,0.0,18.0,109.0,88.0,0.0,0,18.0,18.0,18.0,1,0.0,0.0,0.0,0.0
1989,Autosports Enterprises,1,0,0,0.0,39.0,0.0,46.0,0.0,0,37.0,39.0,39.0,0,0.0,0.0,0.0,0.0
1992,Bob Fisher (Owner),2,0,0,0.0,28.5,155.0,373.0,0.0,0,29.0,25.0,32.0,2,0.0,0.0,0.0,0.0
1984,Leonard Racing,1,0,0,0.0,27.0,82.0,277.0,0.0,0,40.0,27.0,27.0,0,0.0,0.0,0.0,0.0
1992,Stringer Motorsports,2,0,0,0.0,27.5,161.0,445.0,0.0,0,32.5,22.0,33.0,1,0.0,0.0,0.0,0.0
1951,Bill Ledbetter (Owner),1,0,1,0.0,6.0,,,0.0,0,7.0,6.0,6.0,0,0.0,100.0,0.0,
1963,Marquardt Racing,1,0,0,0.0,25.0,440.0,143.0,0.0,0,40.0,25.0,25.0,0,0.0,0.0,0.0,0.0
1968,Rudy Hoerr (Owner),1,0,1,0.0,6.0,0.0,182.0,0.0,0,14.0,6.0,6.0,1,0.0,100.0,0.0,0.0
2002,Melling Racing,2,0,0,0.0,26.0,175.0,390.0,3.0,1,27.0,22.0,30.0,1,0.0,0.0,0.0,0.77
1963,Bob Ross (Owner),1,0,0,0.0,14.0,0.0,175.0,0.0,0,32.0,14.0,14.0,1,0.0,0.0,0.0,0.0
1957,Axel Anderson (Owner),1,0,0,0.0,22.0,,14.0,0.0,0,8.0,22.0,22.0,0,0.0,0.0,0.0,0.0
1955,Ray Elston (Owner),1,0,0,0.0,27.0,12.0,21.0,0.0,0,27.0,27.0,27.0,0,0.0,0.0,0.0,0.0
1961,Bob Ross (Owner),1,0,0,0.0,34.0,24.0,13.0,0.0,0,1.0,34.0,34.0,0,0.0,0.0,0.0,0.0
1963,Bob Perry (Owner),1,0,0,0.0,13.0,1320.0,175.0,0.0,0,39.0,13.0,13.0,1,0.0,0.0,0.0,0.0
1989,Moroso Racing,2,0,0,0.0,31.0,140.0,583.0,0.0,0,18.0,28.0,34.0,0,0.0,0.0,0.0,0.0
1960,Johnny Mello (Owner),2,0,1,0.0,19.0,504.0,190.0,0.0,0,11.5,7.0,31.0,2,0.0,50.0,0.0,0.0
1963,Frank Galpin (Owner),3,0,1,0.0,12.67,3160.0,449.0,0.0,0,26.67,10.0,17.0,2,0.0,33.33,0.0,0.0
1964,Sherman Utsman (Owner),1,0,0,0.0,14.0,192.0,120.0,0.0,0,22.0,14.0,14.0,1,0.0,0.0,0.0,0.0
1974,DuWayne Wahl (Owner),1,0,0,0.0,16.0,,105.0,0.0,0,30.0,16.0,16.0,0,0.0,0.0,0.0,0.0
1987,Ron Caragias (Owner),1,0,0,0.0,28.0,79.0,75.0,0.0,0,30.0,28.0,28.0,0,0.0,0.0,0.0,0.0
1990,Gerald Smith (Owner),1,0,0,0.0,29.0,76.0,304.0,0.0,0,38.0,29.0,29.0,1,0.0,0.0,0.0,0.0
1968,Charles Bell (Owner),1,0,0,0.0,15.0,0.0,118.0,0.0,0,24.0,15.0,15.0,0,0.0,0.0,0.0,0.0
1975,Wiltshire Racing,1,0,0,0.0,32.0,67.0,15.0,0.0,0,34.0,32.0,32.0,0,0.0,0.0,0.0,0.0
1995,Johnson Racing,2,0,0,0.0,19.5,209.0,594.0,0.0,0,36.0,14.0,25.0,2,0.0,0.0,0.0,0.0
1957,Betty Getty (Owner),1,1,1,0.0,5.0,,194.0,0.0,0,,5.0,5.0,1,100.0,100.0,0.0,0.0
1967,Don Biederman (Owner),1,0,0,0.0,23.0,100.0,19.0,0.0,0,21.0,23.0,23.0,0,0.0,0.0,0.0,0.0
1979,Halverson Racing,1,0,0,0.0,36.0,55.0,1.0,0.0,0,34.0,36.0,36.0,0,0.0,0.0,0.0,0.0
1990,A.J. Foyt Racing,3,0,0,0.0,33.67,191.0,301.0,4.0,0,20.33,27.0,38.0,1,0.0,0.0,0.0,1.33
1959,Clarence DeZalia (Owner),1,0,0,0.0,18.0,104.0,136.0,0.0,0,20.0,18.0,18.0,1,0.0,0.0,0.0,0.0
1960,Nook Walters (Owner),1,1,1,0.0,4.0,0.0,179.0,0.0,0,9.0,4.0,4.0,1,100.0,100.0,0.0,0.0
1977,Marquardt Racing,1,0,0,0.0,31.0,70.0,10.0,0.0,0,19.0,31.0,31.0,0,0.0,0.0,0.0,0.0
1950,Long Racing,1,0,0,0.0,26.0,,,0.0,0,,26.0,26.0,0,0.0,0.0,0.0,
1992,Rick Scribner,2,0,0,0.0,38.5,95.0,75.0,0.0,0,42.0,36.0,41.0,1,0.0,0.0,0.0,0.0
1949,Clyde Minter (Owner),1,1,1,0.0,4.0,,199.0,0.0,0,,4.0,4.0,1,100.0,100.0,0.0,0.0
1957,David Vaughn (Owner),1,0,0,0.0,18.0,,17.0,0.0,0,,18.0,18.0,0,0.0,0.0,0.0,0.0
1978,Jefferson Racing,1,0,1,0.0,6.0,0.0,118.0,0.0,0,29.0,6.0,6.0,1,0.0,100.0,0.0,0.0
2000,Bobby Hamilton Racing,1,0,0,0.0,33.0,64.0,261.0,0.0,0,30.0,33.0,33.0,1,0.0,0.0,0.0,0.0
1972,G.T. Tallas (Owner),1,0,0,0.0,40.0,22.0,88.0,0.0,0,20.0,40.0,40.0,0,0.0,0.0,0.0,0.0
1952,Clyde Minter (Owner),1,0,1,0.0,7.0,,175.0,0.0,0,21.0,7.0,7.0,0,0.0,100.0,0.0,0.0
1963,Dick Niles (Owner),1,0,1,0.0,8.0,1152.0,142.0,0.0,0,22.0,8.0,8.0,1,0.0,100.0,0.0,0.0
1963,Bob Bondurant (Owner),1,0,0,0.0,29.0,64.0,44.0,0.0,0,35.0,29.0,29.0,0,0.0,0.0,0.0,0.0
1955,Julian Buesink (Owner),3,0,0,0.0,33.33,348.0,480.0,0.0,0,45.67,12.0,64.0,2,0.0,0.0,0.0,0.0
1963,Roy Hallquist (Owner),1,0,0,0.0,11.0,240.0,34.0,0.0,0,10.0,11.0,11.0,1,0.0,0.0,0.0,0.0
1955,W.E. Campbell (Owner),1,0,0,0.0,21.0,,36.0,0.0,0,29.0,21.0,21.0,1,0.0,0.0,0.0,0.0
1968,Sam Rose (Owner),1,0,0,0.0,18.0,0.0,92.0,0.0,0,40.0,18.0,18.0,0,0.0,0.0,0.0,0.0
1960,William Long (Owner),1,0,1,0.0,6.0,,170.0,0.0,0,11.0,6.0,6.0,1,0.0,100.0,0.0,0.0
1984,Good Racing,1,0,0,0.0,24.0,91.0,331.0,0.0,0,32.0,24.0,24.0,0,0.0,0.0,0.0,0.0
1992,Dick Midgley Motorsports,1,0,0,0.0,33.0,64.0,70.0,0.0,0,29.0,33.0,33.0,0,0.0,0.0,0.0,0.0
1952,Irving Frye (Owner),1,0,1,0.0,7.0,,180.0,0.0,0,10.0,7.0,7.0,1,0.0,100.0,0.0,0.0
1963,Bob Kitchell (Owner),1,0,0,0.0,19.0,512.0,131.0,0.0,0,38.0,19.0,19.0,1,0.0,0.0,0.0,0.0
1985,Morris-Ragan,1,0,0,0.0,23.0,94.0,316.0,0.0,0,28.0,23.0,23.0,1,0.0,0.0,0.0,0.0
1994,Kranefuss-Haas Racing,2,0,0,0.0,38.0,98.0,196.0,0.0,0,28.0,38.0,38.0,0,0.0,0.0,0.0,0.0
1977,Greg Heller (Owner),1,0,0,0.0,29.0,76.0,110.0,0.0,0,33.0,29.0,29.0,0,0.0,0.0,0.0,0.0
1982,J.B. Racing,1,0,0,0.0,36.0,0.0,53.0,0.0,0,39.0,36.0,36.0,0,0.0,0.0,0.0,0.0
1984,B & B Racing,2,0,0,0.0,30.0,146.0,317.0,0.0,0,32.5,29.0,31.0,0,0.0,0.0,0.0,0.0
1986,McCray Motorsports,1,0,0,0.0,37.0,52.0,33.0,0.0,0,31.0,37.0,37.0,0,0.0,0.0,0.0,0.0
1955,John Eanes (Owner),1,0,0,0.0,39.0,,16.0,0.0,0,33.0,39.0,39.0,0,0.0,0.0,0.0,0.0
1975,Dagit Racing,1,0,0,0.0,15.0,118.0,418.0,0.0,0,29.0,15.0,15.0,1,0.0,0.0,0.0,0.0
1978,Ernie Stierly (Owner),2,0,0,0.0,25.0,176.0,141.0,0.0,0,27.5,19.0,31.0,1,0.0,0.0,0.0,0.0
1961,Art Watts (Owner),1,0,0,0.0,26.0,24.0,85.0,0.0,0,8.0,26.0,26.0,0,0.0,0.0,0.0,0.0
1995,Dan Obrist (Owner),1,0,0,0.0,43.0,34.0,7.0,0.0,0,43.0,43.0,43.0,0,0.0,0.0,0.0,0.0
1978,Ted Armstrong (Owner),1,0,0,0.0,35.0,58.0,3.0,0.0,0,14.0,35.0,35.0,0,0.0,0.0,0.0,0.0
1980,Scott Smith Racing,1,0,0,0.0,38.0,49.0,87.0,0.0,0,23.0,38.0,38.0,0,0.0,0.0,0.0,0.0
1989,Stahl Racing,1,0,0,0.0,27.0,82.0,176.0,0.0,0,31.0,27.0,27.0,1,0.0,0.0,0.0,0.0
1955,Louis Headley (Owner),1,0,0,0.0,46.0,,3.0,0.0,0,38.0,46.0,46.0,0,0.0,0.0,0.0,0.0
1956,Hoyt Platt (Owner),2,0,0,0.0,17.0,,267.0,0.0,0,12.0,16.0,18.0,1,0.0,0.0,0.0,0.0
1959,Rice Racing,1,0,0,0.0,26.0,,371.0,0.0,0,40.0,26.0,26.0,0,0.0,0.0,0.0,0.0
1989,BACE Motorsports,1,0,0,0.0,13.0,124.0,493.0,0.0,0,26.0,13.0,13.0,1,0.0,0.0,0.0,0.0
1954,Don Oliver (Owner),3,1,1,0.0,10.33,,733.0,0.0,0,,3.0,17.0,2,33.33,33.33,0.0,0.0
1977,Jimmy Hensley (Owner),1,0,1,0.0,6.0,150.0,491.0,0.0,0,8.0,6.0,6.0,1,0.0,100.0,0.0,0.0
1965,Oscar Bowman (Owner),1,0,0,0.0,16.0,160.0,0.0,0.0,0,5.0,16.0,16.0,0,0.0,0.0,0.0,
1990,Bobby Gerhart Racing,1,0,0,0.0,33.0,64.0,151.0,0.0,0,35.0,33.0,33.0,0,0.0,0.0,0.0,0.0
1994,Filmar Racing,1,0,0,0.0,19.0,106.0,198.0,0.0,0,22.0,19.0,19.0,1,0.0,0.0,0.0,0.0
1963,Clem Proctor (Owner),2,0,0,0.0,21.5,1048.0,260.0,0.0,0,7.5,12.0,31.0,1,0.0,0.0,0.0,0.0
1974,K-Automotive Motorsports,1,0,0,0.0,19.0,,183.0,0.0,0,29.0,19.0,19.0,1,0.0,0.0,0.0,0.0
1975,Phil Kord (Owner),1,0,0,0.0,22.0,97.0,96.0,0.0,0,30.0,22.0,22.0,0,0.0,0.0,0.0,0.0
1995,John Cave (Owner),1,0,0,0.0,35.0,58.0,180.0,0.0,0,33.0,35.0,35.0,0,0.0,0.0,0.0,0.0
1992,Adele Emerson,1,0,0,0.0,40.0,43.0,48.0,0.0,0,43.0,40.0,40.0,0,0.0,0.0,0.0,0.0
1952,Charlie Hill (Owner),1,0,0,0.0,15.0,,217.0,0.0,0,7.0,15.0,15.0,1,0.0,0.0,0.0,0.0
1968,Ralph Murphy (Owner),1,0,0,0.0,17.0,34.0,149.0,0.0,0,28.0,17.0,17.0,1,0.0,0.0,0.0,0.0
1987,Gray Racing,1,0,0,0.0,40.0,43.0,8.0,0.0,0,40.0,40.0,40.0,0,0.0,0.0,0.0,0.0
1990,Bickle Racing,1,0,0,0.0,28.0,79.0,195.0,0.0,0,29.0,28.0,28.0,1,0.0,0.0,0.0,0.0
1993,Means Racing,2,0,0,0.0,39.0,92.0,60.0,0.0,0,38.5,38.0,40.0,0,0.0,0.0,0.0,0.0
1995,Terry Fisher (Owner),1,0,0,0.0,38.0,49.0,57.0,0.0,0,36.0,38.0,38.0,1,0.0,0.0,0.0,0.0
1951,Cain Bowman (Owner),1,0,0,0.0,50.0,,314.0,0.0,0,69.0,50.0,50.0,0,0.0,0.0,0.0,0.0
1980,Joe May (Owner),1,0,0,0.0,39.0,0.0,55.0,0.0,0,30.0,39.0,39.0,0,0.0,0.0,0.0,0.0
1952,Jim B. Copperheat (Owner),1,0,0,0.0,36.0,,82.0,0.0,0,46.0,36.0,36.0,0,0.0,0.0,0.0,0.0
1954,George Bignotti (Owner),2,0,1,0.0,8.5,,530.0,0.0,0,,6.0,11.0,2,0.0,50.0,0.0,0.0
1957,E.J. Brewer (Owner),1,0,0,0.0,13.0,,138.0,0.0,0,17.0,13.0,13.0,0,0.0,0.0,0.0,0.0
1991,Mark Rypien Motorsports,1,1,1,0.0,3.0,170.0,160.0,11.0,1,2.0,3.0,3.0,1,100.0,100.0,0.0,6.88
1992,Jeff Davis,1,0,0,0.0,26.0,85.0,299.0,0.0,0,39.0,26.0,26.0,1,0.0,0.0,0.0,0.0
1968,Ron Stotten (Owner),1,0,0,0.0,19.0,32.0,129.0,0.0,0,24.0,19.0,19.0,0,0.0,0.0,0.0,0.0
1974,James Boyd (Owner),1,0,0,0.0,29.0,,25.0,0.0,0,31.0,29.0,29.0,0,0.0,0.0,0.0,0.0
1987,Gordon Chilson,1,0,0,0.0,26.0,85.0,84.0,0.0,0,35.0,26.0,26.0,1,0.0,0.0,0.0,0.0
1996,Miles Motorsports,1,0,0,0.0,41.0,40.0,51.0,0.0,0,27.0,41.0,41.0,0,0.0,0.0,0.0,0.0
1972,Hammer Mason (Owner),1,0,0,0.0,30.0,42.0,90.0,0.0,0,36.0,30.0,30.0,0,0.0,0.0,0.0,0.0
1974,Joey Arrington (Owner),1,0,0,0.0,27.0,,1.0,0.0,0,25.0,27.0,27.0,0,0.0,0.0,0.0,0.0
1991,Sadler Racing,3,0,0,0.0,30.33,216.0,615.0,0.0,0,37.67,27.0,37.0,2,0.0,0.0,0.0,0.0
1992,Diamond Ridge Motorsports,2,0,0,0.0,27.0,164.0,380.0,0.0,0,36.5,23.0,31.0,2,0.0,0.0,0.0,0.0
1951,Coz Concilla (Owner),1,0,0,0.0,12.0,,,0.0,0,5.0,12.0,12.0,0,0.0,0.0,0.0,
1978,Dave Hill (Owner),3,0,1,0.0,26.67,254.0,108.0,0.0,0,22.67,6.0,40.0,1,0.0,33.33,0.0,0.0
1989,Don Gibbs Racing,1,0,0,0.0,38.0,49.0,35.0,0.0,0,25.0,38.0,38.0,0,0.0,0.0,0.0,0.0
1990,Aroneck Racing,3,0,0,0.0,35.0,174.0,349.0,0.0,0,35.67,31.0,40.0,1,0.0,0.0,0.0,0.0
2018,Phoenix Air Racing,2,0,0,0.0,30.0,15.0,571.0,0.0,0,40.0,22.0,38.0,1,0.0,0.0,0.0,0.0
1951,George Hartley (Owner),1,0,0,0.0,71.0,,143.0,0.0,0,34.0,71.0,71.0,0,0.0,0.0,0.0,0.0
1991,Gilliland Racing,1,0,0,0.0,29.0,76.0,299.0,0.0,0,42.0,29.0,29.0,1,0.0,0.0,0.0,0.0
1955,Ken Whitney (Owner),1,0,0,0.0,44.0,,6.0,0.0,0,45.0,44.0,44.0,0,0.0,0.0,0.0,0.0
1968,Robert Link (Owner),1,0,0,0.0,38.0,0.0,14.0,0.0,0,28.0,38.0,38.0,0,0.0,0.0,0.0,0.0
1968,Bill Clifton (Owner),1,0,1,0.0,9.0,0.0,167.0,0.0,0,17.0,9.0,9.0,1,0.0,100.0,0.0,0.0
1955,Marion Cox (Owner),1,0,0,0.0,32.0,60.0,317.0,0.0,0,50.0,32.0,32.0,1,0.0,0.0,0.0,0.0
1980,Sands Racing,1,0,0,0.0,30.0,73.0,2.0,0.0,0,30.0,30.0,30.0,0,0.0,0.0,0.0,0.0
1968,Kyle Gibson (Owner),1,0,0,0.0,31.0,0.0,33.0,0.0,0,42.0,31.0,31.0,0,0.0,0.0,0.0,0.0
1978,Puro Racing,1,0,0,0.0,39.0,46.0,24.0,0.0,0,30.0,39.0,39.0,0,0.0,0.0,0.0,0.0
1983,Baugess Racing,1,0,0,0.0,30.0,73.0,13.0,0.0,0,29.0,30.0,30.0,0,0.0,0.0,0.0,0.0
1990,Edwards Racing,1,0,0,0.0,42.0,37.0,2.0,0.0,0,29.0,42.0,42.0,0,0.0,0.0,0.0,0.0
2023,TMT Racing,2,0,0,0.0,32.5,0.0,222.0,0.0,0,34.5,29.0,36.0,1,0.0,0.0,0.0,0.0
1952,Al Wheatley (Owner),1,0,1,0.0,9.0,,388.0,0.0,0,5.0,9.0,9.0,1,0.0,100.0,0.0,0.0
1952,Donlavey Racing,1,0,0,0.0,16.0,,376.0,0.0,0,38.0,16.0,16.0,1,0.0,0.0,0.0,0.0
1955,Maurice Thompson (Owner),1,0,0,0.0,22.0,,36.0,0.0,0,25.0,22.0,22.0,1,0.0,0.0,0.0,0.0
1968,George Turner (Owner),1,0,0,0.0,15.0,108.0,300.0,0.0,0,34.0,15.0,15.0,1,0.0,0.0,0.0,0.0
1950,Dick Eagan (Owner),1,0,0,0.0,26.0,,,0.0,0,,26.0,26.0,0,0.0,0.0,0.0,
1955,Al Wheatley (Owner),2,0,0,0.0,19.0,840.0,690.0,0.0,0,40.5,16.0,22.0,2,0.0,0.0,0.0,0.0
1971,Ed Hessert (Owner),1,0,0,0.0,38.0,26.0,14.0,0.0,0,18.0,38.0,38.0,0,0.0,0.0,0.0,0.0
1953,Ed Saverance (Owner),1,0,0,0.0,39.0,,154.0,0.0,0,,39.0,39.0,0,0.0,0.0,0.0,0.0
2008,No Fear Racing,2,0,0,0.0,38.0,103.0,243.0,2.0,0,10.5,35.0,41.0,0,0.0,0.0,0.0,0.82
1952,Pete Kelly (Owner),2,0,0,0.0,36.5,,231.0,0.0,0,20.0,22.0,51.0,0,0.0,0.0,0.0,0.0
1966,Bill Clifton (Owner),1,0,0,0.0,36.0,100.0,20.0,0.0,0,20.0,36.0,36.0,0,0.0,0.0,0.0,0.0
1989,Close Racing,2,0,0,0.0,28.0,91.0,580.0,0.0,0,28.0,24.0,32.0,1,0.0,0.0,0.0,0.0
1950,Jimmy Ayers (Owner),1,0,0,0.0,22.0,,,0.0,0,22.0,22.0,22.0,0,0.0,0.0,0.0,
1990,James Reed (Owner),1,0,0,0.0,34.0,61.0,269.0,0.0,0,33.0,34.0,34.0,0,0.0,0.0,0.0,0.0
1992,Schmitt Racing,1,0,0,0.0,33.0,64.0,209.0,0.0,0,35.0,33.0,33.0,0,0.0,0.0,0.0,0.0
1962,Stoney Johnson (Owner),1,0,0,0.0,14.0,312.0,377.0,0.0,0,23.0,14.0,14.0,1,0.0,0.0,0.0,0.0
1953,Johnny Zeke (Owner),1,0,0,0.0,43.0,,84.0,0.0,0,,43.0,43.0,0,0.0,0.0,0.0,0.0
1956,Bill Bowman (Owner),1,0,1,0.0,9.0,,181.0,0.0,0,18.0,9.0,9.0,1,0.0,100.0,0.0,0.0
1966,Rudy Hoerr (Owner),1,0,1,0.0,7.0,0.0,181.0,0.0,0,12.0,7.0,7.0,1,0.0,100.0,0.0,0.0
1952,Lou Tanner (Owner),1,0,0,0.0,16.0,,76.0,0.0,0,11.0,16.0,16.0,0,0.0,0.0,0.0,0.0
1952,Ken Whitney (Owner),1,0,0,0.0,42.0,,35.0,0.0,0,23.0,42.0,42.0,0,0.0,0.0,0.0,0.0
1999,Fenley-Moore Motorsports,1,0,0,0.0,35.0,58.0,328.0,0.0,0,24.0,35.0,35.0,1,0.0,0.0,0.0,0.0
1958,Dave White (Owner),2,0,1,0.0,23.0,144.0,205.0,0.0,0,17.0,8.0,38.0,1,0.0,50.0,0.0,0.0
1955,W.R. Waldron (Owner),1,1,1,0.0,5.0,1260.0,359.0,0.0,0,30.0,5.0,5.0,1,100.0,100.0,0.0,0.0
1974,Jim Lee (Owner),1,0,0,0.0,32.0,,21.0,0.0,0,24.0,32.0,32.0,0,0.0,0.0,0.0,0.0
1954,Danny Letner (Owner),2,0,0,0.0,23.0,,412.0,0.0,0,,20.0,26.0,1,0.0,0.0,0.0,0.0
1968,Glen Dorrity (Owner),1,0,0,0.0,33.0,0.0,28.0,0.0,0,33.0,33.0,33.0,0,0.0,0.0,0.0,0.0
1974,James Racing,1,0,0,0.0,18.0,,103.0,0.0,0,28.0,18.0,18.0,1,0.0,0.0,0.0,0.0
1989,McCray Motorsports,1,0,0,0.0,28.0,0.0,72.0,0.0,0,40.0,28.0,28.0,1,0.0,0.0,0.0,0.0
1952,Stan Parnell (Owner),1,0,0,0.0,47.0,,193.0,0.0,0,58.0,47.0,47.0,0,0.0,0.0,0.0,0.0
1954,Gus Davis (Owner),2,2,2,0.0,3.5,,545.0,0.0,0,,3.0,4.0,2,100.0,100.0,0.0,0.0
1974,Ober Logging,1,0,0,0.0,30.0,,24.0,0.0,0,15.0,30.0,30.0,0,0.0,0.0,0.0,0.0
1978,Bill Baker (Owner),1,0,0,0.0,34.0,61.0,20.0,0.0,0,33.0,34.0,34.0,0,0.0,0.0,0.0,0.0
1982,Simko Racing,2,0,0,0.0,34.5,43.0,100.0,0.0,0,32.0,29.0,40.0,0,0.0,0.0,0.0,0.0
1975,Bill Osborne (Owner),1,0,0,0.0,16.0,115.0,125.0,0.0,0,11.0,16.0,16.0,0,0.0,0.0,0.0,0.0
1979,Ronnie Thomas Racing,1,0,0,0.0,17.0,112.0,378.0,0.0,0,25.0,17.0,17.0,1,0.0,0.0,0.0,0.0
1982,G.R.R. Racing,1,0,0,0.0,34.0,61.0,91.0,0.0,0,33.0,34.0,34.0,0,0.0,0.0,0.0,0.0
1991,Meacham Racing,2,0,0,0.0,37.0,104.0,146.0,0.0,0,38.5,36.0,38.0,0,0.0,0.0,0.0,0.0
1995,Canaska Racing,1,0,0,0.0,35.0,58.0,40.0,0.0,0,36.0,35.0,35.0,0,0.0,0.0,0.0,0.0
1952,Herb Fry (Owner),1,0,0,0.0,23.0,,366.0,0.0,0,59.0,23.0,23.0,1,0.0,0.0,0.0,0.0
1955,Carl Rupert (Owner),1,0,0,0.0,25.0,24.0,65.0,0.0,0,23.0,25.0,25.0,0,0.0,0.0,0.0,0.0
1963,Al Self (Owner),1,0,0,0.0,39.0,64.0,1.0,0.0,0,37.0,39.0,39.0,0,0.0,0.0,0.0,0.0
1974,Leon Fox (Owner),1,0,0,0.0,14.0,,113.0,0.0,0,27.0,14.0,14.0,1,0.0,0.0,0.0,0.0
1989,KC Racing,1,0,0,0.0,33.0,0.0,65.0,0.0,0,42.0,33.0,33.0,1,0.0,0.0,0.0,0.0
1952,Roger Attard (Owner),1,0,0,0.0,44.0,,25.0,0.0,0,22.0,44.0,44.0,0,0.0,0.0,0.0,0.0
1962,Bailey Racing,1,0,0,0.0,30.0,80.0,101.0,0.0,0,37.0,30.0,30.0,0,0.0,0.0,0.0,0.0
1978,Borneman Motorsports,2,0,0,0.0,24.0,182.0,255.0,0.0,0,20.0,23.0,25.0,1,0.0,0.0,0.0,0.0
1988,Duffie Racing,1,0,0,0.0,29.0,76.0,332.0,0.0,0,39.0,29.0,29.0,1,0.0,0.0,0.0,0.0
1995,Kenny Shaw (Owner),1,0,0,0.0,41.0,40.0,25.0,0.0,0,35.0,41.0,41.0,0,0.0,0.0,0.0,0.0
1984,,1,0,0,0.0,23.0,0.0,159.0,0.0,0,38.0,23.0,23.0,0,0.0,0.0,0.0,0.0
1951,I.D. Stenstrom (Owner),1,0,0,0.0,67.0,,214.0,0.0,0,28.0,67.0,67.0,0,0.0,0.0,0.0,0.0
2000,LJ Racing,2,0,1,0.0,25.0,180.0,367.0,0.0,1,28.5,7.0,43.0,1,0.0,50.0,0.0,0.0
1952,Norman Lynch (Owner),1,0,0,0.0,29.0,,130.0,0.0,0,10.0,29.0,29.0,0,0.0,0.0,0.0,0.0
1967,Smokey Yunick Racing,1,0,0,0.0,28.0,20.0,1.0,0.0,0,1.0,28.0,28.0,0,0.0,0.0,0.0,0.0
1990,Meacham Racing,1,0,0,0.0,34.0,61.0,87.0,0.0,0,33.0,34.0,34.0,0,0.0,0.0,0.0,0.0
1990,Leslie Racing,1,0,0,0.0,36.0,55.0,195.0,0.0,0,40.0,36.0,36.0,0,0.0,0.0,0.0,0.0
1992,Kerry Teague Racing,1,0,0,0.0,33.0,64.0,122.0,0.0,0,21.0,33.0,33.0,0,0.0,0.0,0.0,0.0
1963,Carl Dane (Owner),2,0,1,0.0,26.0,1672.0,203.0,0.0,0,22.0,10.0,42.0,1,0.0,50.0,0.0,0.0
1967,John Miller (Owner),1,0,0,0.0,21.0,148.0,30.0,0.0,0,21.0,21.0,21.0,1,0.0,0.0,0.0,0.0
1994,JTC Racing,1,0,0,0.0,42.0,37.0,91.0,0.0,0,43.0,42.0,42.0,0,0.0,0.0,0.0,0.0
1951,Bill Stammer (Owner),1,0,0,0.0,21.0,,,0.0,0,18.0,21.0,21.0,0,0.0,0.0,0.0,
1965,Harold Mays (Owner),1,0,0,0.0,42.0,88.0,1.0,0.0,0,24.0,42.0,42.0,0,0.0,0.0,0.0,0.0
1984,Testa Racing,1,0,0,0.0,38.0,49.0,9.0,0.0,0,22.0,38.0,38.0,0,0.0,0.0,0.0,0.0
2001,Bob Schacht Motorsports,1,0,0,0.0,42.0,37.0,46.0,0.0,0,23.0,42.0,42.0,0,0.0,0.0,0.0,0.0
1975,Faustina Racing,1,0,0,0.0,22.0,97.0,116.0,0.0,0,35.0,22.0,22.0,0,0.0,0.0,0.0,0.0
1971,A.J. Cox (Owner),1,0,0,0.0,32.0,57.0,82.0,0.0,0,39.0,32.0,32.0,0,0.0,0.0,0.0,0.0
1955,Smokey Yunick Racing,1,0,0,0.0,11.0,120.0,158.0,0.0,0,20.0,11.0,11.0,1,0.0,0.0,0.0,0.0
1963,Jimmy Pardue (Owner),2,2,2,0.0,4.0,704.0,397.0,0.0,0,6.5,4.0,4.0,2,100.0,100.0,0.0,0.0
1965,Ron Cory (Owner),2,0,0,0.0,21.5,432.0,18.0,0.0,0,18.0,12.0,31.0,1,0.0,0.0,0.0,0.0
1975,Lefty Robinson (Owner),1,0,0,0.0,15.0,118.0,135.0,0.0,0,18.0,15.0,15.0,1,0.0,0.0,0.0,0.0
1978,Mike White (Owner),3,0,0,0.0,20.67,308.0,346.0,2.0,0,26.33,18.0,24.0,2,0.0,0.0,0.0,0.58
1978,Dick Midgley Motorsports,1,0,1,0.0,9.0,138.0,115.0,0.0,0,20.0,9.0,9.0,1,0.0,100.0,0.0,0.0
1978,C & M Racing,2,0,0,0.0,27.5,161.0,89.0,0.0,0,34.0,22.0,33.0,1,0.0,0.0,0.0,0.0
1987,HL Waters (Owner),1,0,0,0.0,24.0,0.0,180.0,0.0,0,38.0,24.0,24.0,1,0.0,0.0,0.0,0.0
1994,Cunningham Racing,1,0,0,0.0,29.0,76.0,280.0,0.0,0,40.0,29.0,29.0,0,0.0,0.0,0.0,0.0
1954,Dick Carter (Owner),3,0,0,0.0,28.0,,376.0,0.0,0,,18.0,35.0,1,0.0,0.0,0.0,0.0
1955,Max Schwimer (Owner),1,0,0,0.0,34.0,,30.0,0.0,0,11.0,34.0,34.0,1,0.0,0.0,0.0,0.0
1955,Harry Parry (Owner),1,0,0,0.0,25.0,60.0,339.0,0.0,0,32.0,25.0,25.0,1,0.0,0.0,0.0,0.0
1957,Curly Weida (Owner),2,0,0,0.0,14.0,,172.0,0.0,0,6.0,13.0,15.0,1,0.0,0.0,0.0,0.0
1960,Jay George (Owner),2,0,0,0.0,25.0,264.0,149.0,0.0,0,25.0,18.0,32.0,2,0.0,0.0,0.0,0.0
1982,Bob Haas (Owner),1,0,0,0.0,29.0,76.0,154.0,0.0,0,28.0,29.0,29.0,0,0.0,0.0,0.0,0.0
2002,Mansion Motorsports,1,0,0,0.0,42.0,0.0,18.0,0.0,0,42.0,42.0,42.0,0,0.0,0.0,0.0,0.0
1995,Miller Racing Group,1,0,0,0.0,44.0,31.0,19.0,0.0,0,44.0,44.0,44.0,0,0.0,0.0,0.0,0.0
1989,North Star Racing,1,0,0,0.0,35.0,58.0,204.0,0.0,0,37.0,35.0,35.0,0,0.0,0.0,0.0,0.0
1977,Jerry Lankford (Owner),1,1,1,0.0,5.0,155.0,115.0,0.0,0,7.0,5.0,5.0,1,100.0,100.0,0.0,0.0
1973,Dick Poling (Owner),1,0,0,0.0,27.0,48.0,357.0,0.0,0,39.0,27.0,27.0,0,0.0,0.0,0.0,0.0
1986,Elliott Racing,1,0,0,0.0,24.0,91.0,325.0,0.0,0,29.0,24.0,24.0,1,0.0,0.0,0.0,0.0
1952,Paul Newkirk (Owner),1,0,0,0.0,43.0,,27.0,0.0,0,27.0,43.0,43.0,0,0.0,0.0,0.0,0.0
1954,Lou Mangini (Owner),3,0,1,0.0,18.33,,751.0,0.0,1,,9.0,32.0,2,0.0,33.33,0.0,0.0
1954,George Clugston (Owner),1,0,0,0.0,27.0,,183.0,0.0,0,,27.0,27.0,0,0.0,0.0,0.0,0.0
1976,Tom Williams (Owner),1,0,0,0.0,37.0,52.0,41.0,0.0,0,25.0,37.0,37.0,0,0.0,0.0,0.0,0.0
1963,Jimmy Baker (Owner),1,0,0,0.0,20.0,96.0,114.0,0.0,0,16.0,20.0,20.0,0,0.0,0.0,0.0,0.0
1979,Wellrich Motorsports,1,0,0,0.0,28.0,79.0,101.0,0.0,0,22.0,28.0,28.0,0,0.0,0.0,0.0,0.0
1952,S.J. Lorenzo (Owner),1,0,0,0.0,19.0,,375.0,0.0,0,31.0,19.0,19.0,1,0.0,0.0,0.0,0.0
1953,Jesse Mann (Owner),1,0,0,0.0,31.0,,220.0,0.0,0,,31.0,31.0,0,0.0,0.0,0.0,0.0
1963,Dick Getty (Owner),1,0,0,0.0,29.0,176.0,137.0,0.0,0,35.0,29.0,29.0,1,0.0,0.0,0.0,0.0
1977,Davis Racing,1,0,0,0.0,42.0,37.0,0.0,0.0,0,38.0,42.0,42.0,0,0.0,0.0,0.0,
1951,Jerry Wimbish (Owner),2,0,1,0.0,14.5,,51.0,0.0,0,9.0,9.0,20.0,0,0.0,50.0,0.0,0.0
1955,J.O. Goode (Owner),1,1,1,0.0,3.0,,39.0,0.0,1,11.0,3.0,3.0,1,100.0,100.0,0.0,0.0
1991,Marion Collins (Owner),1,0,0,0.0,42.0,37.0,61.0,0.0,0,37.0,42.0,42.0,0,0.0,0.0,0.0,0.0
2017,Gaunt Brothers Racing,1,0,0,0.0,36.0,1.0,127.0,0.0,0,28.0,36.0,36.0,0,0.0,0.0,0.0,0.0
2005,NEMCO Motorsports,1,0,0,0.0,28.0,79.0,110.0,0.0,1,28.0,28.0,28.0,1,0.0,0.0,0.0,0.0
2026,,1,0,0,,,,,,0,,,,0,0.0,0.0,,
2025,Team AmeriVet,1,0,0,0.0,36.0,1.0,388.0,0.0,0,38.0,36.0,36.0,1,0.0,0.0,0.0,0.0
2004,Bill McAnally Racing,1,0,0,0.0,38.0,49.0,78.0,0.0,0,32.0,38.0,38.0,1,0.0,0.0,0.0,0.0
2003,Michael Waltrip Racing,2,0,0,0.0,39.5,94.0,177.0,19.0,0,16.5,39.0,40.0,0,0.0,0.0,0.0,10.73
2005,Raabe Racing Enterprises,1,0,0,0.0,32.0,67.0,237.0,0.0,0,41.0,32.0,32.0,0,0.0,0.0,0.0,0.0
2013,Max Q Motorsports,1,0,0,0.0,42.0,0.0,7.0,0.0,0,43.0,42.0,42.0,0,0.0,0.0,0.0,0.0
2004,Brewco Motorsports,1,0,0,0.0,31.0,70.0,397.0,0.0,0,34.0,31.0,31.0,1,0.0,0.0,0.0,0.0
2008,EM Motorsports,1,0,0,0.0,42.0,37.0,161.0,0.0,0,43.0,42.0,42.0,0,0.0,0.0,0.0,0.0
2007,Riley-D'Hondt Motorsports,1,0,0,0.0,36.0,55.0,109.0,0.0,0,21.0,36.0,36.0,1,0.0,0.0,0.0,0.0
2013,Go Green Racing,1,0,0,0.0,39.0,0.0,89.0,0.0,0,40.0,39.0,39.0,1,0.0,0.0,0.0,0.0
2004,Ash Motorsports,1,0,0,0.0,41.0,40.0,63.0,0.0,0,37.0,41.0,41.0,0,0.0,0.0,0.0,0.0
