Season,Track,Track_Type,Total_Entries,Races_At_Track,Avg_Laps,Min_Laps,Max_Laps,Lead_Lap_Finishers,Different_Winners
2002,Sonoma Raceway,road course,43,1,103.25581395348837,19.0,110.0,27,1
1994,Charlotte Motor Speedway,intermediate,85,2,312.94117647058823,4.0,400.0,15,2
1958,Champion Speedway,short,77,3,113.94805194805195,0.0,150.0,9,3
2017,Auto Club Speedway,intermediate,39,1,195.05128205128204,99.0,202.0,23,1
1986,Pocono Raceway,intermediate,80,2,143.75,2.0,200.0,16,1
2024,Texas Motor Speedway,intermediate,38,1,257.94736842105266,98.0,276.0,31,1
1952,Martinsville Speedway,short,51,2,143.2941176470588,11.0,200.0,4,2
1961,North Wilkesboro Speedway,intermediate,55,2,242.6727272727273,2.0,400.0,2,1
1954,Palm Beach Speedway,short,26,1,151.26923076923077,7.0,200.0,1,1
1986,Dover International Speedway,intermediate,77,2,346.09090909090907,0.0,500.0,5,2
2001,Michigan International Speedway,intermediate,86,2,171.38372093023256,16.0,200.0,32,2
2018,Chicagoland Speedway,intermediate,39,1,256.46153846153845,185.0,267.0,15,1
1959,Heidelberg Raceway,short,22,1,136.9090909090909,12.0,200.0,2,1
2002,Texas Motor Speedway,intermediate,43,1,317.3488372093023,169.0,334.0,12,1
1983,Pocono Raceway,intermediate,78,2,155.21794871794873,6.0,200.0,13,2
1981,Nashville Speedway,intermediate,57,2,346.10526315789474,1.0,420.0,6,2
1964,Greenville-Pickens Speedway,short,44,2,135.1818181818182,1.0,200.0,5,2
1953,Harnett Speedway,short,32,1,198.5,197.0,200.0,1,1
1964,New Asheville Speedway,short,19,1,195.10526315789474,1.0,300.0,1,1
1952,Occoneechee Speedway,intermediate,48,2,94.60416666666667,12.0,150.0,6,2
1969,Jeffco Speedway,short,27,1,163.96296296296296,42.0,200.0,2,1
1982,Nashville Speedway,intermediate,58,2,342.3448275862069,17.0,420.0,2,1
1956,Occoneechee Speedway,intermediate,54,2,76.66666666666667,6.0,110.0,6,2
1971,Talladega Superspeedway,superspeedway,100,2,120.0,1.0,188.0,5,2
1952,Michigan State Fairgrounds,intermediate,47,1,150.38297872340425,10.0,250.0,2,1
1958,Wall Stadium,short,19,1,229.73684210526315,43.0,300.0,4,1
2019,Charlotte Motor Speedway,intermediate,40,1,346.675,22.0,400.0,17,1
1971,Trenton Speedway,intermediate,40,1,137.475,2.0,200.0,2,1
1997,Atlanta Motor Speedway,intermediate,85,2,294.3176470588235,38.0,328.0,16,2
1991,Sonoma Raceway,road course,43,1,66.23255813953489,2.0,74.0,18,1
2009,Homestead-Miami Speedway,intermediate,43,1,247.2325581395349,35.0,267.0,29,1
2007,Michigan International Speedway,intermediate,86,2,191.91860465116278,67.0,203.0,29,2
1966,Bowman Gray Stadium,short,46,2,145.5,1.0,250.0,4,1
1950,Hamburg Speedway,short,33,1,172.75,92.0,200.0,2,1
1964,Hickory Speedway,short,45,2,166.2888888888889,2.0,250.0,2,2
2013,Homestead-Miami Speedway,intermediate,43,1,251.37209302325581,63.0,267.0,26,1
1969,Augusta International Raceway,short,54,2,147.7962962962963,8.0,200.0,5,2
1990,Charlotte Motor Speedway,intermediate,83,2,299.72289156626505,2.0,400.0,20,2
2012,Talladega Superspeedway,superspeedway,86,2,158.91860465116278,2.0,194.0,40,2
2022,Indianapolis Motor Speedway Road Course,road course,38,1,79.05263157894737,24.0,86.0,28,1
1984,Richmond Raceway,speedway,62,2,366.53225806451616,95.0,400.0,6,2
1991,Atlanta Motor Speedway,intermediate,80,2,288.5625,26.0,328.0,13,2
2025,Chicago Street Course,road course,40,1,60.2,1.0,75.0,23,1
2025,Pocono Raceway,intermediate,37,1,149.64864864864865,41.0,160.0,30,1
2006,Phoenix Raceway,intermediate,86,2,293.51162790697674,98.0,312.0,36,1
1963,Greenville-Pickens Speedway,short,45,2,156.62222222222223,1.0,200.0,5,2
2010,Darlington Raceway,intermediate,43,1,308.5348837209302,19.0,367.0,18,1
1972,Michigan International Speedway,intermediate,80,2,144.1625,1.0,200.0,5,1
2020,Talladega Superspeedway,superspeedway,79,2,175.27848101265823,1.0,200.0,46,2
1968,Augusta International Speedway,short,44,2,149.8181818181818,1.0,250.0,4,2
2020,Dover International Speedway,intermediate,80,2,287.1125,4.0,311.0,33,2
2024,Talladega Superspeedway,superspeedway,78,2,186.15384615384616,120.0,195.0,52,2
1957,Watkins Glen International,road course,20,1,30.95,6.0,44.0,3,1
1992,Sonoma Raceway,road course,43,1,67.55813953488372,2.0,74.0,21,1
1949,North Wilkesboro Speedway,short,22,1,161.3181818181818,38.0,200.0,2,1
2017,Kentucky Speedway,intermediate,40,1,246.05,87.0,274.0,9,1
1952,Columbia Speedway,short,22,1,128.11111111111111,23.0,200.0,2,1
1977,Darlington Raceway,intermediate,76,2,262.0131578947368,8.0,367.0,7,2
1972,Dover International Speedway,intermediate,80,2,299.65,2.0,500.0,2,2
1958,Riverside International Raceway,road course,46,1,123.58695652173913,0.0,190.0,2,1
1952,Morristown Speedway,short,32,1,141.09375,3.0,200.0,2,1
1973,Rockingham Speedway,intermediate,83,2,349.43373493975906,11.0,492.0,3,1
1980,Richmond Raceway,speedway,60,2,310.0833333333333,44.0,400.0,7,2
2005,Homestead-Miami Speedway,intermediate,43,1,247.74418604651163,82.0,267.0,16,1
1998,Rockingham Speedway,intermediate,86,2,360.54651162790697,67.0,393.0,23,1
1971,Daytona International Speedway,intermediate,144,4,93.89583333333333,1.0,200.0,20,4
2014,Talladega Superspeedway,superspeedway,86,2,182.69767441860466,102.0,194.0,59,2
1962,Bristol Motor Speedway,short,80,2,324.8,5.0,500.0,4,2
1997,Watkins Glen International,road course,42,1,82.02380952380952,8.0,90.0,26,1
2019,Charlotte Motor Speedway Road Course,road course,40,1,104.6,23.0,109.0,33,1
1953,Richmond Raceway,short,26,1,200.0,200.0,200.0,1,1
1965,Augusta International Speedway,short,24,1,128.83333333333334,1.0,200.0,3,1
1965,Hickory Speedway,short,50,2,164.34,4.0,250.0,4,2
1959,Hickory Speedway,short,35,2,190.5142857142857,27.0,250.0,2,2
1970,West Virginia International Speedway,short,26,1,152.23076923076923,3.0,300.0,1,1
1999,Daytona International Speedway,intermediate,86,2,163.13953488372093,25.0,200.0,43,2
1960,Columbia Speedway,short,69,3,166.9855072463768,0.0,300.0,7,2
2008,Talladega Superspeedway,superspeedway,86,2,170.4418604651163,4.0,190.0,45,2
1959,Occoneechee Speedway,intermediate,44,2,81.0909090909091,2.0,110.0,3,2
1970,Kingsport Speedway,short,22,1,172.77272727272728,5.0,297.0,1,1
2001,Sonoma Raceway,road course,43,1,104.48837209302326,2.0,112.0,29,1
2007,Chicagoland Speedway,intermediate,43,1,249.25581395348837,43.0,267.0,19,1
1981,Rockingham Speedway,intermediate,74,2,350.02702702702703,19.0,492.0,9,1
1979,Nashville Speedway,intermediate,58,2,289.3965517241379,2.0,420.0,3,2
1973,Atlanta Motor Speedway,intermediate,80,2,235.8625,3.0,328.0,2,1
2003,Darlington Raceway,intermediate,86,2,287.22093023255815,6.0,367.0,26,2
1996,New Hampshire Motor Speedway,intermediate,40,1,269.45,26.0,300.0,12,1
1960,Wilson Speedway,short,19,1,154.3684210526316,10.0,200.0,2,1
1978,Richmond Raceway,speedway,60,2,317.85,6.0,400.0,5,2
2000,New Hampshire Motor Speedway,intermediate,86,2,259.1279069767442,5.0,300.0,24,2
1983,Riverside International Raceway,road course,79,2,82.58227848101266,1.0,119.0,17,2
1990,Talladega Superspeedway,superspeedway,82,2,155.84146341463415,3.0,188.0,15,1
2002,Rockingham Speedway,intermediate,86,2,366.24418604651163,25.0,393.0,29,2
2013,Kentucky Speedway,intermediate,43,1,218.0,6.0,267.0,25,1
1969,Beltsville Speedway,short,46,2,187.3695652173913,3.0,300.0,3,2
1997,Sonoma Raceway,road course,44,1,67.45454545454545,10.0,74.0,26,1
2021,Charlotte Motor Speedway,intermediate,38,1,387.9736842105263,139.0,400.0,14,1
1998,Dover International Speedway,intermediate,86,2,347.77906976744185,2.0,400.0,13,2
1965,Smokey Mountain Raceway,short,24,1,111.45833333333333,1.0,200.0,1,1
1982,North Wilkesboro Speedway,intermediate,60,2,309.98333333333335,8.0,400.0,6,1
2007,Pocono Raceway,intermediate,86,2,149.48837209302326,55.0,200.0,65,2
1959,Wilson Speedway,short,49,2,147.22448979591837,6.0,200.0,4,1
1959,Richmond Raceway,short,22,1,130.1818181818182,1.0,200.0,3,1
2005,Bristol Motor Speedway,short,86,2,438.2325581395349,20.0,500.0,33,2
1974,Riverside International Raceway,road course,70,2,103.67142857142858,1.0,191.0,5,1
1951,Speedway Park,short,22,1,200.0,200.0,200.0,1,1
1982,Riverside International Raceway,road course,78,2,81.78205128205128,8.0,119.0,9,1
1986,Watkins Glen International,road course,36,1,75.5,2.0,90.0,13,1
1964,West Virginia International Speedway,short,31,1,329.7096774193548,30.0,500.0,1,1
2018,Texas Motor Speedway,intermediate,77,2,310.83116883116884,80.0,337.0,27,2
2019,Sonoma Raceway,road course,38,1,87.21052631578948,53.0,90.0,24,1
1960,Daytona International Speedway,intermediate,182,4,80.21978021978022,0.0,200.0,20,3
2016,Homestead-Miami Speedway,intermediate,40,1,263.1,213.0,268.0,16,1
1956,Hickory Speedway,short,77,3,161.8181818181818,9.0,250.0,10,2
2017,Las Vegas Motor Speedway,intermediate,39,1,250.12820512820514,16.0,267.0,22,1
2024,Circuit of the Americas,road course,39,1,67.41025641025641,51.0,68.0,34,1
1956,Memphis-Arkansas Speedway,intermediate,29,1,114.86206896551724,5.0,167.0,2,1
2011,Darlington Raceway,intermediate,43,1,307.8139534883721,7.0,370.0,18,1
2002,Kansas Speedway,intermediate,43,1,203.97674418604652,5.0,267.0,9,1
2004,Kansas Speedway,intermediate,43,1,223.1860465116279,3.0,267.0,23,1
1968,Trenton Speedway,intermediate,36,1,175.83333333333334,0.0,300.0,1,1
1958,Concord Speedway,short,30,1,156.56666666666666,19.0,200.0,3,1
2001,Homestead-Miami Speedway,intermediate,43,1,264.3720930232558,222.0,267.0,25,1
1980,Darlington Raceway,intermediate,77,2,220.5974025974026,0.0,367.0,8,2
2006,Chicagoland Speedway,intermediate,43,1,266.8837209302326,167.0,270.0,25,1
1951,North Wilkesboro Speedway,intermediate,64,2,99.42857142857143,3.0,200.0,2,1
1952,Charlotte Speedway,intermediate,24,1,102.95833333333333,3.0,150.0,2,1
1998,Michigan International Speedway,intermediate,86,2,186.77906976744185,7.0,200.0,19,2
1951,Martinsville Speedway,short,58,2,114.4,28.0,200.0,2,2
1970,Savannah Speedway,short,22,1,134.77272727272728,0.0,200.0,1,1
2021,Talladega Superspeedway,superspeedway,80,2,147.0,3.0,191.0,57,2
2025,Martinsville Speedway,short,75,2,438.73333333333335,295.0,500.0,40,2
2006,Las Vegas Motor Speedway,intermediate,43,1,256.9767441860465,88.0,270.0,30,1
1971,Smokey Mountain Raceway,short,30,1,131.66666666666666,1.0,200.0,2,1
1952,Canfield Fairgrounds,short,30,1,133.06666666666666,15.0,200.0,2,1
1987,Talladega Superspeedway,superspeedway,81,2,137.44444444444446,2.0,188.0,20,2
1959,Rambi Race Track,short,27,1,152.7037037037037,4.0,200.0,1,1
2007,New Hampshire Motor Speedway,intermediate,86,2,290.40697674418607,4.0,300.0,43,2
1975,Rockingham Speedway,intermediate,68,2,352.0882352941176,2.0,492.0,4,1
1961,South Boston Speedway,short,21,1,147.85714285714286,22.0,200.0,1,1
2023,Circuit of the Americas,road course,39,1,66.51282051282051,0.0,75.0,29,1
1990,Daytona International Speedway,intermediate,82,2,143.14634146341464,1.0,200.0,16,2
2023,Bristol Motor Speedway,short,36,1,471.4166666666667,260.0,500.0,10,1
1968,Hickory Speedway,short,45,2,184.57777777777778,5.0,250.0,5,2
2023,Dover International Speedway,intermediate,36,1,356.75,34.0,400.0,12,1
2023,Atlanta Motor Speedway,intermediate,73,2,210.75342465753425,92.0,260.0,50,2
1957,Asheville-Weaverville Speedway,short,38,2,147.6216216216216,9.0,200.0,5,2
1964,Riverside International Raceway,road course,44,1,114.13636363636364,7.0,185.0,1,1
1963,Rambi Race Track,short,18,1,133.44444444444446,30.0,200.0,1,1
1993,New Hampshire Motor Speedway,intermediate,40,1,255.75,9.0,300.0,7,1
1972,Ontario Motor Speedway,intermediate,51,1,144.58823529411765,1.0,200.0,3,1
1956,Asheville-Weaverville Speedway,short,29,1,142.17241379310346,5.0,200.0,2,1
1992,Pocono Raceway,intermediate,80,2,163.1125,3.0,200.0,20,2
1954,Sharon Speedway,short,22,1,121.22727272727273,12.0,160.0,1,1
2013,Texas Motor Speedway,intermediate,86,2,303.8720930232558,27.0,334.0,32,2
2024,Indianapolis Motor Speedway,intermediate,39,1,150.56410256410257,15.0,167.0,24,1
1952,Monroe County Fairgrounds,short,37,2,143.8108108108108,0.0,200.0,4,1
1965,Cleveland County Fairgrounds,short,34,2,135.5,12.0,200.0,2,1
2000,Bristol Motor Speedway,short,86,2,454.90697674418607,22.0,500.0,25,1
1990,Michigan International Speedway,intermediate,81,2,167.7283950617284,15.0,200.0,34,2
1997,Phoenix Raceway,intermediate,43,1,297.2325581395349,39.0,312.0,7,1
2025,Daytona International Speedway,intermediate,81,2,158.64197530864197,27.0,201.0,49,2
1974,North Wilkesboro Speedway,intermediate,60,2,255.05,1.0,400.0,3,2
2009,Watkins Glen International,road course,43,1,79.0,8.0,90.0,28,1
1993,Talladega Superspeedway,superspeedway,83,2,160.74698795180723,12.0,188.0,33,2
2014,Kansas Speedway,intermediate,86,2,242.17441860465115,17.0,267.0,37,2
1951,Airbase Speedway,short,15,1,200.0,200.0,200.0,1,1
1971,South Boston Speedway,short,28,1,156.25,6.0,281.0,1,1
2015,New Hampshire Motor Speedway,intermediate,86,2,286.8488372093023,35.0,301.0,39,2
1957,Hickory Speedway,short,25,1,182.08,31.0,250.0,6,1
2016,Kansas Speedway,intermediate,80,2,255.8875,36.0,267.0,41,2
2006,Dover International Speedway,intermediate,86,2,359.3837209302326,39.0,400.0,30,2
2020,Michigan International Speedway,intermediate,78,2,153.0,58.0,161.0,60,1
1995,Darlington Raceway,intermediate,84,2,282.1904761904762,47.0,367.0,21,2
2025,Circuit of the Americas,road course,37,1,92.13513513513513,49.0,95.0,34,1
2004,Daytona International Speedway,intermediate,86,2,153.3139534883721,7.0,200.0,43,2
1951,Altamont-Schenectady Fairgrounds,short,20,1,200.0,200.0,200.0,1,1
1993,Sonoma Raceway,road course,43,1,69.53488372093024,27.0,74.0,14,1
1968,Atlanta Motor Speedway,intermediate,84,2,190.07142857142858,4.0,334.0,6,2
1987,Michigan International Speedway,intermediate,80,2,168.15,22.0,200.0,16,2
1958,Wilson Speedway,short,22,1,146.45454545454547,10.0,200.0,1,1
1953,Charlotte Speedway,intermediate,28,1,149.8,149.0,150.0,4,1
1968,Smokey Mountain Raceway,short,47,2,135.9787234042553,1.0,200.0,3,1
1994,Daytona International Speedway,intermediate,85,2,160.4470588235294,20.0,200.0,32,2
2005,Dover International Speedway,intermediate,86,2,348.0813953488372,8.0,404.0,22,2
1956,Charlotte Speedway,intermediate,79,3,96.72151898734177,0.0,134.0,7,3
1967,Montgomery Motor Speedway,short,21,1,119.9047619047619,0.0,200.0,2,1
2001,Pocono Raceway,intermediate,86,2,188.08139534883722,34.0,200.0,37,2
2015,Kentucky Speedway,intermediate,43,1,255.06976744186048,17.0,267.0,26,1
2005,Darlington Raceway,intermediate,43,1,337.74418604651163,24.0,370.0,19,1
1957,North Wilkesboro Speedway,intermediate,46,2,123.08695652173913,0.0,160.0,10,2
2024,Iowa Speedway,intermediate,36,1,337.6388888888889,54.0,350.0,14,1
1957,Old Bridge Stadium,short,23,1,160.69565217391303,19.0,200.0,4,1
2007,Talladega Superspeedway,superspeedway,86,2,168.4418604651163,22.0,192.0,47,1
1981,Charlotte Motor Speedway,intermediate,83,2,257.7469879518072,4.0,400.0,5,2
1986,Bristol Motor Speedway,short,62,2,370.61290322580646,9.0,500.0,5,2
1958,Bridgehampton Race Circuit,road course,17,1,30.88235294117647,13.0,35.0,5,1
1965,Daytona International Speedway,intermediate,132,4,57.59090909090909,0.0,160.0,9,4
1965,Occoneechee Speedway,intermediate,43,2,94.30232558139535,1.0,167.0,2,2
1957,Lincoln Speedway,intermediate,28,1,146.5,9.0,200.0,5,1
2025,Charlotte Motor Speedway,intermediate,40,1,369.475,111.0,400.0,17,1
2021,Road America,road course,40,1,58.275,6.0,62.0,34,1
1965,Bristol Motor Speedway,short,70,2,272.87142857142857,0.0,500.0,5,2
2020,Atlanta Motor Speedway,intermediate,40,1,312.0,3.0,325.0,10,1
2022,Phoenix Raceway,intermediate,72,2,301.1388888888889,45.0,312.0,41,2
1970,Atlanta Motor Speedway,intermediate,80,2,224.8875,2.0,328.0,3,2
2013,Kansas Speedway,intermediate,86,2,233.08139534883722,0.0,267.0,49,2
1973,Nashville Speedway,intermediate,61,2,287.5409836065574,2.0,420.0,2,2
1964,Nashville Speedway,short,44,2,204.27272727272728,0.0,400.0,3,1
1963,Tar Heel Speedway,short,58,3,155.60344827586206,3.0,200.0,4,2
1963,Martinsville Speedway,short,69,2,331.2463768115942,0.0,500.0,2,2
1954,Daytona Beach & Road Course,road course,62,1,30.64516129032258,2.0,39.0,4,1
2019,New Hampshire Motor Speedway,intermediate,37,1,283.4054054054054,110.0,301.0,18,1
1976,Pocono Raceway,intermediate,40,1,143.5,2.0,200.0,4,1
2020,Auto Club Speedway,intermediate,38,1,194.89473684210526,80.0,200.0,17,1
2008,Richmond Raceway,intermediate,86,2,389.6162790697674,228.0,410.0,48,2
1984,Bristol Motor Speedway,short,60,2,421.4,11.0,500.0,5,2
2023,Auto Club Speedway,intermediate,36,1,180.52777777777777,75.0,200.0,20,1
1982,Rockingham Speedway,intermediate,68,2,349.45588235294116,27.0,492.0,4,2
1958,Starkey Speedway,short,22,1,135.72727272727272,20.0,150.0,2,1
1988,Riverside International Raceway,road course,43,1,77.23255813953489,5.0,95.0,14,1
1957,Coastal Speedway,short,15,1,141.46666666666667,10.0,200.0,1,1
2019,Indianapolis Motor Speedway,intermediate,40,1,143.575,40.0,160.0,23,1
1995,Talladega Superspeedway,superspeedway,85,2,169.98823529411766,45.0,188.0,30,2
1964,Starkey Speedway,short,22,1,134.5909090909091,2.0,200.0,1,1
1953,Tri-City Speedway,short,23,1,200.0,200.0,200.0,1,1
1961,Greenville-Pickens Speedway,short,65,3,144.35384615384615,8.0,200.0,4,3
1954,Occoneechee Speedway,intermediate,28,1,78.07142857142857,8.0,100.0,4,1
1952,Speedway Park,short,29,1,187.25,149.0,200.0,3,1
1975,Riverside International Raceway,road course,70,2,100.77142857142857,4.0,191.0,4,2
2008,Dover International Speedway,intermediate,86,2,375.7674418604651,16.0,400.0,22,2
2025,Talladega Superspeedway,superspeedway,79,2,167.56962025316454,42.0,193.0,56,2
1967,Trenton Speedway,intermediate,36,1,167.77777777777777,0.0,300.0,2,1
2002,Phoenix Raceway,intermediate,43,1,298.13953488372096,120.0,312.0,16,1
1964,Augusta International Speedway,short,30,1,210.3,1.0,300.0,2,1
1969,Kingsport Speedway,short,23,1,163.04347826086956,6.0,250.0,1,1
1989,North Wilkesboro Speedway,intermediate,64,2,347.78125,77.0,400.0,18,2
1981,Texas World Speedway,intermediate,34,1,140.14705882352942,1.0,200.0,3,1
2023,New Hampshire Motor Speedway,intermediate,36,1,281.47222222222223,71.0,301.0,27,1
2006,Watkins Glen International,road course,43,1,86.0,58.0,90.0,33,1
2000,Dover International Speedway,intermediate,86,2,333.51162790697674,2.0,400.0,14,1
1958,Bowman Gray Stadium,short,47,2,146.3404255319149,1.0,200.0,6,2
2005,Richmond Raceway,intermediate,86,2,374.8953488372093,23.0,400.0,38,2
1971,Albany Saratoga Speedway,short,34,1,160.61764705882354,1.0,250.0,1,1
1968,Bristol Motor Speedway,short,72,2,325.90277777777777,8.0,500.0,3,1
2011,Richmond Raceway,intermediate,86,2,345.3255813953488,7.0,400.0,29,2
1969,Savannah Speedway,short,29,1,151.51724137931035,1.0,200.0,3,1
2022,Talladega Superspeedway,superspeedway,76,2,162.85526315789474,23.0,188.0,48,2
1964,Darlington Raceway,intermediate,76,2,164.6315789473684,1.0,364.0,3,2
2016,Phoenix Raceway,intermediate,79,2,305.34177215189874,51.0,324.0,38,2
2013,Daytona International Speedway,intermediate,86,2,163.4418604651163,23.0,200.0,53,1
2007,Indianapolis Motor Speedway,intermediate,43,1,138.25581395348837,13.0,160.0,21,1
2014,Indianapolis Motor Speedway,intermediate,43,1,156.41860465116278,96.0,160.0,26,1
2024,Bristol Motor Speedway,short,73,2,487.32876712328766,192.0,500.0,15,2
1952,Wilson Speedway,short,22,1,129.77272727272728,12.0,200.0,1,1
2014,Auto Club Speedway,intermediate,43,1,198.32558139534885,68.0,206.0,24,1
2025,New Hampshire Motor Speedway,intermediate,36,1,282.52777777777777,117.0,301.0,24,1
1960,Gamecock Speedway,short,13,1,168.3846153846154,34.0,200.0,2,1
1999,Indianapolis Motor Speedway,intermediate,43,1,151.69767441860466,41.0,160.0,21,1
1962,Rambi Race Track,short,38,2,151.55263157894737,1.0,200.0,2,2
1957,Cleveland County Fairgrounds,short,39,2,166.64102564102564,58.0,200.0,5,2
2009,Bristol Motor Speedway,short,86,2,453.9651162790698,8.0,503.0,38,1
2004,Dover International Speedway,intermediate,86,2,316.5348837209302,2.0,400.0,13,2
1980,Charlotte Motor Speedway,intermediate,83,2,260.5421686746988,6.0,400.0,6,2
1998,Darlington Raceway,intermediate,86,2,312.63953488372096,26.0,367.0,13,2
1970,Charlotte Motor Speedway,intermediate,80,2,242.4,6.0,400.0,3,2
1960,Richmond Raceway,short,38,2,150.8684210526316,0.0,200.0,5,2
1957,Occoneechee Speedway,intermediate,19,1,81.21052631578948,1.0,110.0,2,1
1970,Langley Field Speedway,short,55,2,201.3090909090909,1.0,300.0,3,2
1976,Nashville Speedway,intermediate,60,2,308.5833333333333,1.0,420.0,6,2
2023,Sonoma Raceway,road course,36,1,109.38888888888889,92.0,110.0,31,1
2024,Dover International Speedway,intermediate,37,1,377.9189189189189,66.0,400.0,17,1
2019,Bristol Motor Speedway,short,76,2,462.44736842105266,3.0,500.0,23,2
2013,Watkins Glen International,road course,43,1,80.30232558139535,4.0,90.0,29,1
2003,Las Vegas Motor Speedway,intermediate,43,1,244.2093023255814,114.0,267.0,11,1
2020,Kentucky Speedway,intermediate,38,1,259.39473684210526,159.0,267.0,26,1
1993,Watkins Glen International,road course,38,1,77.23684210526316,0.0,90.0,19,1
1981,Talladega Superspeedway,superspeedway,82,2,117.78048780487805,1.0,188.0,9,2
1955,Arizona State Fairgrounds,intermediate,29,1,78.20689655172414,15.0,100.0,1,1
1962,Richmond Raceway,short,58,2,164.74137931034483,1.0,300.0,2,2
1980,Pocono Raceway,intermediate,40,1,144.075,0.0,200.0,6,1
2025,Richmond Raceway,intermediate,38,1,388.0263157894737,197.0,400.0,13,1
1985,North Wilkesboro Speedway,intermediate,61,2,358.72131147540983,36.0,400.0,9,2
2003,Bristol Motor Speedway,short,86,2,437.3837209302326,31.0,500.0,28,1
1964,South Boston Speedway,short,18,1,194.83333333333334,9.0,267.0,2,1
1965,Islip Speedway,short,22,1,152.95454545454547,9.0,250.0,1,1
2002,Chicagoland Speedway,intermediate,43,1,244.37209302325581,124.0,267.0,15,1
2007,Watkins Glen International,road course,43,1,86.5813953488372,56.0,90.0,33,1
1966,Atlanta Motor Speedway,intermediate,86,2,169.04651162790697,1.0,334.0,3,2
1993,Rockingham Speedway,intermediate,81,2,431.12345679012344,8.0,492.0,12,1
1974,Darlington Raceway,intermediate,80,2,193.3875,1.0,367.0,4,2
1972,Trenton Speedway,intermediate,33,1,141.27272727272728,2.0,200.0,2,1
1978,Riverside International Raceway,road course,70,2,79.2,3.0,119.0,8,2
2008,Darlington Raceway,intermediate,43,1,347.1162790697674,234.0,367.0,20,1
1978,Darlington Raceway,intermediate,76,2,254.46052631578948,9.0,367.0,4,2
1984,Martinsville Speedway,short,62,2,382.69354838709677,1.0,500.0,5,2
1950,Monroe County Fairgrounds,short,25,1,165.24,60.0,200.0,1,1
1965,Darlington Raceway,intermediate,77,2,173.45454545454547,0.0,364.0,3,2
2022,Road America,road course,37,1,59.67567567567568,9.0,62.0,29,1
1957,Jacksonville Speedway,short,19,1,125.0,12.0,200.0,1,1
2012,Texas Motor Speedway,intermediate,86,2,281.2325581395349,6.0,335.0,36,2
2015,Daytona International Speedway,intermediate,86,2,168.62790697674419,2.0,203.0,61,2
2025,Autodromo Hermanos Rodriguez,speedway,37,1,95.5945945945946,6.0,100.0,31,1
1972,Darlington Raceway,intermediate,76,2,208.19736842105263,7.0,367.0,3,2
2022,Texas Motor Speedway,intermediate,36,1,300.72222222222223,48.0,334.0,25,1
1957,Titusville-Cocoa Speedway,road course,15,1,47.13333333333333,17.0,56.0,4,1
1964,Islip Speedway,short,22,1,163.0,3.0,300.0,1,1
1981,Bristol Motor Speedway,short,61,2,369.37704918032784,3.0,500.0,5,1
2015,Atlanta Motor Speedway,intermediate,43,1,307.8139534883721,92.0,325.0,13,1
2002,Darlington Raceway,intermediate,86,2,298.3488372093023,12.0,367.0,33,2
2004,Pocono Raceway,intermediate,86,2,164.27906976744185,8.0,200.0,43,1
1951,Daytona Beach & Road Course,road course,54,1,39.0,39.0,39.0,1,1
1958,New Bradford Speedway,short,21,1,100.33333333333333,0.0,150.0,2,1
2010,Dover International Speedway,intermediate,86,2,337.19767441860466,29.0,400.0,29,2
2025,World Wide Technology Raceway at Gateway,intermediate,36,1,228.38888888888889,35.0,240.0,29,1
1987,Pocono Raceway,intermediate,80,2,156.85,11.0,200.0,18,2
1997,Charlotte Motor Speedway,intermediate,85,2,298.8588235294118,47.0,334.0,23,2
1956,Road America,road course,26,1,50.11538461538461,1.0,63.0,5,1
1989,Rockingham Speedway,intermediate,82,2,424.4878048780488,37.0,492.0,9,2
1976,Riverside International Raceway,road course,70,2,96.2,6.0,191.0,5,1
1967,Charlotte Motor Speedway,intermediate,88,2,235.875,2.0,400.0,4,2
1957,Norfolk Speedway,short,23,1,179.2608695652174,29.0,250.0,1,1
2006,Atlanta Motor Speedway,intermediate,86,2,306.59302325581393,29.0,325.0,29,2
1967,Hickory Speedway,short,56,2,177.71428571428572,2.0,250.0,2,1
2003,Sonoma Raceway,road course,43,1,106.46511627906976,68.0,110.0,29,1
1959,Greenville-Pickens Speedway,short,44,2,142.86363636363637,16.0,200.0,4,2
2014,Daytona International Speedway,intermediate,86,2,139.61627906976744,19.0,200.0,37,2
1998,Daytona International Speedway,intermediate,86,2,163.84883720930233,19.0,200.0,37,2
2018,Dover International Speedway,intermediate,77,2,378.7142857142857,20.0,404.0,28,2
2007,Richmond Raceway,intermediate,86,2,374.6860465116279,130.0,400.0,46,1
2012,Richmond Raceway,intermediate,86,2,344.19767441860466,19.0,400.0,30,2
1968,Oxford Plains Speedway,short,27,1,203.88888888888889,3.0,300.0,2,1
1961,Ascot Stadium,short,22,1,138.0909090909091,5.0,200.0,1,1
1982,Charlotte Motor Speedway,intermediate,82,2,268.390243902439,5.0,400.0,4,2
2012,Charlotte Motor Speedway,intermediate,86,2,305.06976744186045,15.0,400.0,15,2
1979,Talladega Superspeedway,superspeedway,81,2,115.30864197530865,0.0,188.0,3,2
2008,Phoenix Raceway,intermediate,86,2,292.1511627906977,27.0,313.0,28,1
2005,Michigan International Speedway,intermediate,86,2,190.8953488372093,50.0,200.0,47,2
1995,Richmond Raceway,intermediate,76,2,372.4342105263158,65.0,400.0,13,2
1957,Daytona Beach & Road Course,road course,57,1,36.333333333333336,31.0,39.0,2,1
1989,Pocono Raceway,intermediate,78,2,160.33333333333334,2.0,200.0,21,2
1973,Bristol Motor Speedway,short,60,2,359.0833333333333,34.0,500.0,2,2
1960,North Wilkesboro Speedway,intermediate,46,2,192.04347826086956,9.0,320.0,9,2
1964,Columbia Speedway,short,44,2,124.02272727272727,0.0,200.0,2,2
1956,Coastal Speedway,short,20,1,131.1,13.0,200.0,2,1
1961,Speedway Park,short,22,1,134.04545454545453,4.0,200.0,1,1
2011,Atlanta Motor Speedway,intermediate,43,1,273.6046511627907,2.0,325.0,20,1
1968,Rockingham Speedway,intermediate,88,2,300.0568181818182,2.0,500.0,3,2
1999,Richmond Raceway,intermediate,86,2,367.2325581395349,54.0,400.0,20,2
1950,North Wilkesboro Speedway,intermediate,26,1,100.0,0.0,200.0,1,1
1950,Dayton Speedway,short,53,2,98.75,0.0,200.0,2,2
1954,Central City Speedway,short,43,2,164.4418604651163,19.0,200.0,6,2
2011,Las Vegas Motor Speedway,intermediate,43,1,231.7674418604651,32.0,267.0,22,1
1969,Asheville-Weaverville Speedway,short,52,2,269.2307692307692,8.0,500.0,2,1
1964,Speedway Park,short,22,1,126.4090909090909,6.0,200.0,2,1
1961,Southside Speedway,short,19,1,122.36842105263158,1.0,150.0,1,1
2005,Las Vegas Motor Speedway,intermediate,43,1,227.32558139534885,11.0,267.0,20,1
1961,Starkey Speedway,short,20,1,130.65,27.0,150.0,1,1
1954,Piedmont Interstate Fairgrounds,short,21,1,151.04761904761904,6.0,200.0,1,1
2013,Auto Club Speedway,intermediate,43,1,182.51162790697674,44.0,200.0,24,1
1990,Sonoma Raceway,road course,44,1,64.56818181818181,2.0,74.0,21,1
2010,Phoenix Raceway,intermediate,86,2,318.95348837209303,1.0,378.0,46,2
1951,Occoneechee Speedway,intermediate,57,2,87.03333333333333,0.0,150.0,3,2
1996,Phoenix Raceway,intermediate,44,1,278.02272727272725,10.0,312.0,12,1
1983,Dover International Speedway,intermediate,72,2,358.5138888888889,39.0,500.0,5,1
2001,Indianapolis Motor Speedway,intermediate,43,1,146.1627906976744,1.0,160.0,23,1
1993,Atlanta Motor Speedway,intermediate,82,2,262.9024390243902,3.0,328.0,12,2
2002,Indianapolis Motor Speedway,intermediate,43,1,141.27906976744185,10.0,160.0,30,1
2018,Las Vegas Motor Speedway,intermediate,77,2,252.4025974025974,100.0,272.0,27,2
1960,Dixie Speedway,short,16,1,160.3125,2.0,200.0,1,1
2020,Las Vegas Motor Speedway,intermediate,77,2,257.24675324675326,19.0,268.0,49,2
2000,Daytona International Speedway,intermediate,86,2,171.48837209302326,68.0,200.0,55,2
2018,Pocono Raceway,intermediate,78,2,155.76923076923077,77.0,164.0,55,2
1951,Columbia Speedway,short,63,2,166.66666666666666,97.0,200.0,3,2
1989,Daytona International Speedway,intermediate,82,2,144.02439024390245,0.0,200.0,24,2
1971,Rockingham Speedway,intermediate,81,2,330.38271604938274,5.0,492.0,5,1
1964,Piedmont Interstate Fairgrounds,short,40,2,128.15,1.0,200.0,3,2
2018,Talladega Superspeedway,superspeedway,80,2,180.65,71.0,193.0,51,2
1981,Atlanta Motor Speedway,intermediate,82,2,235.4268292682927,1.0,328.0,11,2
1963,Old Bridge Stadium,short,20,1,153.45,16.0,200.0,2,1
1956,Daytona Beach & Road Course,road course,75,1,29.6,1.0,37.0,3,1
2015,Phoenix Raceway,intermediate,86,2,257.5348837209302,127.0,312.0,41,2
1961,Rambi Race Track,short,22,1,120.27272727272727,16.0,200.0,2,1
2008,Texas Motor Speedway,intermediate,86,2,325.19767441860466,124.0,339.0,22,1
1976,North Wilkesboro Speedway,intermediate,58,2,327.91379310344826,3.0,400.0,2,1
1967,Darlington Raceway,intermediate,80,2,190.2375,0.0,364.0,2,1
2009,Atlanta Motor Speedway,intermediate,86,2,287.24418604651163,19.0,330.0,33,2
2001,Las Vegas Motor Speedway,intermediate,43,1,240.11627906976744,8.0,267.0,15,1
2018,New Hampshire Motor Speedway,intermediate,37,1,282.0,13.0,301.0,19,1
1995,Atlanta Motor Speedway,intermediate,84,2,281.82142857142856,9.0,328.0,10,2
1997,Texas Motor Speedway,intermediate,43,1,259.5813953488372,0.0,334.0,8,1
2016,Indianapolis Motor Speedway,intermediate,40,1,157.25,4.0,170.0,19,1
1972,North Wilkesboro Speedway,intermediate,60,2,290.6666666666667,6.0,400.0,5,1
1993,North Wilkesboro Speedway,intermediate,68,2,371.5147058823529,25.0,400.0,13,1
1961,Columbia Speedway,short,43,2,148.46511627906978,5.0,200.0,4,1
1957,Langhorne Speedway,intermediate,76,2,163.75,0.0,300.0,3,2
2010,Las Vegas Motor Speedway,intermediate,43,1,242.11627906976744,23.0,267.0,21,1
1987,Watkins Glen International,road course,40,1,75.15,8.0,90.0,15,1
2003,Talladega Superspeedway,superspeedway,86,2,151.51162790697674,3.0,188.0,40,2
2006,Sonoma Raceway,road course,43,1,99.27906976744185,0.0,110.0,31,1
2003,Michigan International Speedway,intermediate,86,2,179.1046511627907,1.0,200.0,41,2
1962,Augusta International Speedway,short,54,3,149.0,2.0,200.0,5,2
1973,Charlotte Motor Speedway,intermediate,81,2,235.97530864197532,0.0,400.0,4,2
1961,Atlanta Motor Speedway,intermediate,130,3,165.7923076923077,0.0,334.0,7,3
1951,Wilson Speedway,short,17,1,200.0,200.0,200.0,1,1
1968,Bowman Gray Stadium,short,20,1,168.15,12.0,250.0,2,1
2025,Iowa Speedway,intermediate,37,1,349.2432432432432,340.0,350.0,30,1
2007,Kansas Speedway,intermediate,43,1,201.41860465116278,108.0,210.0,27,1
1952,Langhorne Speedway,intermediate,81,2,140.0,5.0,250.0,3,2
2004,Darlington Raceway,intermediate,86,2,280.09302325581393,10.0,367.0,35,1
1997,Rockingham Speedway,intermediate,86,2,366.8488372093023,68.0,393.0,21,2
1994,Rockingham Speedway,intermediate,84,2,425.6190476190476,25.0,492.0,11,2
2002,Talladega Superspeedway,superspeedway,86,2,179.6860465116279,46.0,188.0,43,1
1977,Atlanta Motor Speedway,intermediate,82,2,240.3780487804878,0.0,328.0,8,2
1962,Southside Speedway,short,41,2,200.53658536585365,34.0,300.0,3,2
2021,Michigan International Speedway,intermediate,37,1,190.45945945945945,29.0,200.0,26,1
1956,Norfolk Speedway,short,14,1,172.21428571428572,7.0,250.0,1,1
1961,Asheville-Weaverville Speedway,short,53,2,183.83018867924528,3.0,258.0,4,2
1966,Islip Speedway,short,29,1,179.48275862068965,16.0,300.0,1,1
1979,Daytona International Speedway,intermediate,82,2,127.54878048780488,1.0,200.0,6,2
2023,Michigan International Speedway,intermediate,37,1,179.9189189189189,14.0,200.0,21,1
2009,Charlotte Motor Speedway,intermediate,86,2,270.59302325581393,26.0,334.0,47,2
1999,Phoenix Raceway,intermediate,43,1,304.16279069767444,202.0,312.0,11,1
1978,North Wilkesboro Speedway,intermediate,56,2,323.10714285714283,34.0,400.0,4,2
1993,Daytona International Speedway,intermediate,82,2,155.21951219512195,2.0,200.0,37,2
2010,Texas Motor Speedway,intermediate,86,2,290.5,12.0,334.0,35,1
1951,Grand River Speedrome,short,21,1,200.0,200.0,200.0,1,1
1967,Columbia Speedway,short,43,2,135.88372093023256,3.0,200.0,2,1
1996,Rockingham Speedway,intermediate,83,2,339.9277108433735,4.0,393.0,17,2
2004,Auto Club Speedway,intermediate,86,2,218.93023255813952,2.0,250.0,41,2
1977,Talladega Superspeedway,superspeedway,81,2,124.18518518518519,0.0,188.0,8,2
1964,Dog Track Speedway,short,18,1,175.27777777777777,0.0,300.0,1,1
1949,Martinsville Speedway,short,15,1,151.86666666666667,16.0,200.0,1,1
2007,Texas Motor Speedway,intermediate,86,2,298.2093023255814,1.0,334.0,30,2
2001,New Hampshire Motor Speedway,intermediate,85,2,279.1764705882353,11.0,300.0,31,2
2002,New Hampshire Motor Speedway,intermediate,86,2,227.93023255813952,4.0,300.0,52,2
1999,Pocono Raceway,intermediate,86,2,180.84883720930233,7.0,200.0,35,1
1957,Kitsap County Airport,intermediate,14,1,71.57142857142857,29.0,80.0,3,1
1966,Columbia Speedway,short,50,2,159.74,13.0,200.0,5,1
1986,Riverside International Raceway,road course,84,2,82.5952380952381,5.0,119.0,17,2
2012,Daytona International Speedway,intermediate,86,2,155.91860465116278,1.0,202.0,44,2
1977,Richmond Raceway,speedway,58,2,279.9655172413793,46.0,400.0,8,2
1993,Martinsville Speedway,short,68,2,444.86764705882354,18.0,500.0,8,2
1956,Cleveland County Fairgrounds,short,43,2,140.8372093023256,0.0,201.0,5,2
1953,Langhorne Speedway,intermediate,113,3,193.53333333333333,150.0,250.0,4,2
2009,Chicagoland Speedway,intermediate,43,1,234.37209302325581,10.0,267.0,19,1
1964,Asheville-Weaverville Speedway,short,62,2,220.58064516129033,0.0,500.0,3,2
1985,Bristol Motor Speedway,short,61,2,383.59016393442624,36.0,500.0,6,1
1966,Daytona International Speedway,intermediate,155,4,78.69677419354839,1.0,198.0,22,4
1974,Talladega Superspeedway,superspeedway,98,2,132.8265306122449,1.0,188.0,6,2
2017,New Hampshire Motor Speedway,intermediate,78,2,283.5769230769231,40.0,301.0,44,2
2018,Homestead-Miami Speedway,intermediate,39,1,263.6923076923077,240.0,267.0,18,1
1978,Nashville Speedway,intermediate,60,2,329.9,0.0,420.0,2,1
1966,Piedmont Interstate Fairgrounds,short,22,1,116.0909090909091,7.0,200.0,1,1
1958,Greensboro Agriculture Fairgrounds,short,20,1,124.5,50.0,150.0,1,1
1953,Piedmont Interstate Fairgrounds,short,19,1,40.0,0.0,200.0,1,1
1964,Bristol Motor Speedway,short,72,2,286.0416666666667,1.0,500.0,3,1
1963,Darlington Raceway,intermediate,72,2,173.79166666666666,1.0,364.0,4,2
1981,Pocono Raceway,intermediate,35,1,171.71428571428572,62.0,200.0,5,1
2021,Nashville Superspeedway,intermediate,39,1,260.15384615384613,0.0,300.0,20,1
2000,Homestead-Miami Speedway,intermediate,43,1,223.74418604651163,23.0,267.0,6,1
1970,Trenton Speedway,intermediate,37,1,125.13513513513513,1.0,200.0,3,1
2023,Texas Motor Speedway,intermediate,36,1,241.58333333333334,40.0,267.0,25,1
1998,Texas Motor Speedway,intermediate,43,1,267.9767441860465,1.0,334.0,12,1
1955,Richmond Raceway,short,28,1,134.82142857142858,3.0,200.0,3,1
2019,Las Vegas Motor Speedway,intermediate,77,2,259.54545454545456,10.0,267.0,35,2
1964,Occoneechee Speedway,intermediate,56,2,96.39285714285714,0.0,167.0,2,2
1994,North Wilkesboro Speedway,intermediate,72,2,377.25,53.0,400.0,7,2
2012,Phoenix Raceway,intermediate,86,2,259.72093023255815,8.0,319.0,33,2
1994,Bristol Motor Speedway,short,73,2,390.8767123287671,10.0,500.0,11,2
2009,New Hampshire Motor Speedway,intermediate,86,2,245.7325581395349,8.0,300.0,48,2
1977,Martinsville Speedway,short,60,2,331.2,4.0,500.0,5,1
2018,Darlington Raceway,intermediate,40,1,346.25,120.0,367.0,16,1
2002,Homestead-Miami Speedway,intermediate,43,1,255.1627906976744,19.0,267.0,21,1
2017,Richmond Raceway,intermediate,77,2,386.5584415584416,4.0,404.0,47,2
1962,Valdosta 75 Speedway,short,13,1,161.6153846153846,45.0,200.0,1,1
2021,Bristol Motor Speedway Dirt Track,short,39,1,214.76923076923077,39.0,253.0,19,1
1975,Martinsville Speedway,short,60,2,341.21666666666664,1.0,500.0,4,2
1971,Martinsville Speedway,short,60,2,355.7,0.0,500.0,3,2
1958,Columbia Speedway,short,77,3,136.5974025974026,0.0,200.0,5,2
1974,Bristol Motor Speedway,short,60,2,292.3333333333333,9.0,500.0,3,1
1952,Darlington Raceway,intermediate,90,2,211.46666666666667,10.0,400.0,3,2
2001,Martinsville Speedway,short,86,2,454.90697674418607,12.0,500.0,35,2
2001,Phoenix Raceway,intermediate,43,1,298.86046511627904,65.0,312.0,28,1
1954,North Wilkesboro Speedway,intermediate,56,2,114.80357142857143,12.0,160.0,6,2
1962,New Asheville Speedway,short,19,1,192.42105263157896,4.0,250.0,1,1
2021,Pocono Raceway,intermediate,76,2,131.35526315789474,13.0,140.0,53,2
1971,Michigan International Speedway,intermediate,80,2,141.6125,0.0,197.0,6,1
2007,Dover International Speedway,intermediate,86,2,372.4767441860465,4.0,400.0,19,2
1956,Chisholm Speedway,short,22,1,158.77272727272728,0.0,200.0,2,1
2011,Kansas Speedway,intermediate,86,2,227.0581395348837,12.0,272.0,34,2
1999,Dover International Speedway,intermediate,86,2,363.54651162790697,6.0,400.0,8,2
1995,Bristol Motor Speedway,short,72,2,447.7638888888889,138.0,500.0,15,2
1991,Talladega Superspeedway,superspeedway,82,2,151.3780487804878,2.0,188.0,24,2
2018,Kansas Speedway,intermediate,78,2,249.80769230769232,3.0,267.0,28,2
1971,Nashville Speedway,intermediate,29,1,238.27586206896552,5.0,420.0,1,1
1968,New Asheville Speedway,short,23,1,194.52173913043478,1.0,300.0,1,1
2016,Daytona International Speedway,intermediate,80,2,165.7875,89.0,200.0,54,2
1970,Greenville-Pickens Speedway,short,29,1,134.44827586206895,3.0,200.0,2,1
1996,Darlington Raceway,intermediate,83,2,285.0722891566265,10.0,367.0,10,1
1981,Daytona International Speedway,intermediate,84,2,139.64285714285714,8.0,200.0,12,2
1967,Islip Speedway,short,29,1,172.3448275862069,2.0,300.0,1,1
1967,Bowman Gray Stadium,short,37,2,146.94594594594594,2.0,250.0,2,2
1973,Texas World Speedway,intermediate,38,1,158.6578947368421,1.0,250.0,1,1
1952,Stamford Park,short,17,1,122.3529411764706,26.0,200.0,1,1
2004,Homestead-Miami Speedway,intermediate,43,1,241.8372093023256,0.0,271.0,23,1
1971,Bowman Gray Stadium,short,29,1,135.17241379310346,1.0,250.0,2,1
1980,Riverside International Raceway,road course,73,2,82.0,0.0,119.0,10,1
2023,Richmond Raceway,intermediate,73,2,397.43835616438355,303.0,400.0,43,2
1985,Rockingham Speedway,intermediate,80,2,378.8625,9.0,492.0,11,2
1977,Nashville Speedway,intermediate,60,2,303.1166666666667,12.0,420.0,3,2
2022,Las Vegas Motor Speedway,intermediate,73,2,251.16438356164383,92.0,274.0,48,2
1988,Daytona International Speedway,intermediate,84,2,147.88095238095238,1.0,200.0,25,2
1989,Talladega Superspeedway,superspeedway,82,2,155.5121951219512,5.0,188.0,30,2
1995,Indianapolis Motor Speedway,intermediate,41,1,152.2439024390244,17.0,160.0,19,1
1966,Richmond Raceway,short,59,2,152.84745762711864,1.0,300.0,2,1
1960,Southern States Fairgrounds,short,49,2,134.24489795918367,8.0,200.0,3,2
2005,Kansas Speedway,intermediate,43,1,254.7906976744186,63.0,267.0,25,1
1965,Atlanta Motor Speedway,intermediate,87,2,176.44827586206895,0.0,334.0,5,1
2022,Pocono Raceway,intermediate,36,1,155.02777777777777,35.0,160.0,29,1
1983,Atlanta Motor Speedway,intermediate,80,2,248.55,2.0,328.0,11,2
1980,Ontario Motor Speedway,intermediate,42,1,141.3095238095238,2.0,200.0,5,1
1977,Bristol Motor Speedway,short,59,2,314.0508474576271,2.0,500.0,3,1
1956,North Wilkesboro Speedway,intermediate,29,1,114.93103448275862,13.0,160.0,4,1
2016,Auto Club Speedway,intermediate,39,1,196.53846153846155,46.0,205.0,31,1
2015,Watkins Glen International,road course,43,1,88.48837209302326,56.0,90.0,31,1
1960,Asheville-Weaverville Speedway,short,54,2,220.16666666666666,1.0,500.0,2,2
1963,Piedmont Interstate Fairgrounds,short,38,2,133.71052631578948,0.0,200.0,4,2
1953,Davenport Speedway,short,14,1,152.85714285714286,21.0,200.0,1,1
2006,Charlotte Motor Speedway,intermediate,86,2,308.0,0.0,400.0,28,1
1978,Rockingham Speedway,intermediate,72,2,332.52777777777777,0.0,492.0,4,2
2023,Watkins Glen International,road course,36,1,89.27777777777777,74.0,90.0,31,1
2021,Watkins Glen International,road course,37,1,88.13513513513513,41.0,90.0,24,1
2007,Martinsville Speedway,short,86,2,478.4418604651163,111.0,506.0,44,1
1954,Langhorne Speedway,intermediate,89,2,128.79775280898878,0.0,250.0,4,1
1961,Bowman Gray Stadium,short,63,3,136.0793650793651,3.0,200.0,7,1
2024,Kansas Speedway,intermediate,76,2,259.2894736842105,0.0,268.0,63,2
1952,Daytona Beach & Road Course,road course,61,1,37.0,37.0,37.0,3,1
2024,Pocono Raceway,intermediate,37,1,142.75675675675674,13.0,160.0,22,1
2004,Watkins Glen International,road course,43,1,76.6046511627907,2.0,90.0,24,1
2000,Richmond Raceway,intermediate,86,2,351.56976744186045,30.0,400.0,34,2
2005,Texas Motor Speedway,intermediate,86,2,309.0581395348837,31.0,334.0,46,2
1976,Michigan International Speedway,intermediate,72,2,143.51388888888889,1.0,200.0,8,1
2004,Indianapolis Motor Speedway,intermediate,43,1,135.32558139534885,3.0,161.0,27,1
2010,Homestead-Miami Speedway,intermediate,43,1,233.65116279069767,10.0,267.0,28,1
1963,Birmingham International Raceway,short,37,2,171.13513513513513,9.0,200.0,3,2
2019,Dover International Speedway,intermediate,75,2,375.74666666666667,8.0,400.0,19,2
1967,Savannah Speedway,short,36,2,145.02777777777777,17.0,200.0,3,2
1988,Watkins Glen International,road course,40,1,77.8,2.0,90.0,22,1
1961,California State Fairgrounds,short,32,1,67.9375,2.0,100.0,1,1
1957,Martinsville Speedway,short,64,2,391.59375,86.0,500.0,6,2
1986,Martinsville Speedway,short,61,2,414.327868852459,34.0,500.0,4,2
1978,Dover International Speedway,intermediate,77,2,343.5064935064935,0.0,500.0,4,2
2025,Michigan International Speedway,intermediate,36,1,187.30555555555554,66.0,200.0,28,1
1963,Riverside International Raceway,road course,85,2,114.56470588235294,1.0,185.0,3,2
1968,Fonda Speedway,short,25,1,132.52,17.0,200.0,3,1
1983,Daytona International Speedway,intermediate,82,2,137.390243902439,5.0,200.0,9,2
1967,Richmond Raceway,short,54,2,162.55555555555554,8.0,300.0,4,1
1957,Memphis-Arkansas Speedway,short,28,1,104.75,33.0,134.0,3,1
1958,Lakewood Speedway,intermediate,65,2,88.95384615384616,1.0,150.0,7,2
1976,Richmond Raceway,speedway,60,2,328.8333333333333,84.0,400.0,4,2
2018,Daytona International Speedway,intermediate,80,2,151.95,8.0,207.0,23,2
1994,Pocono Raceway,intermediate,84,2,173.60714285714286,11.0,200.0,18,2
1979,Texas World Speedway,intermediate,34,1,160.08823529411765,5.0,200.0,1,1
2025,Nashville Superspeedway,intermediate,39,1,282.43589743589746,110.0,300.0,25,1
1954,Asheville-Weaverville Speedway,short,21,1,153.57142857142858,52.0,200.0,1,1
2013,Atlanta Motor Speedway,intermediate,43,1,292.74418604651163,22.0,325.0,17,1
1949,Hamburg Speedway,short,16,1,178.0,134.0,200.0,2,1
1964,Birmingham International Raceway,short,20,1,156.5,18.0,200.0,1,1
1964,Bowman Gray Stadium,short,40,2,172.45,32.0,250.0,3,2
1961,Hickory Speedway,short,43,2,194.1860465116279,9.0,250.0,3,2
1965,Charlotte Motor Speedway,intermediate,88,2,181.86363636363637,1.0,400.0,5,1
1988,Rockingham Speedway,intermediate,81,2,402.44444444444446,4.0,492.0,8,2
2022,Dover International Speedway,intermediate,36,1,376.3333333333333,91.0,400.0,15,1
1965,Richmond Raceway,short,59,2,178.45762711864407,1.0,300.0,3,2
1958,Canadian National Exposition Speedway,short,19,1,84.3157894736842,18.0,100.0,4,1
2005,Watkins Glen International,road course,43,1,87.76744186046511,31.0,92.0,34,1
2010,Daytona International Speedway,intermediate,86,2,166.03488372093022,4.0,208.0,44,2
2012,Homestead-Miami Speedway,intermediate,43,1,236.95348837209303,16.0,267.0,14,1
1951,Michigan State Fairgrounds,intermediate,59,1,155.83050847457628,13.0,250.0,2,1
1953,Monroe County Fairgrounds,short,18,1,199.75,199.0,200.0,3,1
1955,Greenville-Pickens Speedway,short,28,1,157.17857142857142,0.0,200.0,1,1
1954,Oglethorpe Speedway,short,21,1,140.0952380952381,9.0,200.0,1,1
2014,Dover International Speedway,intermediate,86,2,372.01162790697674,11.0,400.0,28,2
1963,New Asheville Speedway,short,20,1,198.9,1.0,300.0,2,1
2013,Phoenix Raceway,intermediate,86,2,282.3720930232558,19.0,316.0,44,2
1979,Ontario Motor Speedway,intermediate,37,1,162.1081081081081,26.0,200.0,7,1
2015,Las Vegas Motor Speedway,intermediate,43,1,257.3488372093023,28.0,267.0,14,1
1965,Dog Track Speedway,short,43,2,211.95348837209303,1.0,300.0,4,2
2005,Talladega Superspeedway,superspeedway,86,2,163.06976744186048,19.0,194.0,33,2
1957,Wilson Speedway,short,21,1,152.0,40.0,200.0,1,1
1992,Talladega Superspeedway,superspeedway,80,2,166.9875,5.0,188.0,22,2
1955,North Wilkesboro Speedway,intermediate,50,2,113.08,5.0,160.0,4,1
2008,Daytona International Speedway,intermediate,86,2,174.30232558139534,69.0,200.0,62,2
1976,Daytona International Speedway,intermediate,82,2,119.47560975609755,0.0,200.0,4,2
1954,Columbia Speedway,short,18,1,168.0,23.0,200.0,1,1
1959,Asheville-Weaverville Speedway,short,90,3,238.06666666666666,1.0,500.0,5,3
1997,Daytona International Speedway,intermediate,84,2,163.5595238095238,32.0,200.0,47,2
1969,Langley Field Speedway,short,24,1,234.375,16.0,375.0,1,1
1953,Columbia Speedway,short,16,1,200.0,200.0,200.0,1,1
1995,New Hampshire Motor Speedway,intermediate,41,1,275.0,34.0,300.0,14,1
1955,Charlotte Speedway,intermediate,26,1,83.5,3.0,133.0,2,1
1953,Darlington Raceway,intermediate,59,1,245.52542372881356,8.0,364.0,1,1
1962,Charlotte Motor Speedway,intermediate,92,2,228.84782608695653,2.0,400.0,3,2
1988,Talladega Superspeedway,superspeedway,83,2,164.12048192771084,13.0,188.0,34,2
2017,Darlington Raceway,intermediate,40,1,331.8,18.0,367.0,8,1
1951,Morristown Speedway,short,44,1,147.0,94.0,200.0,1,1
2025,Kansas Speedway,intermediate,75,2,256.06666666666666,6.0,273.0,44,2
2011,Dover International Speedway,intermediate,86,2,339.3837209302326,12.0,400.0,38,2
1965,Langley Field Speedway,short,21,1,151.71428571428572,0.0,250.0,1,1
2009,Michigan International Speedway,intermediate,86,2,176.46511627906978,17.0,200.0,54,2
2022,Auto Club Speedway,intermediate,36,1,191.13888888888889,94.0,200.0,23,1
1986,Talladega Superspeedway,superspeedway,82,2,147.59756097560975,4.0,188.0,20,2
2004,Talladega Superspeedway,superspeedway,86,2,168.02325581395348,7.0,188.0,53,2
1964,Rambi Race Track,short,12,1,151.0,1.0,200.0,1,1
2001,Atlanta Motor Speedway,intermediate,86,2,304.1046511627907,15.0,325.0,28,2
2008,New Hampshire Motor Speedway,intermediate,86,2,283.72093023255815,202.0,300.0,47,2
1960,Heidelberg Raceway,short,17,1,150.94117647058823,17.0,188.0,1,1
2013,Chicagoland Speedway,intermediate,43,1,236.65116279069767,29.0,267.0,23,1
1959,California State Fairgrounds,short,16,1,156.125,11.0,200.0,2,1
1955,Tucson Rodeo Grounds,short,19,1,146.10526315789474,30.0,200.0,1,1
2004,Sonoma Raceway,road course,43,1,100.74418604651163,5.0,110.0,27,1
1966,Hickory Speedway,short,47,2,178.51063829787233,3.0,250.0,3,1
1968,Richmond Raceway,short,20,1,188.5,30.0,250.0,1,1
1981,Dover International Speedway,intermediate,66,2,359.8333333333333,1.0,500.0,3,2
1964,Bridgehampton Race Circuit,road course,24,1,25.708333333333332,1.0,50.0,2,1
1969,Charlotte Motor Speedway,intermediate,89,2,235.1123595505618,2.0,400.0,5,2
2011,Talladega Superspeedway,superspeedway,86,2,164.95348837209303,1.0,188.0,55,2
1956,Greenville-Pickens Speedway,short,23,1,143.7391304347826,16.0,200.0,1,1
2016,Kentucky Speedway,intermediate,40,1,228.8,9.0,267.0,16,1
1978,Ontario Motor Speedway,intermediate,40,1,154.975,2.0,200.0,3,1
2025,Watkins Glen International,road course,39,1,89.53846153846153,75.0,90.0,35,1
2003,Kansas Speedway,intermediate,43,1,248.13953488372093,80.0,267.0,24,1
2019,Martinsville Speedway,short,74,2,479.3378378378378,55.0,500.0,39,2
1975,Atlanta Motor Speedway,intermediate,72,2,233.34722222222223,6.0,328.0,5,2
2015,Charlotte Motor Speedway,intermediate,86,2,350.40697674418607,58.0,400.0,32,2
1981,Martinsville Speedway,short,61,2,349.9836065573771,3.0,500.0,4,2
2000,Pocono Raceway,intermediate,86,2,180.03488372093022,25.0,200.0,44,2
1999,Rockingham Speedway,intermediate,86,2,373.8139534883721,120.0,393.0,18,2
2001,Talladega Superspeedway,superspeedway,86,2,179.06976744186048,18.0,188.0,50,2
1958,Nashville Speedway,short,32,1,157.21875,0.0,200.0,3,1
2001,Auto Club Speedway,intermediate,43,1,245.48837209302326,152.0,250.0,26,1
2024,Watkins Glen International,road course,38,1,84.6842105263158,0.0,92.0,31,1
1956,Tennessee-Carolina Speedway,short,22,1,169.13636363636363,64.0,200.0,2,1
2021,Circuit of the Americas,road course,40,1,48.15,12.0,54.0,31,1
1962,Piedmont Interstate Fairgrounds,short,31,2,156.67741935483872,18.0,200.0,5,2
1981,Richmond Raceway,speedway,62,2,321.1290322580645,0.0,400.0,7,2
1978,Daytona International Speedway,intermediate,81,2,130.23456790123456,1.0,200.0,4,2
1965,Nashville Speedway,short,39,2,177.84615384615384,1.0,400.0,2,2
1982,Daytona International Speedway,intermediate,81,2,123.22222222222223,3.0,200.0,10,1
1972,Charlotte Motor Speedway,intermediate,84,2,244.92857142857142,8.0,400.0,4,2
1969,Martinsville Speedway,short,80,2,302.025,1.0,500.0,6,1
1985,Atlanta Motor Speedway,intermediate,83,2,251.21686746987953,39.0,328.0,7,1
1986,Michigan International Speedway,intermediate,82,2,160.9268292682927,4.0,200.0,14,1
1994,Richmond Raceway,intermediate,75,2,351.62666666666667,1.0,400.0,16,2
2021,Kansas Speedway,intermediate,79,2,258.37974683544303,47.0,267.0,37,2
2011,Michigan International Speedway,intermediate,86,2,172.46511627906978,11.0,203.0,52,2
1968,Montgomery Motor Speedway,short,30,1,133.33333333333334,26.0,200.0,2,1
2020,Bristol Motor Speedway,short,80,2,443.325,28.0,500.0,28,2
1969,Darlington Raceway,intermediate,76,2,175.80263157894737,1.0,291.0,4,1
1964,Jacksonville Speedway,short,25,1,131.44,15.0,200.0,1,1
2020,Darlington Raceway,intermediate,118,3,271.54237288135596,0.0,367.0,67,2
1959,Martinsville Speedway,short,87,2,361.5402298850575,2.0,500.0,3,2
2008,Chicagoland Speedway,intermediate,43,1,266.0,259.0,267.0,29,1
1988,Richmond Raceway,intermediate,36,1,316.19444444444446,11.0,400.0,5,1
2008,Sonoma Raceway,road course,43,1,107.95348837209302,20.0,112.0,31,1
1992,Bristol Motor Speedway,short,64,2,427.734375,16.0,500.0,7,2
1967,Middle Georgia Raceway,short,24,1,165.08333333333334,0.0,300.0,1,1
1954,Raleigh Speedway,intermediate,35,1,165.34285714285716,5.0,250.0,1,1
1960,Hickory Speedway,short,38,2,191.57894736842104,10.0,250.0,3,2
1987,Dover International Speedway,intermediate,79,2,369.9240506329114,20.0,500.0,7,2
1992,Michigan International Speedway,intermediate,82,2,161.3048780487805,4.0,200.0,19,2
2023,Kansas Speedway,intermediate,72,2,256.625,3.0,268.0,46,2
1987,Darlington Raceway,intermediate,81,2,216.69135802469137,1.0,367.0,18,1
2025,Dover International Speedway,intermediate,37,1,391.18918918918916,221.0,407.0,20,1
1996,Martinsville Speedway,short,72,2,468.4583333333333,148.0,500.0,13,2
1995,Michigan International Speedway,intermediate,84,2,161.11904761904762,17.0,200.0,20,1
1966,New Asheville Speedway,short,22,1,190.63636363636363,8.0,300.0,1,1
1955,Monroe County Fairgrounds,short,21,1,134.14285714285714,1.0,200.0,1,1
1970,Talladega Superspeedway,superspeedway,90,2,137.14444444444445,3.0,188.0,4,1
1950,Daytona Beach & Road Course,road course,41,1,32.26829268292683,0.0,48.0,6,1
1958,Trenton Speedway,intermediate,34,1,337.29411764705884,33.0,500.0,1,1
1969,Richmond Raceway,speedway,25,1,320.96,22.0,462.0,1,1
1956,Merced Fairgrounds,short,28,1,141.85714285714286,0.0,200.0,3,1
1994,Martinsville Speedway,short,72,2,451.3888888888889,36.0,500.0,13,1
1970,Smokey Mountain Raceway,short,52,2,133.07692307692307,7.0,200.0,3,2
2007,Charlotte Motor Speedway,intermediate,86,2,323.19767441860466,45.0,400.0,32,2
1974,Daytona International Speedway,intermediate,80,2,115.8125,1.0,200.0,8,2
1983,Nashville Speedway,intermediate,59,2,338.96610169491527,3.0,420.0,3,2
2024,Phoenix Raceway,intermediate,76,2,297.36842105263156,1.0,312.0,40,2
2015,Richmond Raceway,intermediate,86,2,385.5813953488372,124.0,400.0,31,2
2007,Darlington Raceway,intermediate,43,1,345.5348837209302,122.0,367.0,21,1
1975,Michigan International Speedway,intermediate,72,2,150.94444444444446,6.0,200.0,6,2
2011,New Hampshire Motor Speedway,intermediate,86,2,250.6627906976744,10.0,301.0,43,2
2004,Las Vegas Motor Speedway,intermediate,43,1,226.74418604651163,8.0,267.0,17,1
2010,Watkins Glen International,road course,43,1,82.34883720930233,28.0,90.0,31,1
1965,Riverside International Raceway,road course,44,1,87.02272727272727,0.0,185.0,2,1
2013,Richmond Raceway,intermediate,86,2,374.1860465116279,17.0,406.0,46,2
2011,Pocono Raceway,intermediate,86,2,164.93023255813952,7.0,200.0,50,2
2016,New Hampshire Motor Speedway,intermediate,80,2,293.6125,94.0,301.0,48,2
2020,Richmond Raceway,intermediate,38,1,388.89473684210526,100.0,400.0,11,1
1973,Dover International Speedway,intermediate,80,2,323.625,12.0,500.0,5,1
2024,World Wide Technology Raceway at Gateway,intermediate,36,1,233.19444444444446,109.0,240.0,24,1
1960,Greenville-Pickens Speedway,short,22,1,119.18181818181819,12.0,200.0,2,1
2012,Pocono Raceway,intermediate,86,2,98.86046511627907,1.0,160.0,47,2
1963,Golden Gate Speedway,short,24,1,159.54166666666666,56.0,200.0,3,1
2000,Atlanta Motor Speedway,intermediate,86,2,290.25581395348837,11.0,325.0,15,2
1961,Richmond Raceway,intermediate,25,1,183.2,7.0,250.0,2,1
1963,Southside Speedway,short,17,1,259.1764705882353,93.0,300.0,1,1
2020,Daytona International Speedway Road Course,superspeedway,39,1,63.53846153846154,46.0,65.0,32,1
1955,Airborne Speedway,short,16,1,128.875,5.0,200.0,1,1
2022,Kansas Speedway,intermediate,72,2,247.13888888888889,32.0,267.0,39,2
1972,Nashville Speedway,intermediate,28,1,192.96428571428572,0.0,420.0,2,1
2014,Texas Motor Speedway,intermediate,86,2,324.69767441860466,12.0,341.0,46,2
2004,Charlotte Motor Speedway,intermediate,86,2,320.54651162790697,1.0,400.0,27,1
1976,Talladega Superspeedway,superspeedway,80,2,135.9375,1.0,188.0,4,2
2003,Auto Club Speedway,intermediate,43,1,230.1860465116279,9.0,250.0,16,1
2000,Las Vegas Motor Speedway,intermediate,43,1,145.8372093023256,92.0,148.0,19,1
1984,Atlanta Motor Speedway,intermediate,80,2,259.8625,0.0,328.0,7,2
1983,Michigan International Speedway,intermediate,74,2,173.14864864864865,22.0,200.0,18,1
1954,Williams Grove Speedway,short,41,1,150.21951219512195,1.0,200.0,2,1
1969,Daytona International Speedway,intermediate,141,4,94.91489361702128,2.0,200.0,12,3
2002,Las Vegas Motor Speedway,intermediate,43,1,258.5813953488372,7.0,267.0,20,1
2005,Chicagoland Speedway,intermediate,43,1,242.95348837209303,13.0,267.0,28,1
1971,Bristol Motor Speedway,short,60,2,274.3666666666667,5.0,500.0,3,2
1971,Hickory Speedway,short,44,2,205.02272727272728,17.0,276.0,5,2
1967,Langley Field Speedway,short,16,1,155.8125,1.0,250.0,2,1
2009,Las Vegas Motor Speedway,intermediate,43,1,257.4418604651163,6.0,285.0,17,1
1963,Dog Track Speedway,short,29,2,206.93103448275863,0.0,300.0,4,2
1997,Richmond Raceway,intermediate,85,2,381.81176470588235,7.0,400.0,9,2
2006,Martinsville Speedway,short,86,2,447.24418604651163,7.0,500.0,42,2
1960,Montgomery Air Base,road course,19,1,81.57894736842105,5.0,100.0,1,1
1958,Lincoln Speedway,short,31,1,134.93548387096774,3.0,200.0,2,1
1958,Hickory Speedway,short,31,1,194.06451612903226,48.0,250.0,3,1
1991,Michigan International Speedway,intermediate,81,2,173.65432098765433,21.0,200.0,17,2
2003,Dover International Speedway,intermediate,86,2,367.59302325581393,78.0,400.0,32,1
1990,North Wilkesboro Speedway,intermediate,64,2,355.078125,9.0,400.0,18,2
1983,Bristol Motor Speedway,short,57,2,393.49122807017545,44.0,500.0,5,1
1962,Columbia Speedway,short,39,2,165.56410256410257,20.0,200.0,4,2
1996,Watkins Glen International,road course,39,1,82.58974358974359,29.0,90.0,24,1
1974,Nashville Speedway,intermediate,58,2,267.1896551724138,17.0,420.0,4,2
1987,North Wilkesboro Speedway,intermediate,64,2,345.203125,11.0,400.0,6,2
1995,Daytona International Speedway,intermediate,85,2,160.38823529411764,8.0,200.0,40,2
1958,California State Fairgrounds,intermediate,28,1,73.21428571428571,1.0,100.0,2,1
1990,Rockingham Speedway,intermediate,78,2,410.7692307692308,10.0,492.0,7,2
1966,Oxford Plains Speedway,short,27,1,189.03703703703704,3.0,300.0,1,1
2007,Daytona International Speedway,intermediate,86,2,172.72093023255815,99.0,202.0,57,2
2021,Texas Motor Speedway,intermediate,39,1,259.9230769230769,29.0,334.0,15,1
1960,Darlington Raceway,intermediate,80,2,197.075,1.0,364.0,4,2
2015,Pocono Raceway,intermediate,86,2,149.93023255813952,3.0,160.0,48,2
2002,Charlotte Motor Speedway,intermediate,86,2,326.3139534883721,31.0,400.0,23,2
2017,Pocono Raceway,intermediate,77,2,145.74025974025975,0.0,160.0,40,2
1968,Darlington Raceway,intermediate,78,2,201.96153846153845,0.0,364.0,5,2
1976,Charlotte Motor Speedway,intermediate,80,2,273.7875,7.0,400.0,6,2
1963,Asheville-Weaverville Speedway,short,49,2,253.6734693877551,3.0,500.0,5,2
1956,Soldier Field,short,25,1,146.76,36.0,200.0,5,1
1986,Darlington Raceway,intermediate,80,2,255.625,1.0,367.0,10,2
2008,Las Vegas Motor Speedway,intermediate,43,1,253.62790697674419,107.0,267.0,21,1
1991,Watkins Glen International,road course,40,1,72.275,4.0,90.0,17,1
2022,New Hampshire Motor Speedway,intermediate,36,1,261.0,4.0,301.0,13,1
2014,Watkins Glen International,road course,43,1,84.44186046511628,9.0,90.0,28,1
1994,Talladega Superspeedway,superspeedway,84,2,156.10714285714286,8.0,188.0,33,2
2020,Phoenix Raceway,intermediate,77,2,294.7142857142857,51.0,316.0,39,2
1984,Charlotte Motor Speedway,intermediate,83,2,292.7590361445783,1.0,400.0,6,2
1968,South Boston Speedway,short,21,1,172.42857142857142,17.0,267.0,3,1
2025,Charlotte Motor Speedway Road Course,road course,37,1,107.4054054054054,87.0,109.0,26,1
2016,Bristol Motor Speedway,short,80,2,474.4625,169.0,500.0,39,2
2001,Daytona International Speedway,intermediate,86,2,169.41860465116278,47.0,200.0,37,2
2012,Sonoma Raceway,road course,43,1,99.27906976744185,1.0,112.0,23,1
1955,Darlington Raceway,intermediate,69,1,255.82608695652175,11.0,366.0,1,1
2018,Michigan International Speedway,intermediate,79,2,157.9620253164557,1.0,200.0,50,2
2001,Rockingham Speedway,intermediate,86,2,370.72093023255815,0.0,393.0,22,2
1976,Martinsville Speedway,short,60,2,302.31666666666666,2.0,500.0,3,2
1955,Martinsville Speedway,short,55,2,150.4,9.0,200.0,5,2
1968,Charlotte Motor Speedway,intermediate,89,2,212.3932584269663,6.0,334.0,5,2
1961,Birmingham International Raceway,short,13,1,137.15384615384616,3.0,200.0,1,1
1958,Richmond Raceway,short,22,1,123.95454545454545,15.0,200.0,2,1
1955,Raleigh Speedway,intermediate,65,2,80.2,9.0,100.0,10,2
1977,Ontario Motor Speedway,intermediate,42,1,146.5,9.0,200.0,4,1
1962,Dog Track Speedway,short,15,1,177.33333333333334,53.0,250.0,1,1
1995,Rockingham Speedway,intermediate,82,2,378.6829268292683,38.0,492.0,15,2
1973,Michigan International Speedway,intermediate,40,1,163.925,3.0,200.0,2,1
2019,Homestead-Miami Speedway,intermediate,40,1,258.375,209.0,267.0,10,1
1995,Sonoma Raceway,road course,43,1,66.46511627906976,7.0,74.0,29,1
1958,Old Dominion Speedway,short,25,1,116.12,10.0,150.0,2,1
2014,Homestead-Miami Speedway,intermediate,43,1,260.25581395348837,182.0,267.0,32,1
1970,Michigan International Speedway,intermediate,80,2,130.075,0.0,200.0,6,2
1998,Talladega Superspeedway,superspeedway,86,2,168.97674418604652,30.0,188.0,26,2
1993,Phoenix Raceway,intermediate,43,1,255.72093023255815,14.0,312.0,11,1
1990,Pocono Raceway,intermediate,80,2,174.1875,0.0,200.0,36,2
1971,Richmond Raceway,speedway,30,1,368.3,43.0,500.0,1,1
1954,Charlotte Speedway,short,25,1,92.76,0.0,133.0,2,1
1982,Pocono Raceway,intermediate,73,2,145.02739726027397,7.0,200.0,7,1
1987,Bristol Motor Speedway,short,60,2,396.1166666666667,16.0,500.0,12,1
1957,Portland Speedway,intermediate,18,1,150.33333333333334,17.0,200.0,1,1
2008,Charlotte Motor Speedway,intermediate,86,2,344.43023255813955,52.0,400.0,33,2
1995,Martinsville Speedway,short,72,2,394.77777777777777,4.0,500.0,20,2
2023,Bristol Motor Speedway Dirt Track,short,37,1,238.0810810810811,96.0,250.0,27,1
1957,Richmond Raceway,short,22,1,128.1818181818182,7.0,200.0,1,1
1966,North Wilkesboro Speedway,intermediate,72,2,256.0833333333333,5.0,400.0,4,2
2009,Darlington Raceway,intermediate,43,1,312.86046511627904,27.0,367.0,22,1
1966,Middle Georgia Raceway,short,15,1,166.33333333333334,3.0,200.0,2,1
1979,Darlington Raceway,intermediate,76,2,272.9605263157895,2.0,367.0,4,2
1988,Atlanta Motor Speedway,intermediate,84,2,232.14285714285714,2.0,328.0,8,2
2003,Pocono Raceway,intermediate,86,2,180.7093023255814,7.0,200.0,41,2
2006,Texas Motor Speedway,intermediate,86,2,309.2093023255814,24.0,339.0,33,2
1969,South Boston Speedway,short,24,1,167.16666666666666,1.0,267.0,2,1
1973,Martinsville Speedway,short,70,2,336.5857142857143,2.0,500.0,3,2
1973,North Wilkesboro Speedway,intermediate,60,2,325.81666666666666,2.0,400.0,4,2
1977,Dover International Speedway,intermediate,76,2,336.05263157894734,0.0,500.0,4,2
1950,Occoneechee Speedway,intermediate,56,2,105.66666666666667,1.0,175.0,3,2
1966,Greenville-Pickens Speedway,short,43,2,128.0,5.0,200.0,2,1
1949,Langhorne Speedway,intermediate,45,1,163.65625,2.0,200.0,2,1
1970,North Carolina State Fairgrounds,short,23,1,130.65217391304347,16.0,200.0,1,1
1966,Beltsville Speedway,short,53,2,136.52830188679246,2.0,200.0,3,2
2012,Martinsville Speedway,short,86,2,424.1744186046512,19.0,515.0,33,2
1956,Southern States Fairgrounds,short,45,2,132.93333333333334,14.0,200.0,4,2
1968,Islip Speedway,short,25,1,214.12,17.0,300.0,2,1
1989,Bristol Motor Speedway,short,64,2,393.421875,35.0,500.0,14,2
2007,Las Vegas Motor Speedway,intermediate,43,1,238.86046511627907,15.0,267.0,15,1
2016,Martinsville Speedway,short,80,2,477.7875,21.0,500.0,29,2
1970,Middle Georgia Raceway,speedway,30,1,341.06666666666666,4.0,500.0,2,1
2015,Bristol Motor Speedway,short,86,2,482.1046511627907,0.0,511.0,26,2
2020,New Hampshire Motor Speedway,intermediate,38,1,286.36842105263156,15.0,301.0,20,1
1952,Ft. Miami Speedway,short,24,1,138.91666666666666,24.0,200.0,2,1
1992,Martinsville Speedway,short,63,2,444.3968253968254,104.0,500.0,9,2
1963,West Virginia International Speedway,short,20,1,260.3,90.0,300.0,1,1
2003,Charlotte Motor Speedway,intermediate,86,2,292.75581395348837,123.0,334.0,23,2
1991,Phoenix Raceway,intermediate,43,1,255.2093023255814,1.0,312.0,6,1
1975,Pocono Raceway,intermediate,35,1,134.74285714285713,1.0,200.0,4,1
1984,Dover International Speedway,intermediate,76,2,386.3421052631579,32.0,500.0,6,2
2011,Watkins Glen International,road course,43,1,79.27906976744185,4.0,92.0,27,1
1966,Bristol Motor Speedway,short,68,2,332.8970588235294,0.0,500.0,3,2
1955,Tri-City Speedway,short,21,1,128.28571428571428,7.0,200.0,2,1
1955,Memphis-Arkansas Speedway,intermediate,70,2,115.17142857142858,3.0,200.0,4,2
1980,Dover International Speedway,intermediate,74,2,358.9594594594595,2.0,500.0,5,2
1970,Rockingham Speedway,intermediate,80,2,322.65,3.0,492.0,3,2
2001,Texas Motor Speedway,intermediate,43,1,305.6511627906977,33.0,334.0,13,1
1951,Lakewood Speedway,intermediate,31,1,100.0,100.0,100.0,1,1
1954,Darlington Raceway,intermediate,50,1,243.2,4.0,364.0,2,1
1962,Bowman Gray Stadium,short,62,3,128.5,3.0,200.0,7,3
1993,Dover International Speedway,intermediate,75,2,388.1066666666667,10.0,500.0,14,2
1964,Richmond Raceway,short,60,2,170.98333333333332,0.0,300.0,4,2
2015,Michigan International Speedway,intermediate,86,2,160.98837209302326,9.0,200.0,37,2
1997,Indianapolis Motor Speedway,intermediate,43,1,140.95348837209303,2.0,160.0,23,1
1961,Southern States Fairgrounds,short,20,1,131.45,17.0,200.0,2,1
2021,New Hampshire Motor Speedway,intermediate,37,1,273.9189189189189,8.0,293.0,15,1
1979,Martinsville Speedway,short,60,2,374.6666666666667,0.0,500.0,4,2
2003,Chicagoland Speedway,intermediate,43,1,236.58139534883722,6.0,267.0,11,1
1952,Lakewood Speedway,intermediate,48,2,69.58333333333333,0.0,100.0,6,2
1962,Nashville Speedway,short,25,1,273.92,1.0,500.0,1,1
1955,Morristown Speedway,short,30,1,145.63333333333333,13.0,200.0,1,1
1999,Talladega Superspeedway,superspeedway,86,2,170.93023255813952,48.0,188.0,43,1
1988,Dover International Speedway,intermediate,80,2,409.5125,15.0,500.0,8,1
1966,Nashville Speedway,short,28,1,242.28571428571428,0.0,400.0,1,1
1955,Palm Beach Speedway,short,16,1,166.3125,9.0,200.0,4,1
2017,Chicagoland Speedway,intermediate,40,1,263.1,251.0,267.0,12,1
1984,Michigan International Speedway,intermediate,80,2,168.4875,41.0,200.0,14,2
2009,Dover International Speedway,intermediate,86,2,323.22093023255815,13.0,400.0,39,1
2011,Sonoma Raceway,road course,43,1,101.11627906976744,5.0,110.0,32,1
2015,Sonoma Raceway,road course,43,1,102.6046511627907,20.0,110.0,27,1
1967,Riverside International Raceway,road course,44,1,96.77272727272727,0.0,185.0,1,1
1991,Bristol Motor Speedway,short,65,2,426.38461538461536,78.0,500.0,12,2
2013,Indianapolis Motor Speedway,intermediate,43,1,156.51162790697674,110.0,160.0,23,1
1968,Birmingham International Raceway,intermediate,18,1,142.0,41.0,160.0,2,1
2009,Texas Motor Speedway,intermediate,86,2,300.4418604651163,6.0,334.0,23,2
2008,Auto Club Speedway,intermediate,86,2,239.09302325581396,20.0,250.0,44,2
1992,Atlanta Motor Speedway,intermediate,83,2,261.6265060240964,1.0,328.0,20,1
2022,Atlanta Motor Speedway,intermediate,73,2,253.83561643835617,23.0,325.0,44,2
1976,Atlanta Motor Speedway,intermediate,72,2,242.68055555555554,0.0,328.0,6,2
1979,Dover International Speedway,intermediate,67,2,371.14925373134326,1.0,500.0,5,2
1989,Dover International Speedway,intermediate,75,2,402.92,1.0,500.0,9,1
2018,Sonoma Raceway,road course,38,1,102.1842105263158,33.0,110.0,21,1
1966,Asheville-Weaverville Speedway,short,59,2,284.7118644067797,3.0,500.0,3,2
1999,Watkins Glen International,road course,43,1,85.81395348837209,33.0,90.0,29,1
1990,Martinsville Speedway,short,63,2,424.58730158730157,12.0,500.0,12,1
1966,Darlington Raceway,intermediate,80,2,219.1625,0.0,364.0,3,2
1978,Charlotte Motor Speedway,intermediate,80,2,283.3875,3.0,400.0,10,2
1988,Richmond Raceway,speedway,32,1,358.5625,47.0,400.0,7,1
2010,Michigan International Speedway,intermediate,86,2,172.3139534883721,8.0,200.0,49,2
2022,Michigan International Speedway,intermediate,37,1,162.9189189189189,24.0,200.0,22,1
1991,Dover International Speedway,intermediate,75,2,369.17333333333335,11.0,500.0,7,2
1955,Oglethorpe Speedway,short,18,1,141.38888888888889,8.0,200.0,1,1
2021,Martinsville Speedway,short,75,2,474.44,10.0,501.0,43,2
2005,Charlotte Motor Speedway,intermediate,86,2,317.63953488372096,26.0,400.0,44,1
2014,Pocono Raceway,intermediate,86,2,149.9418604651163,11.0,160.0,46,1
1955,Altamont-Schenectady Fairgrounds,short,25,1,133.36,9.0,177.0,1,1
2000,Charlotte Motor Speedway,intermediate,86,2,332.6744186046512,5.0,400.0,30,2
1966,Martinsville Speedway,short,80,2,308.525,1.0,500.0,3,2
1970,Richmond Raceway,speedway,56,2,331.35714285714283,0.0,500.0,3,2
1989,Phoenix Raceway,intermediate,43,1,256.6511627906977,16.0,312.0,13,1
1977,Pocono Raceway,intermediate,35,1,159.68571428571428,13.0,200.0,4,1
2010,Kansas Speedway,intermediate,43,1,237.7906976744186,33.0,267.0,20,1
1979,Michigan International Speedway,intermediate,72,2,154.41666666666666,2.0,200.0,10,2
1960,Atlanta Motor Speedway,intermediate,90,2,177.23333333333332,1.0,334.0,4,2
2021,Dover International Speedway,intermediate,37,1,390.02702702702703,300.0,400.0,17,1
1983,Charlotte Motor Speedway,intermediate,81,2,299.2345679012346,14.0,400.0,12,2
1970,Bowman Gray Stadium,short,22,1,166.04545454545453,3.0,250.0,2,1
1999,New Hampshire Motor Speedway,intermediate,86,2,277.4418604651163,44.0,300.0,32,2
2006,Pocono Raceway,intermediate,86,2,188.08139534883722,1.0,200.0,51,1
1995,Charlotte Motor Speedway,intermediate,85,2,301.45882352941175,6.0,400.0,17,2
2024,Sonoma Raceway,road course,38,1,99.52631578947368,2.0,110.0,27,1
2013,Bristol Motor Speedway,short,86,2,438.4186046511628,1.0,500.0,31,2
1985,Martinsville Speedway,short,61,2,399.0163934426229,1.0,500.0,7,2
2024,Atlanta Motor Speedway,intermediate,75,2,244.21333333333334,2.0,266.0,52,2
2004,Phoenix Raceway,intermediate,43,1,291.06976744186045,11.0,315.0,24,1
1979,Bristol Motor Speedway,short,60,2,382.28333333333336,2.0,500.0,6,2
1963,Nashville Speedway,short,21,1,254.1904761904762,1.0,350.0,1,1
2018,Watkins Glen International,road course,37,1,85.13513513513513,1.0,90.0,24,1
1956,Montgomery Motor Speedway,short,14,1,160.92857142857142,16.0,200.0,1,1
1978,Talladega Superspeedway,superspeedway,82,2,141.84146341463415,1.0,188.0,6,2
2024,Charlotte Motor Speedway,intermediate,40,1,240.75,114.0,249.0,35,1
1970,Nashville Speedway,intermediate,36,1,166.05555555555554,1.0,420.0,1,1
1996,Pocono Raceway,intermediate,82,2,172.0731707317073,2.0,200.0,27,2
2023,Chicago Street Course,road course,37,1,76.16216216216216,40.0,78.0,31,1
1989,Atlanta Motor Speedway,intermediate,84,2,246.42857142857142,8.0,328.0,7,2
1968,Asheville-Weaverville Speedway,short,57,2,213.5438596491228,4.0,500.0,2,1
2003,Texas Motor Speedway,intermediate,43,1,304.5813953488372,46.0,334.0,13,1
1993,Darlington Raceway,intermediate,79,2,284.7974683544304,0.0,367.0,8,2
1965,Greenville-Pickens Speedway,short,46,2,110.04347826086956,0.0,200.0,3,1
1974,Atlanta Motor Speedway,intermediate,72,2,232.20833333333334,10.0,328.0,4,2
1951,Canfield Fairgrounds,short,38,1,170.66666666666666,115.0,200.0,1,1
1970,Albany Saratoga Speedway,short,28,1,183.64285714285714,2.0,250.0,1,1
1984,North Wilkesboro Speedway,intermediate,61,2,348.72131147540983,3.0,400.0,12,2
1972,Richmond Raceway,speedway,60,2,299.0,3.0,500.0,3,1
1974,Richmond Raceway,speedway,55,2,306.72727272727275,1.0,500.0,4,2
1957,Lancaster Speedway,road course,34,1,41.588235294117645,0.0,60.0,3,1
1956,Redwood Speedway,intermediate,25,1,94.32,18.0,125.0,1,1
1976,Rockingham Speedway,intermediate,72,2,355.43055555555554,1.0,492.0,2,1
2012,Indianapolis Motor Speedway,intermediate,43,1,134.13953488372093,5.0,160.0,28,1
1969,Dover International Speedway,intermediate,32,1,169.15625,1.0,300.0,1,1
2010,Richmond Raceway,intermediate,86,2,363.77906976744185,30.0,400.0,32,2
1973,Daytona International Speedway,intermediate,80,2,133.9625,2.0,200.0,3,2
2025,Indianapolis Motor Speedway,intermediate,39,1,152.23076923076923,17.0,168.0,22,1
1956,Wilson Speedway,short,56,2,111.57142857142857,22.0,200.0,7,2
2020,Homestead-Miami Speedway,intermediate,38,1,263.0,211.0,267.0,15,1
1983,North Wilkesboro Speedway,intermediate,60,2,335.6333333333333,13.0,400.0,9,1
1960,Piedmont Interstate Fairgrounds,short,43,2,144.95348837209303,2.0,200.0,4,2
2010,Indianapolis Motor Speedway,intermediate,43,1,133.7674418604651,15.0,160.0,25,1
1970,Dover International Speedway,intermediate,36,1,198.19444444444446,1.0,300.0,2,1
2013,Talladega Superspeedway,superspeedway,86,2,170.2906976744186,2.0,192.0,45,2
2005,Sonoma Raceway,road course,43,1,106.65116279069767,33.0,110.0,34,1
1957,Southern States Fairgrounds,short,69,3,138.3768115942029,0.0,200.0,8,3
1952,Palm Beach Speedway,short,46,2,151.76190476190476,4.0,200.0,2,2
2022,World Wide Technology Raceway at Gateway,intermediate,36,1,237.30555555555554,72.0,245.0,31,1
1994,Darlington Raceway,intermediate,83,2,280.90361445783134,66.0,367.0,12,2
2020,Charlotte Motor Speedway,intermediate,80,2,288.525,0.0,405.0,42,2
1970,Hickory Speedway,short,44,2,192.27272727272728,24.0,276.0,4,1
1999,Martinsville Speedway,short,86,2,484.40697674418607,291.0,500.0,20,2
1998,Charlotte Motor Speedway,intermediate,86,2,333.56976744186045,68.0,400.0,23,2
1994,Dover International Speedway,intermediate,82,2,414.8292682926829,14.0,500.0,12,1
1967,Daytona International Speedway,intermediate,145,4,71.93793103448276,0.0,200.0,17,4
1954,Hickory Speedway,short,24,1,164.04166666666666,77.0,200.0,2,1
1972,Talladega Superspeedway,superspeedway,100,2,116.84,1.0,188.0,6,2
1961,Riverside International Raceway,intermediate,27,1,26.333333333333332,1.0,39.0,2,1
2012,Bristol Motor Speedway,short,86,2,415.6744186046512,6.0,500.0,35,2
1971,Middle Georgia Raceway,speedway,32,1,327.65625,1.0,500.0,1,1
1964,Old Bridge Stadium,short,22,1,118.68181818181819,1.0,200.0,1,1
1980,Nashville Speedway,intermediate,60,2,344.93333333333334,0.0,420.0,6,2
1999,Auto Club Speedway,intermediate,43,1,226.72093023255815,3.0,250.0,9,1
1953,Princess Anne Speedway,short,19,1,200.0,200.0,200.0,1,1
1966,Fonda Speedway,short,31,1,125.48387096774194,1.0,200.0,2,1
2017,Texas Motor Speedway,intermediate,80,2,317.825,9.0,334.0,36,2
1960,Occoneechee Speedway,intermediate,41,2,85.07317073170732,8.0,110.0,2,2
1981,North Wilkesboro Speedway,intermediate,61,2,301.0163934426229,8.0,400.0,6,2
2012,Chicagoland Speedway,intermediate,43,1,222.97674418604652,38.0,267.0,16,1
2000,Talladega Superspeedway,superspeedway,85,2,170.75294117647059,20.0,188.0,41,2
1957,California State Fairgrounds,intermediate,27,1,72.48148148148148,9.0,100.0,7,1
1951,Asheville-Weaverville Speedway,short,30,1,200.0,200.0,200.0,1,1
2003,Martinsville Speedway,short,86,2,469.8837209302326,127.0,500.0,31,1
2011,Bristol Motor Speedway,short,86,2,437.7674418604651,10.0,500.0,39,2
2006,Michigan International Speedway,intermediate,86,2,151.27906976744185,10.0,200.0,65,2
2022,Circuit of the Americas,road course,39,1,65.8974358974359,19.0,69.0,32,1
1956,Lancaster Speedway,road course,37,1,65.97297297297297,3.0,80.0,2,1
1997,Talladega Superspeedway,superspeedway,85,2,173.87058823529412,51.0,188.0,33,2
1964,Chattanooga International Raceway,short,19,1,196.0,0.0,300.0,1,1
2021,Indianapolis Motor Speedway Road Course,road course,40,1,88.975,46.0,95.0,24,1
1969,Thompson Speedway,intermediate,31,1,139.67741935483872,1.0,200.0,1,1
1967,Smokey Mountain Raceway,short,53,2,151.37735849056602,13.0,200.0,5,2
2024,Homestead-Miami Speedway,intermediate,38,1,265.39473684210526,223.0,267.0,33,1
1984,Pocono Raceway,intermediate,79,2,160.56962025316454,5.0,200.0,12,2
1996,Charlotte Motor Speedway,intermediate,86,2,314.27906976744185,17.0,400.0,16,2
1998,Phoenix Raceway,intermediate,43,1,249.13953488372093,46.0,257.0,11,1
2018,Atlanta Motor Speedway,intermediate,36,1,315.02777777777777,99.0,325.0,13,1
2024,Nashville Superspeedway,intermediate,38,1,312.0263157894737,132.0,331.0,24,1
1984,Talladega Superspeedway,superspeedway,80,2,142.6125,1.0,188.0,20,2
1982,Atlanta Motor Speedway,intermediate,80,2,226.2375,0.0,328.0,8,2
2019,Atlanta Motor Speedway,intermediate,37,1,315.5405405405405,222.0,325.0,17,1
2019,Talladega Superspeedway,superspeedway,80,2,169.0,10.0,188.0,40,2
1958,Piedmont Interstate Fairgrounds,short,27,1,140.22222222222223,6.0,200.0,2,1
1991,Daytona International Speedway,intermediate,83,2,143.49397590361446,8.0,200.0,24,2
2021,Richmond Raceway,intermediate,75,2,386.52,1.0,400.0,23,2
1986,Richmond Raceway,speedway,60,2,339.3333333333333,2.0,400.0,11,2
1957,Ascot Stadium,short,28,1,108.78571428571429,19.0,150.0,1,1
2021,Daytona International Speedway,intermediate,80,2,149.475,3.0,200.0,27,2
1998,New Hampshire Motor Speedway,intermediate,86,2,274.1860465116279,34.0,300.0,32,2
2016,Charlotte Motor Speedway,intermediate,80,2,346.3625,61.0,400.0,34,2
2009,Indianapolis Motor Speedway,intermediate,43,1,142.58139534883722,21.0,160.0,24,1
1968,Middle Georgia Raceway,short,60,2,245.13333333333333,8.0,500.0,4,2
1980,Martinsville Speedway,short,63,2,369.6666666666667,13.0,500.0,7,2
1964,Harris Speedway,short,21,1,232.57142857142858,33.0,334.0,1,1
1956,Palm Beach Speedway,short,53,2,148.49056603773585,2.0,200.0,3,2
2024,Martinsville Speedway,short,74,2,445.2837837837838,131.0,500.0,31,2
2007,Atlanta Motor Speedway,intermediate,86,2,310.04651162790697,64.0,329.0,38,1
1975,Talladega Superspeedway,superspeedway,100,2,110.65,0.0,188.0,5,1
1971,Riverside International Raceway,road course,80,2,89.575,1.0,191.0,4,2
1974,Michigan International Speedway,intermediate,72,2,123.51388888888889,0.0,200.0,6,2
2021,Sonoma Raceway,road course,37,1,89.32432432432432,40.0,92.0,33,1
2013,New Hampshire Motor Speedway,intermediate,86,2,277.40697674418607,75.0,302.0,54,2
1953,Bloomsburg Fairgrounds,short,21,1,200.0,200.0,200.0,1,1
1988,Darlington Raceway,intermediate,81,2,284.7037037037037,4.0,367.0,8,2
2024,New Hampshire Motor Speedway,intermediate,36,1,295.8611111111111,142.0,305.0,29,1
2005,Daytona International Speedway,intermediate,86,2,160.87209302325581,14.0,203.0,49,2
1955,Bay Meadows Race Track,intermediate,34,1,200.55882352941177,8.0,252.0,1,1
1985,Dover International Speedway,intermediate,71,2,346.3521126760563,1.0,500.0,3,2
2001,Charlotte Motor Speedway,intermediate,86,2,330.51162790697674,11.0,400.0,29,2
2003,New Hampshire Motor Speedway,intermediate,86,2,281.4651162790698,43.0,300.0,37,1
1953,Daytona Beach & Road Course,road course,57,1,26.649122807017545,2.0,39.0,5,1
2015,Martinsville Speedway,short,86,2,474.6511627906977,177.0,500.0,42,2
1958,Old Bridge Stadium,short,27,1,153.62962962962962,8.0,187.0,1,1
1964,Augusta International Raceway,road course,36,1,75.77777777777777,2.0,139.0,1,1
2003,Watkins Glen International,road course,43,1,86.3953488372093,1.0,90.0,32,1
1959,Daytona International Speedway,intermediate,134,3,86.71641791044776,1.0,200.0,8,3
1971,North Wilkesboro Speedway,intermediate,61,2,258.4590163934426,0.0,400.0,4,2
1973,Riverside International Raceway,road course,80,2,104.6625,1.0,191.0,3,2
1950,Darlington Raceway,intermediate,75,1,306.5733333333333,24.0,400.0,1,1
1960,Rambi Race Track,short,17,1,162.64705882352942,55.0,200.0,2,1
1973,Darlington Raceway,intermediate,81,2,230.98765432098764,0.0,367.0,3,2
2001,Dover International Speedway,intermediate,86,2,348.2325581395349,2.0,400.0,27,2
1958,Greenville-Pickens Speedway,short,19,1,157.68421052631578,81.0,200.0,1,1
1954,Santa Fe Speedway,short,23,1,159.52173913043478,18.0,200.0,3,1
1982,Dover International Speedway,intermediate,67,2,344.14925373134326,1.0,500.0,5,2
1989,Watkins Glen International,road course,40,1,71.65,3.0,90.0,19,1
1970,Thompson Speedway,speedway,30,1,147.73333333333332,5.0,200.0,2,1
1997,Michigan International Speedway,intermediate,86,2,187.74418604651163,1.0,200.0,35,2
2012,Atlanta Motor Speedway,intermediate,43,1,277.0,22.0,327.0,19,1
2025,Phoenix Raceway,intermediate,75,2,287.2266666666667,98.0,319.0,51,2
1990,Richmond Raceway,intermediate,72,2,342.9861111111111,12.0,400.0,17,2
1959,Southern States Fairgrounds,short,89,3,142.51685393258427,1.0,200.0,10,3
1964,Daytona International Speedway,intermediate,126,4,74.68253968253968,0.0,200.0,20,4
1982,Darlington Raceway,intermediate,77,2,257.8181818181818,3.0,367.0,8,2
1982,Martinsville Speedway,short,62,2,324.14516129032256,14.0,500.0,4,2
2011,Texas Motor Speedway,intermediate,86,2,288.13953488372096,10.0,334.0,31,2
2010,Pocono Raceway,intermediate,86,2,169.17441860465115,11.0,204.0,52,2
1960,South Boston Speedway,short,15,1,131.0,22.0,150.0,1,1
1985,Riverside International Raceway,road course,83,2,85.02409638554217,3.0,119.0,17,2
2006,Indianapolis Motor Speedway,intermediate,43,1,150.5581395348837,3.0,160.0,35,1
1972,Texas World Speedway,intermediate,88,2,185.02272727272728,1.0,250.0,4,2
1950,Langhorne Speedway,intermediate,76,2,115.36666666666666,26.0,200.0,3,2
1999,Sonoma Raceway,road course,43,1,105.3953488372093,3.0,112.0,28,1
1963,Old Dominion Speedway,short,16,1,265.3125,97.0,300.0,1,1
2006,Darlington Raceway,intermediate,43,1,345.48837209302326,11.0,367.0,14,1
2022,Homestead-Miami Speedway,intermediate,36,1,262.6111111111111,160.0,267.0,23,1
1963,Hickory Speedway,short,47,2,156.5531914893617,1.0,250.0,2,1
1969,Columbia Speedway,short,48,2,136.0625,1.0,200.0,4,1
1954,Martinsville Speedway,short,68,2,133.1764705882353,9.0,200.0,3,2
2023,Homestead-Miami Speedway,intermediate,36,1,254.80555555555554,165.0,267.0,23,1
1998,Pocono Raceway,intermediate,86,2,177.97674418604652,5.0,200.0,39,2
1966,Dog Track Speedway,short,25,1,186.68,4.0,301.0,1,1
1995,Dover International Speedway,intermediate,82,2,411.5,2.0,500.0,11,2
2003,Richmond Raceway,intermediate,86,2,367.06976744186045,42.0,400.0,39,2
1977,Riverside International Raceway,road course,70,2,75.11428571428571,0.0,119.0,5,2
2002,Richmond Raceway,intermediate,86,2,349.30232558139534,8.0,400.0,23,2
1956,Darlington Raceway,intermediate,70,1,246.81428571428572,12.0,364.0,1,1
1963,Richmond Raceway,short,51,2,202.98039215686273,8.0,300.0,2,2
2009,Auto Club Speedway,intermediate,86,2,224.8953488372093,11.0,250.0,36,2
1971,Atlanta Motor Speedway,intermediate,80,2,235.75,7.0,328.0,4,2
2015,Texas Motor Speedway,intermediate,86,2,312.30232558139534,13.0,334.0,44,1
2014,New Hampshire Motor Speedway,intermediate,86,2,283.7906976744186,6.0,305.0,52,2
1960,Bowman Gray Stadium,short,50,3,159.92,1.0,200.0,5,1
2022,Richmond Raceway,intermediate,73,2,384.8767123287671,96.0,400.0,27,2
1951,Monroe County Fairgrounds,short,24,1,167.0,101.0,200.0,2,1
2000,Michigan International Speedway,intermediate,86,2,180.77906976744185,5.0,200.0,37,2
2019,Darlington Raceway,intermediate,39,1,353.12820512820514,194.0,367.0,12,1
1955,Speedway Park,short,19,1,138.47368421052633,9.0,200.0,3,1
2025,Texas Motor Speedway,intermediate,38,1,246.02631578947367,73.0,271.0,23,1
2021,Darlington Raceway,intermediate,74,2,298.6081081081081,5.0,367.0,24,2
1990,Dover International Speedway,intermediate,76,2,393.69736842105266,6.0,500.0,13,2
1965,Watkins Glen International,road course,20,1,39.0,0.0,66.0,2,1
2018,Richmond Raceway,intermediate,78,2,393.79487179487177,188.0,402.0,36,1
1954,Wilson Speedway,short,16,1,166.25,23.0,200.0,1,1
2017,Talladega Superspeedway,superspeedway,80,2,169.6875,16.0,191.0,36,2
2011,Daytona International Speedway,intermediate,86,2,157.56976744186048,1.0,208.0,45,2
2010,Chicagoland Speedway,intermediate,43,1,232.58139534883722,20.0,267.0,17,1
1990,Darlington Raceway,intermediate,80,2,276.225,9.0,367.0,17,1
2009,Pocono Raceway,intermediate,86,2,175.25581395348837,13.0,200.0,59,2
1968,Riverside International Raceway,road course,44,1,84.52272727272727,0.0,186.0,3,1
1996,Talladega Superspeedway,superspeedway,85,2,140.8235294117647,16.0,188.0,32,2
1970,South Boston Speedway,short,24,1,188.58333333333334,3.0,281.0,2,1
1969,Bristol Motor Speedway,short,62,2,291.8709677419355,2.0,500.0,2,2
1953,Martinsville Speedway,short,61,2,137.34375,0.0,200.0,4,2
1983,Talladega Superspeedway,superspeedway,81,2,121.8641975308642,1.0,188.0,13,2
1970,Riverside International Raceway,road course,84,2,95.8452380952381,1.0,193.0,4,2
1987,Richmond Raceway,speedway,62,2,313.8225806451613,12.0,400.0,10,1
1957,Capitol Speedway,short,31,1,135.16129032258064,23.0,199.0,1,1
1951,Thompson Speedway,short,38,1,165.33333333333334,97.0,200.0,1,1
1986,Charlotte Motor Speedway,intermediate,83,2,288.65060240963857,5.0,400.0,8,1
1982,Talladega Superspeedway,superspeedway,80,2,132.15,1.0,188.0,15,1
2001,Watkins Glen International,road course,43,1,83.79069767441861,14.0,90.0,29,1
1992,Daytona International Speedway,intermediate,82,2,151.609756097561,7.0,200.0,17,2
2020,Charlotte Motor Speedway Road Course,road course,38,1,107.07894736842105,57.0,109.0,32,1
2019,Kansas Speedway,intermediate,80,2,263.2125,72.0,277.0,35,2
2017,Watkins Glen International,road course,37,1,87.21621621621621,22.0,90.0,29,1
1992,Charlotte Motor Speedway,intermediate,82,2,302.2926829268293,8.0,400.0,15,2
1963,Occoneechee Speedway,intermediate,47,2,100.80851063829788,4.0,167.0,4,2
1987,Martinsville Speedway,short,62,2,379.48387096774195,21.0,500.0,7,2
1955,Fonda Speedway,short,19,1,127.78947368421052,15.0,200.0,1,1
1989,Martinsville Speedway,short,64,2,429.984375,44.0,500.0,10,1
1993,Charlotte Motor Speedway,intermediate,83,2,324.5301204819277,5.0,400.0,15,2
2010,Martinsville Speedway,short,86,2,442.6860465116279,19.0,508.0,35,1
2019,Auto Club Speedway,intermediate,38,1,195.23684210526315,130.0,200.0,21,1
2010,Sonoma Raceway,road course,43,1,103.34883720930233,65.0,110.0,32,1
1987,Riverside International Raceway,road course,83,2,85.51807228915662,5.0,119.0,22,2
1957,Piedmont Interstate Fairgrounds,short,42,2,147.73809523809524,0.0,200.0,7,2
2009,Talladega Superspeedway,superspeedway,86,2,165.37209302325581,4.0,191.0,49,2
1964,North Wilkesboro Speedway,intermediate,63,2,243.14285714285714,0.0,400.0,4,2
1980,North Wilkesboro Speedway,intermediate,61,2,310.327868852459,2.0,400.0,4,2
1993,Richmond Raceway,intermediate,72,2,354.77777777777777,54.0,400.0,19,2
2014,Michigan International Speedway,intermediate,86,2,190.2093023255814,23.0,200.0,38,2
1991,Pocono Raceway,intermediate,77,2,150.71428571428572,2.0,200.0,27,2
1965,Old Dominion Speedway,short,54,2,302.44444444444446,11.0,400.0,3,2
1952,Dayton Speedway,short,45,2,202.24444444444444,1.0,300.0,3,1
2022,Daytona International Speedway,intermediate,77,2,158.57142857142858,14.0,201.0,25,2
2024,Charlotte Motor Speedway Road Course,road course,38,1,100.05263157894737,3.0,109.0,30,1
1949,Heidelberg Raceway,short,23,1,136.0,0.0,200.0,1,1
1991,Darlington Raceway,intermediate,78,2,303.3974358974359,10.0,367.0,6,2
2022,Martinsville Speedway,short,72,2,434.3611111111111,132.0,500.0,37,2
1990,Atlanta Motor Speedway,intermediate,81,2,276.7037037037037,4.0,328.0,11,2
1996,North Wilkesboro Speedway,intermediate,74,2,394.68918918918916,355.0,400.0,16,2
1956,Bay Meadows Race Track,intermediate,37,1,182.48648648648648,9.0,241.0,2,1
2008,Pocono Raceway,intermediate,86,2,191.1627906976744,24.0,200.0,62,2
1975,Ontario Motor Speedway,intermediate,40,1,117.725,2.0,200.0,3,1
1956,Lincoln Speedway,short,17,1,132.11764705882354,34.0,200.0,3,1
1960,Martinsville Speedway,short,69,2,347.8550724637681,0.0,500.0,4,2
1959,Bowman Gray Stadium,short,72,3,166.5,11.0,200.0,7,2
2003,Phoenix Raceway,intermediate,43,1,285.7906976744186,32.0,312.0,29,1
1979,Rockingham Speedway,intermediate,72,2,327.31944444444446,1.0,492.0,4,2
1962,Greenville-Pickens Speedway,short,40,2,134.7,15.0,200.0,4,2
1966,Old Dominion Speedway,short,24,1,246.54166666666666,28.0,400.0,1,1
1955,North Carolina State Fairgrounds,short,27,1,124.11111111111111,0.0,172.0,1,1
2022,Sonoma Raceway,road course,36,1,106.52777777777777,9.0,110.0,31,1
1989,Michigan International Speedway,intermediate,80,2,177.825,2.0,200.0,19,2
2006,New Hampshire Motor Speedway,intermediate,86,2,285.5581395348837,2.0,308.0,46,2
1968,North Wilkesboro Speedway,intermediate,65,2,280.96923076923076,1.0,400.0,2,2
1979,Charlotte Motor Speedway,intermediate,81,2,258.95061728395063,0.0,400.0,4,2
2019,Pocono Raceway,intermediate,75,2,153.08,28.0,163.0,46,2
1988,Phoenix Raceway,intermediate,43,1,254.2093023255814,13.0,312.0,5,1
2013,Pocono Raceway,intermediate,86,2,137.54651162790697,8.0,160.0,57,2
1966,Smokey Mountain Raceway,short,55,2,145.74545454545455,6.0,200.0,3,2
1992,North Wilkesboro Speedway,intermediate,64,2,383.484375,35.0,400.0,15,2
1962,Savannah Speedway,short,37,2,154.9189189189189,6.0,200.0,5,2
2007,Homestead-Miami Speedway,intermediate,43,1,253.8372093023256,73.0,267.0,16,1
2015,Kansas Speedway,intermediate,86,2,256.54651162790697,125.0,269.0,33,2
1951,Arizona State Fairgrounds,intermediate,30,1,74.33333333333333,2.0,150.0,1,1
2012,New Hampshire Motor Speedway,intermediate,86,2,245.8953488372093,4.0,301.0,38,2
2020,Indianapolis Motor Speedway,intermediate,40,1,130.0,14.0,161.0,19,1
1957,Santa Clara Fairgrounds,short,22,1,92.4090909090909,21.0,116.0,2,1
1985,Charlotte Motor Speedway,intermediate,84,2,266.76190476190476,8.0,400.0,6,2
2024,Michigan International Speedway,intermediate,36,1,192.16666666666666,114.0,206.0,24,1
2025,Atlanta Motor Speedway,intermediate,39,1,245.3846153846154,149.0,266.0,24,1
2001,Richmond Raceway,intermediate,86,2,366.33720930232556,99.0,400.0,32,2
1973,Talladega Superspeedway,superspeedway,110,2,104.68181818181819,1.0,188.0,4,2
1957,Newberry Speedway,short,23,1,165.2173913043478,74.0,200.0,1,1
2002,Martinsville Speedway,short,86,2,476.24418604651163,9.0,500.0,34,2
1956,Monroe County Fairgrounds,short,21,1,135.28571428571428,25.0,200.0,1,1
1964,Savannah Speedway,short,48,3,141.875,0.0,200.0,3,3
1963,South Boston Speedway,short,38,2,279.57894736842104,0.0,400.0,2,1
1961,Piedmont Interstate Fairgrounds,short,39,2,129.28205128205127,1.0,200.0,2,2
1963,North Wilkesboro Speedway,intermediate,59,2,248.05084745762713,4.0,400.0,3,2
2017,Bristol Motor Speedway,short,79,2,466.0632911392405,53.0,500.0,30,2
1953,Louisiana Fairgrounds,short,19,1,200.0,200.0,200.0,1,1
1971,Charlotte Motor Speedway,intermediate,82,2,236.9512195121951,10.0,400.0,7,1
1986,North Wilkesboro Speedway,intermediate,60,2,347.71666666666664,9.0,400.0,14,2
1953,Raleigh Speedway,intermediate,49,1,219.10204081632654,9.0,300.0,1,1
2013,Sonoma Raceway,road course,43,1,100.46511627906976,0.0,110.0,34,1
1950,Martinsville Speedway,short,46,2,127.23913043478261,14.0,200.0,2,2
1979,Richmond Raceway,speedway,56,2,339.73214285714283,2.0,400.0,4,2
1964,Martinsville Speedway,short,78,2,309.1794871794872,0.0,500.0,4,1
2015,Darlington Raceway,intermediate,43,1,342.93023255813955,5.0,367.0,28,1
1956,Langhorne Speedway,intermediate,85,2,132.0705882352941,2.0,300.0,2,2
1967,New Asheville Speedway,short,18,1,183.22222222222223,5.0,300.0,2,1
2003,Daytona International Speedway,intermediate,86,2,127.25581395348837,56.0,160.0,56,2
1967,Beltsville Speedway,short,46,2,167.58695652173913,1.0,300.0,4,2
1965,Beltsville Speedway,short,21,1,98.33333333333333,0.0,200.0,1,1
2006,Auto Club Speedway,intermediate,86,2,247.41860465116278,193.0,251.0,37,2
2021,Atlanta Motor Speedway,intermediate,76,2,284.8157894736842,113.0,325.0,32,2
1953,Wilson Speedway,short,39,2,200.0,200.0,200.0,2,2
1965,North Wilkesboro Speedway,intermediate,69,2,246.4927536231884,5.0,400.0,3,1
1984,Rockingham Speedway,intermediate,76,2,363.2368421052632,0.0,492.0,7,2
1955,Montgomery Motor Speedway,short,39,2,152.71794871794873,0.0,200.0,2,1
1953,Rapid Valley Speedway,short,15,1,117.0,34.0,200.0,1,1
1995,Phoenix Raceway,intermediate,44,1,277.04545454545456,19.0,312.0,17,1
2009,Martinsville Speedway,short,86,2,437.4767441860465,3.0,501.0,39,2
2003,Homestead-Miami Speedway,intermediate,43,1,229.13953488372093,28.0,267.0,21,1
2025,Las Vegas Motor Speedway,intermediate,74,2,257.7837837837838,70.0,267.0,51,2
2003,Atlanta Motor Speedway,intermediate,86,2,289.22093023255815,18.0,325.0,23,2
1955,Forsyth County Fairgrounds,short,45,2,138.82222222222222,10.0,200.0,4,1
1961,Richmond Raceway,short,12,1,166.5,123.0,200.0,1,1
2001,Bristol Motor Speedway,short,86,2,432.6860465116279,67.0,500.0,40,2
1962,Martinsville Speedway,short,69,2,333.768115942029,1.0,500.0,3,2
1994,New Hampshire Motor Speedway,intermediate,42,1,270.1904761904762,100.0,300.0,18,1
1954,Linden Airport,road course,43,1,38.83720930232558,6.0,50.0,2,1
1974,Pocono Raceway,intermediate,35,1,127.14285714285714,2.0,192.0,4,1
1969,Texas World Speedway,intermediate,38,1,159.60526315789474,2.0,250.0,1,1
1971,Charlotte Speedway,speedway,30,1,321.5,2.0,500.0,1,1
1956,Portland Speedway,short,79,4,175.26582278481013,6.0,250.0,9,4
1998,Atlanta Motor Speedway,intermediate,86,2,251.0,12.0,325.0,40,2
2018,Martinsville Speedway,short,78,2,483.6666666666667,211.0,500.0,34,2
1964,Lincoln Speedway,short,21,1,113.04761904761905,2.0,200.0,2,1
1985,Michigan International Speedway,intermediate,77,2,164.2207792207792,1.0,200.0,10,1
2008,Martinsville Speedway,short,86,2,483.9418604651163,115.0,504.0,30,2
1951,Carrell Speedway,short,71,3,139.125,2.0,200.0,4,3
2022,Charlotte Motor Speedway Road Course,road course,39,1,107.92307692307692,17.0,112.0,27,1
1995,Watkins Glen International,road course,40,1,78.2,20.0,90.0,18,1
1968,Beltsville Speedway,short,46,2,204.2826086956522,3.0,300.0,3,2
1968,Columbia Speedway,short,47,2,150.36170212765958,42.0,200.0,5,2
1949,Daytona Beach & Road Course,road course,28,1,40.0,40.0,40.0,5,1
1967,Birmingham International Raceway,intermediate,18,1,146.16666666666666,122.0,160.0,3,1
1956,Oklahoma State Fairgrounds,short,12,1,154.58333333333334,10.0,200.0,2,1
2017,Kansas Speedway,intermediate,80,2,247.6,35.0,267.0,47,1
2002,Dover International Speedway,intermediate,86,2,366.8837209302326,26.0,400.0,25,1
2017,Martinsville Speedway,short,78,2,473.87179487179486,94.0,505.0,43,2
1997,Bristol Motor Speedway,short,85,2,442.81176470588235,91.0,500.0,23,2
1953,Lincoln City Fairgrounds,short,18,1,200.0,200.0,200.0,2,1
2022,Watkins Glen International,road course,39,1,84.2051282051282,15.0,90.0,31,1
2007,Bristol Motor Speedway,short,86,2,471.72093023255815,21.0,504.0,35,2
1962,Concord Speedway,short,66,3,104.43939393939394,1.0,200.0,6,2
1994,Phoenix Raceway,intermediate,43,1,269.3255813953488,31.0,312.0,3,1
1963,Bowman Gray Stadium,short,57,3,141.59649122807016,1.0,200.0,4,3
1971,Islip Speedway,short,33,1,120.0909090909091,0.0,230.0,1,1
1959,Ascot Stadium,short,33,1,338.75757575757575,36.0,487.0,2,1
1969,Greenville-Pickens Speedway,short,49,2,144.28571428571428,1.0,200.0,4,1
1989,Richmond Raceway,intermediate,72,2,300.9861111111111,1.0,400.0,7,1
1969,North Carolina State Fairgrounds,short,24,1,104.75,2.0,200.0,1,1
1981,Riverside International Raceway,road course,112,3,80.16964285714286,0.0,119.0,21,2
1987,Atlanta Motor Speedway,intermediate,83,2,240.97590361445782,3.0,328.0,8,2
1963,Augusta International Speedway,short,15,1,101.26666666666667,71.0,112.0,2,1
2002,Watkins Glen International,road course,43,1,84.4186046511628,35.0,90.0,31,1
2018,Kentucky Speedway,intermediate,39,1,257.0769230769231,108.0,267.0,21,1
1965,Piedmont Interstate Fairgrounds,short,34,2,118.6470588235294,2.0,200.0,2,1
1965,Old Bridge Stadium,short,20,1,156.05,18.0,200.0,1,1
1971,Greenville-Pickens Speedway,short,55,2,136.56363636363636,1.0,200.0,2,2
1980,Bristol Motor Speedway,short,62,2,410.5967741935484,2.0,500.0,6,2
2000,Martinsville Speedway,short,86,2,465.30232558139534,61.0,500.0,29,2
1987,Charlotte Motor Speedway,intermediate,84,2,241.21428571428572,19.0,400.0,4,2
2011,Chicagoland Speedway,intermediate,43,1,237.09302325581396,25.0,267.0,20,1
1990,Watkins Glen International,road course,40,1,73.275,14.0,90.0,15,1
1958,Buffalo Civic Stadium,short,19,1,88.78947368421052,4.0,100.0,3,1
1963,Charlotte Motor Speedway,intermediate,84,2,214.85714285714286,2.0,400.0,5,2
1980,Michigan International Speedway,intermediate,74,2,168.85135135135135,4.0,200.0,10,2
1958,Reading Fairgrounds,short,30,1,139.96666666666667,11.0,200.0,2,1
2019,Michigan International Speedway,intermediate,74,2,195.66216216216216,69.0,203.0,49,2
1959,Darlington Raceway,intermediate,50,1,215.92,2.0,364.0,1,1
2018,Charlotte Motor Speedway,intermediate,40,1,368.275,83.0,400.0,9,1
2021,Bristol Motor Speedway,short,38,1,465.5,177.0,500.0,19,1
1950,Vernon Fairgrounds,short,52,2,199.2,198.0,200.0,3,2
1996,Dover International Speedway,intermediate,83,2,437.3614457831325,3.0,500.0,16,1
2023,Martinsville Speedway,short,72,2,434.30555555555554,147.0,500.0,36,2
1995,North Wilkesboro Speedway,intermediate,72,2,391.15277777777777,226.0,400.0,12,2
1985,Richmond Raceway,speedway,60,2,336.81666666666666,7.0,400.0,10,2
2004,Richmond Raceway,intermediate,86,2,354.6046511627907,9.0,400.0,23,2
1998,Indianapolis Motor Speedway,intermediate,43,1,148.37209302325581,65.0,160.0,24,1
1957,Darlington Raceway,intermediate,50,1,205.44,3.0,364.0,1,1
1965,Rockingham Speedway,intermediate,43,1,285.83720930232556,0.0,500.0,2,1
1961,Marchbanks Speedway,intermediate,36,1,112.61111111111111,6.0,178.0,1,1
2006,Bristol Motor Speedway,short,86,2,465.06976744186045,7.0,500.0,35,2
1958,Martinsville Speedway,short,87,2,298.735632183908,0.0,500.0,4,2
1954,Southern States Fairgrounds,short,47,2,142.7872340425532,4.0,200.0,2,2
1956,Arizona State Fairgrounds,intermediate,30,1,118.6,33.0,150.0,3,1
1951,Pine Grove Speedway,short,20,1,200.0,200.0,200.0,1,1
1977,Rockingham Speedway,intermediate,72,2,336.8333333333333,21.0,492.0,5,2
1952,Hayloft Speedway,short,14,1,125.42857142857143,11.0,154.0,2,1
2014,Martinsville Speedway,short,86,2,471.7674418604651,25.0,500.0,47,2
1979,Pocono Raceway,intermediate,39,1,144.3846153846154,1.0,200.0,8,1
2005,New Hampshire Motor Speedway,intermediate,86,2,269.30232558139534,8.0,300.0,40,2
2004,Atlanta Motor Speedway,intermediate,86,2,288.59302325581393,6.0,325.0,20,2
1950,Canfield Fairgrounds,short,29,1,139.68965517241378,0.0,200.0,1,1
1960,Arizona State Fairgrounds,intermediate,19,1,71.10526315789474,1.0,100.0,2,1
1962,Huntsville Speedway,short,16,1,161.9375,2.0,200.0,1,1
1951,Ft. Miami Speedway,short,33,1,113.0,28.0,200.0,1,1
1957,Lancaster Speedway,short,36,2,156.22222222222223,3.0,200.0,4,2
2005,Atlanta Motor Speedway,intermediate,86,2,289.5348837209302,0.0,325.0,33,1
1968,Daytona International Speedway,intermediate,87,2,117.67816091954023,0.0,200.0,5,1
1965,Bowman Gray Stadium,short,41,2,142.70731707317074,0.0,250.0,2,1
1966,Rockingham Speedway,intermediate,88,2,294.57954545454544,0.0,500.0,3,2
2018,Auto Club Speedway,intermediate,37,1,195.64864864864865,108.0,200.0,10,1
2016,Dover International Speedway,intermediate,80,2,371.725,116.0,400.0,20,2
2000,Auto Club Speedway,intermediate,43,1,238.72093023255815,94.0,250.0,20,1
1963,Bridgehampton Race Circuit,road course,17,1,32.64705882352941,24.0,35.0,7,1
1953,Powell Motor Speedway,short,27,1,125.03703703703704,7.0,200.0,2,1
1954,Grand River Speedrome,short,25,1,138.48,34.0,200.0,2,1
1969,Middle Georgia Raceway,speedway,29,1,346.48275862068965,64.0,500.0,3,1
1977,Michigan International Speedway,intermediate,72,2,154.90277777777777,1.0,200.0,9,2
1972,Bristol Motor Speedway,short,60,2,338.03333333333336,16.0,500.0,2,1
2024,Las Vegas Motor Speedway,intermediate,74,2,252.54054054054055,27.0,267.0,52,2
1952,Asheville-Weaverville Speedway,short,19,1,141.73684210526315,1.0,200.0,1,1
1965,Valdosta 75 Speedway,short,21,1,131.76190476190476,1.0,200.0,1,1
2024,Daytona International Speedway,intermediate,80,2,163.3625,5.0,200.0,40,2
2014,Chicagoland Speedway,intermediate,43,1,254.95348837209303,13.0,267.0,19,1
2004,Texas Motor Speedway,intermediate,43,1,294.8139534883721,5.0,334.0,11,1
2011,Kentucky Speedway,intermediate,43,1,227.65116279069767,17.0,267.0,23,1
2015,Auto Club Speedway,intermediate,43,1,207.06976744186048,155.0,209.0,32,1
1959,Concord Speedway,short,53,2,184.96226415094338,2.0,300.0,2,2
1986,Atlanta Motor Speedway,intermediate,84,2,267.67857142857144,33.0,328.0,8,2
1958,Daytona Beach & Road Course,road course,49,1,26.040816326530614,0.0,39.0,4,1
1997,Martinsville Speedway,short,84,2,463.7142857142857,145.0,500.0,30,2
1957,Columbia Speedway,short,40,2,146.025,0.0,200.0,4,2
1998,Las Vegas Motor Speedway,intermediate,43,1,257.8139534883721,150.0,267.0,10,1
2016,Atlanta Motor Speedway,intermediate,39,1,326.53846153846155,312.0,330.0,12,1
1999,Atlanta Motor Speedway,intermediate,86,2,287.9651162790698,42.0,325.0,24,2
1976,Dover International Speedway,intermediate,76,2,368.5921052631579,2.0,500.0,4,2
1956,Raleigh Speedway,intermediate,36,1,167.47222222222223,9.0,250.0,1,1
2000,Texas Motor Speedway,intermediate,43,1,299.1162790697674,110.0,334.0,14,1
2004,New Hampshire Motor Speedway,intermediate,86,2,267.3953488372093,17.0,300.0,45,1
2021,Homestead-Miami Speedway,intermediate,38,1,250.92105263157896,21.0,267.0,25,1
1990,Phoenix Raceway,intermediate,43,1,266.25581395348837,47.0,312.0,13,1
2016,Chicagoland Speedway,intermediate,40,1,267.55,254.0,270.0,17,1
2025,Sonoma Raceway,road course,37,1,109.48648648648648,99.0,110.0,33,1
1954,Carrell Speedway,intermediate,32,1,371.1875,11.0,496.0,1,1
1956,Concord Speedway,short,30,1,130.23333333333332,17.0,200.0,2,1
1976,Darlington Raceway,intermediate,76,2,258.9605263157895,3.0,367.0,6,1
1951,Marchbanks Speedway,short,24,1,200.0,200.0,200.0,1,1
2005,Indianapolis Motor Speedway,intermediate,43,1,150.2325581395349,62.0,160.0,31,1
2008,Indianapolis Motor Speedway,intermediate,43,1,153.41860465116278,91.0,160.0,36,1
2014,Sonoma Raceway,road course,43,1,106.11627906976744,29.0,110.0,30,1
1960,Charlotte Motor Speedway,intermediate,110,2,194.4909090909091,0.0,400.0,2,2
1957,Concord Speedway,short,71,3,138.45070422535213,6.0,200.0,8,3
1956,Richmond Raceway,short,24,1,141.375,2.0,200.0,1,1
1956,California State Fairgrounds,intermediate,21,1,79.38095238095238,0.0,100.0,4,1
2014,Las Vegas Motor Speedway,intermediate,43,1,259.5348837209302,141.0,267.0,18,1
2012,Michigan International Speedway,intermediate,86,2,157.69767441860466,7.0,201.0,34,2
2009,Richmond Raceway,intermediate,86,2,362.36046511627904,8.0,400.0,53,2
1951,Darlington Raceway,intermediate,82,1,293.6341463414634,12.0,400.0,1,1
1966,Riverside International Raceway,road course,44,1,104.6590909090909,1.0,185.0,2,1
1969,Trenton Speedway,intermediate,37,1,114.97297297297297,1.0,200.0,1,1
1963,Daytona International Speedway,intermediate,147,4,78.7687074829932,1.0,200.0,17,4
1983,Martinsville Speedway,short,61,2,387.344262295082,3.0,500.0,8,2
1958,McCormick Field,short,15,1,127.06666666666666,16.0,150.0,3,1
1971,Texas World Speedway,intermediate,49,1,154.6734693877551,1.0,250.0,2,1
2016,Pocono Raceway,intermediate,80,2,139.4625,29.0,160.0,52,2
1966,Augusta International Speedway,short,30,1,234.4,14.0,300.0,3,1
2006,Talladega Superspeedway,superspeedway,86,2,161.30232558139534,8.0,188.0,44,2
1976,Bristol Motor Speedway,short,60,2,281.1166666666667,5.0,400.0,2,1
1974,Ontario Motor Speedway,intermediate,40,1,130.625,2.0,200.0,3,1
2017,Homestead-Miami Speedway,intermediate,39,1,244.30769230769232,4.0,267.0,12,1
1964,Valdosta 75 Speedway,short,23,1,139.91304347826087,8.0,200.0,2,1
2022,Darlington Raceway,intermediate,72,2,303.7638888888889,112.0,367.0,38,2
1982,Bristol Motor Speedway,short,60,2,399.3833333333333,2.0,500.0,6,1
2021,Las Vegas Motor Speedway,intermediate,76,2,257.25,76.0,267.0,26,2
2009,Daytona International Speedway,intermediate,86,2,143.51162790697674,2.0,160.0,59,2
1974,Charlotte Motor Speedway,intermediate,82,2,237.82926829268294,2.0,400.0,6,1
1957,Lincoln Speedway,short,32,1,134.75,23.0,200.0,2,1
1968,Langley Field Speedway,short,44,2,190.8409090909091,1.0,250.0,4,1
1977,North Wilkesboro Speedway,intermediate,55,2,327.41818181818184,2.0,400.0,5,2
1963,Columbia Speedway,short,46,2,145.34782608695653,5.0,200.0,9,1
1957,Redwood Speedway,short,15,1,120.4,27.0,153.0,1,1
1994,Indianapolis Motor Speedway,intermediate,43,1,146.69767441860466,9.0,160.0,16,1
2011,Charlotte Motor Speedway,intermediate,86,2,308.9186046511628,6.0,402.0,34,2
1954,Memphis-Arkansas Speedway,intermediate,52,1,103.88461538461539,1.0,167.0,1,1
1993,Bristol Motor Speedway,short,69,2,400.92753623188406,27.0,500.0,14,2
1991,Martinsville Speedway,short,64,2,452.0625,12.0,500.0,14,2
1970,Bristol Motor Speedway,short,60,2,248.05,1.0,500.0,2,2
1989,Darlington Raceway,intermediate,80,2,309.2875,13.0,367.0,14,2
2015,Chicagoland Speedway,intermediate,43,1,261.2325581395349,198.0,267.0,15,1
2016,Darlington Raceway,intermediate,40,1,345.075,161.0,367.0,18,1
2025,Homestead-Miami Speedway,intermediate,37,1,262.72972972972974,184.0,267.0,25,1
1954,Morristown Speedway,short,35,1,133.25714285714287,6.0,200.0,1,1
2019,Phoenix Raceway,intermediate,75,2,298.73333333333335,157.0,312.0,31,2
2022,Bristol Motor Speedway,short,36,1,445.22222222222223,198.0,500.0,12,1
2026,,speedway,1,1,,,,0,0
1950,Charlotte Speedway,intermediate,51,2,126.37037037037037,0.0,200.0,3,2
2002,Daytona International Speedway,intermediate,86,2,160.5581395348837,2.0,200.0,35,2
1992,Watkins Glen International,road course,39,1,46.05128205128205,1.0,51.0,26,1
1961,Charlotte Motor Speedway,intermediate,117,3,196.0854700854701,1.0,400.0,6,2
2014,Charlotte Motor Speedway,intermediate,86,2,345.83720930232556,94.0,400.0,32,2
2009,Phoenix Raceway,intermediate,86,2,279.7674418604651,6.0,312.0,33,2
1959,Trenton Speedway,intermediate,18,1,109.11111111111111,25.0,150.0,2,1
1959,Lakewood Speedway,intermediate,61,2,87.93442622950819,1.0,150.0,5,2
1988,Bristol Motor Speedway,short,64,2,373.28125,1.0,500.0,5,2
2004,Martinsville Speedway,short,86,2,432.4767441860465,1.0,500.0,45,2
1964,Concord Speedway,short,46,2,138.91304347826087,0.0,250.0,4,2
1961,Norwood Arena,short,18,1,312.6111111111111,2.0,500.0,2,1
1962,Asheville-Weaverville Speedway,short,73,3,213.4794520547945,8.0,500.0,8,3
1969,Smokey Mountain Raceway,short,46,2,168.02173913043478,0.0,300.0,3,2
1981,Michigan International Speedway,intermediate,73,2,161.41095890410958,3.0,200.0,20,2
1971,Columbia Speedway,short,56,2,132.30357142857142,0.0,200.0,6,1
1969,Nashville Speedway,short,24,1,202.5,5.0,400.0,2,1
2008,Michigan International Speedway,intermediate,86,2,191.13953488372093,17.0,203.0,40,2
1980,Texas World Speedway,intermediate,31,1,160.1290322580645,13.0,200.0,1,1
2013,Las Vegas Motor Speedway,intermediate,43,1,249.13953488372093,21.0,267.0,19,1
1958,Darlington Raceway,intermediate,48,1,232.20833333333334,1.0,364.0,1,1
1965,Martinsville Speedway,short,73,2,303.43835616438355,1.0,500.0,3,2
2025,Darlington Raceway,intermediate,76,2,319.7894736842105,30.0,367.0,54,2
1983,Rockingham Speedway,intermediate,71,2,346.2112676056338,10.0,492.0,5,2
1955,Langhorne Speedway,intermediate,74,2,123.13513513513513,3.0,250.0,5,1
1967,North Wilkesboro Speedway,intermediate,69,2,250.55072463768116,1.0,400.0,2,2
1959,North Wilkesboro Speedway,intermediate,49,2,122.22448979591837,9.0,160.0,5,1
1998,Richmond Raceway,intermediate,86,2,369.83720930232556,33.0,400.0,23,2
1976,Ontario Motor Speedway,intermediate,40,1,147.025,10.0,200.0,1,1
1991,Rockingham Speedway,intermediate,80,2,397.05,6.0,492.0,6,2
1955,Daytona Beach & Road Course,road course,48,1,30.020833333333332,2.0,39.0,7,1
1958,Southern States Fairgrounds,short,46,2,130.7826086956522,2.0,200.0,2,2
1958,North Wilkesboro Speedway,intermediate,48,2,134.64583333333334,26.0,160.0,4,1
1984,Daytona International Speedway,intermediate,84,2,133.91666666666666,0.0,200.0,12,2
1994,Atlanta Motor Speedway,intermediate,85,2,273.5529411764706,5.0,328.0,10,2
1972,Daytona International Speedway,intermediate,80,2,110.225,4.0,200.0,4,2
1960,California State Fairgrounds,intermediate,23,1,63.73913043478261,1.0,100.0,2,1
1971,Kingsport Speedway,short,25,1,194.88,1.0,300.0,1,1
1992,Rockingham Speedway,intermediate,80,2,407.6875,4.0,492.0,5,2
1984,Riverside International Raceway,road course,81,2,85.1358024691358,6.0,119.0,19,2
1957,Tennessee-Carolina Speedway,short,17,1,165.88235294117646,18.0,200.0,3,1
1975,Dover International Speedway,intermediate,72,2,351.625,8.0,500.0,4,2
1962,Occoneechee Speedway,intermediate,21,1,88.47619047619048,0.0,110.0,4,1
1951,Dayton Speedway,short,60,2,199.75,199.0,200.0,3,2
2000,Darlington Raceway,intermediate,86,2,279.95348837209303,15.0,328.0,27,2
1957,Raleigh Speedway,intermediate,53,1,198.1509433962264,3.0,250.0,2,1
2011,Auto Club Speedway,intermediate,43,1,181.65116279069767,32.0,200.0,25,1
1999,Darlington Raceway,intermediate,86,2,198.88372093023256,48.0,270.0,29,1
1967,Augusta International Speedway,short,25,1,191.24,7.0,300.0,1,1
2023,Las Vegas Motor Speedway,intermediate,72,2,262.9583333333333,110.0,271.0,44,2
2005,Pocono Raceway,intermediate,86,2,182.48837209302326,5.0,203.0,47,2
2024,Chicago Street Course,road course,40,1,56.15,24.0,58.0,34,1
1953,Morristown Speedway,short,23,1,199.0,198.0,200.0,1,1
2021,Phoenix Raceway,intermediate,77,2,284.83116883116884,5.0,312.0,48,2
2017,Indianapolis Motor Speedway,intermediate,40,1,144.375,9.0,167.0,16,1
1958,Birmingham International Raceway,short,18,1,147.22222222222223,11.0,200.0,2,1
1996,Bristol Motor Speedway,short,76,2,383.5657894736842,29.0,500.0,16,2
2017,Sonoma Raceway,road course,38,1,106.44736842105263,30.0,110.0,23,1
1958,Occoneechee Speedway,intermediate,51,2,78.90196078431373,0.0,110.0,6,2
1971,Meyer Speedway,short,14,1,239.71428571428572,58.0,300.0,1,1
1999,Texas Motor Speedway,intermediate,43,1,294.27906976744185,68.0,334.0,11,1
1963,Atlanta Motor Speedway,intermediate,82,2,210.97560975609755,2.0,334.0,4,2
1958,Asheville-Weaverville Speedway,short,63,2,265.93650793650795,28.0,500.0,2,2
1969,Michigan International Speedway,intermediate,82,2,148.40243902439025,1.0,250.0,12,2
1972,Rockingham Speedway,intermediate,80,2,345.5,1.0,492.0,2,2
2009,Kansas Speedway,intermediate,43,1,235.0,6.0,267.0,18,1
2004,Bristol Motor Speedway,short,86,2,411.3720930232558,4.0,500.0,28,2
2023,Pocono Raceway,intermediate,36,1,151.69444444444446,37.0,160.0,30,1
1954,Bay Meadows Race Track,intermediate,41,1,202.8780487804878,39.0,250.0,2,1
1965,Asheville-Weaverville Speedway,short,48,2,235.8125,1.0,500.0,3,2
1961,Bristol Motor Speedway,short,80,2,329.9625,3.0,500.0,4,2
1998,Martinsville Speedway,short,86,2,461.0813953488372,71.0,500.0,13,2
1997,Pocono Raceway,intermediate,84,2,185.29761904761904,0.0,200.0,38,2
1956,Piedmont Interstate Fairgrounds,short,36,2,134.58333333333334,10.0,200.0,3,2
2011,Phoenix Raceway,intermediate,86,2,253.7906976744186,20.0,312.0,26,2
1969,Montgomery Motor Speedway,short,22,1,159.36363636363637,10.0,200.0,2,1
2021,Charlotte Motor Speedway Road Course,road course,39,1,102.71794871794872,19.0,109.0,31,1
1952,Central City Speedway,short,55,2,165.3272727272727,11.0,300.0,5,2
1962,Daytona International Speedway,intermediate,131,4,73.0381679389313,1.0,200.0,14,2
2018,Charlotte Motor Speedway Road Course,road course,40,1,103.225,11.0,109.0,26,1
1962,Chattanooga International Raceway,short,21,1,165.47619047619048,36.0,200.0,2,1
1961,Darlington Raceway,intermediate,75,2,195.44,2.0,364.0,4,2
1963,Savannah Speedway,short,15,1,170.86666666666667,38.0,200.0,2,1
1968,Richmond Raceway,intermediate,28,1,221.92857142857142,12.0,300.0,2,1
1977,Daytona International Speedway,intermediate,83,2,125.32530120481928,3.0,200.0,9,2
2020,Texas Motor Speedway,intermediate,80,2,309.45,20.0,334.0,33,2
2011,Indianapolis Motor Speedway,intermediate,43,1,133.51162790697674,5.0,160.0,31,1
2020,Martinsville Speedway,short,78,2,471.35897435897436,100.0,500.0,31,2
2014,Atlanta Motor Speedway,intermediate,43,1,313.72093023255815,23.0,335.0,19,1
2020,Kansas Speedway,intermediate,80,2,245.9375,58.0,267.0,41,2
1955,Columbia Speedway,short,59,3,159.23728813559322,14.0,200.0,7,3
1997,New Hampshire Motor Speedway,intermediate,85,2,290.1411764705882,55.0,300.0,33,2
1998,Watkins Glen International,road course,43,1,87.55813953488372,47.0,90.0,26,1
2000,Indianapolis Motor Speedway,intermediate,43,1,149.8139534883721,15.0,160.0,14,1
1958,Gastonia Fairgrounds,short,19,1,153.47368421052633,1.0,200.0,3,1
1959,Reading Fairgrounds,short,25,1,133.76,22.0,200.0,1,1
1955,Asheville-Weaverville Speedway,short,18,1,141.16666666666666,3.0,200.0,1,1
2016,Michigan International Speedway,intermediate,80,2,190.2,52.0,200.0,46,2
2010,Auto Club Speedway,intermediate,86,2,191.87209302325581,23.0,250.0,53,2
2023,Charlotte Motor Speedway,intermediate,37,1,365.86486486486484,115.0,400.0,25,1
1972,Atlanta Motor Speedway,intermediate,80,2,235.925,6.0,328.0,5,1
2014,Kentucky Speedway,intermediate,42,1,246.28571428571428,27.0,267.0,21,1
1950,Funks Speedway,short,13,1,200.0,200.0,200.0,1,1
1955,Lincoln Speedway,short,31,1,143.41935483870967,8.0,200.0,1,1
2015,Talladega Superspeedway,superspeedway,86,2,179.0,18.0,196.0,59,2
2019,Texas Motor Speedway,intermediate,79,2,305.26582278481015,52.0,334.0,29,2
2017,Dover International Speedway,intermediate,79,2,373.17721518987344,39.0,406.0,26,2
1966,Star Lite Speedway,short,25,1,132.36,20.0,250.0,1,1
2002,Michigan International Speedway,intermediate,86,2,191.4418604651163,69.0,200.0,46,2
1968,Occoneechee Speedway,intermediate,24,1,94.54166666666667,1.0,167.0,1,1
1951,Heidelberg Raceway,short,42,1,69.375,20.0,200.0,1,1
2023,Talladega Superspeedway,superspeedway,76,2,185.23684210526315,59.0,196.0,56,2
2019,Kentucky Speedway,intermediate,36,1,262.27777777777777,110.0,269.0,16,1
1964,Watkins Glen International,road course,26,1,39.53846153846154,2.0,66.0,2,1
1969,Atlanta Motor Speedway,intermediate,80,2,230.025,3.0,334.0,5,2
1969,Richmond Raceway,short,28,1,259.9642857142857,1.0,500.0,1,1
2008,Atlanta Motor Speedway,intermediate,86,2,319.24418604651163,197.0,325.0,31,2
1983,Darlington Raceway,intermediate,77,2,259.5844155844156,0.0,367.0,8,2
2005,Phoenix Raceway,intermediate,86,2,282.36046511627904,14.0,312.0,42,2
1984,Nashville Speedway,intermediate,60,2,359.76666666666665,50.0,420.0,9,2
1966,Langley Field Speedway,short,22,1,154.0909090909091,2.0,250.0,2,1
2019,Daytona International Speedway,intermediate,80,2,158.3,83.0,207.0,32,2
1999,Michigan International Speedway,intermediate,86,2,193.77906976744185,52.0,200.0,21,2
1983,Richmond Raceway,speedway,62,2,305.51612903225805,39.0,400.0,5,1
1969,Riverside International Raceway,road course,44,1,96.72727272727273,1.0,186.0,2,1
1968,Greenville-Pickens Speedway,short,45,2,136.88888888888889,14.0,200.0,3,1
2014,Darlington Raceway,intermediate,43,1,348.13953488372096,65.0,374.0,22,1
1960,Nashville Speedway,short,23,1,240.30434782608697,1.0,333.0,2,1
2025,Bristol Motor Speedway,short,78,2,476.9871794871795,75.0,500.0,21,2
1961,Martinsville Speedway,short,86,3,275.3139534883721,0.0,500.0,5,3
1975,Daytona International Speedway,intermediate,80,2,113.7625,1.0,200.0,3,2
1969,Hickory Speedway,short,42,2,197.16666666666666,1.0,250.0,2,1
2023,Darlington Raceway,intermediate,72,2,316.84722222222223,39.0,367.0,44,2
1989,Charlotte Motor Speedway,intermediate,84,2,298.14285714285717,13.0,400.0,10,2
1980,Atlanta Motor Speedway,intermediate,82,2,216.76829268292684,0.0,328.0,5,2
1965,Lincoln Speedway,short,28,1,126.89285714285714,3.0,200.0,1,1
1998,Auto Club Speedway,intermediate,43,1,227.13953488372093,84.0,250.0,15,1
1965,Harris Speedway,short,22,1,207.3181818181818,7.0,334.0,1,1
1956,Columbia Speedway,short,44,2,146.79545454545453,1.0,200.0,5,2
2000,Rockingham Speedway,intermediate,86,2,361.98837209302326,14.0,393.0,23,2
2013,Darlington Raceway,intermediate,43,1,335.6744186046512,18.0,367.0,17,1
1979,Riverside International Raceway,road course,70,2,74.02857142857142,1.0,119.0,7,2
1997,Dover International Speedway,intermediate,85,2,410.9764705882353,86.0,500.0,9,2
1997,Darlington Raceway,intermediate,86,2,272.5,5.0,367.0,21,2
1951,Bainbridge Fairgrounds,intermediate,34,1,70.5,41.0,100.0,1,1
1968,Martinsville Speedway,short,80,2,334.5,1.0,500.0,3,2
1956,Martinsville Speedway,short,75,2,313.53333333333336,8.0,500.0,5,2
1981,Darlington Raceway,intermediate,76,2,282.5263157894737,6.0,367.0,7,2
1969,North Wilkesboro Speedway,intermediate,60,2,296.7,2.0,400.0,6,2
1978,Martinsville Speedway,short,60,2,381.43333333333334,13.0,500.0,3,2
2011,Homestead-Miami Speedway,intermediate,43,1,225.8372093023256,13.0,267.0,19,1
1978,Bristol Motor Speedway,short,59,2,349.20338983050846,0.0,500.0,3,2
1996,Indianapolis Motor Speedway,intermediate,40,1,142.7,9.0,160.0,21,1
1991,North Wilkesboro Speedway,intermediate,66,2,370.8939393939394,110.0,400.0,20,2
1952,Wine Creek Race Track,short,26,1,146.80769230769232,20.0,200.0,2,1
1967,Rockingham Speedway,intermediate,88,2,267.89772727272725,2.0,500.0,2,2
1955,New York State Fairgrounds,intermediate,22,1,82.45454545454545,22.0,100.0,2,1
1978,Pocono Raceway,intermediate,40,1,150.825,3.0,200.0,2,1
1975,Richmond Raceway,speedway,50,2,362.08,5.0,500.0,2,2
1972,Riverside International Raceway,road course,80,2,100.45,1.0,153.0,3,2
1993,Pocono Raceway,intermediate,80,2,155.3125,3.0,200.0,26,2
1956,Old Bridge Stadium,short,25,1,136.76,1.0,200.0,2,1
1958,Rambi Race Track,short,21,1,156.61904761904762,1.0,200.0,3,1
1955,Southern States Fairgrounds,short,35,2,140.02857142857144,24.0,200.0,2,2
1967,Oxford Plains Speedway,short,30,1,186.03333333333333,1.0,300.0,1,1
2019,Chicagoland Speedway,intermediate,38,1,256.6842105263158,100.0,267.0,17,1
1985,Talladega Superspeedway,superspeedway,81,2,132.41975308641975,6.0,188.0,7,2
1954,Speedway Park,short,24,1,139.41666666666666,5.0,200.0,1,1
1982,Michigan International Speedway,intermediate,75,2,151.56,2.0,200.0,10,2
2018,Indianapolis Motor Speedway,intermediate,40,1,144.9,41.0,160.0,22,1
2012,Las Vegas Motor Speedway,intermediate,43,1,237.32558139534885,39.0,267.0,22,1
1991,Charlotte Motor Speedway,intermediate,82,2,290.280487804878,2.0,400.0,8,2
1990,Bristol Motor Speedway,short,64,2,422.875,56.0,500.0,13,2
1982,Richmond Raceway,speedway,63,2,278.031746031746,35.0,400.0,6,2
2002,Atlanta Motor Speedway,intermediate,86,2,270.59302325581393,4.0,325.0,32,2
2008,Homestead-Miami Speedway,intermediate,43,1,263.09302325581393,207.0,267.0,18,1
1988,Pocono Raceway,intermediate,80,2,153.8375,0.0,200.0,23,2
1971,Ontario Motor Speedway,intermediate,51,1,131.0,2.0,200.0,3,1
1980,Daytona International Speedway,intermediate,82,2,133.97560975609755,5.0,200.0,8,2
1970,Columbia Speedway,short,52,2,112.84615384615384,1.0,200.0,3,2
2023,Indianapolis Motor Speedway Road Course,road course,39,1,81.43589743589743,79.0,82.0,22,1
2014,Bristol Motor Speedway,short,86,2,458.7674418604651,37.0,503.0,30,2
1999,Homestead-Miami Speedway,intermediate,43,1,255.69767441860466,85.0,267.0,7,1
1959,Columbia Speedway,short,54,3,129.38888888888889,0.0,200.0,6,2
2017,Daytona International Speedway,intermediate,80,2,153.8,7.0,200.0,36,2
1961,Nashville Speedway,short,24,1,292.625,1.0,403.0,2,1
2007,Sonoma Raceway,road course,43,1,106.13953488372093,12.0,110.0,32,1
1951,Charlotte Speedway,intermediate,65,2,93.78048780487805,3.0,200.0,3,2
1953,Central City Speedway,short,36,2,162.75,119.0,200.0,2,2
1965,Columbia Speedway,short,41,2,107.26829268292683,2.0,200.0,5,2
1961,Charlotte Motor Speedway,road course,19,1,49.526315789473685,1.0,67.0,5,1
2013,Dover International Speedway,intermediate,86,2,357.83720930232556,16.0,400.0,28,2
1953,Occoneechee Speedway,intermediate,19,1,75.5,3.0,100.0,2,1
2022,Nashville Superspeedway,intermediate,36,1,290.22222222222223,49.0,300.0,26,1
2018,Phoenix Raceway,intermediate,76,2,287.63157894736844,23.0,312.0,30,2
1994,Sonoma Raceway,road course,43,1,66.69767441860465,18.0,74.0,20,1
1964,Langley Field Speedway,short,17,1,155.58823529411765,1.0,250.0,1,1
1959,Champion Speedway,short,25,1,122.04,0.0,150.0,3,1
1957,New York State Fairgrounds,intermediate,24,1,61.208333333333336,2.0,100.0,1,1
2010,Bristol Motor Speedway,short,86,2,419.77906976744185,16.0,500.0,34,2
1979,Atlanta Motor Speedway,intermediate,81,2,237.22222222222223,4.0,328.0,7,2
1984,Darlington Raceway,intermediate,79,2,253.0379746835443,9.0,367.0,5,2
1996,Daytona International Speedway,intermediate,85,2,142.31764705882352,9.0,200.0,45,2
1997,Auto Club Speedway,intermediate,42,1,228.97619047619048,28.0,250.0,9,1
1958,Monroe County Fairgrounds,short,21,1,148.42857142857142,10.0,200.0,1,1
1969,Rockingham Speedway,intermediate,83,2,319.7710843373494,17.0,500.0,3,2
2016,Watkins Glen International,road course,40,1,85.475,52.0,90.0,28,1
2010,Atlanta Motor Speedway,intermediate,86,2,296.8953488372093,3.0,341.0,51,2
1978,Atlanta Motor Speedway,intermediate,80,2,258.4625,0.0,328.0,4,2
2024,Richmond Raceway,intermediate,73,2,404.4109589041096,250.0,408.0,41,2
2013,Charlotte Motor Speedway,intermediate,86,2,325.33720930232556,23.0,400.0,26,2
1988,Martinsville Speedway,short,64,2,393.765625,14.0,500.0,5,2
2013,Michigan International Speedway,intermediate,86,2,177.19767441860466,5.0,200.0,53,2
2018,Bristol Motor Speedway,short,79,2,416.2911392405063,1.0,500.0,27,2
1966,Occoneechee Speedway,intermediate,23,1,111.3913043478261,1.0,167.0,2,1
1966,Bridgehampton Race Circuit,road course,28,1,36.42857142857143,1.0,52.0,2,1
1960,Marchbanks Speedway,intermediate,33,1,116.6969696969697,3.0,179.0,2,1
1954,Oakland Stadium,short,59,2,210.9322033898305,0.0,297.0,4,2
2000,Watkins Glen International,road course,43,1,83.69767441860465,21.0,90.0,33,1
2023,World Wide Technology Raceway at Gateway,intermediate,36,1,232.75,91.0,243.0,28,1
1975,Bristol Motor Speedway,short,53,2,346.35849056603774,7.0,500.0,2,1
2008,Bristol Motor Speedway,short,86,2,470.40697674418607,184.0,506.0,29,2
1985,Daytona International Speedway,intermediate,81,2,125.88888888888889,2.0,200.0,9,2
2003,Indianapolis Motor Speedway,intermediate,43,1,152.37209302325581,46.0,160.0,21,1
1953,North Wilkesboro Speedway,intermediate,65,2,132.3235294117647,20.0,200.0,3,2
1970,Darlington Raceway,intermediate,76,2,227.25,3.0,367.0,2,2
1967,Fonda Speedway,short,30,1,128.66666666666666,2.0,200.0,1,1
2004,Rockingham Speedway,intermediate,43,1,352.06976744186045,1.0,393.0,9,1
1975,Nashville Speedway,intermediate,58,2,247.98275862068965,1.0,420.0,2,2
1949,Charlotte Speedway,intermediate,33,1,138.0,38.0,200.0,1,1
2012,Dover International Speedway,intermediate,86,2,301.3139534883721,8.0,400.0,25,2
1956,Lakewood Speedway,intermediate,28,1,68.85714285714286,3.0,100.0,2,1
2024,Darlington Raceway,intermediate,73,2,312.2054794520548,2.0,367.0,45,2
1951,Oakland Stadium,intermediate,35,1,136.0,0.0,250.0,1,1
2014,Phoenix Raceway,intermediate,86,2,295.9418604651163,16.0,312.0,45,1
1977,Charlotte Motor Speedway,intermediate,81,2,267.679012345679,3.0,400.0,4,2
1970,Beltsville Speedway,short,27,1,176.33333333333334,0.0,300.0,1,1
2017,Phoenix Raceway,intermediate,79,2,292.1645569620253,9.0,314.0,45,2
1985,Darlington Raceway,intermediate,80,2,259.8375,11.0,367.0,6,1
2014,Richmond Raceway,intermediate,86,2,386.1511627906977,31.0,400.0,40,2
2008,Watkins Glen International,road course,43,1,88.79069767441861,81.0,90.0,32,1
1961,Daytona International Speedway,intermediate,155,4,80.0516129032258,1.0,200.0,18,4
1970,Daytona International Speedway,intermediate,141,4,84.70921985815603,0.0,200.0,14,4
2001,Darlington Raceway,intermediate,86,2,313.6162790697674,90.0,367.0,36,2
1957,Portland Speedway,short,39,2,98.51282051282051,6.0,150.0,5,2
1952,North Wilkesboro Speedway,intermediate,51,2,113.44680851063829,1.0,200.0,4,1
1973,Richmond Raceway,speedway,64,2,311.921875,1.0,500.0,3,1
1953,Hickory Speedway,short,39,2,152.33333333333334,57.0,200.0,2,2
1986,Rockingham Speedway,intermediate,80,2,360.475,9.0,492.0,8,2
1971,West Virginia International Speedway,short,35,1,287.8285714285714,1.0,500.0,1,1
2002,Pocono Raceway,intermediate,86,2,165.09302325581396,0.0,200.0,43,2
2012,Kentucky Speedway,intermediate,43,1,219.0,12.0,267.0,19,1
1952,Playland Park Speedway,short,19,1,136.57894736842104,34.0,200.0,2,1
2005,Auto Club Speedway,intermediate,86,2,233.30232558139534,23.0,254.0,49,2
1962,South Boston Speedway,short,24,1,196.79166666666666,3.0,267.0,3,1
2020,Pocono Raceway,intermediate,80,2,126.6875,15.0,140.0,38,2
1999,Charlotte Motor Speedway,intermediate,86,2,345.1744186046512,32.0,400.0,14,2
1959,Piedmont Interstate Fairgrounds,short,20,1,133.7,4.0,200.0,1,1
1964,Charlotte Motor Speedway,intermediate,88,2,165.0909090909091,1.0,400.0,2,2
1955,Occoneechee Speedway,intermediate,46,2,76.8913043478261,2.0,100.0,9,2
1985,Pocono Raceway,intermediate,80,2,153.85,1.0,200.0,11,1
2013,Martinsville Speedway,short,86,2,461.01162790697674,26.0,500.0,38,2
1964,Old Dominion Speedway,short,40,2,270.7,1.0,500.0,2,1
1961,Hartsville Speedway,short,18,1,127.77777777777777,68.0,150.0,2,1
1991,Richmond Raceway,intermediate,71,2,365.01408450704224,9.0,400.0,16,2
2010,Talladega Superspeedway,superspeedway,86,2,177.8372093023256,2.0,200.0,55,2
2009,Sonoma Raceway,road course,43,1,106.62790697674419,2.0,113.0,36,1
1969,Middle Georgia Raceway,short,54,2,264.0925925925926,12.0,500.0,4,2
1966,Charlotte Motor Speedway,intermediate,88,2,208.42045454545453,1.0,400.0,5,2
1999,Bristol Motor Speedway,short,86,2,463.01162790697674,140.0,500.0,17,2
1999,Las Vegas Motor Speedway,intermediate,43,1,237.86046511627907,115.0,267.0,10,1
1955,Piedmont Interstate Fairgrounds,short,27,1,122.88888888888889,9.0,200.0,3,1
1962,Darlington Raceway,intermediate,76,2,209.1184210526316,2.0,364.0,6,2
1967,Bristol Motor Speedway,short,72,2,280.30555555555554,4.0,500.0,4,2
1988,Michigan International Speedway,intermediate,83,2,162.289156626506,2.0,200.0,19,2
1992,Dover International Speedway,intermediate,76,2,378.9342105263158,3.0,500.0,5,2
2012,Watkins Glen International,road course,43,1,73.18604651162791,0.0,90.0,27,1
1954,Monroe County Fairgrounds,short,32,1,149.40625,22.0,200.0,2,1
1974,Martinsville Speedway,short,60,2,311.68333333333334,20.0,500.0,3,2
1987,Rockingham Speedway,intermediate,84,2,371.92857142857144,8.0,492.0,11,2
1980,Talladega Superspeedway,superspeedway,83,2,123.39759036144578,4.0,188.0,8,2
1968,Nashville Speedway,short,22,1,163.77272727272728,9.0,301.0,1,1
2016,Sonoma Raceway,road course,40,1,106.5,5.0,110.0,35,1
2016,Richmond Raceway,intermediate,80,2,394.3625,264.0,407.0,50,2
2016,Las Vegas Motor Speedway,intermediate,39,1,259.7435897435897,115.0,267.0,23,1
1968,Jeffco Speedway,short,29,1,158.58620689655172,4.0,200.0,2,1
2004,Chicagoland Speedway,intermediate,43,1,222.5581395348837,3.0,267.0,23,1
1996,Michigan International Speedway,intermediate,81,2,180.7037037037037,5.0,200.0,35,2
1962,North Wilkesboro Speedway,intermediate,66,2,281.6969696969697,3.0,400.0,5,1
1965,Rambi Race Track,short,22,1,116.77272727272727,4.0,200.0,2,1
2023,Phoenix Raceway,intermediate,72,2,306.97222222222223,50.0,317.0,48,2
1972,Martinsville Speedway,short,72,2,330.31944444444446,19.0,500.0,3,1
1992,Phoenix Raceway,intermediate,42,1,257.64285714285717,1.0,312.0,8,1
1958,Raleigh Speedway,intermediate,55,1,175.83636363636364,6.0,250.0,1,1
2007,Phoenix Raceway,intermediate,86,2,297.56976744186045,118.0,312.0,43,2
1996,Sonoma Raceway,road course,44,1,71.5,52.0,74.0,27,1
1986,Daytona International Speedway,intermediate,84,2,137.76190476190476,2.0,200.0,18,2
1971,New Asheville Speedway,short,18,1,121.27777777777777,0.0,300.0,1,1
2023,Daytona International Speedway,intermediate,79,2,173.46835443037975,26.0,212.0,42,2
2007,Auto Club Speedway,intermediate,86,2,223.24418604651163,7.0,250.0,34,2
1953,Palm Beach Speedway,short,23,1,138.2173913043478,4.0,200.0,1,1
2011,Martinsville Speedway,short,86,2,419.22093023255815,7.0,500.0,32,2
2019,Watkins Glen International,road course,37,1,88.43243243243244,65.0,90.0,29,1
2003,Rockingham Speedway,intermediate,86,2,369.59302325581393,34.0,393.0,21,2
1965,New Asheville Speedway,short,19,1,218.6315789473684,52.0,300.0,1,1
1955,Hickory Speedway,short,23,1,158.91304347826087,37.0,200.0,3,1
1959,Nashville Speedway,short,42,2,209.8095238095238,10.0,300.0,3,2
1956,New York State Fairgrounds,intermediate,24,1,115.25,1.0,150.0,1,1
1988,North Wilkesboro Speedway,intermediate,64,2,370.25,24.0,400.0,12,2
1954,Lakewood Speedway,intermediate,34,1,87.73076923076923,11.0,100.0,3,1
1962,Atlanta Motor Speedway,intermediate,90,2,171.93333333333334,1.0,267.0,5,2
1971,Dover International Speedway,intermediate,80,2,302.25,9.0,500.0,2,2
2015,Indianapolis Motor Speedway,intermediate,43,1,158.67441860465115,78.0,164.0,28,1
1975,North Wilkesboro Speedway,intermediate,58,2,308.5689655172414,3.0,400.0,3,1
1951,Columbus Speedway,short,31,1,96.8,11.0,200.0,1,1
2019,Richmond Raceway,intermediate,75,2,386.62666666666667,125.0,400.0,29,1
1971,Darlington Raceway,intermediate,76,2,198.25,2.0,367.0,2,2
2008,Kansas Speedway,intermediate,43,1,264.04651162790697,229.0,267.0,17,1
2005,Martinsville Speedway,short,86,2,444.6860465116279,18.0,500.0,35,1
2017,Charlotte Motor Speedway,intermediate,80,2,330.15,18.0,400.0,41,2
2000,Phoenix Raceway,intermediate,43,1,293.5581395348837,51.0,312.0,21,1
1958,State Line Speedway,short,23,1,102.65217391304348,1.0,150.0,2,1
1970,Martinsville Speedway,short,69,2,213.2753623188406,2.0,500.0,3,2
1967,Greenville-Pickens Speedway,short,44,2,138.52272727272728,1.0,200.0,3,2
2016,Talladega Superspeedway,superspeedway,80,2,176.7,41.0,192.0,55,2
1974,Rockingham Speedway,intermediate,76,2,351.5263157894737,4.0,492.0,3,2
2016,Texas Motor Speedway,intermediate,80,2,306.125,178.0,334.0,33,2
2025,EchoPark Speedway,speedway,40,1,204.05,56.0,260.0,21,1
1988,Charlotte Motor Speedway,intermediate,83,2,263.34939759036143,8.0,400.0,16,2
2017,Michigan International Speedway,intermediate,76,2,196.69736842105263,107.0,202.0,50,1
1967,Atlanta Motor Speedway,intermediate,88,2,192.375,2.0,334.0,3,2
1958,Salisbury Super Speedway,intermediate,30,1,135.9,12.0,160.0,2,1
1975,Charlotte Motor Speedway,intermediate,82,2,266.0487804878049,8.0,400.0,4,1
1993,Michigan International Speedway,intermediate,82,2,172.03658536585365,2.0,200.0,27,2
1962,Hickory Speedway,short,44,2,172.38636363636363,1.0,250.0,2,2
1996,Atlanta Motor Speedway,intermediate,83,2,286.0,23.0,328.0,23,2
1951,Lakeview Speedway,intermediate,46,2,112.0,34.0,150.0,3,2
2001,Kansas Speedway,intermediate,43,1,232.32558139534885,0.0,267.0,16,1
2004,Michigan International Speedway,intermediate,86,2,173.11627906976744,11.0,200.0,41,2
2023,Nashville Superspeedway,intermediate,36,1,295.02777777777777,146.0,300.0,21,1
1957,Greensboro Agriculture Fairgrounds,short,50,2,188.05,25.0,250.0,3,2
1967,Martinsville Speedway,short,77,2,271.961038961039,3.0,500.0,3,1
1951,Langhorne Speedway,intermediate,36,1,102.6,49.0,150.0,2,1
2006,Homestead-Miami Speedway,intermediate,43,1,244.53488372093022,9.0,268.0,20,1
2015,Dover International Speedway,intermediate,86,2,388.5813953488372,186.0,405.0,29,2
1953,Lakewood Speedway,intermediate,43,2,59.0,12.0,100.0,2,2
2023,Charlotte Motor Speedway Road Course,road course,37,1,106.27027027027027,76.0,109.0,33,1
2002,Bristol Motor Speedway,short,86,2,456.24418604651163,21.0,500.0,31,2
1969,Bowman Gray Stadium,short,24,1,151.95833333333334,2.0,250.0,3,1
2010,New Hampshire Motor Speedway,intermediate,86,2,258.09302325581393,11.0,301.0,40,2
1989,Sonoma Raceway,road course,42,1,65.85714285714286,8.0,74.0,14,1
2012,Darlington Raceway,intermediate,43,1,311.16279069767444,19.0,368.0,21,1
2006,Daytona International Speedway,intermediate,86,2,175.77906976744185,28.0,203.0,65,2
1995,Pocono Raceway,intermediate,83,2,182.9879518072289,2.0,200.0,34,2
2006,Kansas Speedway,intermediate,43,1,253.2093023255814,18.0,267.0,14,1
2006,Richmond Raceway,intermediate,86,2,375.63953488372096,11.0,400.0,28,2
2022,Charlotte Motor Speedway,intermediate,37,1,332.02702702702703,16.0,413.0,16,1
1970,North Wilkesboro Speedway,intermediate,60,2,299.45,32.0,400.0,3,2
1953,Five Flags Speedway,short,18,1,140.0,140.0,140.0,1,1
1962,Starkey Speedway,short,18,1,152.16666666666666,8.0,200.0,5,1
1961,Occoneechee Speedway,intermediate,40,2,102.275,6.0,165.0,4,2
1996,Richmond Raceway,intermediate,80,2,383.925,19.0,400.0,24,2
1987,Daytona International Speedway,intermediate,83,2,145.89156626506025,5.0,200.0,23,2
2015,Homestead-Miami Speedway,intermediate,43,1,254.5581395348837,45.0,267.0,19,1
1955,Las Vegas Park Speedway,intermediate,27,1,76.66666666666667,11.0,111.0,1,1
1949,Occoneechee Speedway,intermediate,28,1,101.0,38.0,200.0,1,1
1975,Darlington Raceway,intermediate,76,2,235.73684210526315,1.0,367.0,5,1
1994,Michigan International Speedway,intermediate,83,2,159.03614457831324,0.0,200.0,18,2
1994,Watkins Glen International,road course,40,1,80.325,5.0,90.0,17,1
1954,Corbin Speedway,short,21,1,138.76190476190476,2.0,200.0,2,1
2012,Kansas Speedway,intermediate,86,2,210.90697674418604,7.0,267.0,35,2
1964,Atlanta Motor Speedway,intermediate,77,2,150.8961038961039,0.0,334.0,3,2
1992,Richmond Raceway,intermediate,70,2,377.4714285714286,12.0,400.0,17,2
1959,Richmond Raceway,intermediate,26,1,60.07692307692308,6.0,100.0,4,1
2012,Auto Club Speedway,intermediate,43,1,111.02325581395348,1.0,129.0,16,1
1978,Michigan International Speedway,intermediate,71,2,158.14084507042253,9.0,200.0,8,2
2021,Daytona International Speedway Road Course,superspeedway,40,1,66.675,3.0,70.0,32,1
1967,Nashville Speedway,short,32,1,189.375,11.0,400.0,1,1
1980,Rockingham Speedway,intermediate,74,2,330.0135135135135,9.0,492.0,4,1
1967,Occoneechee Speedway,intermediate,28,1,104.42857142857143,11.0,167.0,2,1
1969,Talladega Superspeedway,superspeedway,36,1,100.94444444444444,0.0,188.0,3,1
1992,Darlington Raceway,intermediate,77,2,259.987012987013,3.0,367.0,12,2
1979,North Wilkesboro Speedway,intermediate,59,2,306.9830508474576,10.0,400.0,6,2
1953,Asheville-Weaverville Speedway,short,19,1,200.0,200.0,200.0,1,1
2017,Atlanta Motor Speedway,intermediate,39,1,310.2564102564103,74.0,325.0,17,1
2001,Chicagoland Speedway,intermediate,43,1,242.34883720930233,3.0,267.0,17,1
1998,Sonoma Raceway,road course,43,1,104.72093023255815,13.0,112.0,29,1
2002,Auto Club Speedway,intermediate,43,1,226.06976744186048,4.0,250.0,11,1
1965,Birmingham International Raceway,short,16,1,92.5625,7.0,108.0,4,1
1967,Asheville-Weaverville Speedway,short,52,2,203.23076923076923,5.0,500.0,4,2
1963,Bristol Motor Speedway,short,71,2,354.0845070422535,1.0,500.0,4,2
1951,Central City Speedway,short,22,1,168.0,106.0,200.0,1,1
2000,Sonoma Raceway,road course,43,1,101.46511627906976,15.0,112.0,27,1
2010,Charlotte Motor Speedway,intermediate,86,2,325.54651162790697,25.0,400.0,45,2
1974,Dover International Speedway,intermediate,75,2,310.70666666666665,0.0,500.0,3,2
2020,Daytona International Speedway,intermediate,80,2,174.6,3.0,209.0,37,2
2022,Bristol Motor Speedway Dirt Track,short,36,1,230.30555555555554,74.0,250.0,26,1
1998,Bristol Motor Speedway,short,86,2,449.27906976744185,37.0,500.0,22,2
