Season,Driver,Races,Top5,Top10,Wins,Avg_Finish,Total_Points,Total_Laps,Total_Laps_Led,Lead_Lap_Finishes,Avg_Start,Best_Finish,Worst_Finish,Top_5 Pct,Top_10 Pct,Win_Pct,Laps_Led_Pct
1950,Roscoe Thompson,2,0,0,0.0,44.0,,69.0,0.0,0,42.5,13.0,75.0,0.0,0.0,0.0,0.0
1951,Wally Campbell,5,0,0,0.0,26.6,,21.0,0.0,0,3.0,14.0,38.0,0.0,0.0,0.0,0.0
1956,George Green,6,0,0,0.0,14.33,,867.0,0.0,0,18.0,12.0,22.0,0.0,0.0,0.0,0.0
1957,Buck Baker,40,30,38,10.0,4.68,0.0,8058.0,858.0,19,5.69,1.0,26.0,75.0,95.0,25.0,10.65
1959,Johnny Allen,5,1,1,0.0,15.4,1472.0,522.0,0.0,0,26.0,3.0,32.0,20.0,20.0,0.0,0.0
1964,Ronnie Croy,1,0,0,0.0,39.0,36.0,11.0,0.0,0,33.0,39.0,39.0,0.0,0.0,0.0,0.0
1965,Bob Thompson,1,0,0,0.0,34.0,100.0,26.0,0.0,0,40.0,34.0,34.0,0.0,0.0,0.0,0.0
1966,Jerry Grant,3,1,1,0.0,19.67,4104.0,433.0,1.0,0,15.67,5.0,43.0,33.33,33.33,0.0,0.23
1967,John Sears,41,9,25,0.0,10.44,29078.0,10031.0,62.0,0,12.02,2.0,33.0,21.95,60.98,0.0,0.62
1967,A.J. Foyt,7,2,2,0.0,21.43,0.0,1060.0,57.0,1,6.57,2.0,37.0,28.57,28.57,0.0,5.38
1969,G.C. Spencer,26,4,8,0.0,19.0,1562.0,4822.0,0.0,0,13.35,4.0,40.0,15.38,30.77,0.0,0.0
1973,Bobby Isaac,19,5,6,0.0,20.21,1170.0,4177.0,4.0,0,6.68,2.0,39.0,26.32,31.58,0.0,0.1
1973,Phil Finney,1,0,0,0.0,41.0,20.0,55.0,0.0,0,43.0,41.0,41.0,0.0,0.0,0.0,0.0
1978,Skip Manning,17,1,4,0.0,19.35,1802.0,4410.0,0.0,0,14.59,4.0,39.0,5.88,23.53,0.0,0.0
1978,Ferrel Harris,14,0,5,0.0,17.79,1066.0,2915.0,0.0,0,23.43,7.0,36.0,0.0,35.71,0.0,0.0
1980,Joe Millikan,12,2,6,0.0,17.67,1274.0,2796.0,5.0,1,11.67,4.0,37.0,16.67,50.0,0.0,0.18
1981,Benny Parsons,31,10,12,3.0,19.0,3452.0,6709.0,537.0,6,10.06,1.0,39.0,32.26,38.71,9.68,8.0
1987,Dale Jarrett,24,0,2,0.0,24.13,1840.0,4788.0,0.0,0,27.71,10.0,39.0,0.0,8.33,0.0,0.0
1991,Bill Schmitt,2,0,0,0.0,25.0,176.0,210.0,0.0,1,32.0,13.0,37.0,0.0,0.0,0.0,0.0
1992,Harry Gant,29,10,15,2.0,11.31,3955.0,9197.0,407.0,14,18.52,1.0,29.0,34.48,51.72,6.9,4.43
1997,John Andretti,32,3,3,1.0,23.56,3019.0,9333.0,135.0,6,22.97,1.0,40.0,9.38,9.38,3.13,1.45
1999,Steve Grissom,6,0,0,0.0,35.67,336.0,1509.0,0.0,0,31.0,28.0,42.0,0.0,0.0,0.0,0.0
2004,Kasey Kahne,36,13,14,0.0,16.67,4299.0,9419.0,692.0,22,13.61,2.0,42.0,36.11,38.89,0.0,7.35
2005,Ryan Newman,36,8,16,1.0,15.31,4409.0,10397.0,391.0,29,6.28,1.0,39.0,22.22,44.44,2.78,3.76
2008,Chad McCumbee,6,0,0,0.0,32.33,396.0,1807.0,0.0,1,37.67,17.0,42.0,0.0,0.0,0.0,0.0
2018,Trevor Bayne,21,0,0,0.0,23.9,284.0,5752.0,0.0,4,20.62,11.0,38.0,0.0,0.0,0.0,0.0
2020,Alex Bowman,36,6,15,1.0,14.72,1054.0,9575.0,440.0,24,8.92,1.0,37.0,16.67,41.67,2.78,4.6
1950,Bob Greer,1,0,0,0.0,27.0,,56.0,0.0,0,,27.0,27.0,0.0,0.0,0.0,0.0
1951,Ray Janelle,1,0,0,0.0,34.0,,,0.0,0,30.0,34.0,34.0,0.0,0.0,0.0,
1952,Bill Rexford,3,0,1,0.0,20.0,,396.0,0.0,0,27.33,8.0,36.0,0.0,33.33,0.0,0.0
1952,Fred Bethune,2,0,1,0.0,13.5,,377.0,0.0,0,8.0,9.0,18.0,0.0,50.0,0.0,0.0
1966,Ronnie Chumley,2,0,0,0.0,34.0,282.0,42.0,0.0,0,35.0,24.0,44.0,0.0,0.0,0.0,0.0
1966,Rock Harn,1,0,0,0.0,29.0,16.0,23.0,0.0,0,22.0,29.0,29.0,0.0,0.0,0.0,0.0
1978,Bill Hollar,3,0,0,0.0,33.33,189.0,90.0,0.0,0,33.0,28.0,36.0,0.0,0.0,0.0,0.0
1979,Jimmy Finger,3,0,0,0.0,30.67,213.0,152.0,0.0,0,31.0,19.0,39.0,0.0,0.0,0.0,0.0
1950,Bucky Sager,2,1,1,0.0,14.5,,,146.0,0,27.0,2.0,27.0,50.0,50.0,0.0,
1951,James Ellis,1,0,0,0.0,12.0,,,0.0,0,3.0,12.0,12.0,0.0,0.0,0.0,
1954,Dick Garlington,2,0,0,0.0,30.0,,46.0,0.0,0,24.0,26.0,34.0,0.0,0.0,0.0,0.0
1962,Harlan Richardson,1,0,0,0.0,23.0,48.0,17.0,0.0,0,19.0,23.0,23.0,0.0,0.0,0.0,0.0
1965,Don Hume,4,0,0,0.0,27.25,1464.0,658.0,0.0,0,33.25,18.0,40.0,0.0,0.0,0.0,0.0
1978,Marty Robbins,1,0,0,0.0,18.0,109.0,171.0,0.0,0,38.0,18.0,18.0,0.0,0.0,0.0,0.0
2004,Jason Jarrett,1,0,0,0.0,40.0,43.0,40.0,0.0,0,42.0,40.0,40.0,0.0,0.0,0.0,0.0
1949,Raymond Lewis,1,0,1,0.0,8.0,,194.0,0.0,0,,8.0,8.0,0.0,100.0,0.0,0.0
1953,Sandy Slack,1,0,1,0.0,10.0,,,0.0,0,,10.0,10.0,0.0,100.0,0.0,
1954,Roland LaRue,1,0,0,0.0,13.0,,118.0,0.0,0,,13.0,13.0,0.0,0.0,0.0,0.0
1954,Dick Keene,1,0,0,0.0,37.0,,31.0,0.0,0,,37.0,37.0,0.0,0.0,0.0,0.0
1990,Brent Kaeding,1,0,0,0.0,29.0,76.0,304.0,0.0,0,38.0,29.0,29.0,0.0,0.0,0.0,0.0
1950,P.E. Godfrey,1,0,0,0.0,59.0,,278.0,0.0,0,56.0,59.0,59.0,0.0,0.0,0.0,0.0
1952,Al Keller,4,0,0,0.0,16.25,,328.0,0.0,0,13.33,11.0,19.0,0.0,0.0,0.0,0.0
1952,Harold Mays,2,0,0,0.0,24.0,,1.0,0.0,0,24.0,24.0,24.0,0.0,0.0,0.0,0.0
1953,J.L. Justice,3,0,0,0.0,40.0,,226.0,0.0,0,35.0,31.0,49.0,0.0,0.0,0.0,0.0
1955,Joel Million,8,2,6,0.0,9.5,1136.0,1105.0,0.0,0,11.5,2.0,22.0,25.0,75.0,0.0,0.0
1956,Dick Blackwell,3,0,0,0.0,29.67,,192.0,0.0,0,23.0,12.0,56.0,0.0,0.0,0.0,0.0
1961,Lee Reitzel,17,0,3,0.0,18.88,4380.0,2566.0,0.0,0,24.12,9.0,43.0,0.0,17.65,0.0,0.0
1961,Ed Negre,2,0,1,0.0,14.5,400.0,308.0,0.0,0,16.0,7.0,22.0,0.0,50.0,0.0,0.0
1964,Billy Wade,36,12,25,4.0,10.11,28484.0,7627.0,954.0,5,7.28,1.0,37.0,33.33,69.44,11.11,12.51
1965,Samuel Smith,1,0,0,0.0,13.0,208.0,108.0,0.0,0,17.0,13.0,13.0,0.0,0.0,0.0,0.0
1969,Friday Hassler,18,0,7,0.0,15.33,1419.0,4607.0,3.0,0,15.94,6.0,37.0,0.0,38.89,0.0,0.07
1977,Cale Yarborough,30,25,27,9.0,4.5,5000.0,9748.0,3198.0,20,3.97,1.0,24.0,83.33,90.0,30.0,32.81
1977,Mike Kempton,2,0,0,0.0,25.0,176.0,336.0,0.0,0,35.0,20.0,30.0,0.0,0.0,0.0,0.0
1980,Bill Schmitt,4,1,1,0.0,13.0,503.0,579.0,0.0,1,14.0,5.0,23.0,25.0,25.0,0.0,0.0
1981,Joe Ruttman,17,2,7,0.0,16.35,1854.0,4194.0,106.0,3,12.41,2.0,30.0,11.76,41.18,0.0,2.53
1983,Bobby Wawak,9,0,0,0.0,23.78,825.0,2167.0,0.0,0,30.56,16.0,37.0,0.0,0.0,0.0,0.0
1984,Benny Parsons,14,7,10,1.0,12.64,1870.0,2877.0,407.0,7,7.07,1.0,42.0,50.0,71.43,7.14,14.15
1986,Rick Newsom,3,0,0,0.0,34.0,183.0,358.0,0.0,0,37.67,25.0,40.0,0.0,0.0,0.0,0.0
1988,Terry Labonte,29,11,18,1.0,10.79,4007.0,9206.0,207.0,13,12.76,1.0,32.0,37.93,62.07,3.45,2.25
1989,Larry Pearson,29,0,2,0.0,21.66,2860.0,7993.0,5.0,2,21.62,6.0,40.0,0.0,6.9,0.0,0.06
1989,Jimmy Spencer,17,0,3,0.0,23.65,1445.0,3544.0,0.0,1,26.53,8.0,40.0,0.0,17.65,0.0,0.0
1991,Kyle Petty,18,2,4,1.0,17.33,2078.0,6275.0,553.0,2,10.11,1.0,39.0,11.11,22.22,5.56,8.81
1992,Ted Musgrave,29,1,7,0.0,16.66,3315.0,9253.0,11.0,3,24.28,5.0,33.0,3.45,24.14,0.0,0.12
1992,Charlie Glotzbach,7,0,0,0.0,26.14,592.0,1528.0,0.0,0,26.86,16.0,37.0,0.0,0.0,0.0,0.0
1997,Ken Schrader,32,2,8,0.0,17.81,3576.0,9612.0,46.0,14,14.13,4.0,38.0,6.25,25.0,0.0,0.48
1999,Terry Labonte,34,1,7,1.0,20.15,3580.0,9325.0,351.0,12,24.62,1.0,43.0,2.94,20.59,2.94,3.76
2001,Sterling Marlin,36,12,20,2.0,13.03,4741.0,10723.0,535.0,30,15.42,1.0,39.0,33.33,55.56,5.56,4.99
2006,Tony Stewart,36,15,19,5.0,13.78,4727.0,10057.0,1360.0,26,16.67,1.0,43.0,41.67,52.78,13.89,13.52
2024,A.J. Allmendinger,16,0,5,0.0,20.5,0.0,3217.0,36.0,8,21.06,6.0,38.0,0.0,31.25,0.0,1.12
1949,Jack Etheridge,1,0,1,0.0,10.0,,,0.0,0,,10.0,10.0,0.0,100.0,0.0,
1952,John DuBoise,2,0,0,0.0,25.0,,203.0,0.0,0,15.5,21.0,29.0,0.0,0.0,0.0,0.0
1952,Bobby Dugan,2,0,0,0.0,14.0,,275.0,0.0,0,25.0,14.0,14.0,0.0,0.0,0.0,0.0
1962,Bill Delaney,1,0,0,0.0,18.0,0.0,3.0,0.0,0,19.0,18.0,18.0,0.0,0.0,0.0,0.0
1966,Pee Wee Ellwanger,1,0,0,0.0,31.0,44.0,127.0,0.0,0,32.0,31.0,31.0,0.0,0.0,0.0,0.0
1979,James Hurlbert,1,0,0,0.0,24.0,91.0,150.0,0.0,0,27.0,24.0,24.0,0.0,0.0,0.0,0.0
1984,Mark Stahl,3,0,0,0.0,27.67,240.0,842.0,0.0,0,34.67,18.0,38.0,0.0,0.0,0.0,0.0
1989,Bobby Hamilton,1,0,0,0.0,32.0,72.0,215.0,4.0,0,5.0,32.0,32.0,0.0,0.0,0.0,1.86
1950,Lewis Hawkins,1,0,0,0.0,18.0,,,0.0,0,,18.0,18.0,0.0,0.0,0.0,
1956,Jake Hatcher,1,0,0,0.0,11.0,,172.0,0.0,0,13.0,11.0,11.0,0.0,0.0,0.0,0.0
1964,Bobby Schuyler,1,0,0,0.0,19.0,112.0,3.0,0.0,0,22.0,19.0,19.0,0.0,0.0,0.0,0.0
1972,Bill Butts,2,0,0,0.0,17.5,134.0,313.0,0.0,0,31.5,15.0,20.0,0.0,0.0,0.0,0.0
1989,Dave Mader III,1,0,0,0.0,24.0,91.0,480.0,0.0,0,37.0,24.0,24.0,0.0,0.0,0.0,0.0
1989,Rick McCray,1,0,0,0.0,28.0,0.0,72.0,0.0,0,40.0,28.0,28.0,0.0,0.0,0.0,0.0
2025,Anthony Alfredo,2,0,0,0.0,24.5,0.0,381.0,21.0,2,34.5,21.0,28.0,0.0,0.0,0.0,5.51
1955,Bud Rackley,1,0,0,0.0,63.0,0.0,44.0,0.0,0,60.0,63.0,63.0,0.0,0.0,0.0,0.0
1974,Buck Peralta,1,0,0,0.0,11.0,,121.0,0.0,0,35.0,11.0,11.0,0.0,0.0,0.0,0.0
1981,Henry Jones,1,0,0,0.0,20.0,103.0,363.0,0.0,0,30.0,20.0,20.0,0.0,0.0,0.0,0.0
1952,Jim Millard,1,0,1,0.0,7.0,,,0.0,0,14.0,7.0,7.0,0.0,100.0,0.0,
1952,Lloyd Moore,8,2,4,0.0,12.75,,1457.0,0.0,0,12.88,2.0,27.0,25.0,50.0,0.0,0.0
1953,Johnny Patterson,11,1,2,0.0,25.36,0.0,534.0,0.0,0,11.25,5.0,52.0,9.09,18.18,0.0,0.0
1956,Billy Myers,42,13,22,2.0,11.9,,6270.0,104.0,7,9.41,1.0,30.0,30.95,52.38,4.76,1.66
1957,Bill Amick,21,8,12,1.0,14.67,,3364.0,31.0,6,11.19,1.0,53.0,38.1,57.14,4.76,0.92
1958,Tim Flock,3,0,0,0.0,30.0,,167.0,25.0,0,11.33,18.0,46.0,0.0,0.0,0.0,14.97
1959,Bob Pronger,2,0,0,0.0,35.0,168.0,156.0,0.0,0,41.5,35.0,35.0,0.0,0.0,0.0,0.0
1959,Eduardo Dibos,3,2,2,0.0,19.33,248.0,181.0,0.0,0,10.0,5.0,48.0,66.67,66.67,0.0,0.0
1959,Tommy Irwin,25,10,16,0.0,12.16,3232.0,4410.0,174.0,1,11.29,2.0,32.0,40.0,64.0,0.0,3.95
1960,Ken Johnson,4,0,0,0.0,19.25,308.0,317.0,0.0,0,14.0,16.0,27.0,0.0,0.0,0.0,0.0
1961,G.C. Spencer,31,3,18,0.0,12.97,9128.0,6221.0,0.0,0,16.29,4.0,34.0,9.68,58.06,0.0,0.0
1961,Joe Eubanks,2,0,0,0.0,12.0,2320.0,448.0,0.0,0,22.5,11.0,13.0,0.0,0.0,0.0,0.0
1965,Bill Meyer,1,0,0,0.0,36.0,100.0,19.0,0.0,0,31.0,36.0,36.0,0.0,0.0,0.0,0.0
1967,David Pearson,22,11,13,2.0,11.55,26302.0,5638.0,667.0,5,5.73,1.0,34.0,50.0,59.09,9.09,11.83
1971,Jim Paschal,6,2,3,0.0,10.5,276.0,1746.0,50.0,1,5.0,3.0,24.0,33.33,50.0,0.0,2.86
1976,Bill Elliott,8,0,0,0.0,27.88,635.0,1047.0,0.0,0,30.25,14.0,38.0,0.0,0.0,0.0,0.0
1985,Randy Baker,1,0,0,0.0,21.0,0.0,453.0,0.0,0,34.0,21.0,21.0,0.0,0.0,0.0,0.0
1987,Curtis Markham,4,0,0,0.0,32.0,73.0,704.0,0.0,0,30.5,26.0,38.0,0.0,0.0,0.0,0.0
1990,Ted Musgrave,4,0,0,0.0,31.0,280.0,786.0,0.0,0,27.75,22.0,39.0,0.0,0.0,0.0,0.0
1990,Bobby Hamilton,3,0,0,0.0,35.67,168.0,407.0,0.0,0,17.67,28.0,40.0,0.0,0.0,0.0,0.0
1994,P.J. Jones,2,0,0,0.0,32.0,134.0,370.0,0.0,0,37.5,29.0,35.0,0.0,0.0,0.0,0.0
2008,Dario Franchitti,10,0,0,0.0,34.3,606.0,2785.0,1.0,0,28.3,22.0,43.0,0.0,0.0,0.0,0.04
2009,Jeff Gordon,36,16,25,1.0,10.17,5090.0,10398.0,827.0,30,10.89,1.0,37.0,44.44,69.44,2.78,7.95
2021,Denny Hamlin,36,19,25,2.0,8.44,1420.0,9196.0,1502.0,34,6.42,1.0,32.0,52.78,69.44,5.56,16.33
2022,Bubba Wallace,35,5,10,1.0,18.29,760.0,8550.0,150.0,19,18.43,1.0,38.0,14.29,28.57,2.86,1.75
1949,Al Keller,1,0,1,0.0,8.0,,185.0,0.0,0,22.0,8.0,8.0,0.0,100.0,0.0,0.0
1949,Len Brown,1,0,0,0.0,28.0,,158.0,0.0,0,45.0,28.0,28.0,0.0,0.0,0.0,0.0
1951,Joe Merola,4,0,1,0.0,22.25,,472.0,0.0,0,44.5,9.0,45.0,0.0,25.0,0.0,0.0
1953,Charles Weidler,2,0,0,0.0,38.5,,9.0,0.0,0,48.0,30.0,47.0,0.0,0.0,0.0,0.0
1959,J.C. Hendrix,3,0,1,0.0,12.33,240.0,361.0,0.0,0,8.67,9.0,15.0,0.0,33.33,0.0,0.0
1992,Brad Teague,2,0,0,0.0,25.0,176.0,603.0,0.0,0,32.5,21.0,29.0,0.0,0.0,0.0,0.0
2015,Ryan Ellis,1,0,0,0.0,40.0,0.0,211.0,0.0,0,42.0,40.0,40.0,0.0,0.0,0.0,0.0
1956,Banjo Matthews,1,0,0,0.0,12.0,,149.0,0.0,0,17.0,12.0,12.0,0.0,0.0,0.0,0.0
1965,Curtis Crider,3,1,2,0.0,9.67,1196.0,785.0,0.0,0,13.0,4.0,17.0,33.33,66.67,0.0,0.0
1993,Clay Young,2,0,0,0.0,39.0,92.0,60.0,0.0,0,38.5,38.0,40.0,0.0,0.0,0.0,0.0
1950,Ed Jackson,1,0,0,0.0,15.0,,,0.0,0,,15.0,15.0,0.0,0.0,0.0,
1951,Alton Haddock,2,0,1,0.0,23.0,,136.0,0.0,0,17.0,8.0,38.0,0.0,50.0,0.0,0.0
1951,Lee Connell,1,0,0,0.0,80.0,,58.0,0.0,0,42.0,80.0,80.0,0.0,0.0,0.0,0.0
1955,Bill Champion,1,0,0,0.0,20.0,360.0,346.0,0.0,0,18.0,20.0,20.0,0.0,0.0,0.0,0.0
1960,Ed Andrews,1,0,0,0.0,14.0,312.0,150.0,0.0,0,23.0,14.0,14.0,0.0,0.0,0.0,0.0
1967,Jim Conway,1,0,0,0.0,14.0,240.0,215.0,0.0,0,14.0,14.0,14.0,0.0,0.0,0.0,0.0
1971,Phil Finney,1,0,0,0.0,21.0,60.0,357.0,0.0,0,28.0,21.0,21.0,0.0,0.0,0.0,0.0
1974,Gary Matthews,1,0,0,0.0,26.0,,37.0,0.0,0,33.0,26.0,26.0,0.0,0.0,0.0,0.0
1994,Robby Gordon,1,0,0,0.0,38.0,49.0,69.0,0.0,0,38.0,38.0,38.0,0.0,0.0,0.0,0.0
1950,Slick Smith,5,0,0,0.0,25.4,,375.0,0.0,0,14.67,16.0,38.0,0.0,0.0,0.0,0.0
1950,Byron Beatty,1,0,0,0.0,25.0,,351.0,0.0,0,71.0,25.0,25.0,0.0,0.0,0.0,0.0
1950,Bill Widenhouse,1,0,0,0.0,26.0,,350.0,0.0,0,53.0,26.0,26.0,0.0,0.0,0.0,0.0
1952,Jim Reed,7,1,3,0.0,20.29,,597.0,0.0,0,15.0,5.0,53.0,14.29,42.86,0.0,0.0
1952,Otis Martin,5,0,2,0.0,13.0,,620.0,0.0,0,24.75,9.0,20.0,0.0,40.0,0.0,0.0
1955,Fred Steinbroner,1,0,0,0.0,12.0,140.0,84.0,0.0,0,15.0,12.0,12.0,0.0,0.0,0.0,0.0
1956,Allen Adkins,6,1,3,0.0,12.67,,1016.0,0.0,0,21.0,5.0,34.0,16.67,50.0,0.0,0.0
1956,Bill Hyde,6,0,3,0.0,15.0,,770.0,0.0,0,10.67,6.0,29.0,0.0,50.0,0.0,0.0
1958,Chauncey Crist,1,0,0,0.0,19.0,,85.0,0.0,0,35.0,19.0,19.0,0.0,0.0,0.0,0.0
1960,Charley Griffith,5,0,0,0.0,36.4,2564.0,599.0,0.0,0,42.4,11.0,65.0,0.0,0.0,0.0,0.0
1960,Johnny Miller,2,0,0,0.0,36.0,174.0,207.0,0.0,0,29.5,28.0,44.0,0.0,0.0,0.0,0.0
1964,Al White,7,0,3,0.0,14.57,1684.0,1484.0,0.0,0,21.86,7.0,23.0,0.0,42.86,0.0,0.0
1967,Bobby Mausgrover,4,0,1,0.0,26.0,666.0,610.0,0.0,0,33.75,9.0,41.0,0.0,25.0,0.0,0.0
1973,Mike James,1,0,0,0.0,20.0,62.0,129.0,0.0,0,16.0,20.0,20.0,0.0,0.0,0.0,0.0
1975,D.K. Ulrich,16,0,1,0.0,21.38,1453.0,3448.0,0.0,0,24.13,10.0,33.0,0.0,6.25,0.0,0.0
1978,Frank Warren,30,0,0,0.0,20.6,3036.0,8481.0,0.0,0,25.93,12.0,33.0,0.0,0.0,0.0,0.0
1978,Joe Frasson,5,0,0,0.0,18.8,533.0,1436.0,0.0,0,31.2,14.0,24.0,0.0,0.0,0.0,0.0
1982,Joe Booher,2,0,0,0.0,19.5,0.0,371.0,0.0,0,31.0,18.0,21.0,0.0,0.0,0.0,0.0
1982,John Callis,3,0,0,0.0,28.33,234.0,352.0,0.0,0,34.0,26.0,32.0,0.0,0.0,0.0,0.0
1985,Maurice Randall,3,0,0,0.0,37.0,156.0,104.0,0.0,0,36.33,35.0,39.0,0.0,0.0,0.0,0.0
1985,Brent Elliott,3,0,0,0.0,26.0,176.0,837.0,0.0,0,29.0,22.0,28.0,0.0,0.0,0.0,0.0
1989,Neil Bonnett,26,0,11,0.0,16.73,2995.0,7795.0,23.0,4,20.73,6.0,42.0,0.0,42.31,0.0,0.3
1996,Scott Gaylord,1,0,0,0.0,38.0,49.0,67.0,0.0,0,29.0,38.0,38.0,0.0,0.0,0.0,0.0
1998,Bobby Hamilton,33,3,8,1.0,17.0,3786.0,9840.0,442.0,13,26.73,1.0,38.0,9.09,24.24,3.03,4.49
1998,Kenny Irwin Jr.,32,1,4,0.0,25.97,2760.0,8182.0,130.0,7,19.31,5.0,43.0,3.13,12.5,0.0,1.59
2001,Mark Martin,36,3,15,0.0,17.92,4095.0,10138.0,190.0,22,15.56,4.0,41.0,8.33,41.67,0.0,1.87
2002,Stacy Compton,21,0,0,0.0,30.33,1527.0,5282.0,5.0,5,29.24,18.0,43.0,0.0,0.0,0.0,0.09
2007,Dale Jarrett,24,0,0,0.0,32.33,1584.0,5771.0,0.0,6,31.92,17.0,43.0,0.0,0.0,0.0,0.0
2008,Kevin Harvick,36,7,19,0.0,12.36,4691.0,10525.0,192.0,30,17.58,2.0,39.0,19.44,52.78,0.0,1.82
2009,Joey Logano,36,3,7,1.0,20.0,3791.0,9997.0,36.0,22,20.5,1.0,43.0,8.33,19.44,2.78,0.36
2011,Kevin Harvick,36,9,19,4.0,11.5,1200.0,10450.0,403.0,30,18.83,1.0,42.0,25.0,52.78,11.11,3.86
2019,Timmy Hill,8,0,0,0.0,35.63,0.0,1722.0,0.0,1,37.63,30.0,39.0,0.0,0.0,0.0,0.0
2021,J.J. Yeley,8,0,0,0.0,29.25,0.0,2473.0,0.0,1,34.38,25.0,38.0,0.0,0.0,0.0,0.0
2025,Chase Briscoe,36,15,19,3.0,12.67,1075.0,8953.0,884.0,32,9.92,1.0,37.0,41.67,52.78,8.33,9.87
1950,Bob Scott,1,0,0,0.0,20.0,,,0.0,0,,20.0,20.0,0.0,0.0,0.0,
1961,Layman Utsman,1,0,0,0.0,42.0,30.0,35.0,0.0,0,38.0,42.0,42.0,0.0,0.0,0.0,0.0
1966,Don Tilley,2,0,0,0.0,35.5,128.0,63.0,0.0,0,36.5,29.0,42.0,0.0,0.0,0.0,0.0
1971,Scotty Cain,1,0,1,0.0,8.0,129.0,143.0,0.0,0,22.0,8.0,8.0,0.0,100.0,0.0,0.0
1974,Earle Canavan,6,0,0,0.0,19.17,,1477.0,0.0,0,28.0,14.0,30.0,0.0,0.0,0.0,0.0
1977,Rick Newsom,7,0,0,0.0,25.43,446.0,1240.0,0.0,0,26.71,16.0,29.0,0.0,0.0,0.0,0.0
1979,Randy Ogden,3,0,0,0.0,31.67,0.0,473.0,0.0,0,27.67,28.0,37.0,0.0,0.0,0.0,0.0
1984,Bobby Fox,1,0,0,0.0,25.0,88.0,352.0,0.0,0,36.0,25.0,25.0,0.0,0.0,0.0,0.0
1986,Delma Cowart,3,0,0,0.0,29.0,228.0,403.0,0.0,0,33.0,19.0,39.0,0.0,0.0,0.0,0.0
1997,Jack Sprague,1,0,0,0.0,40.0,43.0,256.0,0.0,0,40.0,40.0,40.0,0.0,0.0,0.0,0.0
2005,Anthony Lazzaro,1,0,0,0.0,28.0,79.0,92.0,0.0,1,38.0,28.0,28.0,0.0,0.0,0.0,0.0
2008,Mike Bliss,1,0,0,0.0,39.0,46.0,455.0,0.0,0,38.0,39.0,39.0,0.0,0.0,0.0,0.0
2018,Jesse Little,2,0,0,0.0,35.0,0.0,312.0,0.0,0,35.5,35.0,35.0,0.0,0.0,0.0,0.0
1951,O.A. Dean,1,0,0,0.0,18.0,,,0.0,0,12.0,18.0,18.0,0.0,0.0,0.0,
1952,Thomas Lechlider,1,0,0,0.0,32.0,,,0.0,0,37.0,32.0,32.0,0.0,0.0,0.0,
1953,Perk Brown,2,0,0,0.0,35.0,,14.0,0.0,0,16.0,27.0,43.0,0.0,0.0,0.0,0.0
1954,Jack Harrison,1,0,0,0.0,21.0,,19.0,0.0,0,,21.0,21.0,0.0,0.0,0.0,0.0
1974,Billy Scott,1,0,0,0.0,24.0,,262.0,0.0,0,22.0,24.0,24.0,0.0,0.0,0.0,0.0
1950,Sterling Long,1,0,0,0.0,26.0,,,0.0,0,,26.0,26.0,0.0,0.0,0.0,
1953,Cotton Owens,1,0,0,0.0,21.0,,274.0,0.0,0,,21.0,21.0,0.0,0.0,0.0,0.0
1961,Carl Joiner,1,0,0,0.0,20.0,144.0,125.0,0.0,0,13.0,20.0,20.0,0.0,0.0,0.0,0.0
1969,Dick Watson,1,0,0,0.0,17.0,34.0,171.0,0.0,0,23.0,17.0,17.0,0.0,0.0,0.0,0.0
1987,Chuck Schroedel,1,0,0,0.0,40.0,43.0,8.0,0.0,0,40.0,40.0,40.0,0.0,0.0,0.0,0.0
2006,Brian Simo,1,0,0,0.0,41.0,40.0,61.0,0.0,0,43.0,41.0,41.0,0.0,0.0,0.0,0.0
2016,Boris Said,1,0,0,0.0,24.0,17.0,90.0,0.0,1,37.0,24.0,24.0,0.0,0.0,0.0,0.0
1953,Bill Morgan,1,0,1,0.0,8.0,,185.0,0.0,0,,8.0,8.0,0.0,100.0,0.0,0.0
1956,Speedy Thompson,42,24,29,8.0,9.67,,6957.0,1854.0,14,5.12,1.0,71.0,57.14,69.05,19.05,26.65
1957,Pat Kirkwood,1,0,0,0.0,28.0,,,0.0,0,25.0,28.0,28.0,0.0,0.0,0.0,
1958,Kirby Miller,1,0,0,0.0,24.0,,152.0,0.0,0,41.0,24.0,24.0,0.0,0.0,0.0,0.0
1958,Bill Blair,2,0,0,0.0,22.0,,147.0,0.0,0,29.5,11.0,33.0,0.0,0.0,0.0,0.0
1959,Larry Odo,1,0,0,0.0,58.0,480.0,3.0,0.0,0,38.0,58.0,58.0,0.0,0.0,0.0,0.0
1961,Ed Markstellar,4,0,0,0.0,29.75,998.0,625.0,0.0,0,39.25,22.0,43.0,0.0,0.0,0.0,0.0
1967,G.C. Spencer,29,5,10,0.0,19.0,15240.0,4948.0,0.0,0,12.31,3.0,44.0,17.24,34.48,0.0,0.0
1969,Paul Dean Holt,14,0,0,0.0,22.43,485.0,1196.0,0.0,0,22.93,14.0,39.0,0.0,0.0,0.0,0.0
1970,Rod Eulenfeld,1,0,0,0.0,26.0,50.0,80.0,0.0,0,26.0,26.0,26.0,0.0,0.0,0.0,0.0
1971,Earl Brooks,35,1,4,0.0,20.63,2170.0,6757.0,0.0,0,25.74,4.0,37.0,2.86,11.43,0.0,0.0
1972,Walter Ballard,31,0,7,0.0,17.84,2052.0,8460.0,0.0,0,23.03,8.0,47.0,0.0,22.58,0.0,0.0
1974,Ray Hendrick,1,0,0,0.0,18.0,,179.0,0.0,0,10.0,18.0,18.0,0.0,0.0,0.0,0.0
1976,Richard Petty,30,19,22,3.0,8.97,4449.0,8941.0,1269.0,11,6.07,1.0,28.0,63.33,73.33,10.0,14.19
1977,J.D. McDuffie,30,0,4,0.0,18.53,3236.0,8252.0,1.0,0,18.8,8.0,33.0,0.0,13.33,0.0,0.01
1980,Lennie Pond,17,2,7,0.0,19.76,1558.0,3396.0,68.0,1,12.71,3.0,41.0,11.76,41.18,0.0,2.0
1982,Johnny McFadden,1,0,0,0.0,24.0,91.0,368.0,0.0,0,28.0,24.0,24.0,0.0,0.0,0.0,0.0
1983,David Pearson,10,1,4,0.0,22.1,943.0,1643.0,18.0,1,11.4,3.0,39.0,10.0,40.0,0.0,1.1
1985,Buddy Baker,28,2,7,0.0,19.32,2986.0,6297.0,4.0,1,19.96,4.0,39.0,7.14,25.0,0.0,0.06
1986,Geoff Bodine,29,10,15,2.0,15.38,3678.0,7791.0,1675.0,11,4.17,1.0,40.0,34.48,51.72,6.9,21.5
1993,Jeff Purvis,8,0,0,0.0,22.5,774.0,2491.0,3.0,0,27.38,13.0,39.0,0.0,0.0,0.0,0.12
1995,Darrell Waltrip,31,4,8,0.0,22.19,3078.0,8222.0,168.0,8,16.97,3.0,43.0,12.9,25.81,0.0,2.04
1997,Joe Nemechek,30,0,3,0.0,24.17,2754.0,8861.0,108.0,5,17.63,6.0,41.0,0.0,10.0,0.0,1.22
1999,Ted Musgrave,32,0,2,0.0,26.5,2689.0,9063.0,5.0,7,27.25,7.0,42.0,0.0,6.25,0.0,0.06
2001,Jeff Green,8,0,1,0.0,27.5,539.0,1758.0,71.0,3,18.75,9.0,42.0,0.0,12.5,0.0,4.04
2002,Tony Raines,7,0,0,0.0,36.14,382.0,1586.0,0.0,0,36.14,29.0,43.0,0.0,0.0,0.0,0.0
2005,Martin Truex Jr.,7,0,1,0.0,26.71,589.0,1506.0,4.0,2,20.14,7.0,42.0,0.0,14.29,0.0,0.27
2008,Dale Jarrett,5,0,0,0.0,30.2,367.0,1496.0,3.0,1,30.6,16.0,39.0,0.0,0.0,0.0,0.2
2012,Jamie McMurray,36,0,3,0.0,20.08,868.0,10206.0,58.0,17,21.31,7.0,39.0,0.0,8.33,0.0,0.57
2015,Jimmie Johnson,36,14,22,5.0,12.78,1155.0,10207.0,558.0,28,12.08,1.0,41.0,38.89,61.11,13.89,5.47
2015,Reed Sorenson,9,0,0,0.0,35.89,74.0,2586.0,1.0,1,38.44,32.0,41.0,0.0,0.0,0.0,0.04
2021,Cole Custer,36,0,2,0.0,21.31,575.0,8777.0,9.0,17,21.69,10.0,38.0,0.0,5.56,0.0,0.1
2023,Cole Custer,6,0,0,0.0,28.17,0.0,1025.0,0.0,3,30.0,24.0,35.0,0.0,0.0,0.0,0.0
1950,Ace Shearer,1,0,0,0.0,20.0,,129.0,0.0,0,,20.0,20.0,0.0,0.0,0.0,0.0
1951,Jack Fleming,1,0,0,0.0,34.0,,,0.0,0,,34.0,34.0,0.0,0.0,0.0,
1954,Gifford Wood,1,0,0,0.0,20.0,,152.0,0.0,0,,20.0,20.0,0.0,0.0,0.0,0.0
1955,Lou Spears,3,0,1,0.0,14.67,1272.0,708.0,0.0,0,31.0,7.0,25.0,0.0,33.33,0.0,0.0
1958,Pete Frazee,2,0,0,0.0,17.5,488.0,517.0,0.0,0,10.0,15.0,20.0,0.0,0.0,0.0,0.0
1962,Hank Grilliot,1,0,0,0.0,25.0,24.0,1.0,0.0,0,21.0,25.0,25.0,0.0,0.0,0.0,0.0
1966,Allen McMillion,1,0,0,0.0,21.0,100.0,250.0,0.0,0,21.0,21.0,21.0,0.0,0.0,0.0,0.0
1968,Larry Hess,1,0,0,0.0,34.0,54.0,0.0,0.0,0,31.0,34.0,34.0,0.0,0.0,0.0,
1979,Freddy Smith,2,0,0,0.0,17.0,0.0,765.0,0.0,0,34.0,16.0,18.0,0.0,0.0,0.0,0.0
1984,Dean Roper,3,0,0,0.0,21.67,294.0,500.0,0.0,0,27.67,16.0,28.0,0.0,0.0,0.0,0.0
2017,J.J. Yeley,4,0,0,0.0,30.0,0.0,1288.0,0.0,0,30.75,26.0,37.0,0.0,0.0,0.0,0.0
1956,Bill Osborne,1,0,0,0.0,17.0,,128.0,0.0,0,19.0,17.0,17.0,0.0,0.0,0.0,0.0
1965,Bob Grossman,1,0,0,0.0,16.0,0.0,13.0,0.0,0,18.0,16.0,16.0,0.0,0.0,0.0,0.0
1967,Jim Cook,1,0,0,0.0,23.0,1060.0,92.0,0.0,0,38.0,23.0,23.0,0.0,0.0,0.0,0.0
1981,Jimmy Insolo,2,0,0,0.0,33.0,73.0,41.0,0.0,0,26.0,30.0,36.0,0.0,0.0,0.0,0.0
1985,Bosco Lowe,1,0,0,0.0,17.0,0.0,171.0,0.0,0,37.0,17.0,17.0,0.0,0.0,0.0,0.0
2013,Michael Waltrip,4,2,2,0.0,15.75,114.0,740.0,4.0,3,18.0,4.0,32.0,50.0,50.0,0.0,0.54
1951,Paul Austin,1,0,0,0.0,22.0,,,0.0,0,,22.0,22.0,0.0,0.0,0.0,
1952,Stan Parnell,1,0,0,0.0,16.0,,159.0,0.0,0,20.0,16.0,16.0,0.0,0.0,0.0,0.0
1961,Pete Boland,2,0,0,0.0,19.5,234.0,217.0,0.0,0,18.0,12.0,27.0,0.0,0.0,0.0,0.0
1966,Ron Hornaday,1,0,1,0.0,10.0,2000.0,171.0,0.0,0,19.0,10.0,10.0,0.0,100.0,0.0,0.0
1981,John Gunn,1,0,0,0.0,25.0,88.0,67.0,0.0,0,30.0,25.0,25.0,0.0,0.0,0.0,0.0
1985,Donny Paul,1,0,0,0.0,35.0,58.0,156.0,0.0,0,29.0,35.0,35.0,0.0,0.0,0.0,0.0
1950,Joe Jernigan,2,0,0,0.0,17.5,,166.0,0.0,0,29.0,13.0,22.0,0.0,0.0,0.0,0.0
1950,Dick Soper,1,0,0,0.0,57.0,,282.0,0.0,0,50.0,57.0,57.0,0.0,0.0,0.0,0.0
1955,Charlie Cregar,2,0,0,0.0,32.5,24.0,47.0,0.0,0,21.0,23.0,42.0,0.0,0.0,0.0,0.0
1956,George Mantooth,1,0,0,0.0,31.0,,43.0,0.0,0,31.0,31.0,31.0,0.0,0.0,0.0,0.0
1956,Ted Sweeney,3,0,0,0.0,16.0,,377.0,0.0,0,16.33,14.0,18.0,0.0,0.0,0.0,0.0
1956,Ray Hendrick,2,0,0,0.0,39.0,,177.0,0.0,0,31.5,26.0,52.0,0.0,0.0,0.0,0.0
1958,Ralph Roberts,1,0,0,0.0,19.0,,160.0,0.0,0,30.0,19.0,19.0,0.0,0.0,0.0,0.0
1958,Bob Havemann,1,0,0,0.0,13.0,,91.0,0.0,0,22.0,13.0,13.0,0.0,0.0,0.0,0.0
1961,Ned Jarrett,46,23,34,1.0,7.61,27282.0,9813.0,615.0,6,8.35,1.0,24.0,50.0,73.91,2.17,6.27
1964,Walt Hansgen,2,2,2,0.0,3.0,0.0,113.0,0.0,0,9.5,3.0,3.0,100.0,100.0,0.0,0.0
1965,E.J. Trivette,38,0,7,0.0,15.74,13338.0,7453.0,0.0,0,21.24,6.0,34.0,0.0,18.42,0.0,0.0
1967,Gordon Johncock,6,1,1,0.0,28.67,0.0,685.0,1.0,0,15.5,5.0,43.0,16.67,16.67,0.0,0.15
1968,Charles Burnett,2,0,0,0.0,26.5,174.0,215.0,0.0,0,39.5,23.0,30.0,0.0,0.0,0.0,0.0
1970,Coo Coo Marlin,13,0,4,0.0,19.31,750.0,2531.0,2.0,0,27.46,6.0,34.0,0.0,30.77,0.0,0.08
1971,Bill Dennis,28,4,10,0.0,18.32,2183.0,6116.0,47.0,1,12.11,3.0,48.0,14.29,35.71,0.0,0.77
1972,Ed Negre,26,0,0,0.0,23.5,1430.0,5755.0,0.0,0,25.81,14.0,44.0,0.0,0.0,0.0,0.0
1976,Bobby Allison,30,15,19,0.0,11.67,4097.0,8735.0,360.0,6,5.17,2.0,33.0,50.0,63.33,0.0,4.12
1977,Chuck Bown,3,0,0,0.0,25.67,258.0,180.0,0.0,0,18.0,13.0,39.0,0.0,0.0,0.0,0.0
1979,Baxter Price,24,0,0,0.0,21.5,2364.0,6791.0,0.0,0,28.67,14.0,31.0,0.0,0.0,0.0,0.0
1984,Bob Riley,1,0,0,0.0,29.0,0.0,179.0,0.0,0,37.0,29.0,29.0,0.0,0.0,0.0,0.0
1988,Ken Ragan,5,0,0,0.0,33.4,314.0,731.0,0.0,0,31.4,30.0,41.0,0.0,0.0,0.0,0.0
1989,Morgan Shepherd,29,5,13,0.0,16.52,3403.0,7590.0,139.0,10,16.1,2.0,36.0,17.24,44.83,0.0,1.83
1991,Dale Earnhardt,29,14,21,4.0,8.62,4287.0,9541.0,1133.0,17,11.1,1.0,29.0,48.28,72.41,13.79,11.88
1994,Ernie Irvan,20,13,15,3.0,8.95,3026.0,5357.0,1777.0,14,6.55,1.0,37.0,65.0,75.0,15.0,33.17
2001,Buckshot Jones,30,0,0,0.0,32.9,1939.0,7819.0,2.0,2,31.6,16.0,43.0,0.0,0.0,0.0,0.03
2005,Kyle Busch,36,9,13,2.0,21.0,3778.0,9705.0,365.0,19,18.56,1.0,43.0,25.0,36.11,5.56,3.76
2007,Robby Gordon,35,1,2,0.0,25.8,3039.0,9656.0,58.0,9,33.89,5.0,41.0,2.86,5.71,0.0,0.6
2009,Michael McDowell,8,0,0,0.0,40.75,326.0,375.0,0.0,0,38.13,38.0,43.0,0.0,0.0,0.0,0.0
2011,Kyle Busch,35,14,18,4.0,13.0,1130.0,9829.0,1455.0,24,15.29,1.0,38.0,40.0,51.43,11.43,14.8
2016,Trevor Bayne,36,2,5,0.0,19.89,762.0,10260.0,34.0,21,20.44,3.0,40.0,5.56,13.89,0.0,0.33
1951,Jack Reynolds,2,0,1,0.0,10.0,,,0.0,0,,6.0,14.0,0.0,50.0,0.0,
1952,Clyde Minter,5,0,3,0.0,20.0,,620.0,0.0,0,12.4,7.0,65.0,0.0,60.0,0.0,0.0
1954,Bill Smith,3,0,1,0.0,19.67,,828.0,0.0,0,16.0,7.0,39.0,0.0,33.33,0.0,0.0
1969,Mel Gillette,1,0,0,0.0,40.0,0.0,50.0,0.0,0,41.0,40.0,40.0,0.0,0.0,0.0,0.0
1972,Marty Robbins,5,0,2,0.0,26.6,220.0,1096.0,0.0,0,19.2,8.0,50.0,0.0,40.0,0.0,0.0
1973,Bobby Unser,1,1,1,0.0,4.0,0.0,186.0,0.0,0,7.0,4.0,4.0,100.0,100.0,0.0,0.0
1983,Scott Miller,2,0,0,0.0,26.0,170.0,173.0,0.0,0,17.0,22.0,30.0,0.0,0.0,0.0,0.0
1953,Cotton Hodges,1,0,0,0.0,33.0,,32.0,0.0,0,25.0,33.0,33.0,0.0,0.0,0.0,0.0
1953,Ed Massey,1,0,0,0.0,13.0,,,0.0,0,,13.0,13.0,0.0,0.0,0.0,
1958,Gene Hege,1,0,0,0.0,25.0,40.0,85.0,0.0,0,31.0,25.0,25.0,0.0,0.0,0.0,0.0
1965,Bill Morton,5,0,0,0.0,27.8,1918.0,602.0,0.0,0,25.8,19.0,36.0,0.0,0.0,0.0,0.0
1965,Pete Stewart,2,0,0,0.0,31.0,224.0,2.0,0.0,0,31.0,25.0,37.0,0.0,0.0,0.0,0.0
1955,Dick Rathman,20,7,8,0.0,15.5,2116.0,2495.0,176.0,4,7.42,2.0,62.0,35.0,40.0,0.0,7.05
1956,Fred Steinbroner,1,0,0,0.0,21.0,,72.0,0.0,0,27.0,21.0,21.0,0.0,0.0,0.0,0.0
1957,Joe Bill O'Dell,1,0,0,0.0,31.0,,222.0,0.0,0,50.0,31.0,31.0,0.0,0.0,0.0,0.0
1959,Charles Sanchez,1,0,0,0.0,21.0,,35.0,0.0,0,14.0,21.0,21.0,0.0,0.0,0.0,0.0
1960,Paul Lewis,22,0,4,0.0,18.55,5060.0,3690.0,0.0,0,21.86,6.0,58.0,0.0,18.18,0.0,0.0
1961,Ed Livingston,10,0,0,0.0,24.5,1568.0,1477.0,0.0,0,29.7,13.0,38.0,0.0,0.0,0.0,0.0
1961,Ed Brown,1,0,0,0.0,17.0,144.0,74.0,0.0,0,,17.0,17.0,0.0,0.0,0.0,0.0
1965,A.J. Foyt,4,1,3,1.0,11.75,0.0,685.0,161.0,1,9.25,1.0,30.0,25.0,75.0,25.0,23.5
1965,Skip Hudson,1,0,0,0.0,20.0,900.0,90.0,0.0,0,13.0,20.0,20.0,0.0,0.0,0.0,0.0
1968,Red Farmer,7,1,1,0.0,29.57,404.0,928.0,1.0,0,19.71,4.0,43.0,14.29,14.29,0.0,0.11
1969,Hoss Ellington,15,0,4,0.0,18.33,1210.0,2988.0,0.0,0,18.73,7.0,32.0,0.0,26.67,0.0,0.0
1969,Ramo Stott,3,1,2,0.0,15.0,96.0,375.0,4.0,1,15.0,3.0,33.0,33.33,66.67,0.0,1.07
1970,Ray Johnstone,1,0,0,0.0,31.0,60.0,26.0,0.0,0,31.0,31.0,31.0,0.0,0.0,0.0,0.0
1973,Dave Marcis,23,3,6,0.0,21.35,1364.0,4905.0,0.0,0,17.83,4.0,40.0,13.04,26.09,0.0,0.0
1975,Jeff Handy,1,0,0,0.0,20.0,103.0,174.0,0.0,0,38.0,20.0,20.0,0.0,0.0,0.0,0.0
1975,Ray Elder,3,1,1,0.0,14.0,377.0,368.0,1.0,0,9.0,4.0,25.0,33.33,33.33,0.0,0.27
1978,Raymond Williams,1,0,0,0.0,29.0,76.0,74.0,0.0,0,21.0,29.0,29.0,0.0,0.0,0.0,0.0
1984,Jimmy Means,22,0,0,0.0,20.73,2218.0,7044.0,0.0,0,29.82,13.0,40.0,0.0,0.0,0.0,0.0
1985,Richard Petty,28,1,13,0.0,17.93,3140.0,7767.0,105.0,3,17.0,3.0,37.0,3.57,46.43,0.0,1.35
1989,Darrell Waltrip,29,14,18,6.0,11.9,3971.0,9334.0,858.0,15,8.45,1.0,38.0,48.28,62.07,20.69,9.19
1991,Tommy Kendall,1,0,0,0.0,18.0,114.0,74.0,12.0,1,5.0,18.0,18.0,0.0,0.0,0.0,16.22
1994,Morgan Shepherd,31,9,16,0.0,12.68,4029.0,9788.0,80.0,17,19.74,2.0,32.0,29.03,51.61,0.0,0.82
1995,Steve Kinser,5,0,0,0.0,35.2,287.0,958.0,0.0,0,34.4,27.0,41.0,0.0,0.0,0.0,0.0
1997,Kenny Irwin Jr.,4,0,1,0.0,22.5,390.0,1286.0,12.0,0,6.0,8.0,37.0,0.0,25.0,0.0,0.93
2003,Mike Wallace,14,0,2,0.0,26.21,1189.0,3072.0,7.0,4,31.86,9.0,42.0,0.0,14.29,0.0,0.23
2017,Joey Logano,36,10,17,1.0,15.17,952.0,10346.0,376.0,23,12.42,1.0,37.0,27.78,47.22,2.78,3.63
2018,Austin Dillon,36,2,8,1.0,17.47,746.0,9993.0,23.0,20,18.78,1.0,39.0,5.56,22.22,2.78,0.23
2019,Jimmie Johnson,36,3,12,0.0,17.36,832.0,9798.0,131.0,21,13.5,3.0,38.0,8.33,33.33,0.0,1.34
2019,Ryan Newman,36,3,14,0.0,14.56,869.0,10030.0,19.0,25,19.92,2.0,40.0,8.33,38.89,0.0,0.19
2023,Josh Berry,10,1,3,0.0,20.7,0.0,2661.0,13.0,6,27.0,2.0,34.0,10.0,30.0,0.0,0.49
1949,Buddy Helms,1,0,1,0.0,10.0,,,0.0,0,,10.0,10.0,0.0,100.0,0.0,
1952,Walt Carver,1,0,1,0.0,10.0,,188.0,0.0,0,20.0,10.0,10.0,0.0,100.0,0.0,0.0
1954,Bob Schwingle,1,0,0,0.0,17.0,,165.0,0.0,0,,17.0,17.0,0.0,0.0,0.0,0.0
1954,Joe Bell,1,0,0,0.0,48.0,,48.0,0.0,0,,48.0,48.0,0.0,0.0,0.0,0.0
1967,Gary Sain,4,0,1,0.0,27.75,724.0,399.0,0.0,0,28.25,6.0,42.0,0.0,25.0,0.0,0.0
1968,Roy Hallquist,1,0,0,0.0,28.0,48.0,51.0,0.0,0,36.0,28.0,28.0,0.0,0.0,0.0,0.0
1969,Bobby Unser,2,1,1,0.0,23.0,0.0,106.0,2.0,1,11.0,4.0,42.0,50.0,50.0,0.0,1.89
1974,Rick Newsom,2,0,0,0.0,18.0,,535.0,0.0,0,33.0,14.0,22.0,0.0,0.0,0.0,0.0
2005,J.J. Yeley,4,0,0,0.0,31.75,276.0,1026.0,1.0,0,23.25,25.0,39.0,0.0,0.0,0.0,0.1
2017,Kyle Weatherman,2,0,0,0.0,34.5,5.0,782.0,0.0,0,38.5,34.0,35.0,0.0,0.0,0.0,0.0
1966,Jack Bowsher,2,0,0,0.0,13.0,0.0,775.0,0.0,0,22.0,11.0,15.0,0.0,0.0,0.0,0.0
1973,A.J. Foyt,3,1,1,0.0,22.67,0.0,467.0,0.0,0,14.33,4.0,37.0,33.33,33.33,0.0,0.0
1974,Red Farmer,2,0,0,0.0,25.0,,329.0,0.0,0,12.5,23.0,27.0,0.0,0.0,0.0,0.0
1975,Dan Daughtry,2,0,0,0.0,42.0,74.0,9.0,0.0,0,26.5,38.0,46.0,0.0,0.0,0.0,0.0
1980,Nelson Oswald,2,0,0,0.0,29.0,152.0,184.0,0.0,0,32.5,20.0,38.0,0.0,0.0,0.0,0.0
1962,Frank Brantley,1,0,0,0.0,15.0,176.0,164.0,0.0,0,17.0,15.0,15.0,0.0,0.0,0.0,0.0
1966,Cliff Garner,1,0,0,0.0,27.0,600.0,98.0,0.0,0,29.0,27.0,27.0,0.0,0.0,0.0,0.0
1972,Gene Romero,1,0,0,0.0,39.0,24.0,105.0,0.0,0,36.0,39.0,39.0,0.0,0.0,0.0,0.0
1984,Jerry Churchill,1,0,0,0.0,34.0,61.0,118.0,0.0,0,32.0,34.0,34.0,0.0,0.0,0.0,0.0
2017,Boris Said,2,0,0,0.0,29.5,15.0,198.0,0.0,0,34.5,29.0,30.0,0.0,0.0,0.0,0.0
1950,Bill Henson,1,0,0,0.0,67.0,,200.0,0.0,0,17.0,67.0,67.0,0.0,0.0,0.0,0.0
1953,Joe Guide,2,0,0,0.0,34.0,,147.0,0.0,0,46.0,17.0,51.0,0.0,0.0,0.0,0.0
1956,Joe Bill McGraw,5,0,1,0.0,14.0,,424.0,0.0,0,18.2,10.0,17.0,0.0,20.0,0.0,0.0
1958,Billy Rafter,19,1,8,0.0,12.32,2524.0,3160.0,0.0,0,15.89,5.0,32.0,5.26,42.11,0.0,0.0
1958,Joe Weatherly,14,5,7,1.0,14.71,2420.0,2692.0,104.0,3,14.79,1.0,35.0,35.71,50.0,7.14,3.86
1959,Joe Eubanks,13,2,7,0.0,18.15,2480.0,1279.0,0.0,0,15.15,2.0,46.0,15.38,53.85,0.0,0.0
1959,George Green,18,0,5,0.0,18.22,720.0,3337.0,0.0,0,20.28,6.0,55.0,0.0,27.78,0.0,0.0
1962,Larry Thomas,37,3,12,0.0,14.92,11946.0,7268.0,0.0,0,17.95,4.0,35.0,8.11,32.43,0.0,0.0
1964,Jimmy Pardue,50,14,24,0.0,11.36,26570.0,9412.0,237.0,2,7.5,2.0,35.0,28.0,48.0,0.0,2.52
1971,Bobby Mausgrover,12,0,0,0.0,29.17,431.0,1418.0,0.0,0,28.08,14.0,47.0,0.0,0.0,0.0,0.0
1972,Mark Donohue,4,0,0,0.0,33.25,24.0,390.0,0.0,0,7.75,15.0,44.0,0.0,0.0,0.0,0.0
1973,Johnny Barnes,8,0,0,0.0,26.75,324.0,1416.0,0.0,0,33.13,15.0,42.0,0.0,0.0,0.0,0.0
1981,Jody Ridley,31,3,18,1.0,12.52,4002.0,8971.0,28.0,5,18.16,1.0,38.0,9.68,58.06,3.23,0.31
1981,Geoff Bodine,5,0,1,0.0,22.4,420.0,945.0,14.0,0,14.0,7.0,30.0,0.0,20.0,0.0,1.48
1990,Jimmy Spencer,26,0,2,0.0,21.65,2579.0,7576.0,10.0,1,26.27,8.0,41.0,0.0,7.69,0.0,0.13
1994,Ted Musgrave,31,1,8,0.0,17.42,3477.0,9236.0,50.0,6,20.0,5.0,41.0,3.23,25.81,0.0,0.54
2000,Derrike Cope,3,0,0,0.0,32.33,198.0,638.0,0.0,0,24.67,19.0,41.0,0.0,0.0,0.0,0.0
2004,Mark Martin,36,10,15,1.0,13.78,4597.0,10403.0,465.0,25,15.25,1.0,43.0,27.78,41.67,2.78,4.47
2013,Dale Earnhardt Jr.,36,10,22,0.0,12.64,1144.0,10256.0,342.0,28,13.86,2.0,39.0,27.78,61.11,0.0,3.33
2013,Mike Bliss,12,0,0,0.0,41.25,0.0,881.0,0.0,0,36.92,33.0,43.0,0.0,0.0,0.0,0.0
1950,Bill McGee,1,0,0,0.0,24.0,,,0.0,0,,24.0,24.0,0.0,0.0,0.0,
1951,Bill Rexford,11,0,1,0.0,20.91,,354.0,0.0,0,18.63,6.0,71.0,0.0,9.09,0.0,0.0
1951,Coleman Grant,1,0,0,0.0,20.0,,,0.0,0,23.0,20.0,20.0,0.0,0.0,0.0,
1954,Whitey Brainerd,2,0,1,0.0,10.0,,317.0,0.0,0,,7.0,13.0,0.0,50.0,0.0,0.0
1954,Joe Sheppard,1,0,0,0.0,37.0,,215.0,0.0,0,47.0,37.0,37.0,0.0,0.0,0.0,0.0
1954,Al Neal,1,0,0,0.0,55.0,,13.0,0.0,0,,55.0,55.0,0.0,0.0,0.0,0.0
1957,Buzz Wilson,1,0,0,0.0,16.0,,114.0,0.0,0,17.0,16.0,16.0,0.0,0.0,0.0,0.0
1959,Jerry Draper,6,0,3,0.0,15.5,0.0,1049.0,0.0,0,21.0,6.0,31.0,0.0,50.0,0.0,0.0
1974,A.J. Foyt,4,2,2,0.0,16.0,,612.0,72.0,0,13.25,4.0,29.0,50.0,50.0,0.0,11.76
1978,Frank Hill,1,0,0,0.0,37.0,0.0,37.0,0.0,0,39.0,37.0,37.0,0.0,0.0,0.0,0.0
1988,Larry Moyer,1,0,0,0.0,32.0,67.0,148.0,0.0,0,34.0,32.0,32.0,0.0,0.0,0.0,0.0
1990,Phil Barkdoll,3,0,0,0.0,33.33,189.0,202.0,0.0,0,32.33,30.0,39.0,0.0,0.0,0.0,0.0
1998,Ron Fellows,2,0,0,0.0,39.0,92.0,355.0,0.0,0,21.5,36.0,42.0,0.0,0.0,0.0,0.0
1959,Lennie Page,2,0,1,0.0,24.5,224.0,251.0,0.0,0,30.5,10.0,39.0,0.0,50.0,0.0,0.0
1964,Rene Charland,1,0,0,0.0,16.0,160.0,9.0,0.0,0,19.0,16.0,16.0,0.0,0.0,0.0,0.0
1970,Carl Joiner,1,0,0,0.0,37.0,42.0,23.0,0.0,0,26.0,37.0,37.0,0.0,0.0,0.0,0.0
1972,Ray Johnstone,1,0,0,0.0,26.0,50.0,62.0,0.0,0,25.0,26.0,26.0,0.0,0.0,0.0,0.0
1980,Joey Arrington,1,0,0,0.0,13.0,124.0,368.0,0.0,0,27.0,13.0,13.0,0.0,0.0,0.0,0.0
1982,Scott Miller,1,0,0,0.0,13.0,124.0,90.0,0.0,0,24.0,13.0,13.0,0.0,0.0,0.0,0.0
1949,Ted Chamberlain,2,0,0,0.0,12.0,,148.0,0.0,0,,11.0,13.0,0.0,0.0,0.0,0.0
1951,Len Fanelli,1,0,0,0.0,19.0,,,0.0,0,28.0,19.0,19.0,0.0,0.0,0.0,
1952,Possum Jones,1,0,0,0.0,47.0,,193.0,0.0,0,58.0,47.0,47.0,0.0,0.0,0.0,0.0
1953,Bill Jennings,1,0,1,0.0,9.0,,,0.0,0,11.0,9.0,9.0,0.0,100.0,0.0,
1982,Jerry Bowman,1,0,0,0.0,36.0,0.0,53.0,0.0,0,39.0,36.0,36.0,0.0,0.0,0.0,0.0
1984,Phil Barkdoll,2,0,0,0.0,30.0,146.0,212.0,0.0,0,18.5,25.0,35.0,0.0,0.0,0.0,0.0
2022,Jacques Villeneuve,1,0,0,0.0,22.0,15.0,198.0,0.0,0,40.0,22.0,22.0,0.0,0.0,0.0,0.0
1953,Mike Magill,3,0,0,0.0,21.67,,244.0,0.0,0,16.5,15.0,34.0,0.0,0.0,0.0,0.0
1955,Bob Welborn,32,12,25,0.0,8.81,5460.0,5291.0,31.0,3,11.0,2.0,30.0,37.5,78.13,0.0,0.59
1956,Dick Getty,3,0,0,0.0,24.0,,186.0,0.0,0,19.5,17.0,31.0,0.0,0.0,0.0,0.0
1961,Oren Prosser,1,0,0,0.0,19.0,112.0,73.0,0.0,0,,19.0,19.0,0.0,0.0,0.0,0.0
1963,Jimmy Massey,15,1,8,0.0,12.6,3840.0,3181.0,0.0,0,16.07,4.0,36.0,6.67,53.33,0.0,0.0
1966,Earl Brooks,9,0,1,0.0,23.22,1970.0,1671.0,0.0,0,25.44,7.0,37.0,0.0,11.11,0.0,0.0
1971,Ron Keselowski,20,0,6,0.0,20.2,1448.0,3046.0,0.0,0,19.95,7.0,40.0,0.0,30.0,0.0,0.0
1973,Peter Gregg,1,0,0,0.0,37.0,28.0,34.0,0.0,0,7.0,37.0,37.0,0.0,0.0,0.0,0.0
1976,Sonny Easley,7,0,2,0.0,17.71,772.0,1861.0,0.0,0,21.0,9.0,33.0,0.0,28.57,0.0,0.0
1978,Satch Worley,4,0,1,0.0,13.75,368.0,1298.0,0.0,0,23.5,9.0,18.0,0.0,25.0,0.0,0.0
1981,Connie Saylor,7,0,0,0.0,22.71,664.0,1267.0,0.0,0,28.57,11.0,40.0,0.0,0.0,0.0,0.0
1990,Rick Ware,1,0,0,0.0,36.0,55.0,42.0,0.0,0,35.0,36.0,36.0,0.0,0.0,0.0,0.0
1994,Mike Wallace,22,1,1,0.0,21.32,2191.0,6672.0,13.0,4,28.55,5.0,36.0,4.55,4.55,0.0,0.19
2002,Brett Bodine,32,0,0,0.0,30.78,2276.0,8817.0,3.0,3,32.69,13.0,42.0,0.0,0.0,0.0,0.03
2002,Geoff Bodine,10,1,2,0.0,27.0,803.0,1832.0,5.0,3,29.0,3.0,43.0,10.0,20.0,0.0,0.27
2004,Jeff Gordon,36,16,25,5.0,11.39,5042.0,10120.0,1237.0,28,9.58,1.0,41.0,44.44,69.44,13.89,12.22
2013,Regan Smith,6,0,2,0.0,16.33,0.0,1918.0,1.0,3,32.67,6.0,24.0,0.0,33.33,0.0,0.05
2014,Timmy Hill,11,0,0,0.0,38.36,62.0,2044.0,0.0,0,41.45,33.0,43.0,0.0,0.0,0.0,0.0
2020,Matt Kenseth,32,1,2,0.0,21.38,521.0,8337.0,13.0,16,19.03,2.0,40.0,3.13,6.25,0.0,0.16
2025,Ricky Stenhouse Jr.,36,1,3,0.0,22.89,562.0,8984.0,8.0,21,27.92,5.0,39.0,2.78,8.33,0.0,0.09
1950,Bob Dickson,6,0,2,0.0,18.83,,627.0,0.0,0,,8.0,36.0,0.0,33.33,0.0,0.0
1954,Peck Peckham,3,0,0,0.0,22.67,0.0,354.0,0.0,0,,20.0,24.0,0.0,0.0,0.0,0.0
1962,Matt DeMatthews,1,0,0,0.0,44.0,112.0,2.0,0.0,0,44.0,44.0,44.0,0.0,0.0,0.0,0.0
1969,Dick Bown,1,0,0,0.0,12.0,117.0,160.0,0.0,0,23.0,12.0,12.0,0.0,0.0,0.0,0.0
1969,Guy Jones,1,0,0,0.0,39.0,36.0,8.0,0.0,0,27.0,39.0,39.0,0.0,0.0,0.0,0.0
1969,Billy Taylor,2,0,0,0.0,31.0,46.0,65.0,0.0,0,25.0,14.0,48.0,0.0,0.0,0.0,0.0
2000,Joe Bessey,1,0,0,0.0,27.0,82.0,297.0,0.0,0,42.0,27.0,27.0,0.0,0.0,0.0,0.0
1950,Buster Williams,1,0,0,0.0,37.0,,,0.0,0,,37.0,37.0,0.0,0.0,0.0,
1952,Pepper Cunningham,1,0,0,0.0,26.0,,,0.0,0,9.0,26.0,26.0,0.0,0.0,0.0,
1957,Pete Cardenas,1,0,0,0.0,27.0,,9.0,0.0,0,23.0,27.0,27.0,0.0,0.0,0.0,0.0
1958,Axel Anderson,3,0,0,0.0,24.67,204.0,203.0,0.0,0,32.5,14.0,45.0,0.0,0.0,0.0,0.0
1971,Fritz Schultz,1,0,0,0.0,23.0,0.0,45.0,0.0,0,27.0,23.0,23.0,0.0,0.0,0.0,0.0
1979,Steve Spencer,2,0,0,0.0,16.0,230.0,556.0,0.0,0,13.0,12.0,20.0,0.0,0.0,0.0,0.0
1980,Dave Dion,4,0,1,0.0,17.75,441.0,1075.0,0.0,0,26.0,9.0,31.0,0.0,25.0,0.0,0.0
1987,Jim Fitzgerald,1,0,0,0.0,17.0,112.0,93.0,0.0,0,37.0,17.0,17.0,0.0,0.0,0.0,0.0
1996,Lance Hooper,1,0,0,0.0,33.0,64.0,302.0,0.0,0,43.0,33.0,33.0,0.0,0.0,0.0,0.0
1951,Art Plas,1,0,0,0.0,15.0,,,0.0,0,,15.0,15.0,0.0,0.0,0.0,
1960,Brownie Brown,1,0,0,0.0,32.0,24.0,12.0,0.0,0,24.0,32.0,32.0,0.0,0.0,0.0,0.0
1988,Joe Booher,1,0,0,0.0,38.0,49.0,272.0,0.0,0,38.0,38.0,38.0,0.0,0.0,0.0,0.0
2004,Tony Ave,1,0,0,0.0,31.0,70.0,84.0,0.0,0,42.0,31.0,31.0,0.0,0.0,0.0,0.0
1955,Britton Jones,1,0,0,0.0,27.0,10.0,11.0,0.0,0,23.0,27.0,27.0,0.0,0.0,0.0,0.0
1957,Gus Wilson,2,0,0,0.0,21.0,,260.0,0.0,0,23.5,18.0,24.0,0.0,0.0,0.0,0.0
1959,Buck Baker,35,14,19,1.0,11.77,5558.0,6056.0,183.0,6,10.86,1.0,42.0,40.0,54.29,2.86,3.02
1961,Lee Petty,3,2,2,1.0,6.33,502.0,433.0,126.0,1,9.67,1.0,15.0,66.67,66.67,33.33,29.1
1964,Cotton Farmer,2,0,0,0.0,19.0,256.0,289.0,0.0,0,22.0,18.0,20.0,0.0,0.0,0.0,0.0
1966,Roy Tyner,26,0,4,0.0,18.62,4248.0,3511.0,0.0,0,23.62,7.0,37.0,0.0,15.38,0.0,0.0
1966,Walter Ballard,1,0,0,0.0,20.0,560.0,234.0,0.0,0,29.0,20.0,20.0,0.0,0.0,0.0,0.0
1967,Jack Etheridge,3,0,0,0.0,22.33,508.0,160.0,0.0,0,22.33,13.0,38.0,0.0,0.0,0.0,0.0
1968,Richard Petty,49,31,35,16.0,8.39,2991.0,12254.0,4242.0,23,3.47,1.0,38.0,63.27,71.43,32.65,34.62
1969,Buck Baker,1,0,0,0.0,18.0,0.0,108.0,0.0,0,28.0,18.0,18.0,0.0,0.0,0.0,0.0
1970,Glenn Francis,1,0,0,0.0,20.0,0.0,95.0,0.0,0,36.0,20.0,20.0,0.0,0.0,0.0,0.0
1971,Dick Bown,4,0,0,0.0,28.75,213.0,415.0,0.0,0,15.5,16.0,39.0,0.0,0.0,0.0,0.0
1972,Bobby Mausgrover,6,0,0,0.0,30.67,244.0,655.0,0.0,0,36.33,19.0,39.0,0.0,0.0,0.0,0.0
1973,Charlie Blanton,1,0,0,0.0,20.0,62.0,351.0,0.0,0,19.0,20.0,20.0,0.0,0.0,0.0,0.0
1977,Grant Adcox,6,0,0,0.0,26.5,413.0,776.0,0.0,0,22.83,15.0,37.0,0.0,0.0,0.0,0.0
1980,Dick May,21,0,2,0.0,20.43,1211.0,5767.0,0.0,0,28.48,7.0,32.0,0.0,9.52,0.0,0.0
1982,Jocko Maggiacomo,4,0,0,0.0,30.0,207.0,411.0,0.0,0,31.75,26.0,34.0,0.0,0.0,0.0,0.0
1988,Eddie Bierschwale,20,0,0,0.0,29.65,1481.0,4106.0,0.0,0,26.1,14.0,40.0,0.0,0.0,0.0,0.0
1994,Ricky Rudd,31,6,15,1.0,12.26,4050.0,9728.0,194.0,14,17.1,1.0,32.0,19.35,48.39,3.23,1.99
1996,Mike Wallace,11,0,0,0.0,30.27,799.0,2876.0,3.0,0,32.45,17.0,44.0,0.0,0.0,0.0,0.1
2000,Bill Elliott,32,3,7,0.0,21.19,3267.0,8636.0,111.0,13,13.75,3.0,43.0,9.38,21.88,0.0,1.29
2003,Terry Labonte,36,4,9,1.0,16.69,4162.0,10490.0,118.0,21,20.44,1.0,39.0,11.11,25.0,2.78,1.12
2007,Brian Vickers,23,1,5,0.0,25.13,2065.0,5856.0,106.0,13,22.96,5.0,43.0,4.35,21.74,0.0,1.81
2009,David Reutimann,36,5,10,1.0,16.36,4221.0,10408.0,101.0,28,15.89,1.0,36.0,13.89,27.78,2.78,0.97
2009,Robert Richardson Jr.,1,0,0,0.0,18.0,109.0,191.0,0.0,1,41.0,18.0,18.0,0.0,0.0,0.0,0.0
2014,Casey Mears,36,1,3,0.0,22.33,782.0,10405.0,4.0,18,25.53,4.0,38.0,2.78,8.33,0.0,0.04
2014,Greg Biffle,36,3,11,0.0,16.44,1000.0,10350.0,110.0,27,18.72,2.0,41.0,8.33,30.56,0.0,1.06
2016,Ty Dillon,11,0,0,0.0,24.0,0.0,3212.0,3.0,4,27.09,15.0,33.0,0.0,0.0,0.0,0.09
2020,Kevin Harvick,36,20,27,9.0,7.33,1394.0,9911.0,1531.0,33,7.67,1.0,26.0,55.56,75.0,25.0,15.45
2020,Quin Houff,36,0,0,0.0,31.33,214.0,8974.0,0.0,3,32.19,13.0,40.0,0.0,0.0,0.0,0.0
2023,Chase Briscoe,36,4,8,0.0,20.33,654.0,9160.0,184.0,24,18.53,4.0,35.0,11.11,22.22,0.0,2.01
2024,Noah Gragson,36,1,7,0.0,19.56,647.0,9174.0,13.0,22,21.61,3.0,38.0,2.78,19.44,0.0,0.14
1952,Bill Widenhouse,2,0,0,0.0,17.5,,181.0,0.0,0,23.0,15.0,20.0,0.0,0.0,0.0,0.0
1952,Pete Toth,1,0,0,0.0,17.0,,125.0,0.0,0,24.0,17.0,17.0,0.0,0.0,0.0,0.0
1962,Jim Bray,3,0,0,0.0,17.33,480.0,362.0,0.0,0,23.0,13.0,23.0,0.0,0.0,0.0,0.0
2001,Anthony Lazzaro,1,0,0,0.0,34.0,61.0,88.0,0.0,0,31.0,34.0,34.0,0.0,0.0,0.0,0.0
2014,Morgan Shepherd,2,0,0,0.0,41.0,0.0,306.0,0.0,0,42.5,39.0,43.0,0.0,0.0,0.0,0.0
1951,Jerry Carver,2,0,0,0.0,14.5,,,0.0,0,,11.0,18.0,0.0,0.0,0.0,
1953,Bud Rinaldo,1,0,0,0.0,15.0,,,0.0,0,,15.0,15.0,0.0,0.0,0.0,
1953,Keith Lucas,1,0,1,0.0,10.0,,143.0,0.0,0,,10.0,10.0,0.0,100.0,0.0,0.0
1953,Harold Nash,2,0,0,0.0,22.0,,,0.0,0,,19.0,25.0,0.0,0.0,0.0,
1964,Clem Proctor,1,0,0,0.0,39.0,100.0,15.0,0.0,0,25.0,39.0,39.0,0.0,0.0,0.0,0.0
1986,Tom Bigelow,1,0,0,0.0,40.0,43.0,58.0,0.0,0,38.0,40.0,40.0,0.0,0.0,0.0,0.0
1989,Jack Pennington,2,0,0,0.0,28.0,91.0,580.0,0.0,0,28.0,24.0,32.0,0.0,0.0,0.0,0.0
2024,Joey Gase,1,0,0,0.0,20.0,0.0,164.0,0.0,1,39.0,20.0,20.0,0.0,0.0,0.0,0.0
1949,Frank Matthews,1,0,0,0.0,13.0,,,0.0,0,,13.0,13.0,0.0,0.0,0.0,
1951,Buck Baity,1,0,0,0.0,61.0,,248.0,0.0,0,77.0,61.0,61.0,0.0,0.0,0.0,0.0
1951,Bob White,1,0,0,0.0,27.0,,,0.0,0,,27.0,27.0,0.0,0.0,0.0,
1968,Bo Reeder,1,0,0,0.0,40.0,0.0,4.0,0.0,0,44.0,40.0,40.0,0.0,0.0,0.0,0.0
1979,Butch Hartman,1,0,0,0.0,14.0,121.0,351.0,0.0,0,27.0,14.0,14.0,0.0,0.0,0.0,0.0
1952,Fonty Flock,29,14,17,2.0,9.97,,3906.0,1014.0,6,5.36,1.0,47.0,48.28,58.62,6.9,25.96
1953,Lee Petty,36,26,32,5.0,4.83,0.0,3220.0,254.0,8,13.22,1.0,19.0,72.22,88.89,13.89,7.89
1956,Joy Fair,2,0,1,0.0,36.5,,192.0,0.0,0,25.0,9.0,64.0,0.0,50.0,0.0,0.0
1956,Billy Carden,23,0,4,0.0,17.0,,2831.0,0.0,0,13.78,6.0,36.0,0.0,17.39,0.0,0.0
1958,Brownie King,24,0,5,0.0,14.71,1524.0,4245.0,0.0,0,20.96,8.0,35.0,0.0,20.83,0.0,0.0
1960,Cotton Owens,14,5,5,1.0,15.43,4390.0,2121.0,116.0,4,5.21,1.0,51.0,35.71,35.71,7.14,5.47
1963,G.C. Spencer,30,4,12,0.0,14.57,13520.0,4897.0,30.0,1,12.17,2.0,35.0,13.33,40.0,0.0,0.61
1965,Larry Frank,9,1,1,0.0,23.33,2354.0,1009.0,33.0,0,8.33,4.0,41.0,11.11,11.11,0.0,3.27
1968,Walson Gardner,14,0,2,0.0,18.79,677.0,3546.0,0.0,0,26.07,8.0,30.0,0.0,14.29,0.0,0.0
1969,Don Schissler,1,0,0,0.0,36.0,0.0,0.0,0.0,0,30.0,36.0,36.0,0.0,0.0,0.0,
1971,Kevin Terris,4,0,2,0.0,20.5,291.0,519.0,0.0,0,23.75,7.0,42.0,0.0,50.0,0.0,0.0
1971,Dave Marcis,29,9,14,0.0,16.79,2049.0,6460.0,331.0,0,9.76,2.0,40.0,31.03,48.28,0.0,5.12
1976,Dick May,19,0,0,0.0,22.16,1719.0,4643.0,0.0,0,32.42,14.0,38.0,0.0,0.0,0.0,0.0
1980,Don Waterman,2,0,0,0.0,22.5,191.0,250.0,0.0,0,32.0,20.0,25.0,0.0,0.0,0.0,0.0
1981,Joe Fields,6,0,0,0.0,21.5,418.0,1681.0,0.0,0,25.67,15.0,28.0,0.0,0.0,0.0,0.0
1986,Bill Elliott,29,8,16,2.0,12.45,3844.0,8549.0,511.0,8,8.97,1.0,35.0,27.59,55.17,6.9,5.98
1987,Darrell Waltrip,29,6,16,1.0,11.21,3911.0,8996.0,310.0,9,12.34,1.0,30.0,20.69,55.17,3.45,3.45
1989,Jim Sauter,17,0,2,0.0,24.88,1510.0,3974.0,8.0,1,32.18,9.0,40.0,0.0,11.76,0.0,0.2
1991,Robert Sprague,1,0,0,0.0,39.0,51.0,54.0,1.0,0,43.0,39.0,39.0,0.0,0.0,0.0,1.85
1993,H.B. Bailey,2,0,0,0.0,34.5,119.0,238.0,0.0,0,40.0,32.0,37.0,0.0,0.0,0.0,0.0
2000,Elliott Sadler,33,0,1,0.0,26.73,2762.0,8644.0,6.0,8,27.09,7.0,43.0,0.0,3.03,0.0,0.07
2001,John Andretti,35,1,2,0.0,26.57,2943.0,9994.0,53.0,7,22.54,2.0,39.0,2.86,5.71,0.0,0.53
2004,Joe Ruttman,7,0,0,0.0,42.57,247.0,64.0,0.0,0,38.71,41.0,43.0,0.0,0.0,0.0,0.0
2006,Kevin Lepage,22,0,0,0.0,34.32,1346.0,5544.0,5.0,2,32.86,21.0,43.0,0.0,0.0,0.0,0.09
2010,Bill Elliott,13,0,0,0.0,26.08,1107.0,3315.0,1.0,6,29.85,15.0,40.0,0.0,0.0,0.0,0.03
2012,David Stremme,28,0,0,0.0,35.57,236.0,3612.0,0.0,1,32.57,24.0,40.0,0.0,0.0,0.0,0.0
1951,Frank Travers,1,0,0,0.0,37.0,,,0.0,0,35.0,37.0,37.0,0.0,0.0,0.0,
1951,Sam Hawks,3,1,1,0.0,17.0,,,0.0,0,25.0,4.0,26.0,33.33,33.33,0.0,
1958,Frank Lies,1,0,0,0.0,34.0,40.0,33.0,0.0,0,27.0,34.0,34.0,0.0,0.0,0.0,0.0
1965,Fred Goad,1,0,0,0.0,19.0,112.0,2.0,0.0,0,12.0,19.0,19.0,0.0,0.0,0.0,0.0
1969,Jerry Oliver,1,0,0,0.0,31.0,60.0,48.0,0.0,0,26.0,31.0,31.0,0.0,0.0,0.0,0.0
1970,Bobby Mausgrover,3,0,0,0.0,34.0,153.0,144.0,0.0,0,35.33,28.0,38.0,0.0,0.0,0.0,0.0
1987,Kirk Bryant,1,0,0,0.0,34.0,61.0,205.0,0.0,0,24.0,34.0,34.0,0.0,0.0,0.0,0.0
1989,Phil Barkdoll,4,0,0,0.0,23.25,378.0,658.0,2.0,0,22.5,15.0,32.0,0.0,0.0,0.0,0.3
2012,Danica Patrick,10,0,0,0.0,28.3,0.0,3115.0,0.0,1,36.1,17.0,38.0,0.0,0.0,0.0,0.0
1953,Marion Edwards,2,0,0,0.0,24.5,,197.0,0.0,0,36.5,13.0,36.0,0.0,0.0,0.0,0.0
1982,Earle Canavan,2,0,0,0.0,38.0,52.0,76.0,0.0,0,33.5,37.0,39.0,0.0,0.0,0.0,0.0
1992,Tommy Kendall,1,0,0,0.0,13.0,124.0,74.0,0.0,1,14.0,13.0,13.0,0.0,0.0,0.0,0.0
2018,Daniel Hemric,2,0,0,0.0,27.5,0.0,508.0,0.0,1,16.5,23.0,32.0,0.0,0.0,0.0,0.0
1954,Dick Stone,1,0,0,0.0,22.0,,12.0,0.0,0,,22.0,22.0,0.0,0.0,0.0,0.0
1955,Bud Palmer,1,0,0,0.0,21.0,,36.0,0.0,0,29.0,21.0,21.0,0.0,0.0,0.0,0.0
1962,Herb Thomas,1,0,0,0.0,14.0,312.0,377.0,0.0,0,23.0,14.0,14.0,0.0,0.0,0.0,0.0
1975,Gordon Johncock,1,0,0,0.0,36.0,0.0,47.0,0.0,0,9.0,36.0,36.0,0.0,0.0,0.0,0.0
1997,Ron Barfield Jr.,1,0,0,0.0,22.0,97.0,160.0,0.0,1,23.0,22.0,22.0,0.0,0.0,0.0,0.0
1951,Oda Greene,6,2,3,0.0,15.17,,173.0,0.0,0,37.0,3.0,28.0,33.33,50.0,0.0,0.0
1953,Johnny Zeke,2,0,0,0.0,32.5,,84.0,0.0,0,8.0,22.0,43.0,0.0,0.0,0.0,0.0
1956,Jim Cushman,1,0,0,0.0,27.0,,,0.0,0,45.0,27.0,27.0,0.0,0.0,0.0,
1957,R.L. Combs,3,0,0,0.0,18.67,,123.0,0.0,0,16.0,13.0,23.0,0.0,0.0,0.0,0.0
1958,Gene White,9,0,2,0.0,14.44,1536.0,1641.0,0.0,0,14.78,6.0,24.0,0.0,22.22,0.0,0.0
1958,Dick Carter,1,0,0,0.0,18.0,,86.0,0.0,0,20.0,18.0,18.0,0.0,0.0,0.0,0.0
1960,John Dodd Jr.,2,0,0,0.0,27.5,90.0,51.0,0.0,0,19.0,19.0,36.0,0.0,0.0,0.0,0.0
1961,Banjo Matthews,14,1,3,0.0,21.93,4924.0,2020.0,230.0,1,7.29,4.0,36.0,7.14,21.43,0.0,11.39
1963,Reb Wickersham,14,0,1,0.0,19.14,3426.0,3501.0,0.0,0,23.36,10.0,46.0,0.0,7.14,0.0,0.0
1963,Fred Harb,16,2,7,0.0,13.56,3386.0,2563.0,0.0,0,14.44,2.0,30.0,12.5,43.75,0.0,0.0
1967,Dick Johnson (California),23,0,0,0.0,20.78,3954.0,2646.0,0.0,0,18.83,12.0,42.0,0.0,0.0,0.0,0.0
1968,Darel Dieringer,18,5,8,0.0,16.56,1515.0,4411.0,159.0,1,8.89,2.0,35.0,27.78,44.44,0.0,3.6
1968,Don Tarr,12,0,0,0.0,26.17,824.0,1941.0,0.0,0,30.83,14.0,45.0,0.0,0.0,0.0,0.0
1972,Jabe Thomas,28,0,4,0.0,19.61,1756.0,7132.0,0.0,0,26.86,8.0,37.0,0.0,14.29,0.0,0.0
1976,Bill Champion,3,0,0,0.0,24.33,270.0,530.0,0.0,0,19.0,16.0,29.0,0.0,0.0,0.0,0.0
1977,Don Puskarich,2,0,0,0.0,29.0,152.0,51.0,0.0,0,32.5,28.0,30.0,0.0,0.0,0.0,0.0
1989,Richard Petty,25,0,0,0.0,25.76,2148.0,5567.0,9.0,1,27.6,13.0,42.0,0.0,0.0,0.0,0.16
1999,Johnny Benson Jr.,34,0,2,0.0,25.03,3012.0,9362.0,8.0,7,30.32,7.0,43.0,0.0,5.88,0.0,0.09
2006,Scott Riggs,35,1,8,0.0,20.34,3619.0,10077.0,132.0,24,19.49,4.0,41.0,2.86,22.86,0.0,1.31
1951,John DuBoise,3,1,1,0.0,15.67,,211.0,0.0,0,12.0,4.0,28.0,33.33,33.33,0.0,0.0
1954,Van Van Wey,3,0,0,0.0,19.67,,629.0,0.0,0,43.0,12.0,29.0,0.0,0.0,0.0,0.0
1957,Jim Linke,4,0,1,0.0,15.0,,361.0,0.0,0,17.25,7.0,21.0,0.0,25.0,0.0,0.0
1960,Don O'Dell,1,0,0,0.0,39.0,76.0,90.0,0.0,0,20.0,39.0,39.0,0.0,0.0,0.0,0.0
1965,Reb Wickersham,7,0,2,0.0,21.43,4322.0,906.0,0.0,0,20.71,8.0,43.0,0.0,28.57,0.0,0.0
1968,Ken Meisenhelder,1,0,0,0.0,14.0,38.0,103.0,0.0,0,24.0,14.0,14.0,0.0,0.0,0.0,0.0
1978,Elmo Langley,3,0,0,0.0,27.33,243.0,482.0,0.0,0,26.0,16.0,37.0,0.0,0.0,0.0,0.0
1983,Glenn Francis,2,0,0,0.0,21.0,200.0,179.0,0.0,0,29.5,14.0,28.0,0.0,0.0,0.0,0.0
1991,Randy LaJoie,4,0,0,0.0,29.0,304.0,1080.0,0.0,0,30.75,24.0,32.0,0.0,0.0,0.0,0.0
1993,Chad Little,3,0,0,0.0,30.33,216.0,775.0,0.0,0,31.33,24.0,34.0,0.0,0.0,0.0,0.0
2024,David Starr,1,0,0,0.0,37.0,0.0,311.0,0.0,0,37.0,37.0,37.0,0.0,0.0,0.0,0.0
1951,Red Harrelson,1,0,0,0.0,23.0,,,0.0,0,1.0,23.0,23.0,0.0,0.0,0.0,
1952,Jim Mayes,1,0,0,0.0,34.0,,,0.0,0,12.0,34.0,34.0,0.0,0.0,0.0,
1954,Bill Harrison,1,0,0,0.0,27.0,,,0.0,0,,27.0,27.0,0.0,0.0,0.0,
1957,Shorty York,2,0,0,0.0,28.5,,188.0,0.0,0,23.0,21.0,36.0,0.0,0.0,0.0,0.0
1958,Cecil Grubbs,1,0,0,0.0,24.0,,79.0,0.0,0,24.0,24.0,24.0,0.0,0.0,0.0,0.0
1972,Ray Hendrick,1,0,0,0.0,25.0,0.0,311.0,0.0,0,17.0,25.0,25.0,0.0,0.0,0.0,0.0
1995,Wally Dallenbach Jr.,2,1,1,0.0,20.5,221.0,131.0,21.0,1,22.0,2.0,39.0,50.0,50.0,0.0,16.03
2020,Justin Haley,2,0,0,0.0,12.0,0.0,409.0,0.0,2,34.0,11.0,13.0,0.0,0.0,0.0,0.0
1949,Bob Cameron,1,0,0,0.0,14.0,,,0.0,0,,14.0,14.0,0.0,0.0,0.0,
1950,Augie Walackas,1,0,0,0.0,25.0,,,0.0,0,,25.0,25.0,0.0,0.0,0.0,
1952,Hank Pollard,1,0,0,0.0,19.0,,4.0,0.0,0,17.0,19.0,19.0,0.0,0.0,0.0,0.0
1961,Frank Graham,1,0,0,0.0,27.0,60.0,140.0,0.0,0,31.0,27.0,27.0,0.0,0.0,0.0,0.0
1963,Bob Bondurant,1,0,0,0.0,29.0,64.0,44.0,0.0,0,35.0,29.0,29.0,0.0,0.0,0.0,0.0
1965,Elmo Henderson,1,0,0,0.0,11.0,240.0,101.0,0.0,0,4.0,11.0,11.0,0.0,0.0,0.0,0.0
2013,Jason Leffler,1,0,0,0.0,43.0,1.0,8.0,0.0,0,42.0,43.0,43.0,0.0,0.0,0.0,0.0
1953,Matt Gowan,2,0,0,0.0,36.0,,250.0,0.0,0,38.0,32.0,40.0,0.0,0.0,0.0,0.0
1955,Ken Fisher,9,0,1,0.0,23.56,388.0,453.0,0.0,0,18.33,10.0,47.0,0.0,11.11,0.0,0.0
1955,Speedy Thompson,15,3,5,2.0,14.73,2452.0,1910.0,222.0,3,7.67,1.0,45.0,20.0,33.33,13.33,11.62
1958,Bob Price,2,0,0,0.0,28.0,,146.0,0.0,0,26.0,28.0,28.0,0.0,0.0,0.0,0.0
1958,Bob Seharns,1,0,0,0.0,11.0,,131.0,0.0,0,19.0,11.0,11.0,0.0,0.0,0.0,0.0
1958,Tommy Irwin,5,2,3,0.0,10.2,,1255.0,0.0,0,16.5,3.0,21.0,40.0,60.0,0.0,0.0
1959,Dick Getty,2,0,0,0.0,28.0,,138.0,0.0,0,24.0,26.0,30.0,0.0,0.0,0.0,0.0
1960,George Green,3,0,0,0.0,30.0,270.0,237.0,0.0,0,33.0,12.0,55.0,0.0,0.0,0.0,0.0
1962,Neil Castles,8,0,1,0.0,19.13,988.0,547.0,0.0,0,19.75,10.0,31.0,0.0,12.5,0.0,0.0
1963,Darel Dieringer,20,7,15,1.0,9.1,20948.0,5522.0,84.0,1,10.15,1.0,25.0,35.0,75.0,5.0,1.52
1964,Frank Brantley,2,0,0,0.0,14.0,420.0,262.0,0.0,0,9.5,11.0,17.0,0.0,0.0,0.0,0.0
1966,"Eddie MacDonald (Tifton, GA)",3,0,1,0.0,20.0,2904.0,494.0,0.0,0,27.67,8.0,34.0,0.0,33.33,0.0,0.0
1970,Bill Champion,38,0,6,0.0,18.08,2350.0,7493.0,0.0,0,19.26,7.0,40.0,0.0,15.79,0.0,0.0
1971,Hershel McGriff,3,0,0,0.0,20.33,276.0,397.0,4.0,0,9.0,12.0,28.0,0.0,0.0,0.0,1.01
1972,Clarence Lovell,12,0,0,0.0,26.17,623.0,2202.0,0.0,0,20.83,12.0,40.0,0.0,0.0,0.0,0.0
1975,Jimmy Insolo,4,0,1,0.0,26.5,343.0,296.0,18.0,0,10.75,7.0,39.0,0.0,25.0,0.0,6.08
1977,Buddy Arrington,28,0,5,0.0,15.79,3247.0,8601.0,0.0,0,23.68,7.0,38.0,0.0,17.86,0.0,0.0
1977,Frank Warren,29,0,1,0.0,21.34,2876.0,6466.0,1.0,0,24.21,10.0,35.0,0.0,3.45,0.0,0.02
1978,Dave Marcis,30,14,24,0.0,8.7,4335.0,9672.0,115.0,5,8.57,2.0,35.0,46.67,80.0,0.0,1.19
1979,Benny Parsons,31,16,21,2.0,11.26,4256.0,9335.0,736.0,7,7.0,1.0,34.0,51.61,67.74,6.45,7.88
1985,Tim Richmond,28,3,13,0.0,15.29,3413.0,8199.0,377.0,5,12.64,2.0,40.0,10.71,46.43,0.0,4.6
1989,Derrike Cope,23,0,4,0.0,23.17,2180.0,5382.0,5.0,3,18.96,6.0,40.0,0.0,17.39,0.0,0.09
1990,Jack Sellers,1,0,0,0.0,40.0,0.0,41.0,0.0,0,44.0,40.0,40.0,0.0,0.0,0.0,0.0
1993,Dale Jarrett,30,13,18,1.0,12.37,4000.0,9149.0,263.0,17,19.7,1.0,32.0,43.33,60.0,3.33,2.87
1993,Ritchie Petty,3,0,0,0.0,32.67,195.0,364.0,0.0,0,36.67,25.0,41.0,0.0,0.0,0.0,0.0
1994,Lake Speed,31,4,9,0.0,16.77,3565.0,9111.0,39.0,10,29.26,3.0,40.0,12.9,29.03,0.0,0.43
1999,Mike Skinner,34,5,14,0.0,16.62,4003.0,9732.0,465.0,15,13.82,3.0,42.0,14.71,41.18,0.0,4.78
2000,Dave Marcis,11,0,0,0.0,32.73,723.0,3172.0,14.0,0,35.18,23.0,41.0,0.0,0.0,0.0,0.44
2012,Josh Wise,30,0,0,0.0,39.13,147.0,1590.0,3.0,0,33.17,30.0,43.0,0.0,0.0,0.0,0.19
2017,Martin Truex Jr.,36,19,26,8.0,9.42,1466.0,10368.0,2253.0,29,6.78,1.0,37.0,52.78,72.22,22.22,21.73
2018,Kurt Busch,36,6,22,1.0,12.11,1210.0,9992.0,644.0,26,8.78,1.0,37.0,16.67,61.11,2.78,6.45
2025,Zane Smith,36,1,5,0.0,21.08,615.0,9265.0,22.0,24,20.06,3.0,39.0,2.78,13.89,0.0,0.24
1951,Eddie Sheeler,2,0,0,0.0,22.0,,,0.0,0,32.0,20.0,24.0,0.0,0.0,0.0,
1953,Don Price,1,0,0,0.0,20.0,,,0.0,0,,20.0,20.0,0.0,0.0,0.0,
1954,Dick Hallock,3,0,0,0.0,30.67,,388.0,0.0,0,,27.0,34.0,0.0,0.0,0.0,0.0
1954,Ronnie Kohler,2,0,1,0.0,21.5,,368.0,0.0,0,,10.0,33.0,0.0,50.0,0.0,0.0
1955,Woody Arrington,1,0,0,0.0,25.0,8.0,4.0,0.0,0,21.0,25.0,25.0,0.0,0.0,0.0,0.0
1956,Lucky Long,1,0,0,0.0,14.0,,180.0,0.0,0,23.0,14.0,14.0,0.0,0.0,0.0,0.0
1956,Jack Richardson,1,0,0,0.0,27.0,,8.0,0.0,0,13.0,27.0,27.0,0.0,0.0,0.0,0.0
1962,T.C. Hunt,9,0,2,0.0,28.22,1004.0,920.0,0.0,0,25.78,9.0,44.0,0.0,22.22,0.0,0.0
1963,Chuck Huckabee,3,0,1,0.0,21.67,392.0,171.0,0.0,0,23.67,9.0,36.0,0.0,33.33,0.0,0.0
1972,Paul Feldner,1,0,0,0.0,32.0,0.0,198.0,0.0,0,31.0,32.0,32.0,0.0,0.0,0.0,0.0
1977,Roger Hamby,2,0,0,0.0,25.0,0.0,614.0,0.0,0,26.5,19.0,31.0,0.0,0.0,0.0,0.0
1984,Bobby Rahal,1,0,0,0.0,40.0,43.0,44.0,0.0,0,20.0,40.0,40.0,0.0,0.0,0.0,0.0
1987,Jonathan Edwards,2,0,0,0.0,36.0,110.0,226.0,0.0,0,38.0,35.0,37.0,0.0,0.0,0.0,0.0
1950,Bob Read,1,0,0,0.0,23.0,,,0.0,0,,23.0,23.0,0.0,0.0,0.0,
1955,Jim Bossic,1,0,0,0.0,14.0,,0.0,0.0,0,14.0,14.0,14.0,0.0,0.0,0.0,
1957,Cliff Yiskis,1,1,1,0.0,4.0,,140.0,0.0,0,10.0,4.0,4.0,100.0,100.0,0.0,0.0
1967,Jack McCoy,1,0,0,0.0,25.0,848.0,88.0,0.0,0,23.0,25.0,25.0,0.0,0.0,0.0,0.0
1972,Robert Brown,2,0,0,0.0,21.0,120.0,324.0,0.0,0,16.5,21.0,21.0,0.0,0.0,0.0,0.0
1989,Hershel McGriff,1,0,0,0.0,14.0,0.0,74.0,0.0,1,31.0,14.0,14.0,0.0,0.0,0.0,0.0
1951,Don McLeish,1,0,0,0.0,14.0,,,0.0,0,11.0,14.0,14.0,0.0,0.0,0.0,
1952,Hershel McGriff,2,0,1,0.0,11.0,,283.0,0.0,0,26.0,7.0,15.0,0.0,50.0,0.0,0.0
1952,Bill Pruitt,1,0,0,0.0,24.0,,169.0,0.0,0,14.0,24.0,24.0,0.0,0.0,0.0,0.0
1953,Victor Strassburg,1,0,0,0.0,21.0,,,0.0,0,,21.0,21.0,0.0,0.0,0.0,
1954,John Smith,1,0,0,0.0,11.0,,174.0,0.0,0,,11.0,11.0,0.0,0.0,0.0,0.0
1960,Johnny Mello,1,0,0,0.0,31.0,24.0,22.0,0.0,0,16.0,31.0,31.0,0.0,0.0,0.0,0.0
1961,Bob Pronger,1,0,0,0.0,15.0,110.0,37.0,0.0,0,9.0,15.0,15.0,0.0,0.0,0.0,0.0
1977,Greg Heller,1,0,0,0.0,29.0,76.0,110.0,0.0,0,33.0,29.0,29.0,0.0,0.0,0.0,0.0
1978,Hershel McGriff,2,0,1,0.0,11.5,112.0,208.0,0.0,0,20.0,6.0,17.0,0.0,50.0,0.0,0.0
1981,Kirk Shelmerdine,1,0,0,0.0,33.0,0.0,2.0,0.0,0,32.0,33.0,33.0,0.0,0.0,0.0,0.0
2022,Scott Heckert,1,0,0,0.0,33.0,0.0,109.0,0.0,0,35.0,33.0,33.0,0.0,0.0,0.0,0.0
1951,Don Bailey,10,1,2,0.0,13.2,,151.0,0.0,0,23.0,4.0,23.0,10.0,20.0,0.0,0.0
1953,Donald Thomas,17,0,4,0.0,17.47,,1034.0,0.0,0,13.83,7.0,33.0,0.0,23.53,0.0,0.0
1955,Blackie Pitt,20,0,7,0.0,14.45,1992.0,2718.0,0.0,0,17.21,6.0,28.0,0.0,35.0,0.0,0.0
1955,Gwyn Staley,24,7,14,0.0,11.92,4360.0,3196.0,33.0,0,8.83,2.0,31.0,29.17,58.33,0.0,1.03
1956,Joe Sykes,1,0,0,0.0,12.0,,166.0,0.0,0,21.0,12.0,12.0,0.0,0.0,0.0,0.0
1959,Fred Harb,19,2,6,0.0,18.58,80.0,2689.0,0.0,0,15.26,3.0,44.0,10.53,31.58,0.0,0.0
1962,Bob Welborn,25,5,12,0.0,11.0,14576.0,5654.0,0.0,1,13.04,2.0,33.0,20.0,48.0,0.0,0.0
1962,Fred Harb,21,0,3,0.0,17.43,3430.0,2763.0,0.0,0,15.38,6.0,34.0,0.0,14.29,0.0,0.0
1964,John Sears,6,0,3,0.0,12.0,1632.0,1200.0,0.0,0,17.0,6.0,19.0,0.0,50.0,0.0,0.0
1968,Larry Manning,12,0,0,0.0,23.75,640.0,2149.0,0.0,0,27.75,13.0,36.0,0.0,0.0,0.0,0.0
1968,Stan Meserve,31,0,1,0.0,22.03,1273.0,4283.0,0.0,0,21.77,10.0,44.0,0.0,3.23,0.0,0.0
1969,Vic Elford,2,0,0,0.0,11.0,0.0,236.0,0.0,0,24.5,11.0,11.0,0.0,0.0,0.0,0.0
1969,Bill Ward,1,0,0,0.0,11.0,0.0,149.0,0.0,0,18.0,11.0,11.0,0.0,0.0,0.0,0.0
1989,Eddie Bierschwale,16,0,1,0.0,27.25,1306.0,3829.0,2.0,1,33.69,10.0,39.0,0.0,6.25,0.0,0.05
1991,Sammy Swindell,1,0,0,0.0,41.0,40.0,28.0,0.0,0,32.0,41.0,41.0,0.0,0.0,0.0,0.0
2000,Bobby Hamilton,34,0,2,0.0,27.97,2715.0,8903.0,65.0,7,27.88,7.0,43.0,0.0,5.88,0.0,0.73
2002,Jim Inglebright,1,0,0,0.0,32.0,67.0,109.0,0.0,0,34.0,32.0,32.0,0.0,0.0,0.0,0.0
2004,Scott Wimmer,35,1,2,0.0,24.14,3198.0,9475.0,10.0,13,29.54,3.0,39.0,2.86,5.71,0.0,0.11
2004,Brendan Gaughan,36,1,4,0.0,25.44,3165.0,9703.0,30.0,10,20.89,4.0,42.0,2.78,11.11,0.0,0.31
2010,Juan Pablo Montoya,36,6,14,1.0,17.97,4118.0,10217.0,411.0,22,11.61,1.0,38.0,16.67,38.89,2.78,4.02
2015,Michael Annett,35,0,0,0.0,32.66,398.0,8862.0,1.0,3,34.69,13.0,43.0,0.0,0.0,0.0,0.01
2016,Martin Truex Jr.,36,8,17,4.0,13.89,1016.0,10199.0,1809.0,28,9.11,1.0,40.0,22.22,47.22,11.11,17.74
2018,Kevin Harvick,36,23,29,8.0,8.83,1428.0,9691.0,1955.0,31,8.75,1.0,40.0,63.89,80.56,22.22,20.17
2022,Tyler Reddick,36,10,15,3.0,17.56,841.0,8411.0,503.0,19,9.5,1.0,39.0,27.78,41.67,8.33,5.98
1951,Sam DiRusso,1,0,0,0.0,32.0,,,0.0,0,,32.0,32.0,0.0,0.0,0.0,
1953,Jimmy Ayers,3,0,2,0.0,12.0,,,0.0,0,,9.0,17.0,0.0,66.67,0.0,
1955,Harvey Eakin,3,0,0,0.0,20.67,212.0,315.0,0.0,0,36.0,17.0,23.0,0.0,0.0,0.0,0.0
1955,Buddy Krebs,1,0,0,0.0,35.0,20.0,50.0,0.0,0,16.0,35.0,35.0,0.0,0.0,0.0,0.0
1971,Cale Yarborough,4,0,1,0.0,24.25,0.0,564.0,13.0,0,17.75,7.0,33.0,0.0,25.0,0.0,2.3
1973,Tony Bettenhausen,5,0,0,0.0,28.2,186.0,863.0,0.0,0,32.8,16.0,40.0,0.0,0.0,0.0,0.0
1979,Bob Burcham,2,0,0,0.0,19.0,212.0,356.0,0.0,0,31.5,14.0,24.0,0.0,0.0,0.0,0.0
1981,Charlie Glotzbach,1,0,0,0.0,26.0,85.0,218.0,0.0,0,26.0,26.0,26.0,0.0,0.0,0.0,0.0
1984,Dick Trickle,1,0,0,0.0,36.0,55.0,53.0,0.0,0,21.0,36.0,36.0,0.0,0.0,0.0,0.0
1989,Darin Brassfield,3,0,0,0.0,21.33,297.0,275.0,0.0,1,31.67,12.0,30.0,0.0,0.0,0.0,0.0
1949,George Mantooth,1,0,0,0.0,26.0,,,0.0,0,,26.0,26.0,0.0,0.0,0.0,
1953,Gene Tapia,1,0,0,0.0,16.0,,,0.0,0,,16.0,16.0,0.0,0.0,0.0,
1965,Donald Tucker,9,1,3,0.0,20.0,7118.0,1597.0,0.0,0,19.33,4.0,33.0,11.11,33.33,0.0,0.0
1972,Bobby Unser,1,0,0,0.0,43.0,0.0,8.0,0.0,0,28.0,43.0,43.0,0.0,0.0,0.0,0.0
1951,Claude Joyce,1,0,0,0.0,30.0,,,0.0,0,26.0,30.0,30.0,0.0,0.0,0.0,
1951,Charles Moore,1,0,0,0.0,24.0,,,0.0,0,,24.0,24.0,0.0,0.0,0.0,
1965,Possum Jones,1,0,0,0.0,23.0,48.0,0.0,0.0,0,17.0,23.0,23.0,0.0,0.0,0.0,
1974,Harry Schilling,1,0,0,0.0,24.0,,65.0,0.0,0,29.0,24.0,24.0,0.0,0.0,0.0,0.0
2004,Brandon Ash,1,0,0,0.0,41.0,40.0,63.0,0.0,0,37.0,41.0,41.0,0.0,0.0,0.0,0.0
1954,Tommie Elliott,3,0,3,0.0,8.67,,546.0,0.0,0,22.0,8.0,10.0,0.0,100.0,0.0,0.0
1956,Augie Howerton,1,0,1,0.0,8.0,,181.0,0.0,0,10.0,8.0,8.0,0.0,100.0,0.0,0.0
1957,Billy Myers,28,4,9,0.0,15.11,,3933.0,201.0,1,11.04,4.0,52.0,14.29,32.14,0.0,5.11
1958,Gwyn Staley,4,4,4,0.0,3.75,604.0,535.0,0.0,1,11.5,2.0,5.0,100.0,100.0,0.0,0.0
1959,Jimmy Thompson,5,0,1,0.0,18.6,3288.0,1002.0,0.0,0,12.6,10.0,28.0,0.0,20.0,0.0,0.0
1959,Larry Frank,15,4,9,0.0,10.53,3856.0,3300.0,39.0,1,12.93,2.0,24.0,26.67,60.0,0.0,1.18
1961,Tom Dill,3,0,0,0.0,20.67,1236.0,273.0,0.0,0,27.67,17.0,27.0,0.0,0.0,0.0,0.0
1961,Ernie Gahan,5,0,1,0.0,22.6,810.0,707.0,0.0,0,22.8,6.0,57.0,0.0,20.0,0.0,0.0
1961,Bobby Waddell,7,0,2,0.0,17.57,1828.0,951.0,0.0,0,21.14,9.0,29.0,0.0,28.57,0.0,0.0
1969,Johnny Halford,8,0,0,0.0,18.75,288.0,1881.0,0.0,0,23.75,14.0,27.0,0.0,0.0,0.0,0.0
1969,Bill Shirey,3,0,0,0.0,20.67,137.0,418.0,0.0,0,22.0,14.0,28.0,0.0,0.0,0.0,0.0
1972,Bill Seifert,6,0,1,0.0,29.67,232.0,472.0,0.0,0,28.17,8.0,44.0,0.0,16.67,0.0,0.0
1972,Raymond Williams,28,0,5,0.0,18.93,1796.0,6759.0,0.0,0,25.39,7.0,40.0,0.0,17.86,0.0,0.0
1974,Walter Ballard,27,1,6,0.0,18.67,,6820.0,2.0,0,20.56,5.0,48.0,3.7,22.22,0.0,0.03
1975,Walter Ballard,30,0,3,0.0,19.47,3151.0,7518.0,16.0,0,19.7,10.0,48.0,0.0,10.0,0.0,0.21
1978,Blackie Wangerin,10,0,0,0.0,29.0,760.0,1342.0,0.0,0,22.7,15.0,40.0,0.0,0.0,0.0,0.0
1979,Tommy Gale,28,0,1,0.0,21.11,2795.0,7514.0,0.0,0,24.93,7.0,36.0,0.0,3.57,0.0,0.0
1981,Elmo Langley,1,0,0,0.0,29.0,76.0,6.0,0.0,0,29.0,29.0,29.0,0.0,0.0,0.0,0.0
1985,Ricky Rudd,28,13,19,1.0,10.54,3857.0,8475.0,329.0,8,7.86,1.0,32.0,46.43,67.86,3.57,3.88
1985,Bill Scott (Brevard),1,0,0,0.0,32.0,0.0,71.0,0.0,0,36.0,32.0,32.0,0.0,0.0,0.0,0.0
1988,Tommy Ellis,2,0,0,0.0,36.0,37.0,178.0,0.0,0,34.5,30.0,42.0,0.0,0.0,0.0,0.0
1990,Dave Mader III,1,0,0,0.0,20.0,103.0,323.0,0.0,0,29.0,20.0,20.0,0.0,0.0,0.0,0.0
1994,Jeff Green,3,0,0,0.0,27.67,240.0,717.0,0.0,0,23.33,18.0,36.0,0.0,0.0,0.0,0.0
1995,Mike Wallace,26,0,1,0.0,26.58,2178.0,6819.0,5.0,1,31.04,8.0,40.0,0.0,3.85,0.0,0.07
1999,Ricky Rudd,34,3,5,0.0,26.18,2922.0,9230.0,21.0,8,20.32,3.0,43.0,8.82,14.71,0.0,0.23
2003,Elliott Sadler,36,2,9,0.0,22.56,3525.0,9540.0,174.0,17,14.44,3.0,43.0,5.56,25.0,0.0,1.82
2003,Jack Sprague,18,0,0,0.0,30.56,1284.0,4372.0,0.0,1,27.72,14.0,41.0,0.0,0.0,0.0,0.0
2003,Hideo Fukuyama,2,0,0,0.0,38.0,98.0,326.0,0.0,0,42.5,33.0,43.0,0.0,0.0,0.0,0.0
2005,Dale Earnhardt Jr.,36,7,13,1.0,20.53,3780.0,9608.0,169.0,19,24.92,1.0,43.0,19.44,36.11,2.78,1.76
2007,David Reutimann,26,0,0,0.0,30.38,1878.0,6618.0,3.0,3,25.35,13.0,43.0,0.0,0.0,0.0,0.05
2009,David Gilliland,31,0,0,0.0,33.87,1928.0,6011.0,5.0,5,29.03,14.0,43.0,0.0,0.0,0.0,0.08
2014,Brett Moffitt,7,0,0,0.0,35.43,60.0,1863.0,0.0,0,34.43,22.0,42.0,0.0,0.0,0.0,0.0
2015,Chase Elliott,5,0,0,0.0,26.2,0.0,1617.0,0.0,2,24.2,16.0,41.0,0.0,0.0,0.0,0.0
2023,Ross Chastain,36,10,14,2.0,15.0,1005.0,9051.0,640.0,28,15.58,1.0,37.0,27.78,38.89,5.56,7.07
1954,Elmo Langley,2,0,0,0.0,35.5,,340.0,0.0,0,41.0,12.0,59.0,0.0,0.0,0.0,0.0
1955,Perk Brown,2,0,1,0.0,15.0,176.0,275.0,0.0,0,20.0,8.0,22.0,0.0,50.0,0.0,0.0
1967,Melvin Bradley,3,0,1,0.0,18.0,762.0,549.0,0.0,0,19.67,10.0,27.0,0.0,33.33,0.0,0.0
1979,David Sosebee,3,0,0,0.0,29.33,146.0,547.0,0.0,0,36.67,27.0,33.0,0.0,0.0,0.0,0.0
1980,Chuck Wahl,1,0,0,0.0,25.0,88.0,88.0,0.0,0,23.0,25.0,25.0,0.0,0.0,0.0,0.0
1984,Jim Bown,2,0,0,0.0,32.0,139.0,132.0,4.0,0,21.0,28.0,36.0,0.0,0.0,0.0,3.03
1989,James Hylton,2,0,0,0.0,39.0,92.0,38.0,0.0,0,38.5,39.0,39.0,0.0,0.0,0.0,0.0
1995,Michael Ritch,1,0,0,0.0,34.0,61.0,226.0,0.0,0,40.0,34.0,34.0,0.0,0.0,0.0,0.0
1998,Tom Hubert,2,0,0,0.0,38.5,95.0,166.0,0.0,0,15.0,36.0,41.0,0.0,0.0,0.0,0.0
2001,Derrike Cope,1,0,0,0.0,24.0,91.0,263.0,0.0,0,30.0,24.0,24.0,0.0,0.0,0.0,0.0
1949,John Barker,1,0,0,0.0,15.0,,,0.0,0,,15.0,15.0,0.0,0.0,0.0,
1950,Frankie Schneider,1,0,0,0.0,11.0,,,0.0,0,,11.0,11.0,0.0,0.0,0.0,
1953,Leo Ray,1,0,1,0.0,8.0,,,0.0,0,,8.0,8.0,0.0,100.0,0.0,
1959,Elmo Henderson,2,0,0,0.0,35.0,192.0,176.0,0.0,0,28.5,22.0,48.0,0.0,0.0,0.0,0.0
1964,Dick Mitchell,1,0,0,0.0,20.0,900.0,152.0,0.0,0,22.0,20.0,20.0,0.0,0.0,0.0,0.0
1964,Jim Blomgren,1,0,0,0.0,27.0,300.0,94.0,0.0,0,24.0,27.0,27.0,0.0,0.0,0.0,0.0
1967,Jerry Oliver,1,0,0,0.0,11.0,2014.0,160.0,0.0,0,32.0,11.0,11.0,0.0,0.0,0.0,0.0
1971,Bub Strickler,1,0,0,0.0,50.0,3.0,1.0,0.0,0,25.0,50.0,50.0,0.0,0.0,0.0,0.0
1981,Rick O'Dell,1,0,0,0.0,16.0,115.0,86.0,0.0,0,27.0,16.0,16.0,0.0,0.0,0.0,0.0
1995,Pancho Carter,1,0,0,0.0,35.0,58.0,180.0,0.0,0,33.0,35.0,35.0,0.0,0.0,0.0,0.0
2013,Owen Kelly,1,0,0,0.0,24.0,0.0,90.0,0.0,1,23.0,24.0,24.0,0.0,0.0,0.0,0.0
2014,Sam Hornish Jr.,1,0,0,0.0,17.0,0.0,206.0,0.0,1,13.0,17.0,17.0,0.0,0.0,0.0,0.0
1952,Jim Fiebelkorn,1,0,0,0.0,42.0,,35.0,0.0,0,23.0,42.0,42.0,0.0,0.0,0.0,0.0
1960,Bob Hogle,1,0,0,0.0,33.0,24.0,3.0,0.0,0,17.0,33.0,33.0,0.0,0.0,0.0,0.0
1968,Sam Rose,1,0,0,0.0,18.0,0.0,92.0,0.0,0,40.0,18.0,18.0,0.0,0.0,0.0,0.0
2005,Todd Bodine,1,0,0,0.0,20.0,103.0,266.0,0.0,0,24.0,20.0,20.0,0.0,0.0,0.0,0.0
1950,Jack Holloway,2,0,2,0.0,8.5,,192.0,0.0,0,14.0,7.0,10.0,0.0,100.0,0.0,0.0
1954,Lee Petty,34,24,32,7.0,5.65,,5903.0,595.0,11,6.5,1.0,38.0,70.59,94.12,20.59,10.08
1956,Don Hamilton,2,0,0,0.0,23.0,,70.0,0.0,0,23.0,21.0,25.0,0.0,0.0,0.0,0.0
1957,Bud Vaughn,2,0,0,0.0,16.0,,265.0,0.0,0,17.0,15.0,17.0,0.0,0.0,0.0,0.0
1958,Herman Beam,20,0,1,0.0,16.7,2400.0,3821.0,0.0,0,21.17,10.0,25.0,0.0,5.0,0.0,0.0
1973,Romie Alderman,1,0,0,0.0,34.0,34.0,34.0,0.0,0,37.0,34.0,34.0,0.0,0.0,0.0,0.0
1976,Buddy Arrington,25,0,3,0.0,20.12,2573.0,6256.0,0.0,0,21.08,7.0,40.0,0.0,12.0,0.0,0.0
1979,Bill Hollar,5,0,0,0.0,29.6,371.0,552.0,0.0,0,30.8,24.0,35.0,0.0,0.0,0.0,0.0
1979,John Kennedy,5,0,0,0.0,25.0,322.0,600.0,0.0,0,27.4,15.0,39.0,0.0,0.0,0.0,0.0
1981,Rick Newsom,9,0,0,0.0,25.89,768.0,1676.0,0.0,0,32.78,20.0,33.0,0.0,0.0,0.0,0.0
1988,H.B. Bailey,7,0,0,0.0,31.57,478.0,1180.0,0.0,0,36.71,16.0,41.0,0.0,0.0,0.0,0.0
1990,Morgan Shepherd,29,7,16,1.0,13.62,3689.0,8794.0,202.0,14,19.76,1.0,36.0,24.14,55.17,3.45,2.3
1994,Terry Labonte,31,6,14,3.0,14.26,3876.0,9149.0,487.0,13,14.87,1.0,35.0,19.35,45.16,9.68,5.32
1994,Mike Chase,3,0,0,0.0,34.67,177.0,463.0,0.0,0,40.33,31.0,42.0,0.0,0.0,0.0,0.0
1996,Ward Burton,27,0,4,0.0,24.96,2411.0,6544.0,54.0,6,21.89,7.0,41.0,0.0,14.81,0.0,0.83
1996,Dave Marcis,27,0,0,0.0,29.56,2047.0,7202.0,20.0,2,32.37,11.0,40.0,0.0,0.0,0.0,0.28
2002,Mike Skinner,36,0,1,0.0,27.75,2886.0,10074.0,2.0,4,22.89,6.0,43.0,0.0,2.78,0.0,0.02
2002,Jason Leffler,2,0,0,0.0,33.0,128.0,572.0,0.0,0,32.5,31.0,35.0,0.0,0.0,0.0,0.0
2005,Jason Leffler,19,0,0,0.0,27.53,1538.0,4957.0,2.0,5,25.74,12.0,40.0,0.0,0.0,0.0,0.04
2012,Robby Gordon,3,0,0,0.0,40.33,11.0,131.0,0.0,0,30.0,39.0,41.0,0.0,0.0,0.0,0.0
2016,Austin Dillon,36,4,13,0.0,15.89,912.0,10276.0,17.0,26,14.03,3.0,39.0,11.11,36.11,0.0,0.17
1951,Bill Cheesbourg,1,0,0,0.0,13.0,,,0.0,0,,13.0,13.0,0.0,0.0,0.0,
1952,Robbie Robinson,4,0,0,0.0,26.25,,300.0,0.0,0,22.0,14.0,45.0,0.0,0.0,0.0,0.0
1957,Elgin Holmes,1,0,0,0.0,29.0,,14.0,0.0,0,22.0,29.0,29.0,0.0,0.0,0.0,0.0
1958,Dave Terrell,1,0,0,0.0,17.0,,113.0,0.0,0,19.0,17.0,17.0,0.0,0.0,0.0,0.0
1962,Mark Hurley,3,0,0,0.0,20.33,304.0,289.0,0.0,0,17.67,18.0,23.0,0.0,0.0,0.0,0.0
1963,Ronnie Bristow,2,0,0,0.0,28.5,242.0,112.0,0.0,0,26.0,18.0,39.0,0.0,0.0,0.0,0.0
1968,Sam Waldrop,1,0,0,0.0,11.0,42.0,171.0,0.0,0,8.0,11.0,11.0,0.0,0.0,0.0,0.0
1974,Larry Manning,1,0,0,0.0,39.0,,1.0,0.0,0,38.0,39.0,39.0,0.0,0.0,0.0,0.0
1979,Ed Hale,1,0,0,0.0,15.0,118.0,85.0,0.0,0,33.0,15.0,15.0,0.0,0.0,0.0,0.0
1983,Hershel McGriff,2,0,1,0.0,17.0,227.0,191.0,0.0,1,20.0,8.0,26.0,0.0,50.0,0.0,0.0
1987,Phil Barkdoll,1,0,0,0.0,35.0,58.0,27.0,0.0,0,37.0,35.0,35.0,0.0,0.0,0.0,0.0
1993,Wayne Jacks,1,0,0,0.0,41.0,40.0,48.0,0.0,0,43.0,41.0,41.0,0.0,0.0,0.0,0.0
2009,Dexter Bean,1,0,0,0.0,36.0,55.0,196.0,0.0,0,43.0,36.0,36.0,0.0,0.0,0.0,0.0
1951,Bill Lawrence,1,0,0,0.0,25.0,,,0.0,0,18.0,25.0,25.0,0.0,0.0,0.0,
1953,Roxy Dancy,1,0,0,0.0,13.0,,,0.0,0,,13.0,13.0,0.0,0.0,0.0,
1959,Jimmy Mairs,1,0,0,0.0,23.0,,202.0,0.0,0,15.0,23.0,23.0,0.0,0.0,0.0,0.0
1968,Bobby Mausgrover,4,0,0,0.0,29.75,138.0,298.0,0.0,0,31.25,11.0,44.0,0.0,0.0,0.0,0.0
1974,Dick Skillen,3,0,0,0.0,21.33,,908.0,0.0,0,37.0,18.0,25.0,0.0,0.0,0.0,0.0
1977,Tom Sneva,1,0,0,0.0,27.0,0.0,194.0,0.0,0,12.0,27.0,27.0,0.0,0.0,0.0,0.0
1980,Melvin Revis,1,0,0,0.0,33.0,64.0,23.0,0.0,0,36.0,33.0,33.0,0.0,0.0,0.0,0.0
1951,Lloyd Dane,6,2,3,0.0,17.17,,465.0,0.0,0,11.33,3.0,59.0,33.33,50.0,0.0,0.0
1951,Hal Cole,3,0,1,0.0,12.67,,,22.0,0,14.0,7.0,17.0,0.0,33.33,0.0,
1954,Richard Brownlee,1,0,0,0.0,19.0,0.0,74.0,0.0,0,,19.0,19.0,0.0,0.0,0.0,0.0
1956,Eddie Pagan,8,4,4,1.0,9.13,,1366.0,1.0,1,9.0,1.0,18.0,50.0,50.0,12.5,0.07
1956,Bob Stanclift,1,0,0,0.0,22.0,,72.0,0.0,0,34.0,22.0,22.0,0.0,0.0,0.0,0.0
1957,Glen Wood,6,0,1,0.0,15.0,,1062.0,0.0,0,14.67,6.0,36.0,0.0,16.67,0.0,0.0
1958,Ted Chamberlain,9,0,1,0.0,17.44,656.0,809.0,0.0,0,20.25,10.0,28.0,0.0,11.11,0.0,0.0
1958,Whitey Norman,9,2,3,0.0,17.11,80.0,1348.0,0.0,0,18.0,4.0,33.0,22.22,33.33,0.0,0.0
1959,Gene Peltier,1,0,0,0.0,33.0,,36.0,0.0,0,7.0,33.0,33.0,0.0,0.0,0.0,0.0
1961,Harlan Richardson,4,0,0,0.0,31.25,244.0,284.0,0.0,0,33.75,26.0,44.0,0.0,0.0,0.0,0.0
1963,Bunkie Blackburn,7,0,1,0.0,25.0,2410.0,909.0,0.0,0,23.57,10.0,45.0,0.0,14.29,0.0,0.0
1963,Lee Petty,3,1,2,0.0,9.33,800.0,291.0,0.0,1,10.67,4.0,18.0,33.33,66.67,0.0,0.0
1963,Pete Stewart,2,0,0,0.0,21.0,240.0,78.0,0.0,0,17.0,18.0,24.0,0.0,0.0,0.0,0.0
1966,Buddy Baker,41,1,7,0.0,19.37,14302.0,6361.0,142.0,1,13.02,2.0,43.0,2.44,17.07,0.0,2.23
1967,George Poulos,23,0,1,0.0,17.48,3780.0,2896.0,0.0,0,20.83,9.0,27.0,0.0,4.35,0.0,0.0
1968,Bob Senneker,1,0,0,0.0,13.0,0.0,183.0,0.0,0,34.0,13.0,13.0,0.0,0.0,0.0,0.0
1968,Cecil Gordon,9,0,0,0.0,22.22,295.0,1144.0,0.0,0,23.33,13.0,38.0,0.0,0.0,0.0,0.0
1971,Frank James,3,0,1,0.0,17.67,300.0,409.0,0.0,0,29.0,10.0,22.0,0.0,33.33,0.0,0.0
1971,Pat Fay,3,0,1,0.0,27.0,216.0,248.0,0.0,0,27.33,9.0,40.0,0.0,33.33,0.0,0.0
1972,Vic Elford,1,0,1,0.0,10.0,0.0,182.0,0.0,0,13.0,10.0,10.0,0.0,100.0,0.0,0.0
1974,Cecil Gordon,30,1,10,0.0,16.2,,7396.0,2.0,0,19.1,4.0,34.0,3.33,33.33,0.0,0.03
1974,Bill Osborne,2,0,0,0.0,27.0,,164.0,0.0,0,32.5,26.0,28.0,0.0,0.0,0.0,0.0
1974,Ray Elder,2,0,0,0.0,35.0,,37.0,0.0,0,12.0,34.0,36.0,0.0,0.0,0.0,0.0
1975,David Pearson,21,13,14,3.0,10.29,3057.0,5653.0,1325.0,9,3.43,1.0,39.0,61.9,66.67,14.29,23.44
1982,Billie Harvey,1,0,0,0.0,39.0,46.0,6.0,0.0,0,35.0,39.0,39.0,0.0,0.0,0.0,0.0
1989,Bobby Hillin Jr.,28,1,7,0.0,17.5,3139.0,8377.0,26.0,4,25.36,5.0,39.0,3.57,25.0,0.0,0.31
1991,Robby Gordon,2,0,0,0.0,22.0,194.0,584.0,0.0,0,35.0,18.0,26.0,0.0,0.0,0.0,0.0
2002,Buckshot Jones,7,0,0,0.0,27.71,559.0,2218.0,0.0,1,27.14,12.0,41.0,0.0,0.0,0.0,0.0
2002,Jeff Green,36,4,6,0.0,20.42,3729.0,10325.0,120.0,16,25.08,2.0,41.0,11.11,16.67,0.0,1.16
2010,Joe Nemechek,31,0,0,0.0,39.97,1361.0,2326.0,5.0,1,29.32,27.0,43.0,0.0,0.0,0.0,0.21
2012,Jeff Gordon,36,11,18,2.0,14.14,1105.0,10006.0,567.0,24,12.92,1.0,40.0,30.56,50.0,5.56,5.67
2020,Chase Elliott,36,15,22,5.0,11.69,1248.0,9541.0,1247.0,29,9.0,1.0,39.0,41.67,61.11,13.89,13.07
2025,Ross Chastain,36,4,12,1.0,15.81,888.0,9079.0,83.0,29,19.03,1.0,40.0,11.11,33.33,2.78,0.91
1949,Frank Mundy,4,2,2,0.0,14.75,,274.0,0.0,1,33.0,3.0,30.0,50.0,50.0,0.0,0.0
1950,Harry Sents,2,0,0,0.0,17.0,,145.0,0.0,0,,14.0,20.0,0.0,0.0,0.0,0.0
1951,Nook Walters,2,0,0,0.0,14.5,,,0.0,0,,11.0,18.0,0.0,0.0,0.0,
1951,Tom Gifford,1,0,0,0.0,32.0,,,0.0,0,27.0,32.0,32.0,0.0,0.0,0.0,
1958,Dick Beaty,2,0,0,0.0,20.5,300.0,448.0,0.0,0,29.5,19.0,22.0,0.0,0.0,0.0,0.0
1965,Jack Ingram,1,0,0,0.0,26.0,16.0,4.0,0.0,0,26.0,26.0,26.0,0.0,0.0,0.0,0.0
1974,Jim Hurtubise,2,0,0,0.0,24.0,,344.0,0.0,0,22.0,23.0,25.0,0.0,0.0,0.0,0.0
1974,Harry Gant,3,0,1,0.0,19.33,,790.0,0.0,0,14.33,9.0,35.0,0.0,33.33,0.0,0.0
1978,Jabe Thomas,1,0,0,0.0,37.0,52.0,1.0,0.0,0,35.0,37.0,37.0,0.0,0.0,0.0,0.0
1985,Mike Alexander,11,0,0,0.0,22.64,1046.0,2336.0,0.0,0,22.45,12.0,34.0,0.0,0.0,0.0,0.0
1985,Delma Cowart,2,0,0,0.0,38.5,95.0,71.0,0.0,0,32.0,37.0,40.0,0.0,0.0,0.0,0.0
1986,Randy Baker,2,0,0,0.0,32.0,134.0,328.0,0.0,0,36.5,22.0,42.0,0.0,0.0,0.0,0.0
1996,Stacy Compton,2,0,0,0.0,33.0,128.0,756.0,0.0,0,16.0,33.0,33.0,0.0,0.0,0.0,0.0
1949,Clyde Minter,2,2,2,0.0,4.0,,386.0,0.0,0,7.0,4.0,4.0,100.0,100.0,0.0,0.0
1956,Millard Wright,1,0,0,0.0,16.0,,178.0,0.0,0,15.0,16.0,16.0,0.0,0.0,0.0,0.0
1960,Chuck Tombs,2,0,0,0.0,24.0,248.0,227.0,0.0,0,22.5,17.0,31.0,0.0,0.0,0.0,0.0
1962,Paul Barrow,2,0,0,0.0,18.5,968.0,189.0,0.0,0,35.5,18.0,19.0,0.0,0.0,0.0,0.0
1962,Jack Deniston,1,0,0,0.0,21.0,80.0,81.0,0.0,0,15.0,21.0,21.0,0.0,0.0,0.0,0.0
1969,Darel Dieringer,1,0,0,0.0,25.0,0.0,119.0,0.0,0,4.0,25.0,25.0,0.0,0.0,0.0,0.0
1970,Jim Cook,1,0,0,0.0,26.0,75.0,94.0,0.0,0,32.0,26.0,26.0,0.0,0.0,0.0,0.0
1979,Rick Newsom,4,0,0,0.0,24.75,355.0,484.0,0.0,0,35.75,15.0,35.0,0.0,0.0,0.0,0.0
1983,Johnny McFadden,3,0,0,0.0,30.67,213.0,289.0,0.0,0,29.0,28.0,35.0,0.0,0.0,0.0,0.0
1987,Jerry Holden,2,0,0,0.0,35.0,37.0,141.0,0.0,0,39.5,28.0,42.0,0.0,0.0,0.0,0.0
1952,Hank Tillman,1,0,0,0.0,13.0,,160.0,0.0,0,18.0,13.0,13.0,0.0,0.0,0.0,0.0
1954,Don Johnson,1,0,0,0.0,29.0,,39.0,0.0,0,,29.0,29.0,0.0,0.0,0.0,0.0
1956,Ralph Earnhardt,1,1,1,0.0,2.0,,250.0,15.0,1,1.0,2.0,2.0,100.0,100.0,0.0,6.0
1971,Rod Eulenfeld,1,0,0,0.0,24.0,81.0,293.0,0.0,0,37.0,24.0,24.0,0.0,0.0,0.0,0.0
1982,Ernie Cline,1,0,0,0.0,29.0,76.0,154.0,0.0,0,28.0,29.0,29.0,0.0,0.0,0.0,0.0
1950,Huey Dunn,1,0,1,0.0,10.0,,172.0,0.0,0,24.0,10.0,10.0,0.0,100.0,0.0,0.0
1950,Dick Linder,13,5,8,3.0,9.77,,1437.0,460.0,3,9.86,1.0,30.0,38.46,61.54,23.08,32.01
1951,Danny Weinberg,6,2,3,1.0,11.33,,200.0,1.0,1,4.0,1.0,19.0,33.33,50.0,16.67,0.5
1952,Jimmie Lewallen,20,2,7,0.0,17.25,,2327.0,0.0,0,14.33,4.0,50.0,10.0,35.0,0.0,0.0
1955,Royce Haggerty,1,0,0,0.0,15.0,220.0,228.0,0.0,0,17.0,15.0,15.0,0.0,0.0,0.0,0.0
1956,Junior Johnson,13,1,1,0.0,21.08,,1131.0,60.0,1,10.85,2.0,40.0,7.69,7.69,0.0,5.31
1960,Possum Jones,13,4,5,0.0,17.85,4110.0,2594.0,0.0,1,18.54,2.0,46.0,30.77,38.46,0.0,0.0
1961,Reds Kagle,3,0,1,0.0,21.0,1934.0,720.0,0.0,0,19.0,7.0,34.0,0.0,33.33,0.0,0.0
1962,Gary Sain,5,0,0,0.0,25.2,544.0,986.0,0.0,0,22.2,17.0,42.0,0.0,0.0,0.0,0.0
1963,Buck Baker,47,17,30,1.0,11.45,17976.0,9509.0,63.0,4,9.64,1.0,43.0,36.17,63.83,2.13,0.66
1963,Bob Welborn,11,4,4,0.0,16.18,3484.0,2221.0,0.0,0,18.09,2.0,35.0,36.36,36.36,0.0,0.0
1964,Bert Robbins,2,1,1,0.0,10.5,780.0,918.0,0.0,0,25.0,5.0,16.0,50.0,50.0,0.0,0.0
1967,Ray Hill,1,0,0,0.0,28.0,44.0,91.0,0.0,0,29.0,28.0,28.0,0.0,0.0,0.0,0.0
1968,Neil Castles,44,4,15,0.0,15.3,2326.0,9172.0,0.0,0,18.95,3.0,39.0,9.09,34.09,0.0,0.0
1969,Stan Starr,1,0,0,0.0,22.0,0.0,82.0,0.0,0,17.0,22.0,22.0,0.0,0.0,0.0,0.0
1971,Elmo Langley,46,11,23,0.0,13.89,3357.0,11299.0,48.0,1,13.3,2.0,41.0,23.91,50.0,0.0,0.42
1974,Harry Jefferson,4,0,1,0.0,25.0,,457.0,0.0,0,16.75,7.0,34.0,0.0,25.0,0.0,0.0
1978,Butch Hartman,1,0,0,0.0,36.0,55.0,121.0,0.0,0,27.0,36.0,36.0,0.0,0.0,0.0,0.0
1980,Darrell Waltrip,31,16,17,5.0,12.84,4239.0,9015.0,2022.0,10,5.1,1.0,42.0,51.61,54.84,16.13,22.43
1982,Joel Stowe,1,0,0,0.0,27.0,0.0,57.0,0.0,0,22.0,27.0,27.0,0.0,0.0,0.0,0.0
1986,Ronnie Thomas,6,0,0,0.0,26.33,504.0,973.0,0.0,0,34.17,14.0,40.0,0.0,0.0,0.0,0.0
1994,Sterling Marlin,31,5,11,1.0,18.68,3443.0,9184.0,144.0,9,15.48,1.0,40.0,16.13,35.48,3.23,1.57
1994,Geoff Bodine,31,7,10,3.0,21.32,3297.0,8150.0,1744.0,8,10.77,1.0,41.0,22.58,32.26,9.68,21.4
1999,Kenny Irwin Jr.,34,2,6,0.0,21.97,3338.0,9445.0,35.0,9,20.68,3.0,43.0,5.88,17.65,0.0,0.37
1999,Dale Earnhardt,34,7,21,3.0,12.03,4492.0,9751.0,230.0,22,24.79,1.0,41.0,20.59,61.76,8.82,2.36
2003,Jamie McMurray,36,5,13,0.0,18.61,3965.0,10199.0,120.0,21,18.92,3.0,40.0,13.89,36.11,0.0,1.18
2007,Scott Riggs,27,0,1,0.0,27.7,2160.0,7690.0,0.0,8,19.19,8.0,43.0,0.0,3.7,0.0,0.0
2011,Matt Kenseth,36,12,20,3.0,12.17,1180.0,10421.0,875.0,28,14.22,1.0,36.0,33.33,55.56,8.33,8.4
2014,Ryan Newman,36,5,16,0.0,12.67,1135.0,10479.0,41.0,31,13.31,2.0,41.0,13.89,44.44,0.0,0.39
2016,Brian Scott,36,1,1,0.0,27.69,481.0,9865.0,6.0,7,28.31,2.0,39.0,2.78,2.78,0.0,0.06
2020,Ricky Stenhouse Jr.,36,3,4,0.0,22.58,591.0,8096.0,68.0,16,21.69,2.0,40.0,8.33,11.11,0.0,0.84
2023,Kevin Harvick,36,6,14,0.0,14.72,961.0,9217.0,157.0,29,15.53,2.0,38.0,16.67,38.89,0.0,1.7
2025,Ryan Preece,36,3,14,0.0,15.69,861.0,9530.0,133.0,29,19.42,3.0,38.0,8.33,38.89,0.0,1.4
1951,Julian Buesink,1,0,0,0.0,27.0,,,0.0,0,17.0,27.0,27.0,0.0,0.0,0.0,
1954,Bob Rose,1,0,0,0.0,22.0,,393.0,0.0,0,32.0,22.0,22.0,0.0,0.0,0.0,0.0
1954,Jim Gillette,2,0,0,0.0,24.0,,441.0,0.0,0,35.0,24.0,24.0,0.0,0.0,0.0,0.0
1955,Ted Chamberlain,1,0,0,0.0,34.0,20.0,67.0,0.0,0,41.0,34.0,34.0,0.0,0.0,0.0,0.0
1964,Bay Darnell,1,0,0,0.0,13.0,0.0,205.0,0.0,0,26.0,13.0,13.0,0.0,0.0,0.0,0.0
1967,Larry Hess,2,0,0,0.0,30.0,208.0,58.0,0.0,0,30.5,23.0,37.0,0.0,0.0,0.0,0.0
1971,Red Farmer,3,0,1,0.0,27.33,0.0,213.0,0.0,0,20.33,10.0,40.0,0.0,33.33,0.0,0.0
1974,Jim Bray,4,0,0,0.0,30.75,,388.0,0.0,0,34.0,21.0,35.0,0.0,0.0,0.0,0.0
1974,Johnny Barnes,4,0,0,0.0,34.75,,135.0,0.0,0,35.75,25.0,47.0,0.0,0.0,0.0,0.0
1981,Don Waterman,3,0,1,0.0,16.0,351.0,301.0,1.0,0,29.0,10.0,23.0,0.0,33.33,0.0,0.33
1981,Don Puskarich,3,0,0,0.0,23.33,279.0,211.0,0.0,0,27.33,17.0,32.0,0.0,0.0,0.0,0.0
1984,Harry Goularte,2,0,0,0.0,26.5,167.0,172.0,0.0,0,36.5,22.0,31.0,0.0,0.0,0.0,0.0
1990,H.B. Bailey,3,0,0,0.0,34.33,180.0,421.0,0.0,0,37.33,32.0,38.0,0.0,0.0,0.0,0.0
1994,Randy LaJoie,3,0,0,0.0,19.67,312.0,1010.0,0.0,0,20.33,19.0,20.0,0.0,0.0,0.0,0.0
2004,Kerry Earnhardt,3,0,0,0.0,29.0,228.0,462.0,0.0,2,26.0,24.0,35.0,0.0,0.0,0.0,0.0
2019,Spencer Boyd,3,0,0,0.0,37.33,0.0,564.0,0.0,0,36.67,34.0,40.0,0.0,0.0,0.0,0.0
1950,Charles Muscatel,1,0,0,0.0,28.0,,26.0,0.0,0,,28.0,28.0,0.0,0.0,0.0,0.0
1956,Harvey Eakin,2,0,0,0.0,22.5,,278.0,0.0,0,37.0,21.0,24.0,0.0,0.0,0.0,0.0
1963,Maurice Petty,4,1,2,0.0,11.25,944.0,654.0,0.0,0,8.75,5.0,20.0,25.0,50.0,0.0,0.0
1967,Lloyd Ruby,1,0,0,0.0,22.0,0.0,96.0,0.0,0,8.0,22.0,22.0,0.0,0.0,0.0,0.0
2002,Kirk Shelmerdine,2,0,0,0.0,41.5,77.0,91.0,0.0,0,42.0,41.0,42.0,0.0,0.0,0.0,0.0
2013,Boris Said,2,0,0,0.0,20.0,48.0,200.0,0.0,2,25.5,18.0,22.0,0.0,0.0,0.0,0.0
1952,Charlie Hill,1,0,0,0.0,15.0,,217.0,0.0,0,7.0,15.0,15.0,0.0,0.0,0.0,0.0
1954,George Cole,1,0,0,0.0,20.0,,159.0,0.0,0,,20.0,20.0,0.0,0.0,0.0,0.0
1963,Bob Ross,2,0,1,0.0,11.5,1088.0,315.0,0.0,0,36.0,9.0,14.0,0.0,50.0,0.0,0.0
1978,Glenn Jarrett,1,0,0,0.0,20.0,103.0,317.0,0.0,0,23.0,20.0,20.0,0.0,0.0,0.0,0.0
1990,Rich Bickle,1,0,0,0.0,28.0,79.0,195.0,0.0,0,29.0,28.0,28.0,0.0,0.0,0.0,0.0
1996,Ed Berrier,1,0,0,0.0,39.0,46.0,57.0,0.0,0,33.0,39.0,39.0,0.0,0.0,0.0,0.0
1950,Hub McBride,1,0,0,0.0,32.0,,341.0,0.0,0,8.0,32.0,32.0,0.0,0.0,0.0,0.0
1950,Jesse James Taylor,1,0,0,0.0,44.0,,329.0,0.0,0,75.0,44.0,44.0,0.0,0.0,0.0,0.0
1950,Gene Darragh,1,0,0,0.0,46.0,,323.0,0.0,0,36.0,46.0,46.0,0.0,0.0,0.0,0.0
1952,Elton Hildreth,6,0,1,0.0,17.5,,815.0,0.0,0,21.67,10.0,26.0,0.0,16.67,0.0,0.0
1953,Al Keller,4,0,0,0.0,26.5,,73.0,0.0,0,20.5,19.0,34.0,0.0,0.0,0.0,0.0
1955,Bill Amick,4,2,2,0.0,15.5,384.0,485.0,28.0,0,8.25,4.0,29.0,50.0,50.0,0.0,5.77
1957,Ed Cole,1,0,0,0.0,13.0,,163.0,0.0,0,21.0,13.0,13.0,0.0,0.0,0.0,0.0
1957,Russ Truelove,1,0,0,0.0,55.0,,,0.0,0,35.0,55.0,55.0,0.0,0.0,0.0,
1960,Shorty Rollins,4,0,1,0.0,18.5,4374.0,952.0,0.0,0,27.75,9.0,34.0,0.0,25.0,0.0,0.0
1961,E.J. Trivette,6,0,1,0.0,20.17,944.0,667.0,0.0,0,23.5,10.0,55.0,0.0,16.67,0.0,0.0
1963,Marvin Panch,12,9,12,1.0,3.83,17156.0,3510.0,290.0,6,3.92,1.0,9.0,75.0,100.0,8.33,8.26
1972,Wendell Scott,6,0,0,0.0,21.0,360.0,1763.0,0.0,0,29.67,16.0,32.0,0.0,0.0,0.0,0.0
1974,Odie Robertson,1,0,0,0.0,24.0,,89.0,0.0,0,29.0,24.0,24.0,0.0,0.0,0.0,0.0
1977,James Hylton,30,0,11,0.0,16.03,3476.0,8375.0,3.0,0,19.9,7.0,39.0,0.0,36.67,0.0,0.04
1983,Bosco Lowe,1,0,0,0.0,39.0,46.0,36.0,0.0,0,26.0,39.0,39.0,0.0,0.0,0.0,0.0
1987,Ricky Rudd,29,10,13,2.0,13.52,3742.0,8206.0,505.0,12,13.76,1.0,31.0,34.48,44.83,6.9,6.15
1988,David Simko,1,0,0,0.0,40.0,0.0,9.0,0.0,0,38.0,40.0,40.0,0.0,0.0,0.0,0.0
1990,Ken Ragan,4,0,0,0.0,34.5,238.0,398.0,0.0,0,33.5,24.0,41.0,0.0,0.0,0.0,0.0
1992,Dale Earnhardt,29,6,15,1.0,14.86,3574.0,8694.0,483.0,9,14.69,1.0,40.0,20.69,51.72,3.45,5.56
1994,Joe Ruttman,2,0,0,0.0,20.5,203.0,527.0,0.0,0,32.0,18.0,23.0,0.0,0.0,0.0,0.0
1995,Chuck Bown,9,0,0,0.0,31.44,618.0,2068.0,0.0,0,32.89,21.0,40.0,0.0,0.0,0.0,0.0
2001,Jason Leffler,30,0,1,0.0,27.7,2413.0,7983.0,15.0,7,28.7,10.0,43.0,0.0,3.33,0.0,0.19
2001,Dick Trickle,1,0,0,0.0,33.0,64.0,389.0,0.0,0,7.0,33.0,33.0,0.0,0.0,0.0,0.0
2002,Gary Bradberry,1,0,0,0.0,43.0,34.0,72.0,0.0,0,43.0,43.0,43.0,0.0,0.0,0.0,0.0
2014,Boris Said,2,0,0,0.0,30.0,28.0,199.0,0.0,1,37.5,25.0,35.0,0.0,0.0,0.0,0.0
2021,Joey Logano,36,10,19,1.0,12.64,1115.0,8995.0,453.0,26,9.17,1.0,39.0,27.78,52.78,2.78,5.04
2022,Daniel Suarez,36,6,13,1.0,16.5,892.0,9082.0,280.0,24,15.14,1.0,37.0,16.67,36.11,2.78,3.08
1950,Curt Foss,1,0,0,0.0,19.0,,158.0,0.0,0,,19.0,19.0,0.0,0.0,0.0,0.0
1951,Jack Holloway,3,0,0,0.0,14.67,,,0.0,0,34.0,11.0,17.0,0.0,0.0,0.0,
1954,Buck Mason,1,0,0,0.0,27.0,,283.0,0.0,0,37.0,27.0,27.0,0.0,0.0,0.0,0.0
1954,Dick Ross,2,0,0,0.0,26.0,,341.0,0.0,0,,25.0,27.0,0.0,0.0,0.0,0.0
1958,Jerry Draper,3,0,0,0.0,27.0,76.0,488.0,0.0,0,15.0,19.0,40.0,0.0,0.0,0.0,0.0
1959,Jim Austin,5,0,0,0.0,19.0,416.0,784.0,0.0,0,23.0,12.0,32.0,0.0,0.0,0.0,0.0
1963,Dan Gurney,3,3,3,1.0,3.67,2200.0,424.0,120.0,2,10.0,1.0,5.0,100.0,100.0,33.33,28.3
1978,A.J. Foyt,2,1,1,0.0,17.5,0.0,255.0,0.0,0,2.5,3.0,32.0,50.0,50.0,0.0,0.0
2017,D.J. Kennington,4,0,0,0.0,33.25,17.0,612.0,0.0,0,36.25,26.0,38.0,0.0,0.0,0.0,0.0
1951,Bill LaGrance,1,0,0,0.0,23.0,,,0.0,0,,23.0,23.0,0.0,0.0,0.0,
1952,George Fleming,1,0,0,0.0,49.0,,,0.0,0,43.0,49.0,49.0,0.0,0.0,0.0,
1953,Lou Faver,1,0,0,0.0,26.0,,12.0,0.0,0,,26.0,26.0,0.0,0.0,0.0,0.0
1956,Bob Esposito,1,0,0,0.0,11.0,,189.0,0.0,0,20.0,11.0,11.0,0.0,0.0,0.0,0.0
1966,L.D. Ottinger,1,0,0,0.0,28.0,16.0,32.0,0.0,0,21.0,28.0,28.0,0.0,0.0,0.0,0.0
1988,Steve Moore,3,0,0,0.0,28.67,231.0,726.0,0.0,0,37.67,23.0,33.0,0.0,0.0,0.0,0.0
1961,Dick Santee,1,0,0,0.0,11.0,360.0,159.0,0.0,0,23.0,11.0,11.0,0.0,0.0,0.0,0.0
1963,Buzzie Reutimann,1,0,1,0.0,10.0,256.0,192.0,0.0,0,18.0,10.0,10.0,0.0,100.0,0.0,0.0
1963,Marvin Porter,2,0,0,0.0,26.5,856.0,202.0,0.0,0,18.0,15.0,38.0,0.0,0.0,0.0,0.0
1978,Richard White,3,0,0,0.0,20.67,308.0,346.0,2.0,0,26.33,18.0,24.0,0.0,0.0,0.0,0.58
1953,Neil Roberts,2,0,1,0.0,11.5,,335.0,0.0,0,32.0,8.0,15.0,0.0,50.0,0.0,0.0
1954,Dick Rathman,32,23,26,3.0,5.75,,5286.0,729.0,7,6.36,1.0,23.0,71.88,81.25,9.38,13.79
1956,Lee Petty,47,17,28,2.0,10.19,0.0,7507.0,246.0,6,9.59,1.0,36.0,36.17,59.57,4.26,3.28
1956,Ken Johnson,1,0,0,0.0,14.0,,127.0,0.0,0,7.0,14.0,14.0,0.0,0.0,0.0,0.0
1957,Jimmy Thompson,2,0,0,0.0,15.5,,352.0,0.0,0,19.5,14.0,17.0,0.0,0.0,0.0,0.0
1957,George Green,17,1,4,0.0,15.06,,2668.0,0.0,0,20.38,4.0,34.0,5.88,23.53,0.0,0.0
1957,Bill Morgan,1,0,0,0.0,29.0,,223.0,0.0,0,33.0,29.0,29.0,0.0,0.0,0.0,0.0
1958,Johnny Allen,22,2,6,0.0,16.82,2012.0,2832.0,0.0,0,14.67,3.0,46.0,9.09,27.27,0.0,0.0
1959,Joe Lee Johnson,12,3,6,1.0,15.17,2256.0,2743.0,1.0,1,14.83,1.0,42.0,25.0,50.0,8.33,0.04
1960,Speedy Thompson,9,4,5,2.0,17.56,5538.0,1646.0,217.0,2,15.11,1.0,62.0,44.44,55.56,22.22,13.18
1961,David Ezell,1,0,0,0.0,18.0,64.0,87.0,0.0,0,19.0,18.0,18.0,0.0,0.0,0.0,0.0
1963,Mark Hurley,3,1,1,0.0,15.67,496.0,668.0,0.0,0,16.0,4.0,26.0,33.33,33.33,0.0,0.0
1968,A.J. Foyt,4,0,1,0.0,23.75,0.0,572.0,0.0,0,14.0,10.0,43.0,0.0,25.0,0.0,0.0
1969,Larry Baumel,6,0,0,0.0,23.5,138.0,964.0,0.0,0,20.67,16.0,37.0,0.0,0.0,0.0,0.0
1970,Ed Negre,31,0,1,0.0,23.0,1413.0,3345.0,0.0,0,19.94,9.0,45.0,0.0,3.23,0.0,0.0
1971,Maynard Troyer,13,1,3,0.0,25.23,879.0,1617.0,0.0,0,15.15,4.0,44.0,7.69,23.08,0.0,0.0
1973,Red Farmer,3,0,0,0.0,32.0,114.0,247.0,0.0,0,19.0,32.0,32.0,0.0,0.0,0.0,0.0
1975,Darel Dieringer,4,0,2,0.0,16.5,337.0,923.0,2.0,0,19.5,7.0,37.0,0.0,50.0,0.0,0.22
1978,Bruce Hill,14,0,2,0.0,25.5,1214.0,2805.0,0.0,0,16.86,9.0,40.0,0.0,14.29,0.0,0.0
1982,D.K. Ulrich,25,0,1,0.0,20.2,2561.0,7102.0,0.0,0,25.24,10.0,32.0,0.0,4.0,0.0,0.0
1983,A.J. Foyt,3,0,0,0.0,27.67,130.0,406.0,0.0,0,10.67,11.0,38.0,0.0,0.0,0.0,0.0
1987,Slick Johnson,8,0,0,0.0,20.75,550.0,2113.0,3.0,0,30.38,12.0,32.0,0.0,0.0,0.0,0.14
1989,Norm Benning,3,0,0,0.0,30.33,216.0,653.0,0.0,0,35.67,30.0,31.0,0.0,0.0,0.0,0.0
1999,Kenny Wallace,34,3,5,0.0,23.26,3210.0,8805.0,56.0,8,19.82,2.0,43.0,8.82,14.71,0.0,0.64
2003,Robby Gordon,36,4,10,2.0,19.72,3856.0,10350.0,158.0,12,23.06,1.0,40.0,11.11,27.78,5.56,1.53
2006,Jeff Burton,36,7,20,1.0,14.19,4535.0,10011.0,649.0,26,13.89,1.0,42.0,19.44,55.56,2.78,6.48
2013,Jimmie Johnson,36,16,24,6.0,10.69,1248.0,10306.0,1985.0,28,9.83,1.0,40.0,44.44,66.67,16.67,19.26
2016,Kurt Busch,36,9,21,1.0,12.03,1055.0,10348.0,238.0,31,12.08,1.0,38.0,25.0,58.33,2.78,2.3
2022,Ty Dillon,36,0,1,0.0,22.56,553.0,8612.0,2.0,18,26.97,10.0,36.0,0.0,2.78,0.0,0.02
2024,Alex Bowman,36,8,17,1.0,14.75,971.0,9389.0,67.0,28,13.89,1.0,38.0,22.22,47.22,2.78,0.71
1949,Frank Smith,2,0,0,0.0,17.5,,,0.0,0,,14.0,21.0,0.0,0.0,0.0,
1953,Bill Adams,2,0,1,0.0,12.0,,36.0,0.0,0,11.0,8.0,16.0,0.0,50.0,0.0,0.0
1954,Ken Fisher,5,0,1,0.0,19.8,,879.0,0.0,0,8.0,7.0,40.0,0.0,20.0,0.0,0.0
1955,Boyce Hildreth,2,0,0,0.0,20.5,,46.0,0.0,0,18.0,19.0,22.0,0.0,0.0,0.0,0.0
1956,Ansel Rakestraw,1,0,0,0.0,19.0,,48.0,0.0,0,26.0,19.0,19.0,0.0,0.0,0.0,0.0
1957,Bill Poor,2,0,0,0.0,16.0,,167.0,0.0,0,28.0,13.0,19.0,0.0,0.0,0.0,0.0
1960,Charlie Glotzbach,2,0,0,0.0,29.5,84.0,266.0,0.0,0,35.0,28.0,31.0,0.0,0.0,0.0,0.0
1966,Gene Hobby,2,0,0,0.0,25.5,70.0,34.0,0.0,0,25.0,23.0,28.0,0.0,0.0,0.0,0.0
1982,Don Waterman,2,0,0,0.0,22.0,199.0,156.0,1.0,0,23.0,11.0,33.0,0.0,0.0,0.0,0.64
1993,Terry Fisher,1,0,0,0.0,37.0,52.0,132.0,0.0,0,41.0,37.0,37.0,0.0,0.0,0.0,0.0
1951,Art Knoll,1,0,0,0.0,23.0,,,0.0,0,,23.0,23.0,0.0,0.0,0.0,
1952,J.C. White,1,0,0,0.0,11.0,,164.0,0.0,0,22.0,11.0,11.0,0.0,0.0,0.0,0.0
1958,Sam Colvin,1,0,0,0.0,11.0,144.0,185.0,0.0,0,16.0,11.0,11.0,0.0,0.0,0.0,0.0
1977,Marv Acton,2,0,0,0.0,30.5,94.0,359.0,0.0,0,19.0,23.0,38.0,0.0,0.0,0.0,0.0
2020,Bayley Currey,1,0,0,0.0,38.0,0.0,203.0,0.0,0,26.0,38.0,38.0,0.0,0.0,0.0,0.0
2024,Cam Waters,1,0,0,0.0,35.0,2.0,66.0,0.0,0,31.0,35.0,35.0,0.0,0.0,0.0,0.0
1963,Jack Norton,1,0,0,0.0,28.0,264.0,140.0,0.0,0,42.0,28.0,28.0,0.0,0.0,0.0,0.0
1970,Bub Strickler,1,0,0,0.0,19.0,64.0,316.0,0.0,0,28.0,19.0,19.0,0.0,0.0,0.0,0.0
1984,Rodney Combs,1,0,0,0.0,25.0,0.0,192.0,0.0,0,19.0,25.0,25.0,0.0,0.0,0.0,0.0
1951,Joe Eubanks,12,3,3,0.0,21.75,,490.0,7.0,1,22.5,2.0,75.0,25.0,25.0,0.0,1.43
1951,Ewell Weddle,7,0,2,0.0,20.71,,743.0,0.0,0,19.33,7.0,34.0,0.0,28.57,0.0,0.0
1952,Bobby Courtwright,4,1,1,0.0,11.0,,424.0,0.0,0,19.5,5.0,17.0,25.0,25.0,0.0,0.0
1955,Henry Ford,5,0,0,0.0,16.6,452.0,579.0,0.0,0,15.8,11.0,21.0,0.0,0.0,0.0,0.0
1955,Jack Richardson,1,0,0,0.0,17.0,72.0,50.0,0.0,0,4.0,17.0,17.0,0.0,0.0,0.0,0.0
1955,Norm Nelson,2,1,1,1.0,9.5,442.0,273.0,106.0,1,20.0,1.0,18.0,50.0,50.0,50.0,38.83
1956,Fred Lorenzen,7,0,0,0.0,21.86,,778.0,0.0,0,16.0,20.0,26.0,0.0,0.0,0.0,0.0
1957,Mel Larson,11,1,6,0.0,14.55,,1295.0,0.0,0,17.0,5.0,30.0,9.09,54.55,0.0,0.0
1957,Dick Klank,7,0,1,0.0,23.14,,942.0,0.0,0,28.0,8.0,39.0,0.0,14.29,0.0,0.0
1960,Spook Crawford,3,0,1,0.0,12.0,368.0,439.0,0.0,0,16.33,8.0,16.0,0.0,33.33,0.0,0.0
1961,Junior Johnson,41,16,22,7.0,12.07,17188.0,7016.0,2364.0,10,6.76,1.0,47.0,39.02,53.66,17.07,33.69
1961,Nelson Stacy,15,4,8,1.0,18.4,10436.0,3024.0,136.0,3,11.07,1.0,46.0,26.67,53.33,6.67,4.5
1968,James Hylton,41,16,28,0.0,11.2,2640.0,10058.0,15.0,1,10.63,2.0,44.0,39.02,68.29,0.0,0.15
1969,Ervin Pruitt,4,0,1,0.0,15.75,128.0,565.0,0.0,0,23.0,10.0,23.0,0.0,25.0,0.0,0.0
1971,Cecil Gordon,46,6,21,0.0,11.91,3677.0,12468.0,0.0,0,12.54,3.0,38.0,13.04,45.65,0.0,0.0
1972,Ronnie Daniel,2,0,0,0.0,23.5,110.0,490.0,0.0,0,27.5,18.0,29.0,0.0,0.0,0.0,0.0
1973,Tommy Gale,5,0,0,0.0,31.8,192.0,451.0,0.0,0,29.6,13.0,48.0,0.0,0.0,0.0,0.0
1975,Skip Manning,5,0,0,0.0,18.6,415.0,995.0,0.0,0,26.0,11.0,38.0,0.0,0.0,0.0,0.0
1980,Mike Miller,2,0,0,0.0,33.5,125.0,176.0,0.0,0,15.5,28.0,39.0,0.0,0.0,0.0,0.0
1981,J.D. McDuffie,28,0,1,0.0,18.75,3000.0,7108.0,8.0,0,28.11,10.0,33.0,0.0,3.57,0.0,0.11
1981,Neil Bonnett,22,7,8,3.0,20.14,2449.0,4917.0,1549.0,6,7.09,1.0,37.0,31.82,36.36,13.64,31.5
1982,Kyle Petty,29,2,4,0.0,20.07,3024.0,6414.0,13.0,2,18.31,2.0,39.0,6.9,13.79,0.0,0.2
1984,D.K. Ulrich,9,0,0,0.0,24.33,810.0,2565.0,0.0,0,27.78,17.0,37.0,0.0,0.0,0.0,0.0
1986,Ron Bouchard,17,0,2,0.0,24.12,1553.0,3654.0,1.0,1,23.06,6.0,42.0,0.0,11.76,0.0,0.03
1989,Tracy Leslie,2,0,0,0.0,22.5,191.0,557.0,0.0,0,33.5,20.0,25.0,0.0,0.0,0.0,0.0
1992,Jimmy Means,22,0,0,0.0,31.14,1531.0,4370.0,0.0,0,34.23,20.0,42.0,0.0,0.0,0.0,0.0
1995,Randy LaJoie,14,0,0,0.0,27.36,1133.0,3606.0,0.0,1,29.36,12.0,41.0,0.0,0.0,0.0,0.0
1999,Bobby Labonte,34,23,26,5.0,9.03,5061.0,10013.0,1200.0,28,9.5,1.0,38.0,67.65,76.47,14.71,11.98
2000,Bobby Hillin Jr.,1,0,0,0.0,40.0,43.0,314.0,0.0,0,21.0,40.0,40.0,0.0,0.0,0.0,0.0
2001,Jeff Gordon,36,18,24,6.0,10.97,5112.0,10638.0,2320.0,27,9.53,1.0,40.0,50.0,66.67,16.67,21.81
2013,J.J. Yeley,35,0,1,0.0,30.63,472.0,9421.0,9.0,5,36.91,10.0,43.0,0.0,2.86,0.0,0.1
2014,Kevin Harvick,36,14,20,5.0,12.92,1167.0,10032.0,2137.0,27,9.06,1.0,42.0,38.89,55.56,13.89,21.3
2016,Brad Keselowski,36,16,22,4.0,11.47,1099.0,10337.0,549.0,30,9.58,1.0,38.0,44.44,61.11,11.11,5.31
2017,Kasey Kahne,36,3,6,1.0,19.44,682.0,10068.0,41.0,20,17.89,1.0,38.0,8.33,16.67,2.78,0.41
2020,Matt DiBenedetto,36,3,11,0.0,14.75,911.0,9767.0,91.0,27,14.03,2.0,36.0,8.33,30.56,0.0,0.93
1951,Dick Richter,1,0,0,0.0,35.0,,,0.0,0,32.0,35.0,35.0,0.0,0.0,0.0,
1955,Slick Smith,3,0,2,0.0,25.33,644.0,424.0,0.0,0,26.0,7.0,61.0,0.0,66.67,0.0,0.0
1956,Jack Goodwin,1,0,0,0.0,15.0,,58.0,0.0,0,21.0,15.0,15.0,0.0,0.0,0.0,0.0
1964,Sal Tovella,2,0,0,0.0,17.5,1274.0,167.0,0.0,0,19.0,12.0,23.0,0.0,0.0,0.0,0.0
1990,Jerry Hufflin,1,0,0,0.0,37.0,52.0,130.0,0.0,0,40.0,37.0,37.0,0.0,0.0,0.0,0.0
1993,Steve Grissom,1,0,0,0.0,29.0,76.0,260.0,0.0,0,18.0,29.0,29.0,0.0,0.0,0.0,0.0
2000,Todd Bodine,5,0,1,0.0,24.2,456.0,881.0,0.0,1,26.0,7.0,43.0,0.0,20.0,0.0,0.0
1951,Dan Daniels,2,0,0,0.0,24.0,,,0.0,0,,22.0,26.0,0.0,0.0,0.0,
1951,Nick Garin,1,0,0,0.0,35.0,,,0.0,0,,35.0,35.0,0.0,0.0,0.0,
1953,Roscoe Thompson,2,0,0,0.0,17.0,,,0.0,0,,15.0,19.0,0.0,0.0,0.0,
1962,Floyd Powell,1,0,0,0.0,13.0,208.0,142.0,0.0,0,13.0,13.0,13.0,0.0,0.0,0.0,0.0
1970,Sam Posey,1,0,0,0.0,28.0,0.0,82.0,0.0,0,9.0,28.0,28.0,0.0,0.0,0.0,0.0
1980,Don Sprouse,4,0,0,0.0,19.0,303.0,1312.0,0.0,0,16.75,14.0,24.0,0.0,0.0,0.0,0.0
1987,Hershel McGriff,2,0,0,0.0,27.0,164.0,101.0,0.0,0,25.0,12.0,42.0,0.0,0.0,0.0,0.0
2021,Ryan Eversley,1,0,0,0.0,39.0,1.0,27.0,0.0,0,31.0,39.0,39.0,0.0,0.0,0.0,0.0
1951,Pap White,1,0,1,0.0,10.0,,383.0,0.0,0,55.0,10.0,10.0,0.0,100.0,0.0,0.0
1954,Eli Vukovich,1,0,0,0.0,17.0,,262.0,0.0,0,,17.0,17.0,0.0,0.0,0.0,0.0
1980,Eddie Dickerson,2,0,0,0.0,21.5,197.0,787.0,0.0,0,34.5,21.0,22.0,0.0,0.0,0.0,0.0
1995,Butch Gilliland,1,0,0,0.0,42.0,37.0,19.0,0.0,0,33.0,42.0,42.0,0.0,0.0,0.0,0.0
2009,Todd Bodine,3,0,0,0.0,40.67,123.0,288.0,0.0,0,34.0,37.0,43.0,0.0,0.0,0.0,0.0
1950,Gober Sosebee,2,0,0,0.0,23.5,,385.0,4.0,0,11.0,17.0,30.0,0.0,0.0,0.0,1.04
1951,Hershel McGriff,4,1,1,0.0,25.0,,463.0,1.0,0,14.67,4.0,54.0,25.0,25.0,0.0,0.22
1953,Jim Fox,1,0,0,0.0,16.0,,,0.0,0,,16.0,16.0,0.0,0.0,0.0,
1957,Jim Delaney,1,0,0,0.0,20.0,,,0.0,0,34.0,20.0,20.0,0.0,0.0,0.0,
1957,Everett Brashear,1,0,0,0.0,38.0,,,0.0,0,26.0,38.0,38.0,0.0,0.0,0.0,
1958,Fred Harb,25,4,7,0.0,15.2,2692.0,3971.0,0.0,0,14.96,3.0,39.0,16.0,28.0,0.0,0.0
1958,Dean Layfield,7,0,0,0.0,17.71,664.0,701.0,0.0,0,20.33,12.0,27.0,0.0,0.0,0.0,0.0
1958,Tom Nundy,1,0,0,0.0,20.0,,34.0,0.0,0,17.0,20.0,20.0,0.0,0.0,0.0,0.0
1960,Bob Duell,6,0,1,0.0,31.33,686.0,422.0,0.0,0,25.33,8.0,58.0,0.0,16.67,0.0,0.0
1960,Cale Yarborough,1,0,0,0.0,14.0,104.0,114.0,0.0,0,20.0,14.0,14.0,0.0,0.0,0.0,0.0
1960,Marshall Sargent,1,0,0,0.0,22.0,40.0,1.0,0.0,0,13.0,22.0,22.0,0.0,0.0,0.0,0.0
1961,Bob Barron,31,0,5,0.0,17.0,5412.0,5005.0,0.0,0,21.45,8.0,37.0,0.0,16.13,0.0,0.0
1961,Curtis Turner,8,1,2,0.0,22.75,3406.0,1182.0,180.0,1,10.0,2.0,55.0,12.5,25.0,0.0,15.23
1961,Woodie Wilson,5,0,1,0.0,18.0,3580.0,828.0,0.0,0,21.8,9.0,34.0,0.0,20.0,0.0,0.0
1962,Jerry Burnett,1,0,0,0.0,16.0,160.0,143.0,0.0,0,12.0,16.0,16.0,0.0,0.0,0.0,0.0
1969,Buddy Arrington,16,2,6,0.0,18.56,1099.0,3758.0,0.0,0,12.88,5.0,36.0,12.5,37.5,0.0,0.0
1970,Bobby Isaac,47,32,38,11.0,6.81,3911.0,12726.0,3179.0,17,3.3,1.0,35.0,68.09,80.85,23.4,24.98
1971,Henley Gray,39,0,4,0.0,21.26,2395.0,7684.0,0.0,0,24.77,8.0,43.0,0.0,10.26,0.0,0.0
1971,Clyde Lynn,3,0,0,0.0,20.33,75.0,508.0,0.0,0,15.0,11.0,28.0,0.0,0.0,0.0,0.0
1971,Johnny Halford,2,0,0,0.0,28.0,75.0,308.0,0.0,0,32.5,26.0,30.0,0.0,0.0,0.0,0.0
1973,Jody Ridley,3,1,1,0.0,24.33,160.0,690.0,0.0,0,26.0,5.0,37.0,33.33,33.33,0.0,0.0
1975,Bobby Allison,19,10,10,3.0,15.37,2181.0,4268.0,578.0,6,4.42,1.0,35.0,52.63,52.63,15.79,13.54
1975,Buddy Arrington,25,0,3,0.0,17.56,2766.0,7786.0,0.0,0,26.28,6.0,38.0,0.0,12.0,0.0,0.0
1977,Ed Negre,24,0,0,0.0,23.58,2214.0,5523.0,0.0,0,24.29,11.0,41.0,0.0,0.0,0.0,0.0
1978,Ricky Rudd,13,0,4,0.0,22.92,1260.0,2535.0,16.0,0,16.54,6.0,39.0,0.0,30.77,0.0,0.63
1981,Mark Martin,5,1,2,0.0,15.0,615.0,1478.0,76.0,0,3.6,3.0,27.0,20.0,40.0,0.0,5.14
1982,Joe Ruttman,29,5,7,0.0,18.66,3021.0,7354.0,178.0,1,11.76,3.0,41.0,17.24,24.14,0.0,2.42
1984,Buddy Arrington,26,0,0,0.0,22.23,2504.0,7323.0,0.0,0,28.54,11.0,36.0,0.0,0.0,0.0,0.0
1991,Rusty Wallace,29,9,14,2.0,15.31,3582.0,8316.0,524.0,12,10.03,1.0,34.0,31.03,48.28,6.9,6.3
1993,Harry Gant,30,4,12,0.0,16.27,3524.0,8843.0,265.0,9,19.2,3.0,37.0,13.33,40.0,0.0,3.0
1996,Jeremy Mayfield,30,2,2,0.0,24.5,2721.0,7814.0,20.0,7,22.23,4.0,44.0,6.67,6.67,0.0,0.26
2000,Kurt Busch,7,0,0,0.0,25.14,613.0,2411.0,0.0,1,25.14,13.0,37.0,0.0,0.0,0.0,0.0
2011,Regan Smith,36,2,5,1.0,21.47,820.0,9864.0,36.0,19,14.75,1.0,39.0,5.56,13.89,2.78,0.36
2017,Timmy Hill,15,0,0,0.0,32.6,0.0,3940.0,0.0,1,37.33,14.0,40.0,0.0,0.0,0.0,0.0
2018,Gray Gaulding,20,0,0,0.0,31.45,119.0,4997.0,0.0,0,32.4,20.0,40.0,0.0,0.0,0.0,0.0
2019,Clint Bowyer,36,7,18,0.0,15.17,944.0,9874.0,138.0,23,10.72,2.0,38.0,19.44,50.0,0.0,1.4
2022,Martin Truex Jr.,36,4,15,0.0,14.94,1032.0,8956.0,572.0,29,15.25,4.0,36.0,11.11,41.67,0.0,6.39
1949,Lou Volk,1,0,1,0.0,10.0,,182.0,0.0,0,34.0,10.0,10.0,0.0,100.0,0.0,0.0
1954,Slim Brown,1,0,0,0.0,22.0,,41.0,0.0,0,9.0,22.0,22.0,0.0,0.0,0.0,0.0
1954,Leslie Young,1,0,0,0.0,58.0,,5.0,0.0,0,,58.0,58.0,0.0,0.0,0.0,0.0
1955,Chester Brown,1,0,0,0.0,26.0,0.0,20.0,0.0,0,7.0,26.0,26.0,0.0,0.0,0.0,0.0
1957,Elton Hildreth,2,0,0,0.0,30.5,,153.0,0.0,0,30.0,26.0,35.0,0.0,0.0,0.0,0.0
1961,Dominic Persicketti,1,0,1,0.0,8.0,,450.0,0.0,0,14.0,8.0,8.0,0.0,100.0,0.0,0.0
1963,Jim Cushman,2,0,0,0.0,23.0,1318.0,211.0,0.0,0,39.0,23.0,23.0,0.0,0.0,0.0,0.0
1977,Bob Burcham,2,0,1,0.0,21.5,199.0,408.0,0.0,0,32.5,9.0,34.0,0.0,50.0,0.0,0.0
1985,Dick Trickle,3,0,1,0.0,26.67,197.0,452.0,0.0,0,29.0,8.0,36.0,0.0,33.33,0.0,0.0
1988,Rob Moroso,2,0,0,0.0,22.5,191.0,473.0,0.0,0,30.0,14.0,31.0,0.0,0.0,0.0,0.0
2010,Landon Cassill,16,0,0,0.0,39.5,717.0,1578.0,1.0,0,33.38,33.0,43.0,0.0,0.0,0.0,0.06
1950,Chuck Garrett,1,0,1,0.0,8.0,,,0.0,0,,8.0,8.0,0.0,100.0,0.0,
1975,Dick Skillen,5,0,0,0.0,28.4,389.0,1052.0,0.0,0,31.4,23.0,37.0,0.0,0.0,0.0,0.0
1978,Bobby Fisher,2,0,0,0.0,34.5,43.0,33.0,0.0,0,20.5,29.0,40.0,0.0,0.0,0.0,0.0
1979,Jimmy Hindman,1,0,0,0.0,30.0,0.0,2.0,0.0,0,29.0,30.0,30.0,0.0,0.0,0.0,0.0
1983,Grant Adcox,1,0,0,0.0,36.0,55.0,1.0,0.0,0,16.0,36.0,36.0,0.0,0.0,0.0,0.0
1951,Johnny Yountz,1,0,0,0.0,34.0,,361.0,0.0,0,41.0,34.0,34.0,0.0,0.0,0.0,0.0
1952,Johnny Gouveia,1,0,0,0.0,59.0,,61.0,0.0,0,26.0,59.0,59.0,0.0,0.0,0.0,0.0
1961,Dick Bown,1,0,0,0.0,17.0,216.0,133.0,0.0,0,22.0,17.0,17.0,0.0,0.0,0.0,0.0
1950,Ruel Smith,2,0,0,0.0,39.0,,336.0,0.0,0,41.0,23.0,55.0,0.0,0.0,0.0,0.0
1952,Tim Flock,33,22,25,8.0,7.64,0.0,5345.0,1283.0,11,5.26,1.0,55.0,66.67,75.76,24.24,24.0
1956,Chuck Meekins,7,3,6,0.0,6.29,,1241.0,0.0,1,13.5,2.0,11.0,42.86,85.71,0.0,0.0
1959,Dick Foley,3,0,0,0.0,33.33,1368.0,226.0,0.0,0,37.67,31.0,37.0,0.0,0.0,0.0,0.0
1960,Bud Burdick,2,0,1,0.0,10.0,1970.0,236.0,0.0,0,12.0,9.0,11.0,0.0,50.0,0.0,0.0
1960,Tom Pistone,20,2,8,0.0,16.6,6572.0,4080.0,188.0,0,14.35,3.0,38.0,10.0,40.0,0.0,4.61
1962,Jim Paschal,39,17,24,4.0,9.85,18128.0,8311.0,819.0,7,11.76,1.0,32.0,43.59,61.54,10.26,9.85
1964,Elmo Henderson,8,1,3,0.0,18.75,1542.0,661.0,0.0,0,19.63,5.0,39.0,12.5,37.5,0.0,0.0
1965,Don Tilley,2,0,0,0.0,20.0,957.0,119.0,0.0,0,23.5,18.0,22.0,0.0,0.0,0.0,0.0
1968,Paul Goldsmith,15,2,4,0.0,22.07,1017.0,2793.0,304.0,1,9.07,2.0,41.0,13.33,26.67,0.0,10.88
1969,Frank Warren,23,0,1,0.0,23.61,1229.0,3343.0,0.0,0,21.09,8.0,45.0,0.0,4.35,0.0,0.0
1974,Dave Marcis,30,6,18,0.0,12.23,,8658.0,12.0,0,18.33,4.0,31.0,20.0,60.0,0.0,0.14
1975,J.D. McDuffie,26,1,6,0.0,19.42,2745.0,5832.0,0.0,0,20.27,5.0,45.0,3.85,23.08,0.0,0.0
1976,Neil Bonnett,13,1,4,0.0,23.23,1130.0,2174.0,1.0,0,13.54,5.0,39.0,7.69,30.77,0.0,0.05
1980,Kyle Petty,15,0,6,0.0,17.2,1690.0,3722.0,0.0,0,24.07,7.0,35.0,0.0,40.0,0.0,0.0
1980,Neil Bonnett,22,10,13,2.0,14.05,2865.0,5173.0,333.0,8,5.73,1.0,41.0,45.45,59.09,9.09,6.44
1983,Darrell Waltrip,30,22,25,6.0,7.73,4620.0,9403.0,2363.0,20,7.13,1.0,40.0,73.33,83.33,20.0,25.13
1985,Sterling Marlin,8,0,0,0.0,24.5,645.0,1321.0,1.0,0,21.0,12.0,34.0,0.0,0.0,0.0,0.08
1986,Cliff Hucul,2,0,0,0.0,35.5,113.0,229.0,0.0,0,35.0,31.0,40.0,0.0,0.0,0.0,0.0
1987,Rick Wilson,19,0,1,0.0,24.26,1723.0,3530.0,20.0,0,18.26,7.0,40.0,0.0,5.26,0.0,0.57
1987,Tim Richmond,8,3,4,2.0,13.38,1063.0,1199.0,161.0,5,11.63,1.0,29.0,37.5,50.0,25.0,13.43
1991,Geoff Bodine,27,6,12,1.0,15.7,3277.0,7997.0,152.0,7,10.37,1.0,39.0,22.22,44.44,3.7,1.9
1994,Bobby Labonte,31,1,2,0.0,21.9,3038.0,8541.0,3.0,5,19.87,5.0,42.0,3.23,6.45,0.0,0.04
1994,Rick Mast,31,4,10,0.0,20.58,3238.0,8756.0,166.0,6,19.9,2.0,42.0,12.9,32.26,0.0,1.9
2002,Dave Blaney,36,0,5,0.0,20.86,3670.0,10305.0,65.0,13,23.72,7.0,43.0,0.0,13.89,0.0,0.63
2005,Kurt Busch,34,9,18,3.0,15.32,4248.0,9361.0,955.0,23,13.68,1.0,43.0,26.47,52.94,8.82,10.2
2007,Jeremy Mayfield,17,0,0,0.0,32.06,1151.0,4917.0,6.0,3,29.71,22.0,40.0,0.0,0.0,0.0,0.12
2012,Marcos Ambrose,36,3,8,1.0,17.94,950.0,10198.0,74.0,18,14.31,1.0,36.0,8.33,22.22,2.78,0.73
2016,Ricky Stenhouse Jr.,36,4,6,0.0,19.58,772.0,9574.0,6.0,23,17.36,2.0,40.0,11.11,16.67,0.0,0.06
2018,Jimmie Johnson,36,2,11,0.0,16.72,869.0,9764.0,40.0,23,19.17,3.0,39.0,5.56,30.56,0.0,0.41
2023,Jonathan Davenport,1,0,0,0.0,36.0,1.0,176.0,0.0,0,21.0,36.0,36.0,0.0,0.0,0.0,0.0
2023,Carson Hocevar,9,0,0,0.0,24.56,0.0,2571.0,0.0,4,23.78,11.0,36.0,0.0,0.0,0.0,0.0
2024,Kyle Busch,36,5,10,0.0,18.31,766.0,9419.0,230.0,24,16.92,2.0,35.0,13.89,27.78,0.0,2.44
2024,John Hunter Nemechek,36,0,4,0.0,25.42,440.0,9504.0,36.0,12,27.28,6.0,36.0,0.0,11.11,0.0,0.38
1949,Marshall Teague,1,0,0,0.0,14.0,,,0.0,0,6.0,14.0,14.0,0.0,0.0,0.0,
1951,Bill Amberg,1,0,0,0.0,30.0,,94.0,0.0,0,,30.0,30.0,0.0,0.0,0.0,0.0
1960,Bobby Waddell,1,0,0,0.0,17.0,,168.0,0.0,0,11.0,17.0,17.0,0.0,0.0,0.0,0.0
1965,Gil Hearne,1,0,0,0.0,17.0,144.0,172.0,0.0,0,11.0,17.0,17.0,0.0,0.0,0.0,0.0
2017,Daniel Suarez,36,1,12,0.0,16.22,776.0,10084.0,40.0,26,13.94,3.0,38.0,2.78,33.33,0.0,0.4
1979,Sandy Satullo,2,0,0,0.0,28.5,155.0,210.0,0.0,0,32.5,19.0,38.0,0.0,0.0,0.0,0.0
1990,Rick Jeffrey,1,0,0,0.0,30.0,73.0,467.0,0.0,0,32.0,30.0,30.0,0.0,0.0,0.0,0.0
2014,Brian Scott,6,0,0,0.0,32.33,0.0,1506.0,0.0,1,21.83,25.0,42.0,0.0,0.0,0.0,0.0
2016,Michael Waltrip,2,0,0,0.0,21.0,42.0,388.0,3.0,2,34.5,12.0,30.0,0.0,0.0,0.0,0.77
1954,Harold Nash,2,0,0,0.0,37.0,,27.0,0.0,0,,28.0,46.0,0.0,0.0,0.0,0.0
1957,Bob Perry,1,0,0,0.0,17.0,,71.0,0.0,0,19.0,17.0,17.0,0.0,0.0,0.0,0.0
1960,Lyle Stelter,2,0,0,0.0,20.0,80.0,130.0,0.0,0,20.0,16.0,24.0,0.0,0.0,0.0,0.0
1966,Coo Coo Marlin,1,0,1,0.0,8.0,360.0,375.0,0.0,0,8.0,8.0,8.0,0.0,100.0,0.0,0.0
1986,Joe Millikan,2,0,0,0.0,34.0,122.0,59.0,0.0,0,28.5,30.0,38.0,0.0,0.0,0.0,0.0
1999,Ron Hornaday Jr.,1,0,0,0.0,29.0,76.0,396.0,0.0,0,35.0,29.0,29.0,0.0,0.0,0.0,0.0
2004,Ron Fellows,1,1,1,0.0,2.0,170.0,90.0,0.0,1,43.0,2.0,2.0,100.0,100.0,0.0,0.0
2005,Eric McClure,1,0,0,0.0,32.0,67.0,237.0,0.0,0,41.0,32.0,32.0,0.0,0.0,0.0,0.0
1951,George Seeger,10,1,2,0.0,19.2,,705.0,0.0,0,14.17,3.0,34.0,10.0,20.0,0.0,0.0
1951,Pug Blalock,3,0,1,0.0,17.33,,,0.0,0,,9.0,24.0,0.0,33.33,0.0,
1951,Dell Pearson,8,1,3,0.0,12.0,,310.0,0.0,0,23.5,2.0,23.0,12.5,37.5,0.0,0.0
1953,Elmer Cooper,1,0,0,0.0,29.0,,271.0,0.0,0,50.0,29.0,29.0,0.0,0.0,0.0,0.0
1955,Jim Cook,1,0,0,0.0,32.0,,110.0,0.0,0,22.0,32.0,32.0,0.0,0.0,0.0,0.0
1956,Dutch Munsinger,1,0,0,0.0,26.0,,69.0,0.0,0,17.0,26.0,26.0,0.0,0.0,0.0,0.0
1956,Jim Stapley,1,0,0,0.0,29.0,,51.0,0.0,0,19.0,29.0,29.0,0.0,0.0,0.0,0.0
1957,Joe Eubanks,1,0,1,0.0,9.0,,180.0,0.0,0,8.0,9.0,9.0,0.0,100.0,0.0,0.0
1957,Billy Carden,3,0,2,0.0,10.0,,625.0,0.0,0,24.0,6.0,15.0,0.0,66.67,0.0,0.0
1958,Jerry Johnson,1,0,0,0.0,11.0,,93.0,0.0,0,27.0,11.0,11.0,0.0,0.0,0.0,0.0
1960,Al Self,2,0,1,0.0,11.5,538.0,227.0,0.0,0,24.0,10.0,13.0,0.0,50.0,0.0,0.0
1963,Cale Yarborough,18,3,7,0.0,12.78,8062.0,4528.0,0.0,0,17.44,5.0,34.0,16.67,38.89,0.0,0.0
1967,Curley Mills,4,0,2,0.0,14.0,868.0,500.0,0.0,0,16.5,9.0,21.0,0.0,50.0,0.0,0.0
1968,Butch Hartman,5,0,2,0.0,12.6,0.0,1458.0,10.0,0,16.2,10.0,16.0,0.0,40.0,0.0,0.69
1970,Roy Mayne,16,0,3,0.0,18.94,1333.0,3731.0,0.0,0,30.38,7.0,34.0,0.0,18.75,0.0,0.0
1970,Ed Hessert,2,0,0,0.0,21.0,85.0,105.0,0.0,0,25.0,16.0,26.0,0.0,0.0,0.0,0.0
1971,Raymond Williams,20,0,0,0.0,25.75,1271.0,2822.0,0.0,0,28.1,14.0,41.0,0.0,0.0,0.0,0.0
1971,Wayne Andrews,5,1,3,0.0,10.8,277.0,1372.0,0.0,0,8.0,5.0,23.0,20.0,60.0,0.0,0.0
1972,Ed Hessert,2,0,0,0.0,24.0,46.0,157.0,0.0,0,28.0,20.0,28.0,0.0,0.0,0.0,0.0
1972,Pete Hamilton,5,1,1,0.0,22.2,282.0,1044.0,8.0,0,10.8,5.0,33.0,20.0,20.0,0.0,0.77
1973,Buddy Arrington,26,1,4,0.0,19.0,1664.0,7476.0,0.0,0,22.31,5.0,49.0,3.85,15.38,0.0,0.0
1978,Benny Parsons,30,15,21,3.0,9.43,4350.0,9609.0,824.0,9,4.73,1.0,31.0,50.0,70.0,10.0,8.58
1979,Joe Fields,1,0,0,0.0,20.0,103.0,379.0,0.0,0,28.0,20.0,20.0,0.0,0.0,0.0,0.0
1979,Dick May,20,0,0,0.0,26.85,1390.0,3332.0,0.0,0,28.05,11.0,41.0,0.0,0.0,0.0,0.0
1980,Jim Robinson,3,0,0,0.0,24.0,273.0,288.0,0.0,0,27.0,20.0,28.0,0.0,0.0,0.0,0.0
1988,Patty Moise,2,0,0,0.0,28.0,158.0,241.0,0.0,0,33.0,26.0,30.0,0.0,0.0,0.0,0.0
1990,Alan Kulwicki,29,5,13,1.0,14.55,3599.0,8635.0,400.0,14,11.9,1.0,35.0,17.24,44.83,3.45,4.63
1991,Davey Allison,29,12,16,5.0,10.9,4088.0,8770.0,1528.0,16,7.86,1.0,40.0,41.38,55.17,17.24,17.42
1992,Derrike Cope,29,0,3,0.0,19.55,3033.0,8483.0,0.0,4,20.97,7.0,35.0,0.0,10.34,0.0,0.0
1993,Ricky Rudd,30,9,14,1.0,15.47,3644.0,8634.0,136.0,11,10.87,1.0,41.0,30.0,46.67,3.33,1.58
1993,Rick Carelli,3,0,0,0.0,25.67,258.0,499.0,0.0,0,31.0,21.0,35.0,0.0,0.0,0.0,0.0
1993,P.J. Jones,6,0,1,0.0,26.83,498.0,710.0,0.0,1,29.33,8.0,38.0,0.0,16.67,0.0,0.0
1993,Greg Sacks,19,0,1,0.0,24.16,1730.0,5251.0,1.0,3,24.26,6.0,38.0,0.0,5.26,0.0,0.02
1999,David Green,32,0,0,0.0,30.22,2320.0,8273.0,7.0,2,30.03,12.0,43.0,0.0,0.0,0.0,0.08
2006,Ken Schrader,36,0,2,0.0,26.25,3049.0,9187.0,11.0,10,25.64,7.0,42.0,0.0,5.56,0.0,0.12
2007,A.J. Allmendinger,17,0,0,0.0,31.59,1165.0,5373.0,1.0,3,28.71,15.0,43.0,0.0,0.0,0.0,0.02
2008,Kyle Busch,36,17,21,8.0,12.47,4984.0,10312.0,1673.0,27,11.94,1.0,43.0,47.22,58.33,22.22,16.22
2008,Travis Kvapil,36,0,4,0.0,23.28,3384.0,10519.0,15.0,14,26.14,6.0,42.0,0.0,11.11,0.0,0.14
2010,Regan Smith,36,0,0,0.0,24.53,3229.0,10208.0,4.0,16,24.61,12.0,39.0,0.0,0.0,0.0,0.04
2010,Denny Hamlin,36,14,18,8.0,12.94,4865.0,10530.0,1184.0,29,17.17,1.0,43.0,38.89,50.0,22.22,11.24
2011,Jamie McMurray,36,2,4,0.0,22.22,795.0,9584.0,106.0,17,17.83,4.0,38.0,5.56,11.11,0.0,1.11
2018,Daniel Suarez,36,3,9,0.0,18.5,701.0,9682.0,35.0,18,17.39,2.0,37.0,8.33,25.0,0.0,0.36
1951,Lloyd Dennis,1,0,0,0.0,32.0,,39.0,0.0,0,35.0,32.0,32.0,0.0,0.0,0.0,0.0
1957,Clyde Mitchell,1,0,0,0.0,20.0,,50.0,0.0,0,26.0,20.0,20.0,0.0,0.0,0.0,0.0
1966,Cy Fairchild,1,0,0,0.0,30.0,16.0,17.0,0.0,0,31.0,30.0,30.0,0.0,0.0,0.0,0.0
1977,Blackie Wangerin,1,0,0,0.0,24.0,0.0,260.0,0.0,0,39.0,24.0,24.0,0.0,0.0,0.0,0.0
1978,Lynn Carroll,1,0,0,0.0,14.0,0.0,445.0,0.0,0,21.0,14.0,14.0,0.0,0.0,0.0,0.0
1953,Tommy Moon,1,0,0,0.0,52.0,,5.0,0.0,0,21.0,52.0,52.0,0.0,0.0,0.0,0.0
1958,Bill Corley,1,0,0,0.0,42.0,20.0,7.0,0.0,0,24.0,42.0,42.0,0.0,0.0,0.0,0.0
1959,Earl Moss,2,0,1,0.0,16.5,,279.0,0.0,0,9.0,9.0,24.0,0.0,50.0,0.0,0.0
1985,Eldon Dotson,2,0,0,0.0,38.0,98.0,104.0,0.0,0,39.0,38.0,38.0,0.0,0.0,0.0,0.0
2003,Paul Menard,1,0,0,0.0,29.0,76.0,90.0,0.0,1,43.0,29.0,29.0,0.0,0.0,0.0,0.0
2008,Boris Said,3,0,0,0.0,33.33,194.0,333.0,2.0,1,20.33,24.0,41.0,0.0,0.0,0.0,0.6
2024,Anthony Alfredo,3,0,1,0.0,19.0,0.0,580.0,4.0,1,32.0,6.0,27.0,0.0,33.33,0.0,0.69
1950,Joe Nagle,1,0,1,0.0,9.0,,,0.0,0,,9.0,9.0,0.0,100.0,0.0,
1954,Richard Brown,1,0,0,0.0,22.0,,118.0,0.0,0,,22.0,22.0,0.0,0.0,0.0,0.0
1959,Joe Caspolich,1,0,0,0.0,13.0,1040.0,342.0,0.0,0,12.0,13.0,13.0,0.0,0.0,0.0,0.0
1968,Paul Dorrity,1,0,0,0.0,33.0,0.0,28.0,0.0,0,33.0,33.0,33.0,0.0,0.0,0.0,0.0
1972,George Follmer,1,0,0,0.0,49.0,4.0,4.0,0.0,0,41.0,49.0,49.0,0.0,0.0,0.0,0.0
1978,Jim Thirkettle,3,0,2,0.0,12.0,389.0,393.0,1.0,0,17.0,9.0,17.0,0.0,66.67,0.0,0.25
1985,Sammy Swindell,1,0,0,0.0,30.0,73.0,242.0,0.0,0,30.0,30.0,30.0,0.0,0.0,0.0,0.0
1997,Loy Allen Jr.,2,0,0,0.0,34.5,119.0,266.0,0.0,0,37.5,26.0,43.0,0.0,0.0,0.0,0.0
1950,Bill Harrison,2,0,0,0.0,33.0,,38.0,0.0,0,22.0,20.0,46.0,0.0,0.0,0.0,0.0
1950,Chuck Mahoney,11,3,6,0.0,13.0,,705.0,18.0,0,8.0,2.0,31.0,27.27,54.55,0.0,2.55
1950,Rollin Smith,1,0,0,0.0,66.0,,208.0,0.0,0,74.0,66.0,66.0,0.0,0.0,0.0,0.0
1951,Erick Erickson,12,4,6,0.0,16.67,,514.0,0.0,0,21.71,2.0,54.0,33.33,50.0,0.0,0.0
1951,Leland Colvin,5,0,2,0.0,17.2,,,0.0,0,24.67,9.0,34.0,0.0,40.0,0.0,
1951,Bill Snowden,12,3,9,0.0,9.5,,383.0,0.0,0,11.71,4.0,26.0,25.0,75.0,0.0,0.0
1952,Jim Paschal,15,1,7,0.0,15.8,,1705.0,0.0,0,15.83,4.0,66.0,6.67,46.67,0.0,0.0
1952,Tommy Thompson,5,0,1,0.0,24.6,,553.0,20.0,0,13.0,7.0,60.0,0.0,20.0,0.0,3.62
1955,Bob Stanclift,2,0,1,0.0,21.5,160.0,135.0,0.0,0,25.0,10.0,33.0,0.0,50.0,0.0,0.0
1956,Fonty Flock,7,1,4,1.0,20.29,,629.0,134.0,1,9.43,1.0,58.0,14.29,57.14,14.29,21.3
1958,Danny Graves,2,0,0,0.0,29.5,,90.0,0.0,0,2.0,24.0,35.0,0.0,0.0,0.0,0.0
1958,Elmo Langley,9,1,3,0.0,20.67,700.0,1241.0,0.0,0,24.0,5.0,43.0,11.11,33.33,0.0,0.0
1962,Rex White,37,18,23,8.0,9.89,19424.0,7683.0,1124.0,10,6.72,1.0,31.0,48.65,62.16,21.62,14.63
1966,Wendell Scott,45,3,17,0.0,14.24,21702.0,9794.0,0.0,0,21.96,3.0,38.0,6.67,37.78,0.0,0.0
1966,Paul Bumhaver,2,0,0,0.0,22.5,224.0,548.0,0.0,0,30.5,20.0,25.0,0.0,0.0,0.0,0.0
1967,Tiny Lund,19,4,5,0.0,16.21,16292.0,3590.0,36.0,0,15.89,4.0,40.0,21.05,26.32,0.0,1.0
1967,Bobby Johns,10,0,0,0.0,31.1,2716.0,1000.0,0.0,0,22.4,16.0,43.0,0.0,0.0,0.0,0.0
1968,David Mote,7,0,0,0.0,24.86,127.0,396.0,0.0,0,25.71,14.0,34.0,0.0,0.0,0.0,0.0
1970,Lennie Pond,1,0,0,0.0,34.0,0.0,88.0,0.0,0,37.0,34.0,34.0,0.0,0.0,0.0,0.0
1971,George Wiltshire,1,0,0,0.0,28.0,23.0,2.0,0.0,0,29.0,28.0,28.0,0.0,0.0,0.0,0.0
1976,Ferrel Harris,2,0,0,0.0,26.5,167.0,217.0,0.0,0,28.0,25.0,28.0,0.0,0.0,0.0,0.0
1977,Richard Childress,30,0,11,0.0,16.43,3463.0,7973.0,27.0,0,16.77,6.0,34.0,0.0,36.67,0.0,0.34
1977,Ray Elder,1,0,0,0.0,32.0,67.0,14.0,0.0,0,25.0,32.0,32.0,0.0,0.0,0.0,0.0
1979,Keith Davis,2,0,0,0.0,35.0,116.0,45.0,0.0,0,38.0,30.0,40.0,0.0,0.0,0.0,0.0
1980,Glenn Jarrett,2,0,0,0.0,23.0,0.0,209.0,0.0,0,26.0,12.0,34.0,0.0,0.0,0.0,0.0
1982,Cale Yarborough,16,8,8,3.0,15.75,2022.0,3439.0,379.0,7,8.75,1.0,37.0,50.0,50.0,18.75,11.02
1982,J.D. McDuffie,30,0,1,0.0,22.33,2886.0,6695.0,1.0,0,28.67,10.0,38.0,0.0,3.33,0.0,0.01
1986,Neil Bonnett,28,6,12,1.0,16.14,3369.0,7691.0,323.0,6,12.29,1.0,40.0,21.43,42.86,3.57,4.2
1987,Eddie Bierschwale,14,0,0,0.0,24.14,1162.0,3560.0,0.0,0,28.43,16.0,37.0,0.0,0.0,0.0,0.0
1988,Buddy Arrington,4,0,0,0.0,25.0,252.0,760.0,0.0,0,33.25,21.0,28.0,0.0,0.0,0.0,0.0
1989,Ken Bouchard,4,0,0,0.0,28.25,313.0,911.0,0.0,0,29.0,16.0,38.0,0.0,0.0,0.0,0.0
1989,Trevor Boys,1,0,0,0.0,31.0,0.0,118.0,2.0,0,33.0,31.0,31.0,0.0,0.0,0.0,1.69
1991,Chad Little,28,0,1,0.0,22.64,2678.0,7710.0,21.0,2,24.32,10.0,38.0,0.0,3.57,0.0,0.27
1994,Rusty Wallace,31,17,20,8.0,12.84,4207.0,9281.0,2142.0,17,10.97,1.0,42.0,54.84,64.52,25.81,23.08
1998,Kyle Petty,33,0,2,0.0,27.39,2675.0,8464.0,0.0,7,27.85,6.0,42.0,0.0,6.06,0.0,0.0
2002,Hut Stricklin,22,0,0,0.0,27.5,1781.0,5936.0,5.0,4,33.36,11.0,43.0,0.0,0.0,0.0,0.08
2003,Todd Bodine,35,0,1,0.0,26.11,2976.0,8751.0,4.0,13,27.26,8.0,43.0,0.0,2.86,0.0,0.05
2008,Bobby Labonte,36,0,2,0.0,22.56,3448.0,10617.0,4.0,16,24.61,6.0,42.0,0.0,5.56,0.0,0.04
2011,Tony Raines,12,0,0,0.0,33.25,129.0,3154.0,0.0,0,40.75,25.0,38.0,0.0,0.0,0.0,0.0
2015,Jamie McMurray,36,4,10,0.0,14.86,1052.0,10331.0,14.0,26,16.28,2.0,40.0,11.11,27.78,0.0,0.14
2019,Joey Gase,11,0,0,0.0,35.18,0.0,2338.0,0.0,0,38.36,27.0,38.0,0.0,0.0,0.0,0.0
2024,Jimmie Johnson,9,0,0,0.0,30.56,60.0,2233.0,0.0,2,28.33,26.0,38.0,0.0,0.0,0.0,0.0
1949,Gober Sosebee,3,1,2,0.0,9.67,,170.0,34.0,0,1.5,2.0,19.0,33.33,66.67,0.0,20.0
1949,Bob Apperson,3,0,0,0.0,13.0,,191.0,0.0,0,,11.0,15.0,0.0,0.0,0.0,0.0
1950,Duane Carter,1,0,1,0.0,7.0,,,0.0,0,,7.0,7.0,0.0,100.0,0.0,
1951,Victor Brenzelli,1,0,0,0.0,16.0,,,0.0,0,,16.0,16.0,0.0,0.0,0.0,
1952,Fireball Roberts,7,0,1,0.0,26.86,0.0,443.0,15.0,0,15.0,8.0,52.0,0.0,14.29,0.0,3.39
1954,Hal Ruyle,1,0,0,0.0,12.0,,178.0,0.0,0,16.0,12.0,12.0,0.0,0.0,0.0,0.0
1955,Mario Rossi,1,0,1,0.0,9.0,340.0,223.0,0.0,0,21.0,9.0,9.0,0.0,100.0,0.0,0.0
1960,Friday Hassler,2,0,0,0.0,32.0,388.0,251.0,0.0,0,26.5,22.0,42.0,0.0,0.0,0.0,0.0
1962,Nero Steptoe,3,0,0,0.0,18.67,400.0,168.0,0.0,0,17.33,15.0,21.0,0.0,0.0,0.0,0.0
1963,Floyd Powell,5,0,2,0.0,21.2,1046.0,543.0,0.0,0,19.2,7.0,41.0,0.0,40.0,0.0,0.0
1971,Pedro Rodriguez,3,0,0,0.0,30.0,114.0,228.0,0.0,0,26.33,13.0,47.0,0.0,0.0,0.0,0.0
1989,Bill Schmitt,2,0,0,0.0,21.5,85.0,380.0,0.0,0,39.5,17.0,26.0,0.0,0.0,0.0,0.0
1995,Joe Ruttman,1,0,0,0.0,19.0,106.0,200.0,0.0,1,27.0,19.0,19.0,0.0,0.0,0.0,0.0
1952,J.E. Hardie,2,0,0,0.0,29.5,,69.0,0.0,0,24.0,14.0,45.0,0.0,0.0,0.0,0.0
1953,Sam DiRusso,2,0,1,0.0,18.0,,213.0,0.0,0,38.0,10.0,26.0,0.0,50.0,0.0,0.0
1976,Glen McDuffie,1,0,0,0.0,27.0,82.0,205.0,0.0,0,21.0,27.0,27.0,0.0,0.0,0.0,0.0
1985,Jeff Hooker,1,0,0,0.0,40.0,0.0,11.0,0.0,0,39.0,40.0,40.0,0.0,0.0,0.0,0.0
1994,Kirk Shelmerdine,1,0,0,0.0,26.0,85.0,179.0,0.0,0,42.0,26.0,26.0,0.0,0.0,0.0,0.0
1995,Ron Fellows,1,0,0,0.0,35.0,58.0,40.0,0.0,0,36.0,35.0,35.0,0.0,0.0,0.0,0.0
2016,D.J. Kennington,1,0,0,0.0,35.0,0.0,316.0,0.0,0,39.0,35.0,35.0,0.0,0.0,0.0,0.0
1962,Harold Fryar,1,0,0,0.0,13.0,208.0,187.0,0.0,0,12.0,13.0,13.0,0.0,0.0,0.0,0.0
1962,Bill Smith,1,0,0,0.0,21.0,140.0,60.0,0.0,0,20.0,21.0,21.0,0.0,0.0,0.0,0.0
1972,Les Loeser,1,0,0,0.0,34.0,34.0,164.0,0.0,0,46.0,34.0,34.0,0.0,0.0,0.0,0.0
1994,Geoff Brabham,1,0,0,0.0,38.0,49.0,127.0,0.0,0,18.0,38.0,38.0,0.0,0.0,0.0,0.0
1951,Gene Comstock,4,0,0,0.0,25.0,,357.0,0.0,0,21.0,13.0,37.0,0.0,0.0,0.0,0.0
1955,Bill Williams,1,0,0,0.0,26.0,20.0,195.0,0.0,0,27.0,26.0,26.0,0.0,0.0,0.0,0.0
1956,Jack Smith,15,1,6,1.0,18.0,0.0,2669.0,234.0,1,19.6,1.0,70.0,6.67,40.0,6.67,8.77
1957,Bobby Keck,16,0,2,0.0,17.81,,2144.0,0.0,0,19.27,8.0,38.0,0.0,12.5,0.0,0.0
1958,Bill Mitchell,1,0,0,0.0,32.0,,107.0,0.0,0,16.0,32.0,32.0,0.0,0.0,0.0,0.0
1959,Richard Petty,21,6,9,0.0,15.38,4254.0,3648.0,7.0,2,11.05,2.0,57.0,28.57,42.86,0.0,0.19
1959,Parnelli Jones,2,1,1,1.0,6.0,,560.0,1.0,1,13.5,1.0,11.0,50.0,50.0,50.0,0.18
1960,Dick Smith,2,0,2,0.0,6.5,190.0,262.0,0.0,0,7.5,6.0,7.0,0.0,100.0,0.0,0.0
1965,Jimmy Helms,40,0,4,0.0,18.8,12980.0,5731.0,0.0,0,21.33,6.0,44.0,0.0,10.0,0.0,0.0
1967,Joel Davis,6,0,2,0.0,14.5,2236.0,888.0,0.0,0,21.33,7.0,26.0,0.0,33.33,0.0,0.0
1969,Don Patton,1,0,0,0.0,12.0,0.0,441.0,0.0,0,26.0,12.0,12.0,0.0,0.0,0.0,0.0
1970,Elmo Langley,47,1,19,0.0,14.53,3154.0,10672.0,0.0,0,15.79,3.0,36.0,2.13,40.43,0.0,0.0
1981,D.K. Ulrich,15,1,1,0.0,20.73,1194.0,4504.0,0.0,0,23.0,4.0,32.0,6.67,6.67,0.0,0.0
1982,Benny Parsons,23,10,13,0.0,14.61,2892.0,5631.0,253.0,6,9.96,3.0,39.0,43.48,56.52,0.0,4.49
1986,Sterling Marlin,10,2,4,0.0,22.8,989.0,1738.0,21.0,2,11.6,2.0,39.0,20.0,40.0,0.0,1.21
1999,Bobby Hamilton,34,1,10,0.0,19.79,3564.0,9774.0,3.0,15,23.94,4.0,41.0,2.94,29.41,0.0,0.03
2004,Geoff Bodine,5,0,0,0.0,35.8,278.0,533.0,0.0,0,39.8,28.0,41.0,0.0,0.0,0.0,0.0
2005,Jeff Gordon,36,8,14,4.0,17.75,4174.0,9648.0,581.0,23,11.5,1.0,39.0,22.22,38.89,11.11,6.02
2009,Mark Martin,36,14,21,5.0,13.67,4762.0,9979.0,805.0,30,9.81,1.0,43.0,38.89,58.33,13.89,8.07
2009,Jeff Burton,36,5,10,0.0,17.97,4022.0,10382.0,96.0,25,24.75,2.0,38.0,13.89,27.78,0.0,0.92
2016,Michael Annett,35,0,0,0.0,31.69,328.0,9451.0,7.0,5,36.97,20.0,40.0,0.0,0.0,0.0,0.07
2023,B.J. McLeod,23,0,0,0.0,29.52,132.0,5666.0,2.0,6,33.3,18.0,36.0,0.0,0.0,0.0,0.04
1951,Otis Martin,2,0,0,0.0,19.0,,,0.0,0,10.0,16.0,22.0,0.0,0.0,0.0,
1954,John McGinley,4,0,1,0.0,25.0,,435.0,0.0,0,49.0,6.0,46.0,0.0,25.0,0.0,0.0
1955,Bill Harrison,2,0,1,0.0,12.0,225.0,279.0,0.0,0,9.5,10.0,14.0,0.0,50.0,0.0,0.0
1956,Jim Rhoades,5,0,1,0.0,22.2,,454.0,0.0,0,24.5,9.0,34.0,0.0,20.0,0.0,0.0
1960,Buck Brigance,2,0,1,0.0,12.0,,297.0,0.0,0,19.0,8.0,16.0,0.0,50.0,0.0,0.0
1960,Jack Hart,1,0,0,0.0,14.0,180.0,76.0,0.0,0,15.0,14.0,14.0,0.0,0.0,0.0,0.0
1962,Ralph Smith,2,0,0,0.0,20.0,320.0,684.0,0.0,0,34.0,14.0,26.0,0.0,0.0,0.0,0.0
1965,Boyd Adams,1,0,0,0.0,23.0,60.0,15.0,0.0,0,24.0,23.0,23.0,0.0,0.0,0.0,0.0
1974,Dick Simon,1,0,0,0.0,31.0,,96.0,0.0,0,37.0,31.0,31.0,0.0,0.0,0.0,0.0
1976,Doc Faustina,1,0,0,0.0,24.0,91.0,378.0,0.0,0,37.0,24.0,24.0,0.0,0.0,0.0,0.0
1985,Grant Adcox,2,0,0,0.0,31.0,140.0,169.0,0.0,0,37.0,22.0,40.0,0.0,0.0,0.0,0.0
2012,Elliott Sadler,1,0,0,0.0,27.0,0.0,196.0,0.0,0,10.0,27.0,27.0,0.0,0.0,0.0,0.0
2023,Shane van Gisbergen,2,1,2,1.0,5.5,0.0,160.0,10.0,2,5.5,1.0,10.0,50.0,100.0,50.0,6.25
1951,Hank Lee,1,0,0,0.0,14.0,,,0.0,0,,14.0,14.0,0.0,0.0,0.0,
1975,Ramo Stott,2,1,1,0.0,17.5,155.0,259.0,0.0,0,20.5,5.0,30.0,50.0,50.0,0.0,0.0
1983,H.B. Bailey,2,0,0,0.0,22.0,194.0,684.0,0.0,0,37.0,22.0,22.0,0.0,0.0,0.0,0.0
1952,Johnny Bridgers,1,0,0,0.0,42.0,,244.0,0.0,0,28.0,42.0,42.0,0.0,0.0,0.0,0.0
1953,Allan Clarke,1,0,0,0.0,18.0,,76.0,0.0,0,17.0,18.0,18.0,0.0,0.0,0.0,0.0
1961,Gene White,1,0,0,0.0,22.0,240.0,147.0,0.0,0,28.0,22.0,22.0,0.0,0.0,0.0,0.0
1991,Dave Mader III,2,0,0,0.0,31.5,137.0,515.0,0.0,0,31.0,30.0,33.0,0.0,0.0,0.0,0.0
1991,Gary Collins,1,0,0,0.0,42.0,37.0,61.0,0.0,0,37.0,42.0,42.0,0.0,0.0,0.0,0.0
1950,Jimmy Thompson,4,0,3,0.0,15.75,,522.0,0.0,0,8.5,7.0,40.0,0.0,75.0,0.0,0.0
1955,Virgil Martin,1,0,0,0.0,20.0,60.0,62.0,0.0,0,27.0,20.0,20.0,0.0,0.0,0.0,0.0
1956,Harold Hardesty,9,2,6,0.0,9.67,,1761.0,0.0,1,13.63,2.0,20.0,22.22,66.67,0.0,0.0
1958,Jim Dunn,1,0,0,0.0,42.0,,21.0,0.0,0,42.0,42.0,42.0,0.0,0.0,0.0,0.0
1960,Jim Whitman,5,0,0,0.0,24.8,1640.0,567.0,0.0,0,27.0,16.0,47.0,0.0,0.0,0.0,0.0
1960,Johnny Beauchamp,11,3,5,1.0,15.27,8316.0,2669.0,1.0,1,15.55,1.0,33.0,27.27,45.45,9.09,0.04
1963,John Rogers,2,0,0,0.0,27.0,314.0,109.0,0.0,0,31.0,19.0,35.0,0.0,0.0,0.0,0.0
1966,Max Ledbetter,9,0,1,0.0,19.67,1604.0,1752.0,0.0,0,26.22,10.0,34.0,0.0,11.11,0.0,0.0
1968,Paul Dean Holt,40,0,0,0.0,19.2,1722.0,5863.0,0.0,0,23.13,11.0,40.0,0.0,0.0,0.0,0.0
1970,Ramo Stott,3,0,3,0.0,8.0,129.0,424.0,0.0,0,15.33,8.0,8.0,0.0,100.0,0.0,0.0
1970,John Jennings,6,0,0,0.0,22.33,128.0,610.0,0.0,0,25.5,13.0,29.0,0.0,0.0,0.0,0.0
1971,Roy Collins,1,0,0,0.0,38.0,39.0,7.0,0.0,0,36.0,38.0,38.0,0.0,0.0,0.0,0.0
1983,Sterling Marlin,30,0,1,0.0,21.23,2980.0,8053.0,0.0,0,24.6,10.0,41.0,0.0,3.33,0.0,0.0
1983,Bob Riley,3,0,0,0.0,33.0,192.0,329.0,0.0,0,33.67,29.0,38.0,0.0,0.0,0.0,0.0
1993,Michael Waltrip,30,0,5,0.0,18.23,3291.0,9379.0,40.0,6,20.8,6.0,37.0,0.0,16.67,0.0,0.43
1995,Ernie Irvan,3,0,2,0.0,17.67,354.0,924.0,142.0,1,15.67,6.0,40.0,0.0,66.67,0.0,15.37
2002,Mark Martin,36,12,22,1.0,12.17,4762.0,10517.0,363.0,28,16.0,1.0,41.0,33.33,61.11,2.78,3.45
2002,Joe Nemechek,33,3,3,0.0,27.85,2682.0,8165.0,178.0,9,24.21,2.0,43.0,9.09,9.09,0.0,2.18
2003,Bill Elliott,36,9,12,1.0,16.06,4303.0,10107.0,600.0,25,14.67,1.0,43.0,25.0,33.33,2.78,5.94
2003,Stacy Compton,1,0,0,0.0,33.0,39.0,157.0,0.0,0,43.0,33.0,33.0,0.0,0.0,0.0,0.0
2004,Kevin Lepage,17,0,0,0.0,35.82,915.0,2751.0,1.0,0,31.94,22.0,43.0,0.0,0.0,0.0,0.04
2015,Clint Bowyer,36,2,12,0.0,18.75,916.0,9737.0,11.0,24,20.53,3.0,43.0,5.56,33.33,0.0,0.11
2017,Denny Hamlin,36,15,22,2.0,11.64,1171.0,10359.0,710.0,28,8.42,1.0,38.0,41.67,61.11,5.56,6.85
2018,Matt Kenseth,15,0,2,0.0,19.87,268.0,4162.0,5.0,7,21.93,6.0,36.0,0.0,13.33,0.0,0.12
2024,Ty Gibbs,36,8,12,0.0,17.42,864.0,9234.0,417.0,22,11.42,2.0,40.0,22.22,33.33,0.0,4.52
2025,Denny Hamlin,35,14,18,6.0,13.97,1072.0,8852.0,1024.0,30,11.94,1.0,38.0,40.0,51.43,17.14,11.57
1951,Dick Stone,4,0,1,0.0,18.0,,,0.0,0,,10.0,27.0,0.0,25.0,0.0,
1951,Maudis Brissette,1,0,0,0.0,15.0,,,0.0,0,,15.0,15.0,0.0,0.0,0.0,
1952,Coleman Lawrence,8,0,3,0.0,15.25,,1326.0,0.0,0,28.25,8.0,37.0,0.0,37.5,0.0,0.0
1962,Bill Champion,2,0,0,0.0,35.5,132.0,55.0,0.0,0,32.0,31.0,40.0,0.0,0.0,0.0,0.0
1971,Marty Kinerk,1,0,0,0.0,34.0,0.0,91.0,0.0,0,36.0,34.0,34.0,0.0,0.0,0.0,0.0
1976,Earl Brooks,4,0,0,0.0,23.0,273.0,1230.0,0.0,0,30.0,20.0,32.0,0.0,0.0,0.0,0.0
1980,James Hurlbert,1,0,0,0.0,38.0,49.0,33.0,0.0,0,30.0,38.0,38.0,0.0,0.0,0.0,0.0
1981,Travis Tiller,1,0,0,0.0,32.0,67.0,111.0,0.0,0,38.0,32.0,32.0,0.0,0.0,0.0,0.0
1989,Johnny McFadden,2,0,0,0.0,35.5,113.0,213.0,0.0,0,36.5,31.0,40.0,0.0,0.0,0.0,0.0
1962,Bill Faulkner,1,0,0,0.0,19.0,0.0,43.0,0.0,0,20.0,19.0,19.0,0.0,0.0,0.0,0.0
2018,Tomy Drissi,1,0,0,0.0,32.0,5.0,108.0,0.0,0,37.0,32.0,32.0,0.0,0.0,0.0,0.0
1951,J.E. Hardie,1,0,0,0.0,42.0,,339.0,0.0,0,73.0,42.0,42.0,0.0,0.0,0.0,0.0
1955,Ray Duhigg,1,1,1,0.0,3.0,,39.0,0.0,1,11.0,3.0,3.0,100.0,100.0,0.0,0.0
1958,Erwin Blatt,1,0,0,0.0,14.0,96.0,28.0,0.0,0,14.0,14.0,14.0,0.0,0.0,0.0,0.0
2004,David Green,1,0,0,0.0,31.0,70.0,397.0,0.0,0,34.0,31.0,31.0,0.0,0.0,0.0,0.0
1950,Lee Schmidt,1,0,0,0.0,23.0,,40.0,0.0,0,24.0,23.0,23.0,0.0,0.0,0.0,0.0
1950,Jerry Wimbish,1,0,1,0.0,8.0,,,0.0,0,6.0,8.0,8.0,0.0,100.0,0.0,
1951,Carson Dyer,3,0,0,0.0,25.67,,,0.0,0,11.0,11.0,34.0,0.0,0.0,0.0,
1954,Ray Duhigg,12,2,5,0.0,17.75,,1458.0,0.0,0,15.0,4.0,44.0,16.67,41.67,0.0,0.0
1955,John Lansaw,1,0,0,0.0,15.0,110.0,74.0,0.0,0,17.0,15.0,15.0,0.0,0.0,0.0,0.0
1956,Bob Korf,1,0,1,0.0,8.0,,,0.0,0,6.0,8.0,8.0,0.0,100.0,0.0,
1957,Clarence DeZalia,25,0,6,0.0,14.08,,4059.0,0.0,0,19.08,6.0,32.0,0.0,24.0,0.0,0.0
1958,Bill Morton,8,0,0,0.0,19.63,440.0,1541.0,0.0,0,18.25,12.0,41.0,0.0,0.0,0.0,0.0
1959,Speedy Thompson,29,5,9,0.0,14.24,5480.0,4785.0,228.0,1,10.57,2.0,37.0,17.24,31.03,0.0,4.76
1960,Shep Langdon,4,0,1,0.0,14.25,720.0,588.0,0.0,0,20.25,7.0,20.0,0.0,25.0,0.0,0.0
1960,Scotty Cain,4,2,2,0.0,12.25,496.0,351.0,19.0,1,9.33,2.0,26.0,50.0,50.0,0.0,5.41
1966,Henley Gray,46,4,18,0.0,13.43,22468.0,11007.0,0.0,0,22.63,4.0,40.0,8.7,39.13,0.0,0.0
1967,George Hixon,1,0,0,0.0,12.0,224.0,187.0,0.0,0,17.0,12.0,12.0,0.0,0.0,0.0,0.0
1969,C.B. Gwynn,1,0,0,0.0,24.0,0.0,73.0,0.0,0,15.0,24.0,24.0,0.0,0.0,0.0,0.0
1971,Buddy Baker,19,13,16,1.0,7.05,2358.0,4814.0,726.0,10,4.74,1.0,36.0,68.42,84.21,5.26,15.08
1972,Buddy Baker,17,8,9,2.0,12.88,1212.0,4641.0,594.0,5,5.59,1.0,34.0,47.06,52.94,11.76,12.8
1973,Dick May,4,0,0,0.0,26.25,198.0,337.0,0.0,0,30.5,21.0,32.0,0.0,0.0,0.0,0.0
1979,Roger Hamby,13,0,0,0.0,22.77,1231.0,3336.0,0.0,0,23.08,12.0,38.0,0.0,0.0,0.0,0.0
1980,Sterling Marlin,5,0,2,0.0,15.6,387.0,1311.0,0.0,0,30.4,7.0,36.0,0.0,40.0,0.0,0.0
1981,Sterling Marlin,2,0,0,0.0,27.0,79.0,437.0,0.0,0,27.5,26.0,28.0,0.0,0.0,0.0,0.0
1982,Ricky Rudd,30,6,13,0.0,16.37,3542.0,7753.0,141.0,5,7.57,2.0,35.0,20.0,43.33,0.0,1.82
1983,Rick Baldwin,5,0,0,0.0,27.6,174.0,818.0,0.0,0,30.6,13.0,42.0,0.0,0.0,0.0,0.0
1984,Kyle Petty,30,1,6,0.0,19.53,3159.0,8400.0,2.0,2,22.4,5.0,40.0,3.33,20.0,0.0,0.02
1985,Bobby Gerhart,5,0,0,0.0,26.2,422.0,1166.0,0.0,0,30.6,24.0,31.0,0.0,0.0,0.0,0.0
1986,Darrell Waltrip,29,21,22,3.0,10.0,4180.0,8327.0,573.0,17,8.62,1.0,40.0,72.41,75.86,10.34,6.88
1991,Mike Chase,5,0,0,0.0,30.6,356.0,804.0,0.0,0,34.6,25.0,40.0,0.0,0.0,0.0,0.0
1996,Kyle Petty,28,0,2,0.0,22.61,2696.0,8081.0,72.0,5,23.61,8.0,41.0,0.0,7.14,0.0,0.89
1998,Rich Bickle,21,1,1,0.0,26.33,1773.0,5691.0,0.0,3,25.48,4.0,41.0,4.76,4.76,0.0,0.0
1999,Rusty Wallace,34,7,16,1.0,15.32,4155.0,9592.0,1048.0,17,11.06,1.0,43.0,20.59,47.06,2.94,10.93
2001,Kyle Petty,24,0,0,0.0,31.17,1673.0,5026.0,1.0,2,27.46,16.0,43.0,0.0,0.0,0.0,0.02
2002,Kevin Harvick,35,5,8,1.0,22.0,3501.0,9566.0,178.0,13,21.57,1.0,40.0,14.29,22.86,2.86,1.86
2004,Larry Foyt,3,0,0,0.0,30.0,219.0,883.0,0.0,0,38.0,28.0,32.0,0.0,0.0,0.0,0.0
2004,Andy Belmont,2,0,0,0.0,38.0,98.0,149.0,0.0,0,41.5,37.0,39.0,0.0,0.0,0.0,0.0
2004,Stanton Barrett,5,0,0,0.0,39.4,224.0,570.0,0.0,0,36.0,32.0,43.0,0.0,0.0,0.0,0.0
2006,Matt Kenseth,36,15,21,4.0,9.81,5154.0,10600.0,1132.0,31,14.64,1.0,38.0,41.67,58.33,11.11,10.68
2007,Casey Mears,36,5,10,1.0,18.92,3949.0,10157.0,39.0,24,18.97,1.0,42.0,13.89,27.78,2.78,0.38
2008,Jeff Gordon,36,13,19,0.0,14.53,4537.0,10269.0,447.0,29,10.67,2.0,43.0,36.11,52.78,0.0,4.35
2008,Elliott Sadler,36,2,8,0.0,23.69,3364.0,9865.0,21.0,15,18.5,4.0,43.0,5.56,22.22,0.0,0.21
2010,Carl Edwards,36,9,19,2.0,11.78,4820.0,10575.0,427.0,32,15.19,1.0,39.0,25.0,52.78,5.56,4.04
2014,Mike Bliss,8,0,0,0.0,40.88,0.0,890.0,0.0,0,38.75,35.0,43.0,0.0,0.0,0.0,0.0
2022,Chase Briscoe,36,6,10,1.0,17.33,853.0,9027.0,280.0,26,13.19,1.0,37.0,16.67,27.78,2.78,3.1
2022,Justin Haley,36,3,4,0.0,18.36,699.0,9165.0,44.0,23,22.06,3.0,35.0,8.33,11.11,0.0,0.48
1949,Jack O'Brien,2,0,0,0.0,27.5,,115.0,0.0,0,18.0,17.0,38.0,0.0,0.0,0.0,0.0
1953,Neil Cole,1,0,0,0.0,24.0,,,0.0,0,,24.0,24.0,0.0,0.0,0.0,
1955,Axel Anderson,2,0,0,0.0,22.0,20.0,152.0,0.0,0,39.0,15.0,29.0,0.0,0.0,0.0,0.0
1974,Bob Burcham,20,1,5,0.0,17.7,,4819.0,2.0,0,23.45,4.0,38.0,5.0,25.0,0.0,0.04
1976,Gary Johnson,2,0,0,0.0,26.0,170.0,143.0,0.0,0,19.0,23.0,29.0,0.0,0.0,0.0,0.0
1976,Jim Thirkettle,2,0,0,0.0,31.5,137.0,133.0,0.0,0,25.0,29.0,34.0,0.0,0.0,0.0,0.0
1982,John Krebs,2,0,0,0.0,28.0,158.0,127.0,0.0,0,38.0,19.0,37.0,0.0,0.0,0.0,0.0
1984,Jim Robinson,2,0,0,0.0,21.5,197.0,189.0,0.0,0,23.5,14.0,29.0,0.0,0.0,0.0,0.0
1987,Wayne Strout,1,0,0,0.0,26.0,85.0,381.0,0.0,0,37.0,26.0,26.0,0.0,0.0,0.0,0.0
2000,P.J. Jones,2,0,0,0.0,28.0,158.0,479.0,0.0,1,35.5,21.0,35.0,0.0,0.0,0.0,0.0
2014,Juan Pablo Montoya,2,0,0,0.0,20.5,47.0,360.0,0.0,2,18.0,18.0,23.0,0.0,0.0,0.0,0.0
1956,Joe Guide,1,0,0,0.0,15.0,,141.0,0.0,0,29.0,15.0,15.0,0.0,0.0,0.0,0.0
1968,Don Tomberlin,1,0,0,0.0,15.0,0.0,181.0,0.0,0,14.0,15.0,15.0,0.0,0.0,0.0,0.0
1995,Jimmy Horton,1,0,0,0.0,34.0,61.0,192.0,0.0,0,30.0,34.0,34.0,0.0,0.0,0.0,0.0
1997,Buckshot Jones,1,0,0,0.0,43.0,34.0,38.0,0.0,0,32.0,43.0,43.0,0.0,0.0,0.0,0.0
1952,Oda Greene,1,0,0,0.0,15.0,,134.0,0.0,0,13.0,15.0,15.0,0.0,0.0,0.0,0.0
1967,Walter Wallace,1,0,0,0.0,32.0,20.0,11.0,0.0,0,16.0,32.0,32.0,0.0,0.0,0.0,0.0
1982,Glenn Jarrett,1,0,0,0.0,39.0,46.0,35.0,0.0,0,34.0,39.0,39.0,0.0,0.0,0.0,0.0
1988,Philip Duffie,1,0,0,0.0,29.0,76.0,332.0,0.0,0,39.0,29.0,29.0,0.0,0.0,0.0,0.0
1953,Mike Klapak,2,0,2,0.0,7.0,,,0.0,0,2.0,6.0,8.0,0.0,100.0,0.0,
1953,Ralph Sheeler,3,0,0,0.0,18.67,,,0.0,0,,12.0,23.0,0.0,0.0,0.0,
1958,Howard Phillippi,2,0,1,0.0,10.5,248.0,190.0,0.0,0,9.5,10.0,11.0,0.0,50.0,0.0,0.0
1960,Wilbur Rakestraw,12,0,1,0.0,22.42,2676.0,1862.0,0.0,0,24.83,10.0,44.0,0.0,8.33,0.0,0.0
1961,Dick Cook,3,0,0,0.0,14.67,664.0,273.0,0.0,0,18.0,13.0,18.0,0.0,0.0,0.0,0.0
1966,Stick Elliott,19,1,3,0.0,20.16,6358.0,3286.0,0.0,0,20.32,4.0,40.0,5.26,15.79,0.0,0.0
1971,Ray Johnstone,3,0,0,0.0,28.33,147.0,211.0,0.0,0,24.0,20.0,33.0,0.0,0.0,0.0,0.0
1972,Ron Keselowski,22,1,3,0.0,25.45,1088.0,3398.0,0.0,0,21.45,5.0,44.0,4.55,13.64,0.0,0.0
1975,Jabe Thomas,21,0,2,0.0,18.62,2252.0,5822.0,0.0,0,27.19,10.0,35.0,0.0,9.52,0.0,0.0
1975,Bill Hollar,3,0,0,0.0,20.33,306.0,1107.0,0.0,0,26.0,16.0,23.0,0.0,0.0,0.0,0.0
1975,Bill Schmitt,3,0,1,0.0,19.67,315.0,293.0,0.0,0,29.67,8.0,33.0,0.0,33.33,0.0,0.0
1977,Ferrel Harris,11,0,0,0.0,21.36,1088.0,2979.0,0.0,0,27.64,14.0,36.0,0.0,0.0,0.0,0.0
1977,Morgan Shepherd,3,0,1,0.0,18.67,322.0,1114.0,0.0,0,14.0,10.0,33.0,0.0,33.33,0.0,0.0
1979,Jimmy Means,27,0,1,0.0,22.56,2575.0,5431.0,0.0,0,23.93,10.0,40.0,0.0,3.7,0.0,0.0
1981,Cale Yarborough,18,6,10,2.0,13.11,2201.0,4922.0,769.0,6,9.22,1.0,31.0,33.33,55.56,11.11,15.62
1985,Bud Hickey,1,0,0,0.0,38.0,49.0,40.0,0.0,0,40.0,38.0,38.0,0.0,0.0,0.0,0.0
1986,Doug Heveron,13,0,0,0.0,24.31,1052.0,2536.0,1.0,0,29.69,13.0,35.0,0.0,0.0,0.0,0.04
1986,Buddy Baker,17,6,6,0.0,18.18,1919.0,3964.0,45.0,4,14.41,3.0,41.0,35.29,35.29,0.0,1.14
1987,Tom Sneva,1,0,0,0.0,29.0,76.0,182.0,0.0,0,29.0,29.0,29.0,0.0,0.0,0.0,0.0
1988,Neil Bonnett,27,3,7,2.0,17.93,3040.0,8017.0,325.0,5,18.33,1.0,40.0,11.11,25.93,7.41,4.05
1989,Rodney Combs,9,0,0,0.0,33.44,470.0,1657.0,0.0,0,31.89,23.0,41.0,0.0,0.0,0.0,0.0
1997,Brett Bodine,31,0,2,0.0,25.35,2716.0,8666.0,4.0,5,27.42,6.0,42.0,0.0,6.45,0.0,0.05
2017,Ryan Blaney,36,4,14,1.0,17.25,944.0,10395.0,301.0,21,10.31,1.0,39.0,11.11,38.89,2.78,2.9
2019,J.J. Yeley,15,0,0,0.0,29.27,0.0,4086.0,0.0,2,35.73,12.0,38.0,0.0,0.0,0.0,0.0
2020,Martin Truex Jr.,36,14,23,1.0,11.69,1227.0,9690.0,950.0,28,9.56,1.0,38.0,38.89,63.89,2.78,9.8
2022,Cody Ware,35,0,1,0.0,27.77,325.0,8569.0,1.0,7,33.09,6.0,36.0,0.0,2.86,0.0,0.01
1949,Tommy Coates,1,0,0,0.0,23.0,,167.0,0.0,0,24.0,23.0,23.0,0.0,0.0,0.0,0.0
1951,Ray Erickson,3,0,0,0.0,22.67,,120.0,0.0,0,19.5,17.0,32.0,0.0,0.0,0.0,0.0
1954,Jim Cook,4,0,1,0.0,20.25,,985.0,0.0,0,11.0,10.0,31.0,0.0,25.0,0.0,0.0
1957,Jim Blomgren,4,1,1,0.0,14.25,,356.0,0.0,0,20.25,5.0,19.0,25.0,25.0,0.0,0.0
1980,Ralph Jones,2,0,0,0.0,24.5,179.0,547.0,0.0,0,33.5,24.0,25.0,0.0,0.0,0.0,0.0
1981,Don Whittington,3,0,0,0.0,21.0,300.0,346.0,0.0,0,12.33,14.0,35.0,0.0,0.0,0.0,0.0
1988,Ruben Garcia,1,0,0,0.0,39.0,46.0,27.0,0.0,0,43.0,39.0,39.0,0.0,0.0,0.0,0.0
1953,Gwyn Staley,1,0,0,0.0,18.0,,,0.0,0,,18.0,18.0,0.0,0.0,0.0,
1964,Bill Clifton,1,0,0,0.0,22.0,800.0,150.0,0.0,0,35.0,22.0,22.0,0.0,0.0,0.0,0.0
1977,Roger McCluskey,1,0,0,0.0,40.0,0.0,20.0,0.0,0,38.0,40.0,40.0,0.0,0.0,0.0,0.0
1981,Joel Stowe,1,0,0,0.0,29.0,0.0,14.0,0.0,0,30.0,29.0,29.0,0.0,0.0,0.0,0.0
2010,Jeff Fuller,1,0,0,0.0,43.0,34.0,2.0,0.0,0,13.0,43.0,43.0,0.0,0.0,0.0,0.0
1956,Charlie Mincey,1,0,0,0.0,11.0,,91.0,0.0,0,19.0,11.0,11.0,0.0,0.0,0.0,0.0
1962,H.B. Bailey,1,0,0,0.0,30.0,80.0,101.0,0.0,0,37.0,30.0,30.0,0.0,0.0,0.0,0.0
1968,Jack McCoy,1,0,0,0.0,15.0,0.0,118.0,0.0,0,24.0,15.0,15.0,0.0,0.0,0.0,0.0
1950,Tim Flock,12,4,7,1.0,10.25,,1403.0,190.0,2,6.38,1.0,24.0,33.33,58.33,8.33,13.54
1951,Walt Hartman,3,0,0,0.0,21.0,,,0.0,0,,17.0,24.0,0.0,0.0,0.0,
1952,Herschel Buchanan,5,4,5,0.0,5.0,,1302.0,0.0,0,8.8,3.0,8.0,80.0,100.0,0.0,0.0
1953,Arden Mounts,10,0,1,0.0,20.8,,792.0,0.0,0,23.5,9.0,35.0,0.0,10.0,0.0,0.0
1954,Blackie Pitt,27,0,6,0.0,17.41,,3731.0,0.0,0,17.0,6.0,43.0,0.0,22.22,0.0,0.0
1958,Don Kimberling,1,0,0,0.0,46.0,80.0,7.0,0.0,0,39.0,46.0,46.0,0.0,0.0,0.0,0.0
1958,Glen Wood,10,1,7,0.0,10.2,420.0,2348.0,360.0,0,4.5,2.0,24.0,10.0,70.0,0.0,15.33
1960,Al Pombo,1,0,0,0.0,16.0,100.0,52.0,0.0,0,12.0,16.0,16.0,0.0,0.0,0.0,0.0
1961,Joe Lee Johnson,9,0,3,0.0,21.22,2700.0,1276.0,0.0,0,16.89,6.0,52.0,0.0,33.33,0.0,0.0
1971,Dub Simpson,11,0,0,0.0,32.27,298.0,621.0,0.0,0,25.45,16.0,46.0,0.0,0.0,0.0,0.0
1973,Richard Petty,28,15,17,6.0,10.93,2394.0,8644.0,0.0,10,4.86,1.0,35.0,53.57,60.71,21.43,0.0
1973,Vic Parsons,18,0,6,0.0,21.89,1004.0,3498.0,0.0,0,25.06,7.0,36.0,0.0,33.33,0.0,0.0
1973,Elmo Langley,27,0,4,0.0,17.59,1804.0,8016.0,0.0,0,22.85,7.0,38.0,0.0,14.81,0.0,0.0
1977,Harold Miller,6,0,0,0.0,23.83,470.0,1267.0,0.0,0,32.67,13.0,30.0,0.0,0.0,0.0,0.0
1977,Chuck Wahl,2,0,0,0.0,22.0,194.0,155.0,0.0,0,28.5,18.0,26.0,0.0,0.0,0.0,0.0
1986,Kirk Bryant,4,0,0,0.0,29.25,301.0,842.0,0.0,0,26.5,18.0,41.0,0.0,0.0,0.0,0.0
1986,James Hylton,4,0,0,0.0,31.5,274.0,544.0,0.0,0,35.5,22.0,39.0,0.0,0.0,0.0,0.0
1988,Michael Waltrip,29,1,3,0.0,20.79,2949.0,7734.0,6.0,3,22.28,2.0,36.0,3.45,10.34,0.0,0.08
1989,Harry Gant,29,9,14,1.0,14.83,3610.0,8627.0,440.0,15,13.66,1.0,40.0,31.03,48.28,3.45,5.1
1991,Tommy Ellis,2,0,0,0.0,18.5,100.0,887.0,0.0,0,30.0,16.0,21.0,0.0,0.0,0.0,0.0
1998,Jerry Nadeau,30,0,0,0.0,30.77,2121.0,8132.0,0.0,3,24.27,15.0,43.0,0.0,0.0,0.0,0.0
1999,Sterling Marlin,34,2,5,0.0,21.74,3397.0,9710.0,56.0,9,20.53,4.0,40.0,5.88,14.71,0.0,0.58
1999,Kevin Lepage,34,1,2,0.0,23.29,3185.0,9646.0,20.0,6,26.79,5.0,42.0,2.94,5.88,0.0,0.21
2016,Dylan Lupton,4,0,0,0.0,32.5,0.0,1256.0,0.0,1,38.25,25.0,39.0,0.0,0.0,0.0,0.0
2018,Kyle Busch,36,22,28,8.0,8.31,1415.0,10001.0,1469.0,31,7.42,1.0,35.0,61.11,77.78,22.22,14.69
2020,John Hunter Nemechek,36,0,3,0.0,22.42,534.0,9611.0,1.0,15,24.44,8.0,36.0,0.0,8.33,0.0,0.01
2021,Bubba Wallace,36,3,3,1.0,19.67,690.0,8528.0,62.0,21,19.94,1.0,39.0,8.33,8.33,2.78,0.73
1949,Slick Smith,4,0,1,0.0,11.75,,277.0,0.0,0,14.0,8.0,13.0,0.0,25.0,0.0,0.0
1949,J.D. Edwards,1,0,0,0.0,12.0,,,0.0,0,,12.0,12.0,0.0,0.0,0.0,
1949,Harvey Hilligas,1,0,0,0.0,25.0,,162.0,0.0,0,31.0,25.0,25.0,0.0,0.0,0.0,0.0
1951,Speedy Thompson,3,1,1,0.0,17.33,,39.0,0.0,0,17.0,5.0,30.0,33.33,33.33,0.0,0.0
1954,Fran Jischke,1,0,0,0.0,32.0,,22.0,0.0,0,,32.0,32.0,0.0,0.0,0.0,0.0
1954,Bo Fields,1,0,0,0.0,20.0,,137.0,0.0,0,,20.0,20.0,0.0,0.0,0.0,0.0
1957,Bill Moore,1,0,0,0.0,32.0,,7.0,0.0,0,29.0,32.0,32.0,0.0,0.0,0.0,0.0
1957,Norman McGriff,3,0,2,0.0,11.0,,342.0,0.0,0,13.0,9.0,14.0,0.0,66.67,0.0,0.0
1958,Jim Rhoades,1,0,0,0.0,25.0,240.0,208.0,0.0,0,25.0,25.0,25.0,0.0,0.0,0.0,0.0
1964,Jim Cook,4,0,0,0.0,24.25,2058.0,396.0,0.0,0,32.5,14.0,45.0,0.0,0.0,0.0,0.0
1974,Marv Acton,1,0,0,0.0,26.0,,66.0,0.0,0,29.0,26.0,26.0,0.0,0.0,0.0,0.0
1953,Dub Livingston,6,0,1,0.0,23.5,,309.0,0.0,0,30.0,7.0,46.0,0.0,16.67,0.0,0.0
1954,Tommy Thompson,1,0,0,0.0,56.0,,15.0,0.0,0,3.0,56.0,56.0,0.0,0.0,0.0,0.0
1987,Charlie Baker,2,0,0,0.0,27.0,164.0,610.0,0.0,0,38.5,21.0,33.0,0.0,0.0,0.0,0.0
2013,Kyle Larson,4,0,0,0.0,29.25,0.0,1005.0,1.0,1,25.75,15.0,42.0,0.0,0.0,0.0,0.1
1952,Tom Dawson,1,0,1,0.0,7.0,,134.0,0.0,0,32.0,7.0,7.0,0.0,100.0,0.0,0.0
1955,Dick Allwine,1,0,0,0.0,50.0,60.0,202.0,0.0,0,23.0,50.0,50.0,0.0,0.0,0.0,0.0
1966,Jack McCoy,1,0,0,0.0,22.0,1000.0,123.0,0.0,0,30.0,22.0,22.0,0.0,0.0,0.0,0.0
1977,Gary Matthews,1,0,0,0.0,24.0,91.0,89.0,0.0,0,30.0,24.0,24.0,0.0,0.0,0.0,0.0
2010,Brendan Gaughan,1,0,0,0.0,43.0,34.0,1.0,0.0,0,41.0,43.0,43.0,0.0,0.0,0.0,0.0
1953,Jim Reed,3,1,1,0.0,18.33,,260.0,0.0,0,12.0,4.0,31.0,33.33,33.33,0.0,0.0
1954,Pop McGinnis,4,0,1,0.0,22.5,,536.0,4.0,0,22.0,8.0,35.0,0.0,25.0,0.0,0.75
1956,Don Bailey,1,0,0,0.0,35.0,,,0.0,0,41.0,35.0,35.0,0.0,0.0,0.0,
1956,Pee Wee Jones,3,0,0,0.0,35.0,,549.0,0.0,0,24.33,18.0,64.0,0.0,0.0,0.0,0.0
1959,Bobby Johns,8,1,2,0.0,21.13,2312.0,1911.0,129.0,0,10.43,3.0,47.0,12.5,25.0,0.0,6.75
1962,Tommy Irwin,20,2,9,0.0,16.1,3980.0,2982.0,10.0,2,10.11,2.0,42.0,10.0,45.0,0.0,0.34
1962,Herman Beam,51,0,18,0.0,13.04,13650.0,11217.0,0.0,0,18.94,6.0,29.0,0.0,35.29,0.0,0.0
1968,Frank Warren,10,0,1,0.0,19.6,608.0,1638.0,0.0,0,19.9,7.0,25.0,0.0,10.0,0.0,0.0
1970,Frog Fagan,2,0,0,0.0,28.0,54.0,179.0,0.0,0,41.0,23.0,33.0,0.0,0.0,0.0,0.0
1971,Ron Gautsche,3,0,0,0.0,31.0,180.0,176.0,0.0,0,30.33,19.0,49.0,0.0,0.0,0.0,0.0
1974,Charlie Glotzbach,14,4,5,0.0,17.64,,3582.0,126.0,1,8.86,4.0,37.0,28.57,35.71,0.0,3.52
1975,Hershel McGriff,5,0,1,0.0,20.2,518.0,652.0,4.0,0,24.0,10.0,31.0,0.0,20.0,0.0,0.61
1977,Sam Sommers,23,2,8,0.0,18.48,2517.0,5764.0,28.0,1,12.48,4.0,38.0,8.7,34.78,0.0,0.49
1983,Ron Bouchard,28,1,7,0.0,17.89,3113.0,7187.0,22.0,1,12.89,4.0,41.0,3.57,25.0,0.0,0.31
1985,Neil Bonnett,28,11,18,2.0,10.57,3897.0,8675.0,619.0,8,10.54,1.0,42.0,39.29,64.29,7.14,7.14
1989,Alan Kulwicki,29,5,9,0.0,18.86,3236.0,8324.0,564.0,9,7.31,2.0,39.0,17.24,31.03,0.0,6.78
1989,Ronnie Thomas,1,0,0,0.0,23.0,94.0,196.0,0.0,0,24.0,23.0,23.0,0.0,0.0,0.0,0.0
1991,Bill Venturini,2,0,0,0.0,39.5,89.0,71.0,0.0,0,37.0,39.0,40.0,0.0,0.0,0.0,0.0
1997,Mike Wallace,7,0,0,0.0,28.57,541.0,1845.0,0.0,1,30.86,17.0,43.0,0.0,0.0,0.0,0.0
2001,Bobby Hamilton,36,3,7,1.0,21.83,3575.0,10750.0,239.0,13,22.33,1.0,39.0,8.33,19.44,2.78,2.22
2003,Derrike Cope,18,0,0,0.0,39.11,822.0,2897.0,0.0,0,38.89,29.0,43.0,0.0,0.0,0.0,0.0
2005,Randy LaJoie,3,0,0,0.0,40.0,134.0,255.0,2.0,0,37.0,36.0,42.0,0.0,0.0,0.0,0.78
2006,Ward Burton,3,0,0,0.0,26.33,252.0,1149.0,0.0,1,32.0,25.0,28.0,0.0,0.0,0.0,0.0
2009,Bill Elliott,12,0,0,0.0,23.92,1095.0,2911.0,0.0,5,21.83,15.0,36.0,0.0,0.0,0.0,0.0
2012,Clint Bowyer,36,10,23,3.0,10.94,1213.0,10271.0,388.0,27,12.81,1.0,36.0,27.78,63.89,8.33,3.78
2012,Landon Cassill,36,0,0,0.0,27.5,598.0,9593.0,5.0,5,29.03,18.0,43.0,0.0,0.0,0.0,0.05
2013,Joey Logano,36,11,19,1.0,14.11,1096.0,10093.0,323.0,26,12.03,1.0,40.0,30.56,52.78,2.78,3.2
2013,Juan Pablo Montoya,36,4,8,0.0,19.33,894.0,10280.0,138.0,22,14.61,2.0,41.0,11.11,22.22,0.0,1.34
2014,Marcos Ambrose,36,3,7,0.0,19.94,870.0,10282.0,49.0,21,19.89,2.0,42.0,8.33,19.44,0.0,0.48
2016,Greg Biffle,36,1,3,0.0,21.56,706.0,10046.0,42.0,17,20.19,5.0,39.0,2.78,8.33,0.0,0.42
2020,Daniel Suarez,35,0,0,0.0,26.57,365.0,9523.0,20.0,8,32.43,18.0,34.0,0.0,0.0,0.0,0.21
1949,Herb Thomas,4,1,1,0.0,18.0,,197.0,0.0,0,,5.0,29.0,25.0,25.0,0.0,0.0
1962,George Dunn,1,1,1,0.0,4.0,352.0,108.0,0.0,1,7.0,4.0,4.0,100.0,100.0,0.0,0.0
1969,Roger McCluskey,1,0,0,0.0,22.0,0.0,100.0,0.0,0,9.0,22.0,22.0,0.0,0.0,0.0,0.0
1982,Jim Bown,2,0,1,0.0,13.5,246.0,204.0,0.0,0,21.5,10.0,17.0,0.0,50.0,0.0,0.0
1991,Gary Wright,1,0,0,0.0,33.0,64.0,63.0,0.0,0,37.0,33.0,33.0,0.0,0.0,0.0,0.0
2004,Jason Leffler,1,0,0,0.0,43.0,34.0,3.0,0.0,0,25.0,43.0,43.0,0.0,0.0,0.0,0.0
2009,Boris Said,2,0,0,0.0,29.0,152.0,187.0,0.0,1,9.0,24.0,34.0,0.0,0.0,0.0,0.0
2021,Chad Finchum,2,0,0,0.0,36.5,0.0,204.0,0.0,0,35.0,33.0,40.0,0.0,0.0,0.0,0.0
1956,Johnny Patterson,3,0,1,0.0,15.67,,563.0,0.0,0,18.33,7.0,26.0,0.0,33.33,0.0,0.0
1961,Paul Lyons,1,0,0,0.0,23.0,0.0,4.0,0.0,0,23.0,23.0,23.0,0.0,0.0,0.0,0.0
1975,Ted Fritz,1,0,0,0.0,33.0,64.0,10.0,0.0,0,29.0,33.0,33.0,0.0,0.0,0.0,0.0
1994,Ken Bouchard,1,0,0,0.0,29.0,76.0,280.0,0.0,0,40.0,29.0,29.0,0.0,0.0,0.0,0.0
1951,Bob Johnson,1,0,0,0.0,67.0,,214.0,0.0,0,28.0,67.0,67.0,0.0,0.0,0.0,0.0
1955,Van Van Wey,1,0,0,0.0,44.0,60.0,247.0,0.0,0,36.0,44.0,44.0,0.0,0.0,0.0,0.0
1963,Joe Jones,1,0,0,0.0,11.0,240.0,186.0,0.0,0,5.0,11.0,11.0,0.0,0.0,0.0,0.0
1963,Billy Oswald,1,0,0,0.0,18.0,128.0,61.0,0.0,0,22.0,18.0,18.0,0.0,0.0,0.0,0.0
1968,Joe Clark,1,0,0,0.0,44.0,0.0,0.0,0.0,0,43.0,44.0,44.0,0.0,0.0,0.0,
1988,Ralph Jones,1,0,0,0.0,26.0,85.0,190.0,0.0,0,39.0,26.0,26.0,0.0,0.0,0.0,0.0
2013,Paulie Harraka,1,0,0,0.0,39.0,0.0,89.0,0.0,0,40.0,39.0,39.0,0.0,0.0,0.0,0.0
1950,Fred Johnson,2,0,1,0.0,17.0,,244.0,0.0,0,25.0,8.0,26.0,0.0,50.0,0.0,0.0
1951,Marshall Weatherly,4,0,0,0.0,19.5,,,0.0,0,,19.0,20.0,0.0,0.0,0.0,
1952,Bob Schwingle,1,0,0,0.0,17.0,,142.0,0.0,0,4.0,17.0,17.0,0.0,0.0,0.0,0.0
1953,Parks Surratt,3,0,0,0.0,18.0,,271.0,0.0,0,,16.0,19.0,0.0,0.0,0.0,0.0
1954,Bill Blair,19,2,10,0.0,13.0,0.0,2853.0,7.0,0,14.0,5.0,38.0,10.53,52.63,0.0,0.25
1957,Whitey Norman,13,1,4,0.0,15.46,,2437.0,0.0,0,21.0,2.0,37.0,7.69,30.77,0.0,0.0
1958,Bob Osborne,1,0,0,0.0,43.0,,16.0,0.0,0,22.0,43.0,43.0,0.0,0.0,0.0,0.0
1964,Worth McMillion,18,0,6,0.0,12.61,7586.0,4681.0,0.0,0,22.78,7.0,20.0,0.0,33.33,0.0,0.0
1965,Sam McQuagg,15,2,5,0.0,18.0,11460.0,2459.0,31.0,0,12.13,3.0,41.0,13.33,33.33,0.0,1.26
1966,Joel Davis,21,1,3,0.0,22.0,4066.0,2977.0,0.0,0,20.71,4.0,44.0,4.76,14.29,0.0,0.0
1968,Bob Pronger,1,0,0,0.0,11.0,0.0,187.0,0.0,0,22.0,11.0,11.0,0.0,0.0,0.0,0.0
1970,Lee Roy Carrigg,9,0,0,0.0,24.56,355.0,1002.0,0.0,0,26.67,17.0,36.0,0.0,0.0,0.0,0.0
1971,Bill Hollar,11,0,1,0.0,18.64,604.0,2095.0,0.0,0,25.45,10.0,27.0,0.0,9.09,0.0,0.0
1971,David Sisco,4,0,0,0.0,20.25,309.0,853.0,0.0,0,27.75,15.0,31.0,0.0,0.0,0.0,0.0
1974,Darrell Waltrip,16,7,11,0.0,12.56,,4649.0,103.0,1,10.31,2.0,44.0,43.75,68.75,0.0,2.22
1976,Sam Sommers,5,0,1,0.0,27.0,412.0,1000.0,0.0,0,13.4,9.0,36.0,0.0,20.0,0.0,0.0
1980,Rick Newsom,6,0,0,0.0,27.5,483.0,1179.0,0.0,0,26.17,19.0,36.0,0.0,0.0,0.0,0.0
1982,David Pearson,6,2,2,0.0,22.17,607.0,1019.0,7.0,1,12.33,3.0,37.0,33.33,33.33,0.0,0.69
1983,Jimmy Ingalls,2,0,0,0.0,17.5,112.0,901.0,0.0,0,29.5,17.0,18.0,0.0,0.0,0.0,0.0
1984,Dale Earnhardt,30,12,22,2.0,9.63,4265.0,9584.0,446.0,10,10.83,1.0,39.0,40.0,73.33,6.67,4.65
1987,Buddy Baker,20,3,10,0.0,16.2,2373.0,4509.0,91.0,8,15.85,2.0,41.0,15.0,50.0,0.0,2.02
1994,Brad Teague,8,0,0,0.0,31.5,548.0,1959.0,0.0,0,35.88,22.0,41.0,0.0,0.0,0.0,0.0
1994,Jeremy Mayfield,20,0,0,0.0,26.45,1673.0,5581.0,0.0,0,29.05,19.0,37.0,0.0,0.0,0.0,0.0
1997,Dale Earnhardt,32,7,16,0.0,12.13,4216.0,9693.0,220.0,21,19.97,2.0,31.0,21.88,50.0,0.0,2.27
2000,John Andretti,34,0,2,0.0,23.62,3169.0,9217.0,11.0,11,23.59,7.0,43.0,0.0,5.88,0.0,0.12
2016,Matt DiBenedetto,35,0,1,0.0,30.0,386.0,9084.0,1.0,7,30.43,6.0,40.0,0.0,2.86,0.0,0.01
1949,Bill Rexford,3,2,2,0.0,7.33,,370.0,0.0,0,23.0,3.0,14.0,66.67,66.67,0.0,0.0
1951,Bob Shaw,1,0,0,0.0,37.0,,,0.0,0,,37.0,37.0,0.0,0.0,0.0,
1954,Jim Luke,1,0,0,0.0,22.0,,154.0,0.0,0,,22.0,22.0,0.0,0.0,0.0,0.0
1960,Bill Whitley,1,0,0,0.0,16.0,156.0,6.0,0.0,0,16.0,16.0,16.0,0.0,0.0,0.0,0.0
1966,Jim Hurtubise,6,3,5,1.0,5.83,0.0,1215.0,158.0,2,6.5,1.0,15.0,50.0,83.33,16.67,13.0
1972,Bill Hollar,1,0,0,0.0,40.0,22.0,64.0,0.0,0,28.0,40.0,40.0,0.0,0.0,0.0,0.0
2005,Shane Hmiel,2,0,0,0.0,41.5,77.0,305.0,0.0,0,27.0,40.0,43.0,0.0,0.0,0.0,0.0
1953,Tommy Boger,1,0,0,0.0,35.0,,32.0,0.0,0,24.0,35.0,35.0,0.0,0.0,0.0,0.0
1953,Bob Laswell,1,0,0,0.0,14.0,,,0.0,0,,14.0,14.0,0.0,0.0,0.0,
1956,Bill Massey,1,0,0,0.0,13.0,,176.0,0.0,0,22.0,13.0,13.0,0.0,0.0,0.0,0.0
1957,Bill Blair,1,0,0,0.0,38.0,,63.0,0.0,0,46.0,38.0,38.0,0.0,0.0,0.0,0.0
1975,Paul Dean Holt,2,0,0,0.0,22.5,91.0,120.0,0.0,0,26.0,21.0,24.0,0.0,0.0,0.0,0.0
1977,Nestor Peles,2,0,0,0.0,29.0,58.0,209.0,0.0,0,35.5,23.0,35.0,0.0,0.0,0.0,0.0
1992,Ron Hornaday Jr.,2,0,0,0.0,28.5,155.0,373.0,0.0,0,29.0,25.0,32.0,0.0,0.0,0.0,0.0
1952,Norman Lynch,1,0,0,0.0,29.0,,130.0,0.0,0,10.0,29.0,29.0,0.0,0.0,0.0,0.0
1955,Pepper Cunningham,1,0,0,0.0,32.0,12.0,3.0,0.0,0,6.0,32.0,32.0,0.0,0.0,0.0,0.0
1953,Dick Allwine,3,0,1,0.0,21.0,,382.0,0.0,0,17.5,6.0,44.0,0.0,33.33,0.0,0.0
1955,Don White,3,3,3,0.0,2.33,376.0,496.0,0.0,2,7.67,2.0,3.0,100.0,100.0,0.0,0.0
1957,Sonny Morgan,1,0,0,0.0,39.0,,,0.0,0,31.0,39.0,39.0,0.0,0.0,0.0,
1960,Eddie Gray,4,0,1,0.0,18.25,552.0,279.0,0.0,0,21.67,10.0,29.0,0.0,25.0,0.0,0.0
1961,Cotton Owens,17,11,11,4.0,9.06,8032.0,2694.0,58.0,6,7.47,1.0,40.0,64.71,64.71,23.53,2.15
1961,Wes Morgan,3,0,1,0.0,22.33,426.0,493.0,0.0,0,30.33,10.0,32.0,0.0,33.33,0.0,0.0
1964,Ed Livingston,4,1,1,0.0,26.5,594.0,213.0,0.0,0,26.75,4.0,43.0,25.0,25.0,0.0,0.0
1965,Darel Dieringer,34,10,15,1.0,12.65,24616.0,6841.0,737.0,3,13.03,1.0,43.0,29.41,44.12,2.94,10.77
1971,Joe Dean Huss,3,0,0,0.0,15.0,231.0,1242.0,0.0,0,16.67,14.0,16.0,0.0,0.0,0.0,0.0
1975,Bill Champion,13,0,0,0.0,23.08,1219.0,2690.0,0.0,0,25.92,11.0,34.0,0.0,0.0,0.0,0.0
1978,Dick Brooks,30,5,17,0.0,13.4,3769.0,8689.0,24.0,0,12.43,4.0,36.0,16.67,56.67,0.0,0.28
1980,Tommy Houston,4,0,0,0.0,21.75,396.0,1170.0,10.0,0,18.5,15.0,31.0,0.0,0.0,0.0,0.85
1984,Harry Gant,30,15,23,3.0,8.57,4443.0,9899.0,1186.0,15,6.93,1.0,29.0,50.0,76.67,10.0,11.98
1984,Darrell Waltrip,30,13,20,7.0,11.17,4230.0,9464.0,2030.0,15,5.87,1.0,40.0,43.33,66.67,23.33,21.45
1984,Elliott Forbes-Robinson,5,0,0,0.0,28.0,349.0,895.0,0.0,0,39.2,19.0,39.0,0.0,0.0,0.0,0.0
1988,Lake Speed,29,4,7,1.0,21.1,2979.0,7005.0,368.0,6,18.59,1.0,38.0,13.79,24.14,3.45,5.25
1998,Morgan Shepherd,12,0,0,0.0,30.92,843.0,2796.0,0.0,1,23.75,11.0,43.0,0.0,0.0,0.0,0.0
1999,Derrike Cope,15,0,0,0.0,34.0,915.0,3489.0,0.0,0,31.87,18.0,43.0,0.0,0.0,0.0,0.0
2001,Robert Pressley,34,1,5,0.0,23.82,3156.0,9154.0,5.0,13,25.88,2.0,43.0,2.94,14.71,0.0,0.05
2002,Scott Wimmer,3,0,0,0.0,33.0,192.0,482.0,0.0,1,27.33,17.0,42.0,0.0,0.0,0.0,0.0
2010,Kurt Busch,36,9,17,2.0,15.33,4459.0,10540.0,842.0,25,11.08,1.0,40.0,25.0,47.22,5.56,7.99
2013,Kurt Busch,36,11,16,0.0,14.69,1071.0,10418.0,448.0,23,13.22,2.0,37.0,30.56,44.44,0.0,4.3
2013,Ken Schrader,10,0,0,0.0,32.2,118.0,3448.0,0.0,0,38.6,27.0,37.0,0.0,0.0,0.0,0.0
2018,Erik Jones,36,9,18,1.0,14.0,950.0,9836.0,99.0,24,10.61,1.0,40.0,25.0,50.0,2.78,1.01
2018,Michael McDowell,36,0,1,0.0,24.53,493.0,8964.0,33.0,8,23.03,9.0,40.0,0.0,2.78,0.0,0.37
2021,Chase Briscoe,36,0,3,0.0,19.64,655.0,8872.0,18.0,18,22.19,6.0,35.0,0.0,8.33,0.0,0.2
1950,Carl Wilkerson,1,0,0,0.0,25.0,,72.0,0.0,0,,25.0,25.0,0.0,0.0,0.0,0.0
1955,Harold Kite,2,0,0,0.0,34.0,84.0,279.0,0.0,0,32.0,25.0,43.0,0.0,0.0,0.0,0.0
1967,George England,5,0,1,0.0,28.0,1290.0,748.0,0.0,0,30.6,6.0,49.0,0.0,20.0,0.0,0.0
1998,Tommy Kendall,2,0,0,0.0,16.5,232.0,202.0,2.0,2,36.0,16.0,17.0,0.0,0.0,0.0,0.99
1959,Doug Cox,4,0,2,0.0,14.5,,532.0,0.0,0,12.5,8.0,20.0,0.0,50.0,0.0,0.0
1964,Pete Boland,3,0,0,0.0,22.67,180.0,7.0,0.0,0,19.67,20.0,26.0,0.0,0.0,0.0,0.0
1971,Joe Hines,1,0,0,0.0,33.0,18.0,1.0,0.0,0,31.0,33.0,33.0,0.0,0.0,0.0,0.0
1953,Ed Spencer,1,0,0,0.0,20.0,,,0.0,0,,20.0,20.0,0.0,0.0,0.0,
1956,Brownie Pitt,1,0,0,0.0,17.0,,49.0,0.0,0,17.0,17.0,17.0,0.0,0.0,0.0,0.0
1966,Carl Cardey,1,0,0,0.0,23.0,0.0,119.0,0.0,0,35.0,23.0,23.0,0.0,0.0,0.0,0.0
1950,Herb Thomas,13,4,6,1.0,11.38,,719.0,176.0,1,13.0,1.0,23.0,30.77,46.15,7.69,24.48
1952,Larry Mann,6,0,0,0.0,26.67,,767.0,0.0,0,28.5,11.0,55.0,0.0,0.0,0.0,0.0
1952,Erwin Blatt,2,0,0,0.0,21.5,,566.0,0.0,0,8.5,13.0,30.0,0.0,0.0,0.0,0.0
1952,Walt Regan,1,0,0,0.0,17.0,,225.0,0.0,0,36.0,17.0,17.0,0.0,0.0,0.0,0.0
1953,Tommy Thompson,3,1,1,0.0,17.0,,39.0,0.0,1,7.5,3.0,30.0,33.33,33.33,0.0,0.0
1955,Elton Hildreth,3,0,0,0.0,28.0,128.0,130.0,0.0,0,23.0,14.0,42.0,0.0,0.0,0.0,0.0
1956,Sherman Clark,5,0,2,0.0,19.8,,405.0,0.0,0,13.8,8.0,32.0,0.0,40.0,0.0,0.0
1957,Fred Boggs,1,0,0,0.0,31.0,,,0.0,0,9.0,31.0,31.0,0.0,0.0,0.0,
1961,Wayne Lambath,1,0,0,0.0,24.0,60.0,117.0,0.0,0,25.0,24.0,24.0,0.0,0.0,0.0,0.0
1966,Eddie Yarboro,3,0,1,0.0,22.33,308.0,456.0,0.0,0,15.33,10.0,32.0,0.0,33.33,0.0,0.0
1967,Earl Brooks,34,0,8,0.0,17.76,9900.0,5373.0,24.0,0,20.65,6.0,44.0,0.0,23.53,0.0,0.45
1970,Johnny Halford,25,0,0,0.0,21.84,975.0,3619.0,16.0,0,23.64,11.0,37.0,0.0,0.0,0.0,0.44
1970,G.T. Tallas,2,0,0,0.0,27.5,141.0,139.0,0.0,0,23.0,24.0,31.0,0.0,0.0,0.0,0.0
1971,Walter Ballard,41,3,11,0.0,16.93,2633.0,9419.0,0.0,0,20.0,3.0,40.0,7.32,26.83,0.0,0.0
1973,Donnie Allison,14,2,5,0.0,19.5,568.0,2904.0,39.0,0,7.21,2.0,38.0,14.29,35.71,0.0,1.34
1975,Dave Marcis,30,16,18,1.0,12.0,4061.0,8324.0,458.0,3,7.17,1.0,34.0,53.33,60.0,3.33,5.5
1980,Jim Vandiver,4,0,1,0.0,27.25,328.0,610.0,0.0,0,33.25,8.0,39.0,0.0,25.0,0.0,0.0
1980,Lake Speed,19,0,5,0.0,18.21,1853.0,4019.0,2.0,0,19.16,6.0,38.0,0.0,26.32,0.0,0.05
1981,A.J. Foyt,3,0,1,0.0,24.67,271.0,530.0,0.0,0,12.67,7.0,35.0,0.0,33.33,0.0,0.0
1985,Geoff Bodine,28,10,14,0.0,10.93,3862.0,8719.0,692.0,11,7.18,2.0,25.0,35.71,50.0,0.0,7.94
1986,Joe Ruttman,29,5,14,0.0,17.66,3295.0,7732.0,55.0,8,18.14,2.0,42.0,17.24,48.28,0.0,0.71
1987,Neil Bonnett,26,5,15,0.0,13.04,3352.0,7834.0,120.0,9,16.85,3.0,37.0,19.23,57.69,0.0,1.53
1990,Tommy Riggins,4,0,0,0.0,33.75,247.0,469.0,0.0,0,34.5,26.0,39.0,0.0,0.0,0.0,0.0
1993,Tommy Kendall,2,0,0,0.0,23.5,185.0,158.0,0.0,0,33.0,22.0,25.0,0.0,0.0,0.0,0.0
1994,Joe Nemechek,29,1,3,0.0,23.93,2673.0,7952.0,22.0,3,19.0,3.0,42.0,3.45,10.34,0.0,0.28
1996,Kenny Wallace,30,0,2,0.0,24.57,2694.0,8413.0,7.0,3,20.0,7.0,38.0,0.0,6.67,0.0,0.08
2004,Carl Long,6,0,0,0.0,39.5,267.0,681.0,0.0,0,40.0,38.0,42.0,0.0,0.0,0.0,0.0
2005,Reed Sorenson,2,0,0,0.0,34.5,119.0,398.0,0.0,0,18.5,28.0,41.0,0.0,0.0,0.0,0.0
2007,Greg Biffle,36,5,11,1.0,18.5,3991.0,9967.0,78.0,24,19.31,1.0,43.0,13.89,30.56,2.78,0.78
2013,Timmy Hill,19,0,0,0.0,34.0,190.0,5050.0,0.0,1,39.84,27.0,42.0,0.0,0.0,0.0,0.0
2014,Aric Almirola,36,2,7,1.0,21.44,820.0,9759.0,23.0,22,19.14,1.0,43.0,5.56,19.44,2.78,0.24
2019,Aric Almirola,36,3,12,0.0,15.42,923.0,9564.0,180.0,23,10.5,2.0,37.0,8.33,33.33,0.0,1.88
2019,Paul Menard,36,0,4,0.0,16.56,769.0,10217.0,11.0,24,16.58,6.0,29.0,0.0,11.11,0.0,0.11
1952,Earl Zindahl,1,0,0,0.0,21.0,,88.0,0.0,0,19.0,21.0,21.0,0.0,0.0,0.0,0.0
1952,Duke Keller,1,0,0,0.0,31.0,,6.0,0.0,0,28.0,31.0,31.0,0.0,0.0,0.0,0.0
1955,Ted Cannady,9,0,0,0.0,22.11,744.0,812.0,0.0,0,23.33,12.0,40.0,0.0,0.0,0.0,0.0
1958,John Findlay,4,1,1,0.0,11.25,512.0,674.0,0.0,0,17.33,5.0,16.0,25.0,25.0,0.0,0.0
1962,Larry Frank,19,2,8,1.0,18.05,12814.0,3566.0,85.0,2,15.21,1.0,46.0,10.53,42.11,5.26,2.38
1967,Fats Caruso,1,0,0,0.0,23.0,48.0,96.0,0.0,0,20.0,23.0,23.0,0.0,0.0,0.0,0.0
1969,Joe Frasson,1,0,0,0.0,41.0,0.0,3.0,0.0,0,25.0,41.0,41.0,0.0,0.0,0.0,0.0
1972,H.B. Bailey,5,1,1,0.0,21.0,208.0,1167.0,6.0,0,21.4,5.0,36.0,20.0,20.0,0.0,0.51
1974,Don Hall,1,0,0,0.0,27.0,,102.0,0.0,0,32.0,27.0,27.0,0.0,0.0,0.0,0.0
1979,Jimmy Insolo,3,0,0,0.0,25.67,258.0,192.0,0.0,0,7.67,16.0,36.0,0.0,0.0,0.0,0.0
2019,Josh Bilicki,10,0,0,0.0,33.7,0.0,2125.0,0.0,0,35.4,29.0,38.0,0.0,0.0,0.0,0.0
1951,Jimmy Thompson,3,0,0,0.0,42.67,,236.0,0.0,0,24.67,24.0,63.0,0.0,0.0,0.0,0.0
1952,Don Oldenberg,1,0,0,0.0,24.0,,,0.0,0,30.0,24.0,24.0,0.0,0.0,0.0,
1953,Jerry Draper,1,0,0,0.0,12.0,,85.0,0.0,0,,12.0,12.0,0.0,0.0,0.0,0.0
1960,Harvey Hege,1,0,0,0.0,29.0,28.0,62.0,0.0,0,28.0,29.0,29.0,0.0,0.0,0.0,0.0
1962,A.F. Nichols,1,0,0,0.0,46.0,90.0,1.0,0.0,0,46.0,46.0,46.0,0.0,0.0,0.0,0.0
1964,H.B. Bailey,2,0,0,0.0,32.0,214.0,141.0,0.0,0,36.0,26.0,38.0,0.0,0.0,0.0,0.0
1973,Pee Wee Wentz,2,0,0,0.0,26.5,98.0,594.0,0.0,0,29.0,26.0,27.0,0.0,0.0,0.0,0.0
2006,Johnny Sauter,1,0,0,0.0,24.0,0.0,398.0,0.0,0,14.0,24.0,24.0,0.0,0.0,0.0,0.0
1965,Harold Kite,1,0,0,0.0,42.0,88.0,1.0,0.0,0,24.0,42.0,42.0,0.0,0.0,0.0,0.0
1981,Robert Tartaglia,1,0,0,0.0,35.0,58.0,4.0,0.0,0,36.0,35.0,35.0,0.0,0.0,0.0,0.0
1950,Red Byron,4,3,3,0.0,7.0,,634.0,85.0,1,3.33,2.0,19.0,75.0,75.0,0.0,13.41
1952,Bud Farrell,6,0,2,0.0,15.67,,881.0,0.0,0,18.5,8.0,26.0,0.0,33.33,0.0,0.0
1952,George Bush,5,0,3,0.0,16.4,,598.0,0.0,0,17.4,7.0,34.0,0.0,60.0,0.0,0.0
1954,Billy Irvin,7,0,0,0.0,19.0,,846.0,0.0,0,38.0,11.0,44.0,0.0,0.0,0.0,0.0
1955,Donald Thomas,10,2,4,0.0,17.6,932.0,1271.0,0.0,1,11.7,4.0,60.0,20.0,40.0,0.0,0.0
1955,Bill Tanner,5,0,1,0.0,21.2,156.0,423.0,0.0,0,11.75,8.0,30.0,0.0,20.0,0.0,0.0
1955,Gordon Smith,15,0,2,0.0,19.8,1212.0,1584.0,0.0,0,20.33,6.0,65.0,0.0,13.33,0.0,0.0
1959,Marvin Panch,4,0,0,0.0,26.5,2000.0,640.0,0.0,0,14.75,17.0,38.0,0.0,0.0,0.0,0.0
1959,Danny Weinberg,1,1,1,0.0,3.0,,100.0,0.0,1,20.0,3.0,3.0,100.0,100.0,0.0,0.0
1965,Dick Bown,1,0,0,0.0,27.0,300.0,47.0,0.0,0,9.0,27.0,27.0,0.0,0.0,0.0,0.0
1965,Barry Brooks,4,0,0,0.0,21.25,656.0,131.0,0.0,0,19.25,15.0,35.0,0.0,0.0,0.0,0.0
1970,Bill Hollar,3,0,1,0.0,14.33,145.0,792.0,0.0,0,24.0,9.0,18.0,0.0,33.33,0.0,0.0
1973,J.D. McDuffie,27,3,10,0.0,17.44,1812.0,7388.0,11.0,0,21.44,5.0,40.0,11.11,37.04,0.0,0.15
1975,Red Farmer,2,0,0,0.0,40.5,83.0,44.0,0.0,0,28.5,37.0,44.0,0.0,0.0,0.0,0.0
1976,Gary Myers,15,0,0,0.0,25.53,1296.0,3077.0,0.0,0,27.27,11.0,35.0,0.0,0.0,0.0,0.0
1983,Ernie Cline,1,0,0,0.0,35.0,58.0,35.0,0.0,0,35.0,35.0,35.0,0.0,0.0,0.0,0.0
1985,Jim Southard,1,0,0,0.0,22.0,0.0,431.0,0.0,0,37.0,22.0,22.0,0.0,0.0,0.0,0.0
1986,Ruben Garcia,2,0,0,0.0,26.0,170.0,169.0,0.0,0,26.0,22.0,30.0,0.0,0.0,0.0,0.0
1996,Bobby Hamilton,31,3,11,1.0,16.55,3639.0,9153.0,648.0,13,19.94,1.0,39.0,9.68,35.48,3.23,7.08
2000,Rick Mast,29,0,2,0.0,27.24,2366.0,8185.0,1.0,7,23.52,8.0,43.0,0.0,6.9,0.0,0.01
2003,Jimmie Johnson,36,14,20,3.0,11.39,4932.0,10492.0,644.0,29,12.28,1.0,38.0,38.89,55.56,8.33,6.14
2004,Todd Bodine,21,0,0,0.0,38.29,986.0,2472.0,6.0,0,36.14,23.0,43.0,0.0,0.0,0.0,0.24
2004,Carl Edwards,13,1,5,0.0,18.62,1424.0,4056.0,15.0,8,19.85,3.0,42.0,7.69,38.46,0.0,0.37
2009,Joe Nemechek,30,0,0,0.0,39.53,1342.0,2093.0,2.0,1,30.47,14.0,43.0,0.0,0.0,0.0,0.1
2011,Todd Bodine,3,0,0,0.0,38.67,0.0,96.0,0.0,0,37.0,37.0,40.0,0.0,0.0,0.0,0.0
1949,Otis Martin,4,0,1,0.0,16.0,,66.0,0.0,0,6.5,8.0,21.0,0.0,25.0,0.0,0.0
1951,Ray Hill,1,0,0,0.0,23.0,,,0.0,0,5.0,23.0,23.0,0.0,0.0,0.0,
1959,Don Angel,2,0,0,0.0,18.0,,167.0,0.0,0,19.0,13.0,23.0,0.0,0.0,0.0,0.0
1965,Nelson Stacy,1,0,0,0.0,24.0,376.0,83.0,0.0,0,10.0,24.0,24.0,0.0,0.0,0.0,0.0
1972,Bill Ward,1,0,0,0.0,49.0,4.0,10.0,0.0,0,50.0,49.0,49.0,0.0,0.0,0.0,0.0
1977,Raymond Williams,1,0,0,0.0,36.0,55.0,0.0,0.0,0,35.0,36.0,36.0,0.0,0.0,0.0,
1952,Nook Walters,1,0,0,0.0,13.0,,171.0,0.0,0,25.0,13.0,13.0,0.0,0.0,0.0,0.0
1956,Judge Rider,1,0,0,0.0,41.0,,258.0,0.0,0,67.0,41.0,41.0,0.0,0.0,0.0,0.0
1958,Don Gray,2,0,0,0.0,18.5,120.0,264.0,0.0,0,16.0,17.0,20.0,0.0,0.0,0.0,0.0
1975,Eddie Bradshaw,1,0,0,0.0,25.0,88.0,63.0,0.0,0,34.0,25.0,25.0,0.0,0.0,0.0,0.0
1978,Sterling Marlin,2,0,1,0.0,17.0,226.0,591.0,0.0,0,7.0,9.0,25.0,0.0,50.0,0.0,0.0
1983,Jim Vandiver,2,0,0,0.0,30.0,0.0,448.0,0.0,0,33.0,21.0,39.0,0.0,0.0,0.0,0.0
1990,Randy LaJoie,2,0,0,0.0,35.5,113.0,177.0,0.0,0,33.0,33.0,38.0,0.0,0.0,0.0,0.0
1954,Cliff Wood,1,0,0,0.0,32.0,,51.0,0.0,0,,32.0,32.0,0.0,0.0,0.0,0.0
1954,Tex Brooks,2,0,0,0.0,25.5,,57.0,0.0,0,,20.0,31.0,0.0,0.0,0.0,0.0
1956,Len Sutton,1,0,0,0.0,11.0,,238.0,0.0,0,9.0,11.0,11.0,0.0,0.0,0.0,0.0
1958,Red Kalajainen,1,0,0,0.0,28.0,40.0,68.0,0.0,0,27.0,28.0,28.0,0.0,0.0,0.0,0.0
1963,Bill Amick,1,0,1,0.0,8.0,1152.0,142.0,0.0,0,22.0,8.0,8.0,0.0,100.0,0.0,0.0
1976,Tom Williams,1,0,0,0.0,37.0,52.0,41.0,0.0,0,25.0,37.0,37.0,0.0,0.0,0.0,0.0
1987,Tom Rotsell,1,0,0,0.0,26.0,85.0,84.0,0.0,0,35.0,26.0,26.0,0.0,0.0,0.0,0.0
1950,Will Albright,1,0,0,0.0,19.0,,43.0,0.0,0,,19.0,19.0,0.0,0.0,0.0,0.0
1955,Jim Reed,14,4,4,0.0,18.14,2416.0,1691.0,32.0,1,12.69,2.0,41.0,28.57,28.57,0.0,1.89
1957,Darel Dieringer,9,0,3,0.0,18.78,,1262.0,0.0,0,14.89,6.0,46.0,0.0,33.33,0.0,0.0
1957,Dick Getty,10,3,8,0.0,8.0,,1174.0,0.0,1,12.67,5.0,14.0,30.0,80.0,0.0,0.0
1960,Reb Wickersham,7,0,0,0.0,27.14,710.0,1119.0,0.0,0,36.57,23.0,33.0,0.0,0.0,0.0,0.0
1961,Maurice Petty,9,2,4,0.0,11.33,1600.0,1207.0,0.0,0,14.89,3.0,21.0,22.22,44.44,0.0,0.0
1965,Bob Bondurant,1,0,0,0.0,28.0,200.0,47.0,0.0,0,10.0,28.0,28.0,0.0,0.0,0.0,0.0
1968,Jim Paschal,1,0,0,0.0,20.0,66.0,171.0,0.0,0,4.0,20.0,20.0,0.0,0.0,0.0,0.0
1969,Sam McQuagg,3,0,2,0.0,13.0,90.0,1056.0,0.0,0,11.0,6.0,25.0,0.0,66.67,0.0,0.0
1970,E.J. Trivette,4,0,0,0.0,30.25,112.0,188.0,0.0,0,29.5,18.0,40.0,0.0,0.0,0.0,0.0
1971,Bobby Allison,42,27,31,11.0,8.29,3489.0,11716.0,3559.0,15,5.64,1.0,39.0,64.29,73.81,26.19,30.38
1973,Larry Smith,11,0,1,0.0,24.45,600.0,2103.0,0.0,0,26.91,10.0,58.0,0.0,9.09,0.0,0.0
1978,Dale Earnhardt,5,1,2,0.0,11.2,548.0,1359.0,0.0,0,21.4,4.0,17.0,20.0,40.0,0.0,0.0
1978,Dave Dion,4,0,0,0.0,33.0,256.0,335.0,0.0,0,23.0,26.0,40.0,0.0,0.0,0.0,0.0
1978,Terry Labonte,5,1,3,0.0,11.4,659.0,1849.0,0.0,0,16.2,4.0,24.0,20.0,60.0,0.0,0.0
1979,Blackie Wangerin,7,0,0,0.0,27.14,571.0,894.0,0.0,0,26.71,15.0,37.0,0.0,0.0,0.0,0.0
1984,Jimmy Hensley,4,0,0,0.0,21.5,0.0,1484.0,0.0,0,25.75,20.0,22.0,0.0,0.0,0.0,0.0
1988,Ken Bouchard,24,0,1,0.0,21.42,2378.0,7281.0,4.0,0,30.04,8.0,36.0,0.0,4.17,0.0,0.05
1991,Buddy Baker,6,0,0,0.0,23.67,552.0,845.0,0.0,2,26.0,13.0,37.0,0.0,0.0,0.0,0.0
2001,Brian Simo,2,0,0,0.0,39.5,89.0,113.0,0.0,0,28.5,37.0,42.0,0.0,0.0,0.0,0.0
2002,Rick Mast,9,0,0,0.0,33.0,576.0,3033.0,0.0,0,37.67,24.0,40.0,0.0,0.0,0.0,0.0
2007,David Stremme,36,0,3,0.0,25.19,3163.0,9889.0,2.0,18,25.97,8.0,43.0,0.0,8.33,0.0,0.02
2007,Ken Schrader,13,0,0,0.0,30.69,932.0,3767.0,3.0,1,27.23,19.0,41.0,0.0,0.0,0.0,0.08
2008,Sterling Marlin,9,0,0,0.0,33.22,482.0,2271.0,0.0,1,23.89,22.0,43.0,0.0,0.0,0.0,0.0
2008,Patrick Carpentier,24,0,0,0.0,29.63,1794.0,6308.0,11.0,7,25.17,14.0,43.0,0.0,0.0,0.0,0.17
2010,David Reutimann,36,6,9,1.0,18.14,4024.0,10055.0,104.0,25,15.64,1.0,40.0,16.67,25.0,2.78,1.03
2015,Dale Earnhardt Jr.,36,16,22,3.0,11.31,1198.0,10208.0,287.0,28,13.75,1.0,43.0,44.44,61.11,8.33,2.81
2020,Aric Almirola,36,6,18,0.0,13.28,980.0,9707.0,305.0,28,8.97,3.0,37.0,16.67,50.0,0.0,3.14
2021,William Byron,36,12,20,1.0,13.64,1134.0,8962.0,425.0,25,8.72,1.0,37.0,33.33,55.56,2.78,4.74
1950,Frank Boylan,2,0,0,0.0,19.5,,196.0,0.0,0,,13.0,26.0,0.0,0.0,0.0,0.0
1964,Marshall Sargent,1,0,1,0.0,9.0,272.0,77.0,0.0,0,7.0,9.0,9.0,0.0,100.0,0.0,0.0
2010,Terry Cook,3,0,0,0.0,36.67,164.0,744.0,1.0,0,41.33,34.0,39.0,0.0,0.0,0.0,0.13
1951,Red Duvall,2,1,2,0.0,6.0,,,0.0,0,,3.0,9.0,50.0,100.0,0.0,
1951,Harold Mays,1,0,0,0.0,11.0,,,0.0,0,,11.0,11.0,0.0,0.0,0.0,
1953,Mel Krueger,3,0,1,0.0,12.0,,188.0,0.0,0,,7.0,17.0,0.0,33.33,0.0,0.0
1956,Bill Brown,1,0,0,0.0,43.0,,235.0,0.0,0,56.0,43.0,43.0,0.0,0.0,0.0,0.0
1958,Bunk Moore,1,0,0,0.0,15.0,,141.0,0.0,0,22.0,15.0,15.0,0.0,0.0,0.0,0.0
1967,Ray Elder,1,0,0,0.0,36.0,106.0,23.0,0.0,0,30.0,36.0,36.0,0.0,0.0,0.0,0.0
1986,Jeff Swindell,1,0,0,0.0,31.0,70.0,227.0,0.0,0,11.0,31.0,31.0,0.0,0.0,0.0,0.0
1951,Bob Reuther,1,0,0,0.0,29.0,,,0.0,0,,29.0,29.0,0.0,0.0,0.0,
1955,Al Hager,1,0,0,0.0,14.0,288.0,176.0,0.0,0,40.0,14.0,14.0,0.0,0.0,0.0,0.0
1954,Donald Thomas,9,3,4,0.0,13.0,,1175.0,53.0,1,,2.0,29.0,33.33,44.44,0.0,4.51
1955,Banjo Matthews,3,0,2,0.0,9.67,860.0,734.0,0.0,0,11.0,6.0,17.0,0.0,66.67,0.0,0.0
1957,Russ Hepler,4,0,0,0.0,20.75,,365.0,0.0,0,9.25,18.0,22.0,0.0,0.0,0.0,0.0
1958,Roz Howard,2,0,1,0.0,14.0,,300.0,0.0,0,16.0,7.0,21.0,0.0,50.0,0.0,0.0
1958,Roscoe Thompson,1,0,0,0.0,32.0,300.0,44.0,0.0,0,34.0,32.0,32.0,0.0,0.0,0.0,0.0
1966,Frank Warren,11,0,1,0.0,21.27,8334.0,1989.0,0.0,0,22.91,10.0,36.0,0.0,9.09,0.0,0.0
1968,LeeRoy Yarbrough,26,15,16,2.0,12.08,1828.0,6423.0,1300.0,4,5.46,1.0,41.0,57.69,61.54,7.69,20.24
1971,Al Grinnan,1,0,0,0.0,13.0,0.0,459.0,0.0,0,23.0,13.0,13.0,0.0,0.0,0.0,0.0
1971,Jackie Oliver,1,0,0,0.0,32.0,0.0,117.0,0.0,0,19.0,32.0,32.0,0.0,0.0,0.0,0.0
1972,James Hylton,31,9,23,1.0,9.45,2576.0,9702.0,111.0,1,14.9,1.0,35.0,29.03,74.19,3.23,1.14
1972,John Sears,28,2,7,0.0,16.36,1934.0,7882.0,0.0,0,22.14,5.0,32.0,7.14,25.0,0.0,0.0
1975,Buddy Baker,23,12,13,4.0,11.3,3050.0,6281.0,789.0,8,4.17,1.0,33.0,52.17,56.52,17.39,12.56
1978,Nelson Oswald,6,0,0,0.0,26.5,501.0,1113.0,0.0,0,31.17,18.0,38.0,0.0,0.0,0.0,0.0
1979,Marty Robbins,3,0,0,0.0,31.33,207.0,235.0,0.0,0,34.0,27.0,35.0,0.0,0.0,0.0,0.0
1982,Ron Bouchard,30,3,15,0.0,15.73,3545.0,8048.0,1.0,2,15.43,3.0,36.0,10.0,50.0,0.0,0.01
1983,Richard Petty,30,9,21,3.0,10.67,4146.0,9439.0,279.0,10,14.57,1.0,38.0,30.0,70.0,10.0,2.96
1984,Mike Alexander,19,0,1,0.0,21.74,1762.0,4656.0,0.0,0,27.42,7.0,34.0,0.0,5.26,0.0,0.0
1986,Jimmy Hensley,3,0,0,0.0,19.0,318.0,1194.0,0.0,0,20.33,16.0,23.0,0.0,0.0,0.0,0.0
1991,Ted Musgrave,29,0,0,0.0,21.97,2841.0,9074.0,6.0,0,29.62,12.0,37.0,0.0,0.0,0.0,0.07
1993,Ken Schrader,30,9,15,0.0,15.0,3715.0,8877.0,286.0,11,9.67,2.0,38.0,30.0,50.0,0.0,3.22
1998,Mike Bliss,2,0,0,0.0,30.0,146.0,743.0,0.0,0,26.0,25.0,35.0,0.0,0.0,0.0,0.0
1998,Buckshot Jones,5,0,1,0.0,24.0,458.0,1025.0,0.0,0,18.6,8.0,42.0,0.0,20.0,0.0,0.0
1999,Michael Waltrip,34,1,3,0.0,25.56,2974.0,9022.0,48.0,7,21.15,5.0,42.0,2.94,8.82,0.0,0.53
2003,Joe Nemechek,36,2,6,1.0,23.17,3426.0,9850.0,197.0,11,19.25,1.0,43.0,5.56,16.67,2.78,2.0
2006,Elliott Sadler,36,1,7,0.0,23.11,3469.0,9757.0,99.0,15,17.47,4.0,43.0,2.78,19.44,0.0,1.01
2006,Chad Chaffin,10,0,0,0.0,35.9,553.0,2419.0,0.0,0,36.6,30.0,42.0,0.0,0.0,0.0,0.0
2009,Carl Edwards,36,7,14,0.0,15.06,4398.0,10218.0,164.0,30,19.67,2.0,39.0,19.44,38.89,0.0,1.61
2014,Matt Kenseth,36,13,22,0.0,13.17,1131.0,10343.0,529.0,30,14.03,2.0,42.0,36.11,61.11,0.0,5.11
2015,B.J. McLeod,1,0,0,0.0,34.0,0.0,293.0,0.0,0,39.0,34.0,34.0,0.0,0.0,0.0,0.0
2018,Chase Elliott,36,11,21,3.0,12.25,1137.0,9850.0,325.0,25,11.06,1.0,36.0,30.56,58.33,8.33,3.3
2018,Harrison Rhodes,6,0,0,0.0,33.5,24.0,1920.0,0.0,0,36.0,22.0,38.0,0.0,0.0,0.0,0.0
2021,Mike Marlar,1,0,0,0.0,31.0,6.0,244.0,0.0,0,38.0,31.0,31.0,0.0,0.0,0.0,0.0
2024,Chase Briscoe,36,3,9,1.0,18.81,748.0,9343.0,43.0,24,15.72,1.0,38.0,8.33,25.0,2.78,0.46
1954,H.R. Kahl,2,0,0,0.0,23.5,,225.0,0.0,0,26.0,17.0,30.0,0.0,0.0,0.0,0.0
1954,Fireball Roberts,5,0,2,0.0,14.0,,811.0,0.0,0,8.0,7.0,22.0,0.0,40.0,0.0,0.0
1967,Ramo Stott,3,0,1,0.0,14.33,5676.0,588.0,0.0,0,19.0,8.0,23.0,0.0,33.33,0.0,0.0
1981,John Anderson,3,0,0,0.0,26.33,0.0,583.0,0.0,0,35.67,16.0,39.0,0.0,0.0,0.0,0.0
1986,Brad Teague,3,0,0,0.0,33.67,186.0,419.0,0.0,0,29.33,21.0,40.0,0.0,0.0,0.0,0.0
2010,Michael Waltrip,4,0,0,0.0,31.5,284.0,526.0,7.0,2,36.25,18.0,41.0,0.0,0.0,0.0,1.33
2011,Jason A. White (Virginia),1,0,0,0.0,33.0,0.0,197.0,0.0,0,41.0,33.0,33.0,0.0,0.0,0.0,0.0
2012,Ricky Stenhouse Jr.,4,0,0,0.0,26.5,0.0,946.0,0.0,1,23.5,12.0,39.0,0.0,0.0,0.0,0.0
2022,Zane Smith,1,0,0,0.0,17.0,0.0,245.0,0.0,1,32.0,17.0,17.0,0.0,0.0,0.0,0.0
1953,Mason Bright,1,0,0,0.0,28.0,,33.0,0.0,0,51.0,28.0,28.0,0.0,0.0,0.0,0.0
1962,Paul Goldsmith,1,0,1,0.0,6.0,1800.0,218.0,0.0,0,19.0,6.0,6.0,0.0,100.0,0.0,0.0
1985,Dick May,2,0,0,0.0,23.5,0.0,665.0,0.0,0,34.0,22.0,25.0,0.0,0.0,0.0,0.0
1992,Pancho Carter,1,0,0,0.0,32.0,67.0,297.0,0.0,0,31.0,32.0,32.0,0.0,0.0,0.0,0.0
1951,Tony Correnti,1,0,0,0.0,42.0,,,0.0,0,,42.0,42.0,0.0,0.0,0.0,
1951,Len Brown,1,0,0,0.0,44.0,,,0.0,0,,44.0,44.0,0.0,0.0,0.0,
1956,Ed Massey,1,0,0,0.0,25.0,0.0,76.0,0.0,0,17.0,25.0,25.0,0.0,0.0,0.0,0.0
1972,Bill Osborne,1,0,0,0.0,46.0,10.0,36.0,0.0,0,50.0,46.0,46.0,0.0,0.0,0.0,0.0
1976,Salt Walther,1,0,0,0.0,12.0,0.0,187.0,0.0,0,26.0,12.0,12.0,0.0,0.0,0.0,0.0
1984,Sam Ard,1,0,0,0.0,31.0,0.0,1.0,0.0,0,27.0,31.0,31.0,0.0,0.0,0.0,0.0
2006,Chad Blount,2,0,0,0.0,42.0,74.0,190.0,0.0,0,39.0,42.0,42.0,0.0,0.0,0.0,0.0
1953,Bill Blair,21,6,8,1.0,15.48,,1043.0,51.0,1,18.86,1.0,33.0,28.57,38.1,4.76,4.89
1953,Bobby Myers,2,0,1,0.0,15.0,,321.0,0.0,0,50.0,10.0,20.0,0.0,50.0,0.0,0.0
1953,Weldon Adams,2,0,0,0.0,32.5,,217.0,0.0,0,44.0,26.0,39.0,0.0,0.0,0.0,0.0
1955,Jimmie Lewallen,33,8,16,0.0,14.12,4512.0,4086.0,0.0,3,12.5,2.0,40.0,24.24,48.48,0.0,0.0
1956,Howard Phillippi,4,0,0,0.0,21.25,,501.0,0.0,0,23.0,15.0,25.0,0.0,0.0,0.0,0.0
1958,Clarence DeZalia,27,0,6,0.0,16.15,2992.0,4382.0,0.0,0,21.48,8.0,30.0,0.0,22.22,0.0,0.0
1958,Johnny Gardner,14,0,0,0.0,21.93,276.0,1569.0,0.0,0,22.15,11.0,39.0,0.0,0.0,0.0,0.0
1958,Charles Sanchez,1,0,1,0.0,6.0,,98.0,0.0,0,10.0,6.0,6.0,0.0,100.0,0.0,0.0
1959,Carl Tyler,2,0,0,0.0,38.5,112.0,63.0,0.0,0,32.5,23.0,54.0,0.0,0.0,0.0,0.0
1960,Herb Shannon,1,0,0,0.0,24.0,140.0,184.0,0.0,0,44.0,24.0,24.0,0.0,0.0,0.0,0.0
1961,Don O'Dell,2,0,1,0.0,32.0,280.0,48.0,0.0,0,14.5,10.0,54.0,0.0,50.0,0.0,0.0
1964,Buddy Arrington,28,2,9,0.0,15.61,6362.0,5172.0,0.0,0,16.07,5.0,41.0,7.14,32.14,0.0,0.0
1964,E.J. Trivette,27,0,3,0.0,21.78,5118.0,2969.0,0.0,0,21.93,10.0,43.0,0.0,11.11,0.0,0.0
1969,Paul Connors,1,0,0,0.0,33.0,54.0,31.0,0.0,0,39.0,33.0,33.0,0.0,0.0,0.0,0.0
1970,Talmadge Prince,1,0,0,0.0,28.0,0.0,18.0,0.0,0,11.0,28.0,28.0,0.0,0.0,0.0,0.0
1970,Ken Meisenhelder,19,0,2,0.0,19.63,758.0,2717.0,0.0,0,26.11,10.0,33.0,0.0,10.53,0.0,0.0
1970,Bill Scott (CA),1,0,0,0.0,36.0,0.0,6.0,0.0,0,19.0,36.0,36.0,0.0,0.0,0.0,0.0
1974,Cale Yarborough,30,21,22,10.0,6.67,,9398.0,3597.0,16,3.93,1.0,28.0,70.0,73.33,33.33,38.27
1978,Billy McGinnis,1,0,0,0.0,28.0,79.0,221.0,0.0,0,40.0,28.0,28.0,0.0,0.0,0.0,0.0
1980,Roger Hamby,26,0,0,0.0,20.92,2606.0,7243.0,0.0,0,25.04,12.0,35.0,0.0,0.0,0.0,0.0
1980,Jim Sauter,1,0,0,0.0,41.0,40.0,33.0,0.0,0,31.0,41.0,41.0,0.0,0.0,0.0,0.0
1982,Dick Brooks,5,0,0,0.0,31.2,347.0,517.0,0.0,0,14.4,24.0,38.0,0.0,0.0,0.0,0.0
1983,Joe Ruttman,30,4,10,0.0,18.5,3342.0,7887.0,397.0,4,7.2,3.0,41.0,13.33,33.33,0.0,5.03
1984,Ricky Rudd,30,7,16,1.0,12.5,3918.0,9271.0,566.0,7,8.73,1.0,40.0,23.33,53.33,3.33,6.11
1985,John Soares Jr.,2,0,0,0.0,24.5,179.0,192.0,0.0,0,40.0,19.0,30.0,0.0,0.0,0.0,0.0
1985,Glenn Francis,1,0,0,0.0,20.0,103.0,84.0,0.0,0,37.0,20.0,20.0,0.0,0.0,0.0,0.0
1986,Earle Canavan,1,0,0,0.0,32.0,67.0,165.0,0.0,0,35.0,32.0,32.0,0.0,0.0,0.0,0.0
1991,Joe Ruttman,29,1,4,0.0,20.79,2938.0,8974.0,11.0,3,27.14,3.0,31.0,3.45,13.79,0.0,0.12
1996,Elton Sawyer,9,0,0,0.0,28.22,705.0,2448.0,0.0,0,23.44,19.0,37.0,0.0,0.0,0.0,0.0
2001,Jerry Nadeau,36,4,10,0.0,21.19,3675.0,10238.0,180.0,16,22.33,2.0,41.0,11.11,27.78,0.0,1.76
2003,Steve Park,35,1,3,0.0,26.74,2923.0,9420.0,3.0,9,27.03,5.0,43.0,2.86,8.57,0.0,0.03
2009,Scott Speed,35,1,1,0.0,28.97,2690.0,9439.0,19.0,6,23.66,5.0,41.0,2.86,2.86,0.0,0.2
2012,Martin Truex Jr.,36,7,19,0.0,12.11,1161.0,10100.0,434.0,29,12.06,2.0,43.0,19.44,52.78,0.0,4.3
2013,Kyle Busch,36,16,22,4.0,12.69,1163.0,10070.0,1227.0,29,9.14,1.0,38.0,44.44,61.11,11.11,12.18
2014,Martin Truex Jr.,36,1,5,0.0,20.22,857.0,10217.0,1.0,23,20.06,4.0,43.0,2.78,13.89,0.0,0.01
2024,Bubba Wallace,36,6,14,0.0,15.28,928.0,9579.0,139.0,28,14.86,3.0,36.0,16.67,38.89,0.0,1.45
1949,Glenn Dunaway,6,1,3,0.0,16.33,,594.0,0.0,1,6.5,3.0,33.0,16.67,50.0,0.0,0.0
1961,Dub Utsman,1,0,0,0.0,29.0,30.0,200.0,0.0,0,33.0,29.0,29.0,0.0,0.0,0.0,0.0
1962,Bobby Waddell,6,0,0,0.0,29.83,354.0,303.0,0.0,0,28.5,19.0,48.0,0.0,0.0,0.0,0.0
1986,Chet Fillip,17,0,0,0.0,26.24,1433.0,3276.0,0.0,0,26.18,12.0,40.0,0.0,0.0,0.0,0.0
1986,Phil Good,2,0,0,0.0,30.0,146.0,439.0,0.0,0,31.5,25.0,35.0,0.0,0.0,0.0,0.0
1949,Jim Paschal,1,0,0,0.0,23.0,,,0.0,0,,23.0,23.0,0.0,0.0,0.0,
1957,Pete Stewart,1,0,0,0.0,27.0,,25.0,0.0,0,27.0,27.0,27.0,0.0,0.0,0.0,0.0
1958,Richard Spittle,1,0,0,0.0,20.0,72.0,125.0,0.0,0,33.0,20.0,20.0,0.0,0.0,0.0,0.0
1982,Steve Gray,1,0,0,0.0,27.0,82.0,103.0,0.0,0,35.0,27.0,27.0,0.0,0.0,0.0,0.0
1961,Tom Guffy,1,0,0,0.0,32.0,24.0,29.0,0.0,0,30.0,32.0,32.0,0.0,0.0,0.0,0.0
1979,Bill Dennis,2,0,0,0.0,21.0,200.0,387.0,0.0,0,37.0,14.0,28.0,0.0,0.0,0.0,0.0
2000,Buckshot Jones,1,0,0,0.0,37.0,52.0,277.0,0.0,0,29.0,37.0,37.0,0.0,0.0,0.0,0.0
1951,Dick Rathman,15,4,7,0.0,18.8,,231.0,30.0,1,14.0,2.0,55.0,26.67,46.67,0.0,12.99
1955,Frank Powell,1,0,0,0.0,14.0,96.0,23.0,0.0,0,15.0,14.0,14.0,0.0,0.0,0.0,0.0
1956,Ed Brown,1,0,0,0.0,23.0,,72.0,0.0,0,7.0,23.0,23.0,0.0,0.0,0.0,0.0
1956,Dave Lundman,1,0,0,0.0,21.0,,,0.0,0,66.0,21.0,21.0,0.0,0.0,0.0,
1956,Al White,2,0,0,0.0,13.5,,330.0,0.0,0,14.0,11.0,16.0,0.0,0.0,0.0,0.0
1960,Burrhead Nantz,3,0,0,0.0,35.33,60.0,66.0,0.0,0,23.0,20.0,66.0,0.0,0.0,0.0,0.0
1962,Ned Jarrett,52,19,35,6.0,9.33,25336.0,11296.0,1018.0,8,9.45,1.0,40.0,36.54,67.31,11.54,9.01
1964,Bob Cooper,14,0,1,0.0,25.71,3602.0,783.0,0.0,0,24.64,10.0,44.0,0.0,7.14,0.0,0.0
1971,Roy Mayne,11,0,1,0.0,20.45,821.0,1918.0,0.0,0,28.18,10.0,34.0,0.0,9.09,0.0,0.0
1973,Jimmy Insolo,2,2,2,0.0,4.5,186.0,335.0,0.0,0,13.5,4.0,5.0,100.0,100.0,0.0,0.0
1975,Bruce Hill,26,3,11,0.0,16.54,3002.0,7088.0,2.0,0,17.62,5.0,47.0,11.54,42.31,0.0,0.03
1975,Chuck Bown,5,0,0,0.0,27.4,319.0,415.0,0.0,0,18.0,12.0,38.0,0.0,0.0,0.0,0.0
1979,Grant Adcox,6,0,0,0.0,23.5,560.0,1132.0,5.0,0,18.83,11.0,33.0,0.0,0.0,0.0,0.44
1982,Richard Petty,30,9,16,0.0,14.43,3814.0,7834.0,355.0,7,13.37,2.0,36.0,30.0,53.33,0.0,4.53
1982,H.B. Bailey,6,0,0,0.0,28.67,462.0,1016.0,0.0,0,27.5,21.0,35.0,0.0,0.0,0.0,0.0
1983,James Hylton,2,0,0,0.0,22.0,194.0,556.0,0.0,0,26.0,21.0,23.0,0.0,0.0,0.0,0.0
1986,D.K. Ulrich,10,0,0,0.0,23.8,804.0,2159.0,0.0,0,30.4,17.0,40.0,0.0,0.0,0.0,0.0
1988,Morgan Shepherd,23,2,6,0.0,23.48,2047.0,4601.0,136.0,5,16.22,2.0,42.0,8.7,26.09,0.0,2.96
1990,Sterling Marlin,29,5,10,0.0,16.41,3387.0,8310.0,71.0,8,15.31,3.0,38.0,17.24,34.48,0.0,0.85
1993,Rick Mast,30,1,5,0.0,21.4,3001.0,8488.0,32.0,7,15.53,5.0,39.0,3.33,16.67,0.0,0.38
1993,Bobby Hamilton,15,0,1,0.0,24.4,1348.0,3989.0,0.0,1,24.13,10.0,37.0,0.0,6.67,0.0,0.0
1994,Jeff Gordon,31,7,14,2.0,15.81,3776.0,9277.0,446.0,10,9.81,1.0,39.0,22.58,45.16,6.45,4.81
2005,Kevin Harvick,36,3,10,1.0,17.44,4097.0,10463.0,326.0,25,19.22,1.0,37.0,8.33,27.78,2.78,3.12
2007,Terry Labonte,3,0,0,0.0,31.67,204.0,349.0,0.0,1,35.33,30.0,35.0,0.0,0.0,0.0,0.0
2021,Ross Chastain,36,3,8,0.0,18.61,729.0,8827.0,62.0,20,19.78,2.0,39.0,8.33,22.22,0.0,0.7
2022,Ryan Blaney,36,12,17,0.0,13.61,1132.0,8891.0,636.0,28,10.11,2.0,36.0,33.33,47.22,0.0,7.15
2022,Boris Said,1,0,0,0.0,26.0,11.0,69.0,0.0,1,37.0,26.0,26.0,0.0,0.0,0.0,0.0
2022,Daniil Kvyat,3,0,0,0.0,37.0,0.0,118.0,0.0,0,35.0,36.0,39.0,0.0,0.0,0.0,0.0
1950,Gene Austin,2,0,1,0.0,11.5,,,0.0,0,,6.0,17.0,0.0,50.0,0.0,
1951,Mike Klapak,5,0,1,0.0,28.8,,,0.0,0,,8.0,42.0,0.0,20.0,0.0,
1955,Rick DeLewis,1,0,0,0.0,18.0,64.0,88.0,0.0,0,25.0,18.0,18.0,0.0,0.0,0.0,0.0
1956,Bill Sullivan,2,0,0,0.0,15.0,,278.0,0.0,0,24.0,13.0,17.0,0.0,0.0,0.0,0.0
1957,Bob Osborne,2,0,0,0.0,19.0,,80.0,0.0,0,17.0,16.0,22.0,0.0,0.0,0.0,0.0
1964,Parnelli Jones,4,0,1,0.0,25.75,0.0,202.0,9.0,1,8.25,6.0,37.0,0.0,25.0,0.0,4.46
1976,Ray Elder,2,2,2,0.0,4.0,320.0,284.0,0.0,0,9.0,4.0,4.0,100.0,100.0,0.0,0.0
2010,John Andretti,1,0,0,0.0,38.0,49.0,117.0,0.0,0,33.0,38.0,38.0,0.0,0.0,0.0,0.0
2025,Corey Heim,4,0,1,0.0,21.25,0.0,1295.0,0.0,2,32.75,6.0,37.0,0.0,25.0,0.0,0.0
1969,Bobby Wawak,1,0,0,0.0,31.0,60.0,74.0,0.0,0,36.0,31.0,31.0,0.0,0.0,0.0,0.0
1962,Herb Tillman,1,0,0,0.0,33.0,160.0,194.0,0.0,0,33.0,33.0,33.0,0.0,0.0,0.0,0.0
1998,Butch Gilliland,1,0,0,0.0,24.0,91.0,112.0,0.0,1,40.0,24.0,24.0,0.0,0.0,0.0,0.0
2016,Timmy Hill,1,0,0,0.0,34.0,0.0,386.0,0.0,0,36.0,34.0,34.0,0.0,0.0,0.0,0.0
1953,Al Kent,1,0,0,0.0,13.0,,,0.0,0,,13.0,13.0,0.0,0.0,0.0,
1953,Ted Chamberlain,9,0,3,0.0,19.22,,572.0,0.0,0,28.0,7.0,56.0,0.0,33.33,0.0,0.0
1953,Lloyd Shaw,1,0,0,0.0,23.0,,,0.0,0,1.0,23.0,23.0,0.0,0.0,0.0,
1953,Speedy Thompson,7,5,7,2.0,3.14,,1257.0,98.0,2,11.33,1.0,7.0,71.43,100.0,28.57,7.8
1955,Ed Normi,1,0,0,0.0,11.0,,237.0,0.0,0,21.0,11.0,11.0,0.0,0.0,0.0,0.0
1956,Lyle Scott,1,0,0,0.0,23.0,,,0.0,0,19.0,23.0,23.0,0.0,0.0,0.0,
1958,Bob Duell,7,3,6,0.0,7.29,2264.0,1273.0,0.0,1,10.43,2.0,15.0,42.86,85.71,0.0,0.0
1965,Richard Petty,15,10,10,4.0,9.53,5638.0,3697.0,852.0,6,1.93,1.0,36.0,66.67,66.67,26.67,23.05
1968,Bud Moore,16,2,9,0.0,20.19,1083.0,3399.0,51.0,1,13.94,2.0,48.0,12.5,56.25,0.0,1.5
1970,Frank James,2,0,0,0.0,18.0,198.0,257.0,0.0,0,26.0,15.0,21.0,0.0,0.0,0.0,0.0
1970,Jimmy Insolo,2,0,0,0.0,27.0,144.0,137.0,0.0,0,13.0,25.0,29.0,0.0,0.0,0.0,0.0
1971,Ben Arnold,18,0,3,0.0,17.56,1618.0,4130.0,0.0,0,23.5,9.0,38.0,0.0,16.67,0.0,0.0
1973,John Soares Jr.,2,0,0,0.0,28.5,90.0,122.0,0.0,0,16.0,26.0,31.0,0.0,0.0,0.0,0.0
1973,Wayne Andrews,1,0,0,0.0,40.0,22.0,5.0,0.0,0,28.0,40.0,40.0,0.0,0.0,0.0,0.0
1982,Bob Schacht,3,0,0,0.0,21.33,297.0,576.0,0.0,0,27.33,16.0,27.0,0.0,0.0,0.0,0.0
1985,D.K. Ulrich,1,0,0,0.0,32.0,0.0,286.0,0.0,0,40.0,32.0,32.0,0.0,0.0,0.0,0.0
1986,Mark Martin,5,0,0,0.0,21.8,364.0,1342.0,0.0,0,15.2,11.0,37.0,0.0,0.0,0.0,0.0
1987,David Sosebee,3,0,0,0.0,29.33,225.0,570.0,0.0,0,35.33,21.0,39.0,0.0,0.0,0.0,0.0
1994,Hut Stricklin,29,0,1,0.0,23.31,2711.0,8562.0,26.0,1,28.41,9.0,42.0,0.0,3.45,0.0,0.3
1995,Greg Sacks,20,0,0,0.0,31.85,1349.0,4677.0,0.0,1,25.95,17.0,43.0,0.0,0.0,0.0,0.0
1998,Kenny Wallace,31,0,7,0.0,26.65,2615.0,6958.0,57.0,8,23.35,6.0,43.0,0.0,22.58,0.0,0.82
1998,Darrell Waltrip,33,1,2,0.0,24.79,2957.0,8995.0,17.0,7,34.97,5.0,41.0,3.03,6.06,0.0,0.19
2002,Sterling Marlin,29,8,14,2.0,13.86,3703.0,7844.0,451.0,22,20.48,1.0,43.0,27.59,48.28,6.9,5.75
2012,Reed Sorenson,19,0,0,0.0,39.16,0.0,1749.0,0.0,0,38.26,28.0,43.0,0.0,0.0,0.0,0.0
2015,Jeff Gordon,36,5,21,1.0,13.69,1109.0,10292.0,265.0,30,11.81,1.0,42.0,13.89,58.33,2.78,2.57
2021,James Davison,20,0,0,0.0,31.25,117.0,3966.0,0.0,5,34.1,22.0,37.0,0.0,0.0,0.0,0.0
2024,Ty Dillon,7,0,0,0.0,23.86,0.0,2075.0,0.0,4,32.43,16.0,36.0,0.0,0.0,0.0,0.0
1951,Mike Little,1,0,0,0.0,22.0,,,0.0,0,,22.0,22.0,0.0,0.0,0.0,
1951,Joe Sommers,1,0,1,0.0,8.0,,,0.0,0,8.0,8.0,8.0,0.0,100.0,0.0,
1954,Ken Reeder,1,0,0,0.0,13.0,,179.0,0.0,0,,13.0,13.0,0.0,0.0,0.0,0.0
1979,Billy Hagan,1,0,0,0.0,17.0,112.0,185.0,0.0,0,22.0,17.0,17.0,0.0,0.0,0.0,0.0
1979,Bill Meazell,1,0,0,0.0,32.0,67.0,46.0,0.0,0,32.0,32.0,32.0,0.0,0.0,0.0,0.0
1979,Elmo Langley,2,0,0,0.0,31.5,137.0,6.0,0.0,0,26.5,28.0,35.0,0.0,0.0,0.0,0.0
1995,Phil Parsons,2,0,0,0.0,41.5,77.0,36.0,0.0,0,35.0,41.0,42.0,0.0,0.0,0.0,0.0
2007,Kevin Lepage,2,0,0,0.0,38.5,95.0,421.0,0.0,0,40.0,35.0,42.0,0.0,0.0,0.0,0.0
2015,Justin Marks,1,0,0,0.0,30.0,0.0,109.0,0.0,0,35.0,30.0,30.0,0.0,0.0,0.0,0.0
1949,Kenneth Wagner,3,0,0,0.0,14.0,,412.0,0.0,0,5.5,11.0,16.0,0.0,0.0,0.0,0.0
1951,Ruel Smith,1,0,0,0.0,16.0,,,0.0,0,5.0,16.0,16.0,0.0,0.0,0.0,
1956,Carl Anderson,1,0,1,0.0,7.0,,173.0,0.0,0,14.0,7.0,7.0,0.0,100.0,0.0,0.0
1996,Mike Skinner,5,0,0,0.0,19.4,529.0,1459.0,10.0,0,13.0,12.0,36.0,0.0,0.0,0.0,0.69
1951,Richard Hancock,1,0,0,0.0,20.0,,,0.0,0,,20.0,20.0,0.0,0.0,0.0,
1953,Stewart McDonald,1,0,0,0.0,22.0,,271.0,0.0,0,,22.0,22.0,0.0,0.0,0.0,0.0
1953,Eddie Van Horn,1,0,0,0.0,17.0,,,0.0,0,,17.0,17.0,0.0,0.0,0.0,
1954,Bob Deehan,1,0,0,0.0,24.0,,213.0,0.0,0,,24.0,24.0,0.0,0.0,0.0,0.0
1955,Jack Radtke,1,0,1,0.0,10.0,,38.0,0.0,0,43.0,10.0,10.0,0.0,100.0,0.0,0.0
1981,Bill Dennis,1,0,0,0.0,21.0,100.0,327.0,0.0,0,28.0,21.0,21.0,0.0,0.0,0.0,0.0
1985,Chuck Walton,1,0,0,0.0,38.0,49.0,5.0,0.0,0,38.0,38.0,38.0,0.0,0.0,0.0,0.0
1986,Roy Lee Hendrick,1,0,0,0.0,38.0,49.0,91.0,0.0,0,40.0,38.0,38.0,0.0,0.0,0.0,0.0
1951,Fonty Flock,34,20,22,8.0,9.35,0.0,2788.0,1449.0,10,2.71,1.0,36.0,58.82,64.71,23.53,51.97
1951,Bill Blair,18,4,7,0.0,17.44,,815.0,0.0,0,16.78,2.0,55.0,22.22,38.89,0.0,0.0
1951,Bud Riley,8,1,2,0.0,20.0,,606.0,0.0,0,17.25,5.0,45.0,12.5,25.0,0.0,0.0
1953,Gene Comstock,13,0,3,0.0,16.31,0.0,756.0,0.0,0,28.0,8.0,32.0,0.0,23.08,0.0,0.0
1956,Ted Cannady,6,0,0,0.0,19.67,,814.0,0.0,0,24.0,14.0,28.0,0.0,0.0,0.0,0.0
1957,Jim Reed,6,2,3,0.0,17.17,,892.0,55.0,1,6.5,3.0,54.0,33.33,50.0,0.0,6.17
1957,Dave Terrell,2,0,1,0.0,29.5,,290.0,0.0,0,35.5,6.0,53.0,0.0,50.0,0.0,0.0
1958,Jack Smith,39,15,21,2.0,12.51,5280.0,5978.0,381.0,7,9.19,1.0,33.0,38.46,53.85,5.13,6.37
1960,Jack Smith,13,7,7,3.0,12.0,7044.0,2198.0,541.0,5,2.46,1.0,44.0,53.85,53.85,23.08,24.61
1961,Bob Price,2,0,1,0.0,14.5,384.0,204.0,0.0,0,21.5,10.0,19.0,0.0,50.0,0.0,0.0
1965,Wendell Scott,52,4,21,0.0,13.48,19902.0,9759.0,0.0,0,17.46,4.0,35.0,7.69,40.38,0.0,0.0
1969,Earl Brooks,49,1,6,0.0,19.55,2452.0,8717.0,0.0,0,24.51,5.0,43.0,2.04,12.24,0.0,0.0
1971,Ron Grana,1,0,0,0.0,14.0,0.0,187.0,0.0,0,28.0,14.0,14.0,0.0,0.0,0.0,0.0
1972,Fred Lorenzen,8,3,4,0.0,14.0,364.0,1801.0,4.0,1,9.0,4.0,29.0,37.5,50.0,0.0,0.22
1973,Jim Whitt,2,0,0,0.0,27.5,94.0,124.0,0.0,0,27.0,18.0,37.0,0.0,0.0,0.0,0.0
1975,Lennie Pond,22,6,9,0.0,17.64,2540.0,5859.0,275.0,0,7.14,2.0,38.0,27.27,40.91,0.0,4.69
1976,Bob Burcham,5,0,0,0.0,29.4,374.0,621.0,0.0,0,24.0,14.0,35.0,0.0,0.0,0.0,0.0
1977,Dick May,13,0,0,0.0,20.38,1324.0,3977.0,0.0,0,27.08,13.0,32.0,0.0,0.0,0.0,0.0
1983,John Anderson,1,0,0,0.0,24.0,0.0,317.0,0.0,0,19.0,24.0,24.0,0.0,0.0,0.0,0.0
1985,Bill Schmitt,2,0,0,0.0,24.5,179.0,157.0,0.0,0,28.0,15.0,34.0,0.0,0.0,0.0,0.0
1990,Ken Schrader,29,7,14,0.0,14.97,3572.0,8649.0,242.0,13,9.72,2.0,40.0,24.14,48.28,0.0,2.8
1993,Kyle Petty,30,9,15,1.0,13.47,3860.0,9259.0,526.0,11,15.97,1.0,33.0,30.0,50.0,3.33,5.68
1995,Dick Trickle,31,0,1,0.0,23.48,2875.0,8941.0,5.0,5,17.97,10.0,38.0,0.0,3.23,0.0,0.06
1995,Jeff Purvis,7,0,0,0.0,35.71,391.0,951.0,0.0,0,26.71,26.0,42.0,0.0,0.0,0.0,0.0
1999,Dave Marcis,20,0,0,0.0,32.6,1324.0,5354.0,9.0,0,34.8,16.0,41.0,0.0,0.0,0.0,0.17
1999,Boris Said,2,0,0,0.0,38.0,103.0,310.0,9.0,0,14.5,34.0,42.0,0.0,0.0,0.0,2.9
2003,Ron Fellows,2,0,1,0.0,22.5,200.0,192.0,21.0,1,10.5,7.0,38.0,0.0,50.0,0.0,10.94
2010,Scott Speed,36,0,2,0.0,25.11,3178.0,10472.0,21.0,16,24.08,10.0,43.0,0.0,5.56,0.0,0.2
2011,Kurt Busch,36,8,16,2.0,14.61,1087.0,10523.0,770.0,26,11.97,1.0,38.0,22.22,44.44,5.56,7.32
2012,Dale Earnhardt Jr.,34,10,20,1.0,10.85,1144.0,9817.0,358.0,29,15.38,1.0,32.0,29.41,58.82,2.94,3.65
2013,Danica Patrick,36,0,1,0.0,26.08,646.0,9946.0,5.0,12,30.06,8.0,43.0,0.0,2.78,0.0,0.05
2021,Kyle Busch,36,14,22,2.0,12.75,1140.0,8647.0,334.0,27,10.42,1.0,37.0,38.89,61.11,5.56,3.86
2021,Michael McDowell,36,2,5,1.0,20.47,643.0,8565.0,26.0,18,17.36,1.0,39.0,5.56,13.89,2.78,0.3
1950,Al Weaver,1,0,0,0.0,21.0,,119.0,0.0,0,,21.0,21.0,0.0,0.0,0.0,0.0
1950,Herb Craig,1,0,0,0.0,17.0,,,0.0,0,,17.0,17.0,0.0,0.0,0.0,
1952,Louise Smith,3,0,0,0.0,26.67,,118.0,0.0,0,22.67,24.0,30.0,0.0,0.0,0.0,0.0
1957,Fred Hunt,1,0,0,0.0,28.0,,20.0,0.0,0,19.0,28.0,28.0,0.0,0.0,0.0,0.0
1971,J.R. Skinner,1,0,0,0.0,35.0,48.0,17.0,0.0,0,34.0,35.0,35.0,0.0,0.0,0.0,0.0
1974,Dick Brooks,16,0,3,0.0,21.81,,2951.0,1.0,0,17.75,7.0,36.0,0.0,18.75,0.0,0.03
1982,Bill Schmitt,2,0,0,0.0,22.5,191.0,186.0,0.0,0,24.0,21.0,24.0,0.0,0.0,0.0,0.0
1983,Jimmy Insolo,1,0,0,0.0,42.0,37.0,1.0,0.0,0,19.0,42.0,42.0,0.0,0.0,0.0,0.0
1987,Joe Ruttman,4,0,2,0.0,16.0,0.0,963.0,0.0,1,22.5,7.0,36.0,0.0,50.0,0.0,0.0
1951,Sonny Black,4,0,2,0.0,28.5,,73.0,0.0,0,33.0,9.0,78.0,0.0,50.0,0.0,0.0
1954,Billy Rafter,1,0,0,0.0,42.0,,32.0,0.0,0,54.0,42.0,42.0,0.0,0.0,0.0,0.0
1956,Chuck Hansen,1,0,0,0.0,36.0,,66.0,0.0,0,27.0,36.0,36.0,0.0,0.0,0.0,0.0
1960,Aubrey Boles,1,0,0,0.0,33.0,20.0,97.0,0.0,0,36.0,33.0,33.0,0.0,0.0,0.0,0.0
1962,Bob Devine,2,0,0,0.0,12.0,448.0,453.0,0.0,0,15.0,11.0,13.0,0.0,0.0,0.0,0.0
1971,Butch Hirst,1,0,0,0.0,32.0,0.0,2.0,0.0,0,28.0,32.0,32.0,0.0,0.0,0.0,0.0
1987,Ron Esau,1,0,0,0.0,22.0,0.0,90.0,0.0,0,39.0,22.0,22.0,0.0,0.0,0.0,0.0
2021,R.C. Enerson,1,0,0,0.0,34.0,3.0,88.0,0.0,0,37.0,34.0,34.0,0.0,0.0,0.0,0.0
1959,Sam Massey,1,0,0,0.0,12.0,120.0,73.0,0.0,0,13.0,12.0,12.0,0.0,0.0,0.0,0.0
1979,Melvin Revis,1,0,0,0.0,28.0,0.0,76.0,0.0,0,26.0,28.0,28.0,0.0,0.0,0.0,0.0
1980,Bobby Sands,1,0,0,0.0,30.0,73.0,2.0,0.0,0,30.0,30.0,30.0,0.0,0.0,0.0,0.0
1994,A.J. Foyt,1,0,0,0.0,30.0,73.0,156.0,0.0,0,40.0,30.0,30.0,0.0,0.0,0.0,0.0
2022,John Hunter Nemechek,1,0,0,0.0,27.0,0.0,266.0,0.0,0,4.0,27.0,27.0,0.0,0.0,0.0,0.0
1950,Russ Lee,1,0,0,0.0,24.0,,38.0,0.0,0,18.0,24.0,24.0,0.0,0.0,0.0,0.0
1950,Ted Chamberlain,5,0,2,0.0,16.8,0.0,541.0,0.0,0,18.0,8.0,34.0,0.0,40.0,0.0,0.0
1951,Marshall Teague,15,7,9,5.0,13.53,0.0,1611.0,465.0,5,8.44,1.0,33.0,46.67,60.0,33.33,28.86
1957,Rod Perry,1,0,0,0.0,15.0,,,0.0,0,29.0,15.0,15.0,0.0,0.0,0.0,
1958,Marvin Porter,6,0,2,0.0,24.83,288.0,542.0,0.0,0,23.0,9.0,40.0,0.0,33.33,0.0,0.0
1959,Marvin Porter,7,2,4,0.0,14.29,616.0,1696.0,0.0,0,18.0,3.0,47.0,28.57,57.14,0.0,0.0
1960,Jim Austin,2,0,0,0.0,31.0,128.0,199.0,0.0,0,37.0,12.0,50.0,0.0,0.0,0.0,0.0
1965,Bobby Allison,8,0,3,0.0,19.5,6152.0,799.0,0.0,0,20.88,7.0,38.0,0.0,37.5,0.0,0.0
1965,LeeRoy Yarbrough,14,2,3,0.0,19.29,5852.0,1747.0,42.0,0,18.07,4.0,34.0,14.29,21.43,0.0,2.4
1965,Bub Strickler,10,0,2,0.0,18.4,6540.0,1572.0,0.0,0,24.2,8.0,41.0,0.0,20.0,0.0,0.0
1974,J.D. McDuffie,30,0,7,0.0,16.03,,8277.0,1.0,0,22.73,7.0,30.0,0.0,23.33,0.0,0.01
1975,Ricky Rudd,4,0,1,0.0,18.5,431.0,1025.0,0.0,0,26.0,10.0,28.0,0.0,25.0,0.0,0.0
1977,Baxter Price,12,0,0,0.0,24.17,1086.0,2566.0,0.0,0,31.0,16.0,37.0,0.0,0.0,0.0,0.0
1980,Harry Gant,31,9,14,0.0,16.23,3703.0,7987.0,263.0,6,10.74,2.0,42.0,29.03,45.16,0.0,3.29
1981,Charlie Chamblee,1,0,0,0.0,26.0,0.0,10.0,0.0,0,17.0,26.0,26.0,0.0,0.0,0.0,0.0
1984,Richard Petty,30,5,13,2.0,15.2,3643.0,8835.0,275.0,3,14.77,1.0,37.0,16.67,43.33,6.67,3.11
1986,Bobby Allison,29,6,15,1.0,13.59,3698.0,8391.0,127.0,9,11.72,1.0,42.0,20.69,51.72,3.45,1.51
1989,Ken Ragan,3,0,0,0.0,31.67,204.0,550.0,0.0,0,34.67,27.0,39.0,0.0,0.0,0.0,0.0
1992,Davey Allison,29,15,17,5.0,11.48,4015.0,8976.0,1377.0,15,11.14,1.0,33.0,51.72,58.62,17.24,15.34
1995,Mark Martin,31,13,22,4.0,10.74,4320.0,9393.0,740.0,18,8.35,1.0,38.0,41.94,70.97,12.9,7.88
1999,Brett Bodine,32,0,0,0.0,30.0,2351.0,8940.0,4.0,0,30.28,12.0,43.0,0.0,0.0,0.0,0.04
2001,Bobby Hamilton Jr.,10,0,0,0.0,29.4,748.0,2577.0,0.0,2,28.6,14.0,42.0,0.0,0.0,0.0,0.0
2002,Shawna Robinson,7,0,0,0.0,37.14,361.0,1210.0,0.0,0,33.0,24.0,42.0,0.0,0.0,0.0,0.0
2015,Casey Mears,36,0,1,0.0,23.14,754.0,10035.0,4.0,14,23.92,6.0,42.0,0.0,2.78,0.0,0.04
2017,Michael McDowell,36,1,1,0.0,22.25,542.0,10446.0,10.0,12,23.89,4.0,35.0,2.78,2.78,0.0,0.1
2020,Joey Logano,36,12,21,3.0,11.89,1223.0,9785.0,939.0,28,6.42,1.0,36.0,33.33,58.33,8.33,9.6
1951,Junior Pooler,1,0,0,0.0,24.0,,,0.0,0,9.0,24.0,24.0,0.0,0.0,0.0,
2011,Robert Richardson Jr.,1,0,0,0.0,38.0,0.0,45.0,0.0,0,28.0,38.0,38.0,0.0,0.0,0.0,0.0
2021,Ben Rhodes,1,0,0,0.0,30.0,0.0,92.0,0.0,1,31.0,30.0,30.0,0.0,0.0,0.0,0.0
2025,Derek Kraus,2,0,0,0.0,34.0,6.0,662.0,0.0,0,37.0,32.0,36.0,0.0,0.0,0.0,0.0
1952,Paul Pettit,3,0,0,0.0,22.67,,198.0,0.0,0,22.33,15.0,31.0,0.0,0.0,0.0,0.0
1952,L.C. Rigsby,1,0,0,0.0,59.0,,,0.0,0,46.0,59.0,59.0,0.0,0.0,0.0,
1957,Earl Mosbach,1,0,0,0.0,19.0,,55.0,0.0,0,20.0,19.0,19.0,0.0,0.0,0.0,0.0
1962,Troy Ruttman,1,1,1,0.0,5.0,1890.0,218.0,0.0,0,22.0,5.0,5.0,100.0,100.0,0.0,0.0
1955,Marion Edwards,1,0,0,0.0,11.0,,180.0,0.0,0,13.0,11.0,11.0,0.0,0.0,0.0,0.0
1955,Fred Johnson,2,0,0,0.0,37.5,72.0,258.0,0.0,0,19.5,29.0,46.0,0.0,0.0,0.0,0.0
1959,Cale Yarborough,1,0,0,0.0,27.0,80.0,219.0,0.0,0,33.0,27.0,27.0,0.0,0.0,0.0,0.0
1963,Augie Pabst,1,0,0,0.0,35.0,0.0,18.0,0.0,0,18.0,35.0,35.0,0.0,0.0,0.0,0.0
1968,Clyde Prickett,1,0,0,0.0,14.0,0.0,140.0,0.0,0,31.0,14.0,14.0,0.0,0.0,0.0,0.0
1951,Bobby Booth,3,0,0,0.0,46.0,,156.0,0.0,0,19.0,14.0,81.0,0.0,0.0,0.0,0.0
1953,Ronnie Kohler,4,1,1,0.0,11.0,,,0.0,0,30.0,5.0,15.0,25.0,25.0,0.0,
1955,Ed Cole,13,0,0,0.0,21.69,924.0,1442.0,0.0,0,25.31,11.0,68.0,0.0,0.0,0.0,0.0
1956,Lennie Page,1,0,1,0.0,6.0,,180.0,0.0,0,18.0,6.0,6.0,0.0,100.0,0.0,0.0
1958,Owen Loggins,1,0,0,0.0,41.0,,25.0,0.0,0,37.0,41.0,41.0,0.0,0.0,0.0,0.0
1959,Mel Larson,2,0,2,0.0,9.5,,529.0,0.0,0,8.5,9.0,10.0,0.0,100.0,0.0,0.0
1960,Elmo Langley,11,0,0,0.0,28.64,1534.0,1234.0,0.0,0,23.45,14.0,52.0,0.0,0.0,0.0,0.0
1961,Don Noel,4,3,3,0.0,5.25,1440.0,493.0,0.0,1,8.0,2.0,12.0,75.0,75.0,0.0,0.0
1961,Tiny Lund,10,0,2,0.0,16.1,7740.0,2583.0,0.0,0,25.2,6.0,30.0,0.0,20.0,0.0,0.0
1962,Sammy Packard,1,0,0,0.0,13.0,208.0,45.0,0.0,0,13.0,13.0,13.0,0.0,0.0,0.0,0.0
1969,Dick Poling,12,0,0,0.0,24.08,408.0,1305.0,0.0,0,24.58,15.0,49.0,0.0,0.0,0.0,0.0
1972,Larry Smith,23,0,7,0.0,22.26,1316.0,4320.0,0.0,0,17.22,6.0,38.0,0.0,30.43,0.0,0.0
1974,Johnny Anderson,2,0,0,0.0,24.0,,154.0,0.0,0,24.0,20.0,28.0,0.0,0.0,0.0,0.0
1975,Ferrel Harris,10,0,0,0.0,19.4,797.0,2358.0,0.0,0,30.2,11.0,45.0,0.0,0.0,0.0,0.0
1975,Don Hoffman,1,0,0,0.0,15.0,118.0,178.0,0.0,0,23.0,15.0,15.0,0.0,0.0,0.0,0.0
1976,Grant Adcox,11,0,2,0.0,14.91,1163.0,3326.0,0.0,0,21.27,7.0,30.0,0.0,18.18,0.0,0.0
1979,Joe Millikan,31,5,20,0.0,12.58,4014.0,9122.0,188.0,1,11.23,2.0,36.0,16.13,64.52,0.0,2.06
1980,Bobby Wawak,19,0,1,0.0,23.79,1742.0,4065.0,0.0,0,29.95,10.0,39.0,0.0,5.26,0.0,0.0
1982,Buddy Baker,23,4,11,0.0,16.52,2591.0,5672.0,103.0,2,10.61,2.0,37.0,17.39,47.83,0.0,1.82
1982,Tom Hessert,1,0,0,0.0,35.0,58.0,8.0,0.0,0,31.0,35.0,35.0,0.0,0.0,0.0,0.0
1989,Mark Martin,29,14,18,1.0,10.72,4053.0,9010.0,480.0,16,5.31,1.0,38.0,48.28,62.07,3.45,5.33
1992,Terry Labonte,29,4,16,0.0,13.17,3674.0,8912.0,43.0,7,15.62,2.0,38.0,13.79,55.17,0.0,0.48
1994,Brett Bodine,31,1,6,0.0,21.03,3159.0,8931.0,55.0,8,14.61,2.0,42.0,3.23,19.35,0.0,0.62
1996,Jeff Krogh,2,0,0,0.0,38.0,98.0,222.0,0.0,0,36.0,35.0,41.0,0.0,0.0,0.0,0.0
2002,Terry Labonte,36,1,4,0.0,22.92,3417.0,9966.0,11.0,14,27.19,3.0,41.0,2.78,11.11,0.0,0.11
2004,Morgan Shepherd,19,0,0,0.0,38.37,925.0,2090.0,4.0,0,41.11,32.0,43.0,0.0,0.0,0.0,0.19
2005,Greg Biffle,36,15,21,6.0,11.89,4984.0,10521.0,1322.0,28,13.22,1.0,41.0,41.67,58.33,16.67,12.57
2006,Mike Skinner,4,0,0,0.0,39.0,184.0,630.0,0.0,1,33.0,37.0,43.0,0.0,0.0,0.0,0.0
2012,Juan Pablo Montoya,36,0,2,0.0,21.67,810.0,10079.0,22.0,13,23.33,8.0,38.0,0.0,5.56,0.0,0.22
2021,Kyle Larson,36,20,26,10.0,9.08,1452.0,9000.0,2581.0,31,6.08,1.0,40.0,55.56,72.22,27.78,28.68
2022,Christopher Bell,36,12,20,3.0,13.81,1054.0,8816.0,573.0,27,10.11,1.0,36.0,33.33,55.56,8.33,6.5
1968,Earl Balmer,1,0,0,0.0,42.0,0.0,59.0,0.0,0,31.0,42.0,42.0,0.0,0.0,0.0,0.0
1969,Al Unser Sr.,1,1,1,0.0,4.0,0.0,183.0,0.0,0,6.0,4.0,4.0,100.0,100.0,0.0,0.0
1974,Dick Trickle,3,0,3,0.0,7.33,,1201.0,0.0,0,27.33,7.0,8.0,0.0,100.0,0.0,0.0
1976,Jim Vandiver,1,0,0,0.0,13.0,124.0,176.0,0.0,0,35.0,13.0,13.0,0.0,0.0,0.0,0.0
1989,Patty Moise,2,0,0,0.0,36.0,110.0,33.0,0.0,0,35.5,33.0,39.0,0.0,0.0,0.0,0.0
1950,John Schelesky,1,0,0,0.0,22.0,,,0.0,0,,22.0,22.0,0.0,0.0,0.0,
1955,Millard Wright,2,0,0,0.0,15.0,176.0,225.0,0.0,0,20.5,12.0,18.0,0.0,0.0,0.0,0.0
1959,Don Dahle,1,0,1,0.0,6.0,160.0,192.0,0.0,0,10.0,6.0,6.0,0.0,100.0,0.0,0.0
1967,Parnelli Jones,1,1,1,1.0,1.0,0.0,185.0,126.0,1,6.0,1.0,1.0,100.0,100.0,100.0,68.11
1967,Frank Burnett,1,0,0,0.0,30.0,530.0,60.0,0.0,0,42.0,30.0,30.0,0.0,0.0,0.0,0.0
1996,Randy MacDonald,3,0,0,0.0,29.0,228.0,680.0,0.0,0,30.33,24.0,32.0,0.0,0.0,0.0,0.0
2001,Ted Musgrave,1,0,0,0.0,29.0,76.0,198.0,0.0,0,15.0,29.0,29.0,0.0,0.0,0.0,0.0
1954,Howard Phillippi,2,0,0,0.0,30.0,,264.0,0.0,0,,30.0,30.0,0.0,0.0,0.0,0.0
1956,Pete Diviney,2,0,0,0.0,13.5,,378.0,0.0,0,18.0,12.0,15.0,0.0,0.0,0.0,0.0
1966,Charles Powell,1,0,0,0.0,44.0,100.0,1.0,0.0,0,43.0,44.0,44.0,0.0,0.0,0.0,0.0
1979,Nestor Peles,1,0,0,0.0,19.0,106.0,466.0,0.0,0,29.0,19.0,19.0,0.0,0.0,0.0,0.0
1952,Bucky Sager,10,1,3,0.0,18.5,,1545.0,0.0,0,12.4,4.0,53.0,10.0,30.0,0.0,0.0
1953,Dick Rathman,34,21,24,5.0,7.56,,2743.0,546.0,8,3.23,1.0,42.0,61.76,70.59,14.71,19.91
1954,Clare Lawicki,1,0,0,0.0,11.0,,175.0,0.0,0,,11.0,11.0,0.0,0.0,0.0,0.0
1955,John Dodd Jr.,13,1,7,0.0,12.85,1496.0,1653.0,0.0,0,14.08,5.0,31.0,7.69,53.85,0.0,0.0
1955,Bill Blair,12,0,0,0.0,22.58,960.0,1320.0,0.0,0,18.5,11.0,44.0,0.0,0.0,0.0,0.0
1955,Arden Mounts,12,0,4,0.0,17.92,1156.0,1560.0,0.0,0,19.92,7.0,56.0,0.0,33.33,0.0,0.0
1955,Bob Ruppert,1,0,1,0.0,6.0,200.0,102.0,0.0,0,12.0,6.0,6.0,0.0,100.0,0.0,0.0
1956,Pete Stewart,3,0,0,0.0,14.67,,756.0,0.0,0,25.0,11.0,21.0,0.0,0.0,0.0,0.0
1956,Roy Bentley,3,0,0,0.0,28.67,,329.0,0.0,0,24.33,12.0,55.0,0.0,0.0,0.0,0.0
1957,Bob Ross,3,0,3,0.0,7.33,,396.0,0.0,0,11.67,6.0,10.0,0.0,100.0,0.0,0.0
1963,Ed Livingston,20,0,1,0.0,20.05,6066.0,3294.0,0.0,0,25.8,10.0,39.0,0.0,5.0,0.0,0.0
1963,Elmo Langley,11,1,2,0.0,15.18,2760.0,2196.0,0.0,0,17.36,5.0,26.0,9.09,18.18,0.0,0.0
1964,Steve Young,9,0,1,0.0,19.11,1368.0,991.0,0.0,0,19.78,7.0,30.0,0.0,11.11,0.0,0.0
1966,Larry Hess,13,0,0,0.0,24.46,4928.0,1831.0,0.0,0,29.38,11.0,42.0,0.0,0.0,0.0,0.0
1969,Benny Parsons,4,2,3,0.0,13.25,183.0,568.0,0.0,0,12.5,3.0,38.0,50.0,75.0,0.0,0.0
1969,Frank Sessoms,1,0,0,0.0,17.0,0.0,128.0,0.0,0,16.0,17.0,17.0,0.0,0.0,0.0,0.0
1971,Marty Robbins,5,0,1,0.0,19.4,120.0,1296.0,0.0,0,17.8,7.0,37.0,0.0,20.0,0.0,0.0
1973,Tiny Lund,5,0,0,0.0,34.6,108.0,388.0,0.0,0,24.8,23.0,40.0,0.0,0.0,0.0,0.0
1973,Bobby Mausgrover,4,0,0,0.0,33.25,150.0,678.0,0.0,0,41.75,18.0,54.0,0.0,0.0,0.0,0.0
1978,Roland Wlodyka,6,0,0,0.0,23.83,549.0,1172.0,0.0,0,13.5,18.0,32.0,0.0,0.0,0.0,0.0
1981,Al Loquasto,1,0,0,0.0,24.0,0.0,184.0,0.0,0,32.0,24.0,24.0,0.0,0.0,0.0,0.0
1983,Ronnie Hopkins,13,0,0,0.0,24.92,1147.0,2563.0,0.0,0,24.54,17.0,40.0,0.0,0.0,0.0,0.0
1984,Bobby Gerhart,4,0,0,0.0,32.5,262.0,655.0,0.0,0,32.0,19.0,39.0,0.0,0.0,0.0,0.0
1986,Tommy Ellis,24,0,3,0.0,21.54,2393.0,6559.0,50.0,0,22.92,8.0,39.0,0.0,12.5,0.0,0.76
1992,Bobby Hamilton,29,0,2,0.0,22.34,2787.0,8998.0,0.0,2,24.14,8.0,34.0,0.0,6.9,0.0,0.0
1993,Phil Parsons,26,0,2,0.0,23.0,2454.0,6332.0,3.0,2,27.5,8.0,39.0,0.0,7.69,0.0,0.05
1994,Michael Waltrip,31,2,10,0.0,17.23,3512.0,9508.0,8.0,8,20.13,3.0,37.0,6.45,32.26,0.0,0.08
1996,Terry Labonte,31,21,24,2.0,8.23,4657.0,9443.0,972.0,24,10.65,1.0,34.0,67.74,77.42,6.45,10.29
1996,Billy Standridge,3,0,0,0.0,32.33,198.0,789.0,0.0,0,29.67,27.0,41.0,0.0,0.0,0.0,0.0
2001,Rick Mast,17,0,0,0.0,31.06,1187.0,4543.0,0.0,3,31.76,14.0,41.0,0.0,0.0,0.0,0.0
2004,Johnny Sauter,16,0,0,0.0,24.75,1430.0,5138.0,2.0,2,31.06,14.0,40.0,0.0,0.0,0.0,0.04
2007,Sterling Marlin,21,0,0,0.0,26.76,1752.0,5808.0,18.0,6,28.57,13.0,43.0,0.0,0.0,0.0,0.31
2007,Ryan Newman,36,7,15,0.0,18.61,4046.0,9873.0,287.0,22,13.83,2.0,43.0,19.44,41.67,0.0,2.91
2013,Casey Mears,36,0,1,0.0,24.19,719.0,10303.0,8.0,15,26.86,9.0,37.0,0.0,2.78,0.0,0.08
2013,Brian Vickers,17,2,6,1.0,18.94,0.0,5376.0,19.0,9,15.94,1.0,38.0,11.76,35.29,5.88,0.35
2016,Tony Stewart,28,5,8,1.0,18.32,642.0,7631.0,36.0,15,14.75,1.0,35.0,17.86,28.57,3.57,0.47
2019,Alex Bowman,36,7,12,1.0,14.36,964.0,10028.0,200.0,24,13.11,1.0,37.0,19.44,33.33,2.78,1.99
2019,Ryan Preece,36,1,3,0.0,23.06,506.0,9930.0,1.0,10,24.36,3.0,37.0,2.78,8.33,0.0,0.01
2022,Daniel Hemric,9,0,1,0.0,23.33,0.0,1913.0,0.0,4,17.33,9.0,36.0,0.0,11.11,0.0,0.0
2022,J.J. Yeley,19,0,0,0.0,29.95,0.0,5201.0,2.0,0,32.79,23.0,35.0,0.0,0.0,0.0,0.04
2024,Justin Haley,36,0,3,0.0,23.42,502.0,9680.0,30.0,20,27.72,7.0,39.0,0.0,8.33,0.0,0.31
1951,Leo Caldwell,1,0,0,0.0,23.0,,,0.0,0,,23.0,23.0,0.0,0.0,0.0,
1955,Leon Lundy,1,0,0,0.0,22.0,0.0,193.0,0.0,0,33.0,22.0,22.0,0.0,0.0,0.0,0.0
1964,A.J. Foyt,6,2,2,1.0,14.17,0.0,851.0,16.0,2,11.67,1.0,24.0,33.33,33.33,16.67,1.88
1967,Buster Sexton,1,0,0,0.0,24.0,40.0,15.0,0.0,0,24.0,24.0,24.0,0.0,0.0,0.0,0.0
1973,Earl Ross,3,0,0,0.0,28.67,134.0,335.0,0.0,0,29.33,14.0,39.0,0.0,0.0,0.0,0.0
1981,Chuck Bown,3,0,0,0.0,27.33,197.0,631.0,0.0,0,31.67,15.0,39.0,0.0,0.0,0.0,0.0
2022,Parker Kligerman,1,0,0,0.0,31.0,0.0,245.0,0.0,1,36.0,31.0,31.0,0.0,0.0,0.0,0.0
1956,Gene Bergin,2,0,0,0.0,34.5,,384.0,0.0,0,32.5,33.0,36.0,0.0,0.0,0.0,0.0
1970,Eddie Yarboro,1,0,1,0.0,9.0,0.0,338.0,0.0,0,36.0,9.0,9.0,0.0,100.0,0.0,0.0
1973,Ray Hendrick,2,0,0,0.0,18.5,130.0,613.0,0.0,0,11.0,11.0,26.0,0.0,0.0,0.0,0.0
1977,Steve Stolarek,1,0,0,0.0,36.0,55.0,21.0,0.0,0,40.0,36.0,36.0,0.0,0.0,0.0,0.0
2013,Max Papis,1,0,0,0.0,15.0,0.0,90.0,0.0,1,29.0,15.0,15.0,0.0,0.0,0.0,0.0
2018,Justin Marks,3,0,0,0.0,22.33,0.0,423.0,1.0,0,31.0,12.0,28.0,0.0,0.0,0.0,0.24
1949,Billy Rafter,1,1,1,0.0,3.0,,,0.0,0,,3.0,3.0,100.0,100.0,0.0,
1951,Barney Smith,2,0,0,0.0,13.0,,,0.0,0,,12.0,14.0,0.0,0.0,0.0,
2002,Lance Hooper,1,0,0,0.0,31.0,70.0,488.0,0.0,0,43.0,31.0,31.0,0.0,0.0,0.0,0.0
1954,Ted Chamberlain,10,0,1,0.0,20.0,,1596.0,0.0,0,10.0,9.0,31.0,0.0,10.0,0.0,0.0
1956,Billy Rafter,9,0,1,0.0,17.33,,1140.0,0.0,0,17.89,7.0,26.0,0.0,11.11,0.0,0.0
1958,Parnelli Jones,3,1,1,1.0,15.0,880.0,587.0,148.0,1,8.0,1.0,26.0,33.33,33.33,33.33,25.21
1958,Danny Weinberg,1,1,1,0.0,3.0,,99.0,0.0,0,6.0,3.0,3.0,100.0,100.0,0.0,0.0
1960,Tiny Lund,8,0,2,0.0,25.38,4124.0,1254.0,0.0,0,29.75,8.0,51.0,0.0,25.0,0.0,0.0
1960,Dave Hirschfield,2,0,0,0.0,45.5,10.0,50.0,0.0,0,48.0,28.0,63.0,0.0,0.0,0.0,0.0
1966,G.C. Spencer,20,6,9,0.0,18.35,15028.0,4701.0,2.0,0,15.25,2.0,44.0,30.0,45.0,0.0,0.04
1966,Tiny Lund,31,5,10,1.0,18.48,9332.0,4306.0,654.0,1,16.68,1.0,44.0,16.13,32.26,3.23,15.19
1973,Ed Negre,24,1,2,0.0,20.83,1448.0,6257.0,0.0,0,28.67,5.0,37.0,4.17,8.33,0.0,0.0
1975,Terry Link,1,0,0,0.0,47.0,22.0,6.0,0.0,0,36.0,47.0,47.0,0.0,0.0,0.0,0.0
1978,Harry Gant,5,0,1,0.0,26.2,325.0,873.0,45.0,0,9.8,7.0,41.0,0.0,20.0,0.0,5.15
1980,Jody Ridley,31,2,18,0.0,12.42,3972.0,9167.0,2.0,0,17.0,5.0,30.0,6.45,58.06,0.0,0.02
1983,Bobby Allison,30,18,25,6.0,7.03,4667.0,10038.0,1755.0,18,11.27,1.0,34.0,60.0,83.33,20.0,17.48
1984,A.J. Foyt,3,0,0,0.0,36.67,104.0,224.0,0.0,0,28.67,35.0,39.0,0.0,0.0,0.0,0.0
1990,Ben Hess,1,0,0,0.0,31.0,70.0,169.0,0.0,0,28.0,31.0,31.0,0.0,0.0,0.0,0.0
1991,Jimmy Means,20,0,0,0.0,28.55,1562.0,4425.0,3.0,0,35.1,20.0,39.0,0.0,0.0,0.0,0.07
1993,Jimmy Spencer,30,5,10,0.0,16.5,3496.0,8867.0,64.0,9,19.77,2.0,39.0,16.67,33.33,0.0,0.72
2000,Kyle Petty,19,0,1,0.0,29.26,1441.0,4988.0,8.0,3,27.32,9.0,41.0,0.0,5.26,0.0,0.16
2005,Ken Schrader,36,0,3,0.0,25.28,3184.0,9911.0,34.0,14,30.11,8.0,40.0,0.0,8.33,0.0,0.34
2006,Kyle Petty,36,0,2,0.0,27.44,2928.0,10160.0,4.0,12,31.0,8.0,42.0,0.0,5.56,0.0,0.04
2009,David Stremme,33,0,0,0.0,25.0,2919.0,9281.0,14.0,12,24.67,13.0,39.0,0.0,0.0,0.0,0.15
2010,Martin Truex Jr.,36,1,7,0.0,18.75,3916.0,10327.0,88.0,25,17.14,5.0,42.0,2.78,19.44,0.0,0.85
2015,Chris Buescher,6,0,0,0.0,26.67,0.0,1821.0,0.0,2,36.0,20.0,37.0,0.0,0.0,0.0,0.0
1955,Homer Newland,1,0,0,0.0,22.0,32.0,120.0,0.0,0,,22.0,22.0,0.0,0.0,0.0,0.0
1969,Dan Gurney,1,0,0,0.0,26.0,0.0,66.0,0.0,0,3.0,26.0,26.0,0.0,0.0,0.0,0.0
1969,Ralph Arnold,1,0,0,0.0,32.0,57.0,43.0,0.0,0,40.0,32.0,32.0,0.0,0.0,0.0,0.0
1979,Jim Robinson,3,0,0,0.0,27.67,240.0,193.0,0.0,0,25.67,21.0,32.0,0.0,0.0,0.0,0.0
1981,Jim Bown,2,0,0,0.0,34.0,122.0,48.0,0.0,0,24.5,32.0,36.0,0.0,0.0,0.0,0.0
2014,Jeff Burton,4,0,0,0.0,22.25,87.0,1247.0,0.0,2,25.25,15.0,37.0,0.0,0.0,0.0,0.0
1954,Floyd Curtis,2,0,1,0.0,12.5,,270.0,0.0,0,,10.0,15.0,0.0,50.0,0.0,0.0
1962,Charley Griffith,3,0,0,0.0,26.0,378.0,229.0,0.0,0,24.67,12.0,38.0,0.0,0.0,0.0,0.0
1964,Dave James,1,0,0,0.0,31.0,100.0,79.0,0.0,0,23.0,31.0,31.0,0.0,0.0,0.0,0.0
1968,Doug Cooper,1,0,0,0.0,27.0,48.0,206.0,0.0,0,31.0,27.0,27.0,0.0,0.0,0.0,0.0
1977,Harry Jefferson,1,0,0,0.0,18.0,109.0,195.0,0.0,0,34.0,18.0,18.0,0.0,0.0,0.0,0.0
1957,Joe Saunders,1,0,0,0.0,21.0,,19.0,0.0,0,21.0,21.0,21.0,0.0,0.0,0.0,0.0
1962,J.C. Hendrix,1,0,0,0.0,13.0,338.0,379.0,0.0,0,19.0,13.0,13.0,0.0,0.0,0.0,0.0
1965,Bill McMahan,1,0,0,0.0,19.0,112.0,0.0,0.0,0,11.0,19.0,19.0,0.0,0.0,0.0,
1950,Cotton Owens,3,0,1,0.0,12.33,,511.0,23.0,0,24.0,7.0,16.0,0.0,33.33,0.0,4.5
1950,June Cleveland,2,0,0,0.0,16.0,,130.0,0.0,0,16.0,15.0,17.0,0.0,0.0,0.0,0.0
1950,Roy Bentley,1,0,0,0.0,47.0,,319.0,0.0,0,39.0,47.0,47.0,0.0,0.0,0.0,0.0
1953,Nick Fornoro,1,0,1,0.0,8.0,,181.0,0.0,0,12.0,8.0,8.0,0.0,100.0,0.0,0.0
1953,Neil McDonald,1,0,0,0.0,11.0,,,0.0,0,,11.0,11.0,0.0,0.0,0.0,
1955,Mel Larson,2,0,1,0.0,17.0,152.0,230.0,0.0,0,14.0,8.0,26.0,0.0,50.0,0.0,0.0
1956,Herb Crawford,1,0,0,0.0,30.0,,63.0,0.0,0,36.0,30.0,30.0,0.0,0.0,0.0,0.0
1957,Don Gray,3,0,0,0.0,25.67,,549.0,0.0,0,28.33,18.0,40.0,0.0,0.0,0.0,0.0
1959,Lucky Long,2,1,2,0.0,5.5,,554.0,0.0,0,12.0,5.0,6.0,50.0,100.0,0.0,0.0
1960,Herman Beam,26,1,6,0.0,14.92,7776.0,5348.0,0.0,0,25.12,4.0,37.0,3.85,23.08,0.0,0.0
1963,Johnny Rutherford,2,1,2,1.0,5.0,0.0,236.0,6.0,1,6.5,1.0,9.0,50.0,100.0,50.0,2.54
1968,Clyde Lynn,49,2,25,0.0,12.45,2914.0,12013.0,0.0,0,19.2,4.0,26.0,4.08,51.02,0.0,0.0
1968,E.J. Trivette,13,0,0,0.0,22.46,818.0,2684.0,0.0,0,27.92,12.0,39.0,0.0,0.0,0.0,0.0
1968,Charlie Glotzbach,22,10,12,1.0,14.27,1693.0,4874.0,291.0,3,7.18,1.0,41.0,45.45,54.55,4.55,5.97
1970,Leonard Blanchard,2,0,0,0.0,29.5,0.0,92.0,0.0,0,30.0,26.0,33.0,0.0,0.0,0.0,0.0
1974,Jerry Grant,1,0,0,0.0,30.0,,45.0,0.0,0,22.0,30.0,30.0,0.0,0.0,0.0,0.0
1975,Tiny Lund,1,0,0,0.0,46.0,25.0,6.0,0.0,0,31.0,46.0,46.0,0.0,0.0,0.0,0.0
1982,Rick Wilson,8,0,2,0.0,24.0,731.0,1404.0,0.0,0,25.13,9.0,36.0,0.0,25.0,0.0,0.0
1985,Harry Gant,28,14,19,3.0,10.0,4028.0,8805.0,1270.0,12,8.36,1.0,38.0,50.0,67.86,10.71,14.42
1985,Darrell Waltrip,28,18,21,3.0,7.32,4292.0,8933.0,969.0,17,8.25,1.0,24.0,64.29,75.0,10.71,10.85
1993,Ted Musgrave,29,2,5,0.0,21.97,2853.0,8530.0,8.0,6,21.66,5.0,39.0,6.9,17.24,0.0,0.09
1993,John Krebs,2,0,0,0.0,34.5,119.0,154.0,0.0,0,34.5,34.0,35.0,0.0,0.0,0.0,0.0
1995,Todd Bodine,28,1,3,0.0,26.39,2372.0,6684.0,19.0,3,26.29,4.0,42.0,3.57,10.71,0.0,0.28
1996,Dorsey Schroeder,1,0,0,0.0,13.0,129.0,90.0,1.0,1,19.0,13.0,13.0,0.0,0.0,0.0,1.11
2001,Carl Long,3,0,0,0.0,38.0,147.0,513.0,0.0,0,28.33,29.0,43.0,0.0,0.0,0.0,0.0
2003,Jeff Green,31,0,1,0.0,26.03,2656.0,8639.0,20.0,5,27.9,7.0,40.0,0.0,3.23,0.0,0.23
2006,J.J. Yeley,36,0,3,0.0,25.0,3220.0,10111.0,23.0,14,21.25,8.0,42.0,0.0,8.33,0.0,0.23
2007,J.J. Yeley,36,1,3,0.0,22.61,3456.0,9791.0,11.0,18,23.36,2.0,43.0,2.78,8.33,0.0,0.11
2019,Ross Chastain,35,0,1,0.0,28.2,0.0,9332.0,11.0,5,33.57,10.0,36.0,0.0,2.86,0.0,0.12
2023,Josh Bilicki,10,0,0,0.0,29.8,0.0,1497.0,1.0,5,32.7,23.0,35.0,0.0,0.0,0.0,0.07
1949,Budd Olsen,1,0,0,0.0,12.0,,180.0,0.0,0,30.0,12.0,12.0,0.0,0.0,0.0,0.0
1954,Eddie Riker,4,0,0,0.0,16.0,,455.0,0.0,0,,11.0,24.0,0.0,0.0,0.0,0.0
1954,Dizzy Dean,1,0,0,0.0,41.0,,1.0,0.0,0,,41.0,41.0,0.0,0.0,0.0,0.0
1955,Jim Ord,2,0,1,0.0,10.5,320.0,217.0,0.0,0,20.0,8.0,13.0,0.0,50.0,0.0,0.0
1959,John Dodd Sr.,3,0,1,0.0,15.0,,704.0,0.0,0,12.33,7.0,27.0,0.0,33.33,0.0,0.0
1967,Stick Elliott,1,0,0,0.0,14.0,2400.0,370.0,0.0,0,24.0,14.0,14.0,0.0,0.0,0.0,0.0
1978,Greg Heller,1,0,0,0.0,29.0,0.0,250.0,0.0,0,39.0,29.0,29.0,0.0,0.0,0.0,0.0
1953,Red Untiedt,1,0,0,0.0,14.0,,21.0,0.0,0,,14.0,14.0,0.0,0.0,0.0,0.0
1954,Bill Cornwall,1,0,0,0.0,53.0,,18.0,0.0,0,18.0,53.0,53.0,0.0,0.0,0.0,0.0
1961,Bunk Moore,2,0,0,0.0,24.0,140.0,273.0,0.0,0,27.5,19.0,29.0,0.0,0.0,0.0,0.0
1992,Butch Gilliland,2,0,0,0.0,33.5,125.0,347.0,0.0,0,38.0,29.0,38.0,0.0,0.0,0.0,0.0
1949,Chuck Mahoney,1,0,0,0.0,16.0,,,0.0,0,,16.0,16.0,0.0,0.0,0.0,
1949,Skip Lewis,1,0,1,0.0,9.0,,168.0,0.0,0,,9.0,9.0,0.0,100.0,0.0,0.0
1951,Lou Volk,1,0,0,0.0,17.0,,,0.0,0,,17.0,17.0,0.0,0.0,0.0,
1951,Bob Pronger,1,0,0,0.0,47.0,,332.0,0.0,0,57.0,47.0,47.0,0.0,0.0,0.0,0.0
1960,Johnny Wolford,1,0,0,0.0,54.0,,5.0,0.0,0,56.0,54.0,54.0,0.0,0.0,0.0,0.0
1968,Jeff Hawkins,1,0,0,0.0,15.0,37.0,107.0,0.0,0,16.0,15.0,15.0,0.0,0.0,0.0,0.0
2015,Eddie MacDonald,1,0,0,0.0,37.0,7.0,295.0,0.0,0,41.0,37.0,37.0,0.0,0.0,0.0,0.0
1953,Elton Hildreth,25,1,5,0.0,19.8,0.0,821.0,0.0,0,19.88,4.0,54.0,4.0,20.0,0.0,0.0
1953,Ken Marriott,1,0,0,0.0,37.0,,,0.0,0,15.0,37.0,37.0,0.0,0.0,0.0,
1953,Phil Demola,1,0,0,0.0,16.0,,,0.0,0,,16.0,16.0,0.0,0.0,0.0,
1955,Dave Terrell,25,3,10,0.0,15.4,3156.0,3199.0,9.0,1,15.58,3.0,41.0,12.0,40.0,0.0,0.28
1956,Lou Sherman,5,1,2,0.0,12.8,,837.0,0.0,0,17.75,3.0,18.0,20.0,40.0,0.0,0.0
1957,Nace Mattingly,4,0,0,0.0,21.0,,658.0,0.0,0,26.5,11.0,36.0,0.0,0.0,0.0,0.0
1958,Bob Ross,2,1,1,0.0,20.5,,135.0,0.0,1,12.5,2.0,39.0,50.0,50.0,0.0,0.0
1959,Ken Johnson,4,0,1,0.0,21.25,424.0,408.0,0.0,0,22.0,8.0,43.0,0.0,25.0,0.0,0.0
1965,Dave James,1,0,0,0.0,44.0,0.0,0.0,0.0,0,44.0,44.0,44.0,0.0,0.0,0.0,
1965,Stick Elliott,15,2,3,0.0,19.47,4332.0,2082.0,0.0,0,17.27,2.0,35.0,13.33,20.0,0.0,0.0
1966,Bobby Isaac,9,2,3,0.0,20.11,3438.0,1387.0,21.0,2,10.78,2.0,37.0,22.22,33.33,0.0,1.51
1967,Buck Baker,20,0,5,0.0,15.25,9398.0,4303.0,0.0,0,16.95,7.0,31.0,0.0,25.0,0.0,0.0
1968,Bosco Lowe,2,0,0,0.0,22.0,94.0,258.0,0.0,0,11.0,19.0,25.0,0.0,0.0,0.0,0.0
1969,Wayne Smith,16,0,2,0.0,20.13,923.0,2693.0,0.0,0,26.56,7.0,39.0,0.0,12.5,0.0,0.0
1971,Jimmy Crawford,3,0,0,0.0,30.0,95.0,110.0,0.0,0,27.33,25.0,35.0,0.0,0.0,0.0,0.0
1988,Mickey Gibbs,5,0,0,0.0,35.8,283.0,636.0,2.0,0,25.4,31.0,40.0,0.0,0.0,0.0,0.31
1995,Bobby Hillin Jr.,18,0,1,0.0,23.33,1686.0,4410.0,2.0,1,27.78,9.0,42.0,0.0,5.56,0.0,0.05
1997,Jeremy Mayfield,32,3,8,0.0,17.88,3547.0,9541.0,3.0,10,25.81,4.0,37.0,9.38,25.0,0.0,0.03
1998,Ricky Craven,11,0,1,0.0,27.18,907.0,2687.0,19.0,4,28.09,10.0,41.0,0.0,9.09,0.0,0.71
2003,Casey Mears,36,0,0,0.0,30.0,2638.0,9348.0,9.0,7,21.75,15.0,42.0,0.0,0.0,0.0,0.1
2005,Kirk Shelmerdine,1,0,0,0.0,42.0,37.0,11.0,0.0,0,43.0,42.0,42.0,0.0,0.0,0.0,0.0
2007,Jeff Gordon,36,21,30,6.0,7.33,5555.0,10240.0,1300.0,32,11.31,1.0,41.0,58.33,83.33,16.67,12.7
2013,Tony Stewart,21,5,8,1.0,16.1,594.0,5744.0,114.0,16,16.05,1.0,41.0,23.81,38.1,4.76,1.98
2017,Gray Gaulding,27,0,1,0.0,31.22,164.0,7787.0,0.0,2,34.63,9.0,40.0,0.0,3.7,0.0,0.0
2021,Martin Truex Jr.,36,13,20,4.0,12.0,1133.0,9134.0,865.0,28,8.36,1.0,35.0,36.11,55.56,11.11,9.47
2023,Zane Smith,8,0,1,0.0,26.63,0.0,1948.0,3.0,4,30.63,10.0,37.0,0.0,12.5,0.0,0.15
1949,Fred Johnson,2,0,0,0.0,25.5,,,0.0,0,,25.0,26.0,0.0,0.0,0.0,
1950,Irv Leitch,1,0,0,0.0,23.0,,113.0,0.0,0,,23.0,23.0,0.0,0.0,0.0,0.0
1951,Jim Little,1,0,1,0.0,9.0,,,0.0,0,,9.0,9.0,0.0,100.0,0.0,
1981,Hershel McGriff,3,0,0,0.0,32.0,206.0,80.0,1.0,0,17.0,25.0,38.0,0.0,0.0,0.0,1.25
2015,Regan Smith,4,0,0,0.0,16.25,0.0,1293.0,0.0,2,25.75,16.0,17.0,0.0,0.0,0.0,0.0
2024,Corey Heim,3,0,0,0.0,25.33,0.0,977.0,0.0,1,27.0,22.0,29.0,0.0,0.0,0.0,0.0
1949,Jack Smith,1,0,0,0.0,13.0,,,0.0,0,,13.0,13.0,0.0,0.0,0.0,
1964,Marvin Porter,1,0,1,0.0,7.0,2000.0,179.0,0.0,0,31.0,7.0,7.0,0.0,100.0,0.0,0.0
1955,Ed Bergin,1,0,0,0.0,38.0,60.0,302.0,0.0,0,57.0,38.0,38.0,0.0,0.0,0.0,0.0
1969,James Sears,1,0,0,0.0,34.0,51.0,247.0,0.0,0,37.0,34.0,34.0,0.0,0.0,0.0,0.0
1998,Matt Kenseth,1,0,1,0.0,6.0,150.0,400.0,0.0,1,16.0,6.0,6.0,0.0,100.0,0.0,0.0
2016,Robert Richardson Jr.,1,0,0,0.0,38.0,3.0,135.0,0.0,0,40.0,38.0,38.0,0.0,0.0,0.0,0.0
1950,J.C. Van Landingham,1,1,1,0.0,5.0,,48.0,0.0,1,2.0,5.0,5.0,100.0,100.0,0.0,0.0
1951,Bub King,9,0,2,0.0,22.56,,247.0,0.0,0,27.25,6.0,69.0,0.0,22.22,0.0,0.0
1953,Leo Bergeron,2,0,0,0.0,26.0,,,0.0,0,35.0,14.0,38.0,0.0,0.0,0.0,
1954,Bucky Sager,3,0,0,0.0,21.67,,190.0,0.0,0,22.0,20.0,24.0,0.0,0.0,0.0,0.0
1958,Bill Jarlick,2,0,1,0.0,26.0,,111.0,0.0,0,27.5,8.0,44.0,0.0,50.0,0.0,0.0
1960,Elmo Henderson,6,0,0,0.0,26.17,1952.0,870.0,0.0,0,20.8,11.0,59.0,0.0,0.0,0.0,0.0
1963,Ted Hairfield,2,0,0,0.0,30.5,426.0,50.0,0.0,0,21.0,12.0,49.0,0.0,0.0,0.0,0.0
1964,Bubba Into,2,0,0,0.0,23.5,96.0,185.0,0.0,0,20.5,22.0,25.0,0.0,0.0,0.0,0.0
1969,Sonny Hutchins,8,2,2,0.0,20.0,535.0,1694.0,0.0,0,15.38,2.0,41.0,25.0,25.0,0.0,0.0
1973,Charlie Roberts,24,0,0,0.0,22.29,1384.0,7017.0,0.0,0,31.21,11.0,53.0,0.0,0.0,0.0,0.0
1975,Jody Ridley,2,0,0,0.0,20.0,0.0,410.0,0.0,0,11.0,11.0,29.0,0.0,0.0,0.0,0.0
1978,Grant Adcox,14,1,3,0.0,19.79,1467.0,3072.0,0.0,0,24.14,5.0,38.0,7.14,21.43,0.0,0.0
1979,Bill Elswick,3,0,0,0.0,16.33,221.0,1112.0,0.0,0,27.33,14.0,19.0,0.0,0.0,0.0,0.0
1980,Travis Tiller,4,0,0,0.0,31.0,237.0,830.0,0.0,0,33.0,26.0,40.0,0.0,0.0,0.0,0.0
1981,Harry Gant,31,13,18,0.0,11.94,4213.0,9082.0,1078.0,12,6.77,2.0,41.0,41.94,58.06,0.0,11.87
1982,Mark Martin,30,2,8,0.0,19.47,3042.0,7449.0,4.0,0,15.07,5.0,38.0,6.67,26.67,0.0,0.05
1982,Lake Speed,30,0,5,0.0,22.77,2853.0,5830.0,0.0,0,20.2,6.0,41.0,0.0,16.67,0.0,0.0
1983,Dean Combs,5,0,1,0.0,21.2,500.0,1296.0,0.0,0,24.4,8.0,33.0,0.0,20.0,0.0,0.0
1984,Steve Gray,1,0,0,0.0,30.0,73.0,178.0,0.0,0,38.0,30.0,30.0,0.0,0.0,0.0,0.0
1986,Kyle Petty,29,4,14,1.0,14.79,3537.0,8546.0,17.0,7,18.62,1.0,41.0,13.79,48.28,3.45,0.2
1987,Mike Potter,6,0,0,0.0,29.0,456.0,1285.0,0.0,0,34.33,18.0,35.0,0.0,0.0,0.0,0.0
1988,Brad Noffsinger,17,0,0,0.0,25.18,1316.0,3555.0,1.0,1,35.53,14.0,37.0,0.0,0.0,0.0,0.03
1990,Dave Marcis,29,0,0,0.0,20.72,2944.0,8940.0,8.0,1,25.93,12.0,35.0,0.0,0.0,0.0,0.09
1993,Jeff Gordon,30,7,11,0.0,17.7,3447.0,8390.0,230.0,11,13.07,2.0,37.0,23.33,36.67,0.0,2.74
1995,Hut Stricklin,24,2,5,0.0,26.04,2082.0,5513.0,45.0,4,19.25,4.0,41.0,8.33,20.83,0.0,0.82
2000,Ted Musgrave,18,0,0,0.0,25.0,1614.0,4951.0,7.0,2,33.33,13.0,43.0,0.0,0.0,0.0,0.14
2004,Kenny Wallace,5,0,0,0.0,30.0,365.0,1130.0,0.0,1,31.4,22.0,37.0,0.0,0.0,0.0,0.0
2005,Kasey Kahne,36,5,8,1.0,21.89,3636.0,9522.0,430.0,18,14.78,1.0,42.0,13.89,22.22,2.78,4.52
2007,Aric Almirola,6,0,0,0.0,34.5,357.0,1357.0,0.0,0,33.17,26.0,43.0,0.0,0.0,0.0,0.0
2011,Austin Dillon,1,0,0,0.0,26.0,0.0,270.0,0.0,0,26.0,26.0,26.0,0.0,0.0,0.0,0.0
2016,Dale Earnhardt Jr.,18,5,6,0.0,15.56,461.0,4861.0,53.0,14,16.33,2.0,40.0,27.78,33.33,0.0,1.09
2019,Kyle Busch,36,17,27,5.0,8.94,1312.0,10167.0,1582.0,31,12.28,1.0,37.0,47.22,75.0,13.89,15.56
1952,Coleman Grant,4,0,0,0.0,17.5,,421.0,0.0,0,25.0,14.0,22.0,0.0,0.0,0.0,0.0
1954,Wally Branston,1,0,0,0.0,28.0,,52.0,0.0,0,,28.0,28.0,0.0,0.0,0.0,0.0
1955,Art MacBurney,1,0,0,0.0,16.0,200.0,204.0,0.0,0,30.0,16.0,16.0,0.0,0.0,0.0,0.0
1961,Eddie Flemke,1,0,0,0.0,12.0,320.0,231.0,0.0,0,17.0,12.0,12.0,0.0,0.0,0.0,0.0
1986,Dick Trickle,2,0,0,0.0,16.0,230.0,676.0,0.0,0,24.0,15.0,17.0,0.0,0.0,0.0,0.0
1989,Lennie Pond,1,0,0,0.0,11.0,130.0,394.0,0.0,0,25.0,11.0,11.0,0.0,0.0,0.0,0.0
2005,Paul Menard,1,0,0,0.0,27.0,82.0,92.0,0.0,1,42.0,27.0,27.0,0.0,0.0,0.0,0.0
1951,Bob Dietrich,2,0,2,0.0,7.5,,,0.0,0,,7.0,8.0,0.0,100.0,0.0,
1956,Chester Barron,2,0,1,0.0,13.0,,207.0,0.0,0,16.5,9.0,17.0,0.0,50.0,0.0,0.0
1962,Banjo Matthews,5,1,2,0.0,17.8,4956.0,532.0,145.0,1,8.4,2.0,43.0,20.0,40.0,0.0,27.26
1951,Don Rudolph,1,0,0,0.0,43.0,,,0.0,0,,43.0,43.0,0.0,0.0,0.0,
1953,Harry Bennett,1,0,0,0.0,22.0,,,0.0,0,,22.0,22.0,0.0,0.0,0.0,
1955,Leslie Young,1,0,0,0.0,27.0,12.0,21.0,0.0,0,27.0,27.0,27.0,0.0,0.0,0.0,0.0
1969,Lennie Pond,1,0,0,0.0,34.0,51.0,73.0,0.0,0,38.0,34.0,34.0,0.0,0.0,0.0,0.0
1974,Larry Richardson,1,0,0,0.0,28.0,,36.0,0.0,0,32.0,28.0,28.0,0.0,0.0,0.0,0.0
1977,Dick Trickle,1,0,0,0.0,29.0,76.0,141.0,0.0,0,31.0,29.0,29.0,0.0,0.0,0.0,0.0
1953,Billy Fritts,1,0,0,0.0,14.0,,,0.0,0,,14.0,14.0,0.0,0.0,0.0,
1954,Fred Dove,12,0,2,0.0,17.83,0.0,1428.0,0.0,0,,7.0,29.0,0.0,16.67,0.0,0.0
1955,Gene Simpson,22,1,7,0.0,15.91,2360.0,2843.0,0.0,0,18.71,5.0,52.0,4.55,31.82,0.0,0.0
1955,Joe Weatherly,6,1,4,0.0,14.83,724.0,994.0,141.0,1,11.33,4.0,33.0,16.67,66.67,0.0,14.19
1956,Fred Bince,1,0,0,0.0,37.0,,3.0,0.0,0,30.0,37.0,37.0,0.0,0.0,0.0,0.0
1957,Elmo Langley,1,0,0,0.0,11.0,,189.0,0.0,0,19.0,11.0,11.0,0.0,0.0,0.0,0.0
1957,Charles Blewitt,3,0,0,0.0,23.0,,205.0,0.0,0,23.67,16.0,27.0,0.0,0.0,0.0,0.0
1959,Dick Freeman,3,0,0,0.0,14.0,1352.0,695.0,0.0,0,30.33,13.0,15.0,0.0,0.0,0.0,0.0
1959,Neil Castles,5,0,0,0.0,22.4,200.0,754.0,0.0,0,27.2,12.0,37.0,0.0,0.0,0.0,0.0
1959,Tommy Thompson,3,0,0,0.0,15.67,128.0,367.0,0.0,0,25.67,12.0,20.0,0.0,0.0,0.0,0.0
1959,Harlan Richardson,10,0,2,0.0,16.5,120.0,1893.0,0.0,0,15.6,6.0,28.0,0.0,20.0,0.0,0.0
1961,Fireball Roberts,22,13,14,2.0,11.0,17600.0,5075.0,975.0,4,8.14,1.0,42.0,59.09,63.64,9.09,19.21
1963,Bill Morton,1,0,0,0.0,32.0,36.0,115.0,0.0,0,32.0,32.0,32.0,0.0,0.0,0.0,0.0
1967,Bob Cooper,7,0,2,0.0,20.0,1872.0,1195.0,0.0,0,22.86,7.0,41.0,0.0,28.57,0.0,0.0
1969,Bill Kimmel,2,0,0,0.0,35.0,0.0,39.0,0.0,0,32.5,24.0,46.0,0.0,0.0,0.0,0.0
1970,Arnold Bennett,1,0,0,0.0,30.0,21.0,1.0,0.0,0,26.0,30.0,30.0,0.0,0.0,0.0,0.0
1971,James Hylton,46,14,37,0.0,8.28,4071.0,12787.0,229.0,0,13.0,2.0,24.0,30.43,80.43,0.0,1.79
1971,Larry Baumel,16,0,1,0.0,23.0,904.0,2245.0,0.0,0,25.94,10.0,40.0,0.0,6.25,0.0,0.0
1971,James Cox,5,0,0,0.0,28.8,38.0,531.0,0.0,0,27.2,13.0,36.0,0.0,0.0,0.0,0.0
1974,Coo Coo Marlin,23,1,5,0.0,18.09,,5623.0,27.0,1,16.96,4.0,38.0,4.35,21.74,0.0,0.48
1975,Bobby Isaac,6,0,1,0.0,26.83,405.0,1101.0,0.0,0,12.67,7.0,37.0,0.0,16.67,0.0,0.0
1985,Rusty Wallace,28,2,8,0.0,20.61,2867.0,7271.0,28.0,0,17.5,5.0,41.0,7.14,28.57,0.0,0.39
1985,Greg Sacks,20,1,5,1.0,19.6,1944.0,4855.0,36.0,1,15.15,1.0,36.0,5.0,25.0,5.0,0.74
1985,Glen Steurer,2,0,0,0.0,11.0,260.0,211.0,0.0,0,20.5,11.0,11.0,0.0,0.0,0.0,0.0
1985,Rick McCray,2,0,0,0.0,40.0,46.0,47.0,0.0,0,32.0,39.0,41.0,0.0,0.0,0.0,0.0
1988,Dana Patten,4,0,0,0.0,28.25,313.0,1059.0,0.0,0,35.75,22.0,33.0,0.0,0.0,0.0,0.0
1991,Harry Gant,29,15,17,5.0,11.9,3985.0,9428.0,1684.0,13,9.93,1.0,39.0,51.72,58.62,17.24,17.86
1992,Ricky Rudd,29,9,18,1.0,13.31,3735.0,8968.0,331.0,11,9.52,1.0,40.0,31.03,62.07,3.45,3.69
2002,Rusty Wallace,36,7,17,0.0,13.17,4599.0,10591.0,202.0,28,16.25,2.0,40.0,19.44,47.22,0.0,1.91
2004,Tony Stewart,36,10,19,2.0,12.92,4726.0,10426.0,887.0,26,15.33,1.0,39.0,27.78,52.78,5.56,8.51
2004,Dale Jarrett,36,6,14,0.0,16.42,4214.0,10260.0,25.0,19,20.78,2.0,40.0,16.67,38.89,0.0,0.24
2016,Josh Wise,28,0,0,0.0,35.0,168.0,7215.0,0.0,1,38.21,24.0,40.0,0.0,0.0,0.0,0.0
2019,Parker Kligerman,14,0,0,0.0,26.5,0.0,3002.0,0.0,3,32.0,15.0,36.0,0.0,0.0,0.0,0.0
2020,Clint Bowyer,36,2,12,0.0,14.69,961.0,9506.0,280.0,27,13.03,2.0,39.0,5.56,33.33,0.0,2.95
1954,Walt Harvey,1,0,0,0.0,26.0,,284.0,0.0,0,32.0,26.0,26.0,0.0,0.0,0.0,0.0
1957,Tommie Elliott,1,0,1,0.0,9.0,,281.0,0.0,0,41.0,9.0,9.0,0.0,100.0,0.0,0.0
1958,Huck Spaulding,1,0,0,0.0,24.0,40.0,99.0,0.0,0,27.0,24.0,24.0,0.0,0.0,0.0,0.0
1966,Jim Malloy,1,0,0,0.0,21.0,0.0,37.0,0.0,0,29.0,21.0,21.0,0.0,0.0,0.0,0.0
1972,Johnny Anderson,4,0,0,0.0,26.25,198.0,385.0,0.0,0,29.75,17.0,42.0,0.0,0.0,0.0,0.0
1984,Ruben Garcia,2,0,0,0.0,32.5,131.0,121.0,0.0,0,35.5,32.0,33.0,0.0,0.0,0.0,0.0
1972,Fred Drake,1,0,0,0.0,26.0,50.0,93.0,0.0,0,33.0,26.0,26.0,0.0,0.0,0.0,0.0
1973,Bob Whitlow,1,0,0,0.0,21.0,60.0,204.0,0.0,0,35.0,21.0,21.0,0.0,0.0,0.0,0.0
1982,Randy Baker,1,0,0,0.0,20.0,103.0,347.0,0.0,0,30.0,20.0,20.0,0.0,0.0,0.0,0.0
2016,Justin Allgaier,1,0,0,0.0,40.0,0.0,354.0,0.0,0,39.0,40.0,40.0,0.0,0.0,0.0,0.0
1953,Jim Baker,1,0,0,0.0,13.0,,,0.0,0,,13.0,13.0,0.0,0.0,0.0,
1954,Paul Phipps,1,0,0,0.0,19.0,,167.0,0.0,0,,19.0,19.0,0.0,0.0,0.0,0.0
1963,Cotton Hodges,1,0,0,0.0,21.0,80.0,9.0,0.0,0,21.0,21.0,21.0,0.0,0.0,0.0,0.0
1963,Frank Deiny,1,0,0,0.0,30.0,64.0,44.0,0.0,0,39.0,30.0,30.0,0.0,0.0,0.0,0.0
1970,Clyde Lynn,1,0,1,0.0,8.0,0.0,386.0,0.0,0,10.0,8.0,8.0,0.0,100.0,0.0,0.0
1972,G.T. Tallas,1,0,0,0.0,40.0,22.0,88.0,0.0,0,20.0,40.0,40.0,0.0,0.0,0.0,0.0
1978,Richard Waters,1,0,0,0.0,29.0,76.0,13.0,0.0,0,27.0,29.0,29.0,0.0,0.0,0.0,0.0
1993,Andy Hillenburg,1,0,0,0.0,41.0,40.0,242.0,0.0,0,25.0,41.0,41.0,0.0,0.0,0.0,0.0
1950,Clyde Minter,8,3,3,0.0,19.38,,665.0,0.0,0,14.0,3.0,65.0,37.5,37.5,0.0,0.0
1958,Junior Johnson,27,12,16,6.0,11.96,6044.0,4244.0,317.0,8,8.72,1.0,54.0,44.44,59.26,22.22,7.47
1958,Eddie Pagan,27,11,18,0.0,11.96,4236.0,4232.0,57.0,1,9.37,2.0,45.0,40.74,66.67,0.0,1.35
1958,Ruben Thrash,2,0,0,0.0,25.5,,133.0,0.0,0,20.5,14.0,37.0,0.0,0.0,0.0,0.0
1960,Larry Frank,11,0,2,0.0,19.0,3634.0,1984.0,11.0,0,20.27,6.0,30.0,0.0,18.18,0.0,0.55
1960,Ed Markstellar,2,0,0,0.0,42.5,40.0,34.0,0.0,0,38.0,37.0,48.0,0.0,0.0,0.0,0.0
1966,Don Biederman,14,0,0,0.0,20.36,2302.0,2169.0,0.0,0,21.29,11.0,36.0,0.0,0.0,0.0,0.0
1971,Ivan Baldwin,3,0,0,0.0,27.0,216.0,272.0,0.0,0,35.67,16.0,39.0,0.0,0.0,0.0,0.0
1971,George Altheide,5,0,0,0.0,21.6,369.0,840.0,0.0,0,27.6,15.0,27.0,0.0,0.0,0.0,0.0
1972,Earle Canavan,7,0,0,0.0,33.71,242.0,777.0,0.0,0,27.14,15.0,42.0,0.0,0.0,0.0,0.0
1977,Bruce Hill,16,0,4,0.0,23.88,1213.0,2883.0,4.0,0,16.69,7.0,41.0,0.0,25.0,0.0,0.14
1979,Dick Brooks,26,1,8,0.0,19.42,2622.0,6262.0,16.0,1,18.65,3.0,40.0,3.85,30.77,0.0,0.26
1980,John Greenwood,2,0,0,0.0,30.5,43.0,174.0,0.0,0,23.0,21.0,40.0,0.0,0.0,0.0,0.0
1985,Jeff McDuffie,1,0,0,0.0,23.0,0.0,408.0,0.0,0,33.0,23.0,23.0,0.0,0.0,0.0,0.0
1986,Ricky Rudd,29,11,17,2.0,12.72,3823.0,8120.0,525.0,13,12.72,1.0,36.0,37.93,58.62,6.9,6.47
1987,Terry Labonte,29,13,22,1.0,11.14,4007.0,8608.0,593.0,14,7.1,1.0,37.0,44.83,75.86,3.45,6.89
1990,Bill Venturini,4,0,0,0.0,25.25,349.0,702.0,0.0,0,33.0,18.0,30.0,0.0,0.0,0.0,0.0
1994,Steve Grissom,28,0,3,0.0,22.82,2660.0,8394.0,1.0,2,26.61,7.0,39.0,0.0,10.71,0.0,0.01
2003,Jeff Burton,36,3,11,0.0,17.19,4109.0,10003.0,98.0,20,24.19,2.0,42.0,8.33,30.56,0.0,0.98
2013,Reed Sorenson,6,0,0,0.0,40.67,0.0,977.0,0.0,0,36.67,37.0,42.0,0.0,0.0,0.0,0.0
2014,Clay Rogers,2,0,0,0.0,43.0,2.0,70.0,0.0,0,35.5,43.0,43.0,0.0,0.0,0.0,0.0
1951,Buddy Helms,1,0,0,0.0,13.0,,132.0,0.0,0,36.0,13.0,13.0,0.0,0.0,0.0,0.0
1951,Ken Klutz,1,0,0,0.0,22.0,,95.0,0.0,0,30.0,22.0,22.0,0.0,0.0,0.0,0.0
1951,Ernie Yorton,1,0,1,0.0,9.0,,,0.0,0,,9.0,9.0,0.0,100.0,0.0,
1951,Dave Humphrey,1,0,0,0.0,30.0,,,0.0,0,25.0,30.0,30.0,0.0,0.0,0.0,
1958,Mel Larson,4,0,1,0.0,25.75,280.0,546.0,0.0,0,18.0,10.0,40.0,0.0,25.0,0.0,0.0
1969,Phil Montague,1,0,0,0.0,31.0,40.0,8.0,0.0,0,37.0,31.0,31.0,0.0,0.0,0.0,0.0
1979,Steve Pfeifer,3,0,0,0.0,32.0,134.0,368.0,0.0,0,28.0,30.0,34.0,0.0,0.0,0.0,0.0
1987,Mark Gibson,1,0,0,0.0,34.0,61.0,204.0,0.0,0,32.0,34.0,34.0,0.0,0.0,0.0,0.0
1994,Jimmy Horton,1,0,0,0.0,19.0,106.0,199.0,0.0,0,28.0,19.0,19.0,0.0,0.0,0.0,0.0
2002,Carl Long,2,0,0,0.0,40.5,46.0,255.0,0.0,0,42.5,39.0,42.0,0.0,0.0,0.0,0.0
1950,Tommy Coates,1,0,0,0.0,14.0,,,0.0,0,,14.0,14.0,0.0,0.0,0.0,
1951,Bill Osborne,1,1,1,0.0,4.0,,148.0,0.0,0,16.0,4.0,4.0,100.0,100.0,0.0,0.0
1953,Don Glass,1,0,0,0.0,14.0,,,0.0,0,,14.0,14.0,0.0,0.0,0.0,
1959,August Sand,1,0,0,0.0,13.0,120.0,133.0,0.0,0,11.0,13.0,13.0,0.0,0.0,0.0,0.0
1966,Fats Caruso,1,0,0,0.0,16.0,160.0,167.0,0.0,0,11.0,16.0,16.0,0.0,0.0,0.0,0.0
1970,Dan Gurney,1,0,1,0.0,6.0,0.0,180.0,0.0,0,1.0,6.0,6.0,0.0,100.0,0.0,0.0
1975,Gary Matthews,2,0,1,0.0,11.5,260.0,298.0,0.0,0,21.5,8.0,15.0,0.0,50.0,0.0,0.0
1980,Bill Hollar,1,0,0,0.0,23.0,94.0,281.0,0.0,0,26.0,23.0,23.0,0.0,0.0,0.0,0.0
1987,Chad Little,2,0,0,0.0,15.0,236.0,211.0,0.0,0,32.5,15.0,15.0,0.0,0.0,0.0,0.0
2015,Johnny Sauter,1,0,0,0.0,19.0,0.0,203.0,0.0,1,36.0,19.0,19.0,0.0,0.0,0.0,0.0
2019,Drew Herring,1,0,0,0.0,29.0,8.0,262.0,0.0,0,37.0,29.0,29.0,0.0,0.0,0.0,0.0
1953,Jack Lawrence,2,0,0,0.0,17.5,,101.0,0.0,0,18.0,17.0,18.0,0.0,0.0,0.0,0.0
1961,Art Watts,1,0,0,0.0,26.0,24.0,85.0,0.0,0,8.0,26.0,26.0,0.0,0.0,0.0,0.0
1961,Hank Tillman,1,0,0,0.0,23.0,180.0,146.0,0.0,0,41.0,23.0,23.0,0.0,0.0,0.0,0.0
1980,John Callis,2,0,0,0.0,30.5,100.0,464.0,0.0,0,31.0,21.0,40.0,0.0,0.0,0.0,0.0
1950,Jimmy Florian,10,3,6,1.0,13.7,,1060.0,40.0,1,33.0,1.0,41.0,30.0,60.0,10.0,3.77
1951,Paul Newkirk,1,1,1,0.0,5.0,,241.0,0.0,0,38.0,5.0,5.0,100.0,100.0,0.0,0.0
1953,Buck Baker,33,16,25,4.0,7.76,0.0,1818.0,586.0,4,5.5,1.0,36.0,48.48,75.76,12.12,32.23
1956,Danny Letner,6,0,0,0.0,32.0,,585.0,0.0,0,22.83,15.0,63.0,0.0,0.0,0.0,0.0
1956,Johnny Allen,32,2,11,0.0,14.88,0.0,4889.0,0.0,0,20.03,5.0,42.0,6.25,34.38,0.0,0.0
1956,Russ Truelove,5,0,2,0.0,25.0,,521.0,0.0,0,17.75,9.0,47.0,0.0,40.0,0.0,0.0
1957,George Parrish,5,0,0,0.0,22.6,,483.0,0.0,0,25.75,15.0,25.0,0.0,0.0,0.0,0.0
1958,Art Watts,1,0,0,0.0,14.0,,165.0,0.0,0,20.0,14.0,14.0,0.0,0.0,0.0,0.0
1958,Al White,9,0,1,0.0,16.33,1464.0,1483.0,0.0,0,20.75,9.0,26.0,0.0,11.11,0.0,0.0
1960,Marvin Panch,11,0,1,0.0,25.64,5268.0,1482.0,22.0,0,24.27,10.0,48.0,0.0,9.09,0.0,1.48
1965,Dick Guldstrand,1,0,0,0.0,15.0,1400.0,151.0,0.0,0,20.0,15.0,15.0,0.0,0.0,0.0,0.0
1965,Johnny Allen,2,0,0,0.0,19.0,800.0,120.0,0.0,0,24.0,15.0,23.0,0.0,0.0,0.0,0.0
1967,Bob Pickell,3,0,0,0.0,25.33,1072.0,467.0,0.0,0,35.0,11.0,41.0,0.0,0.0,0.0,0.0
1967,Swede Savage,3,0,2,0.0,10.0,1652.0,1091.0,0.0,0,14.67,6.0,16.0,0.0,66.67,0.0,0.0
1967,Bosco Lowe,2,0,1,0.0,15.0,436.0,333.0,0.0,0,7.0,10.0,20.0,0.0,50.0,0.0,0.0
1971,Ken Meisenhelder,15,0,1,0.0,19.67,727.0,2194.0,0.0,0,24.8,10.0,31.0,0.0,6.67,0.0,0.0
1973,Roy Mayne,3,0,1,0.0,18.67,110.0,658.0,0.0,0,29.33,9.0,32.0,0.0,33.33,0.0,0.0
1976,David Sisco,28,0,7,0.0,19.04,2994.0,7111.0,6.0,0,22.18,8.0,39.0,0.0,25.0,0.0,0.08
1978,Chuck Bown,4,0,0,0.0,29.25,301.0,539.0,0.0,0,22.5,24.0,33.0,0.0,0.0,0.0,0.0
1980,Buck Simmons,6,0,0,0.0,26.83,495.0,1333.0,0.0,0,17.5,16.0,40.0,0.0,0.0,0.0,0.0
1981,Richard Petty,31,12,16,3.0,15.35,3883.0,7276.0,546.0,11,10.61,1.0,40.0,38.71,51.61,9.68,7.5
1981,Billie Harvey,2,0,0,0.0,41.0,80.0,60.0,0.0,0,29.5,41.0,41.0,0.0,0.0,0.0,0.0
1985,Cale Yarborough,16,6,7,2.0,18.63,1861.0,3450.0,664.0,6,9.38,1.0,40.0,37.5,43.75,12.5,19.25
1990,Bill Sedgwick,3,0,0,0.0,26.67,249.0,730.0,0.0,0,30.0,20.0,36.0,0.0,0.0,0.0,0.0
1998,Todd Bodine,14,1,2,0.0,23.29,1322.0,4846.0,48.0,1,21.43,5.0,39.0,7.14,14.29,0.0,0.99
1999,Mike Bliss,2,0,0,0.0,37.0,104.0,766.0,0.0,0,31.0,32.0,42.0,0.0,0.0,0.0,0.0
2001,Boris Said,2,0,1,0.0,9.5,272.0,202.0,0.0,2,31.0,8.0,11.0,0.0,50.0,0.0,0.0
2002,Jeff Burton,36,5,14,0.0,16.25,4259.0,9980.0,124.0,23,23.36,3.0,40.0,13.89,38.89,0.0,1.24
2007,Kurt Busch,36,6,14,2.0,15.25,4471.0,10281.0,885.0,26,13.67,1.0,42.0,16.67,38.89,5.56,8.61
2010,Robby Gordon,27,1,1,0.0,29.07,2053.0,6669.0,10.0,5,33.81,2.0,43.0,3.7,3.7,0.0,0.15
2010,Todd Bodine,7,0,0,0.0,39.43,313.0,294.0,0.0,0,38.29,37.0,42.0,0.0,0.0,0.0,0.0
2012,Trevor Bayne,16,0,2,0.0,22.5,0.0,3852.0,9.0,7,17.69,8.0,43.0,0.0,12.5,0.0,0.23
2016,Chase Elliott,36,10,17,0.0,14.58,966.0,10243.0,358.0,26,11.33,2.0,38.0,27.78,47.22,0.0,3.5
2018,Ty Dillon,36,0,1,0.0,24.14,482.0,9871.0,3.0,11,27.22,6.0,39.0,0.0,2.78,0.0,0.03
2022,Josh Bilicki,16,0,0,0.0,29.06,0.0,2949.0,0.0,6,32.38,16.0,36.0,0.0,0.0,0.0,0.0
2024,B.J. McLeod,7,0,0,0.0,28.29,0.0,1325.0,7.0,3,37.29,19.0,39.0,0.0,0.0,0.0,0.53
1949,Jim Carrusso,2,0,0,0.0,19.5,,67.0,0.0,0,,19.0,20.0,0.0,0.0,0.0,0.0
1952,Bill Hammersley,1,0,0,0.0,14.0,,172.0,0.0,0,25.0,14.0,14.0,0.0,0.0,0.0,0.0
1954,Jimmy Thompson,1,0,0,0.0,50.0,,4.0,0.0,0,36.0,50.0,50.0,0.0,0.0,0.0,0.0
1954,John Ford,1,0,0,0.0,29.0,,198.0,0.0,0,,29.0,29.0,0.0,0.0,0.0,0.0
1956,Bill Lutz,1,0,0,0.0,39.0,,63.0,0.0,0,10.0,39.0,39.0,0.0,0.0,0.0,0.0
1961,Sherman Utsman,1,0,1,0.0,9.0,510.0,481.0,0.0,0,20.0,9.0,9.0,0.0,100.0,0.0,0.0
1989,Tommy Kendall,1,0,0,0.0,27.0,0.0,79.0,1.0,0,16.0,27.0,27.0,0.0,0.0,0.0,1.27
2020,Justin Allgaier,1,0,0,0.0,37.0,0.0,17.0,0.0,0,4.0,37.0,37.0,0.0,0.0,0.0,0.0
1964,Al Brand,1,0,0,0.0,44.0,100.0,7.0,0.0,0,26.0,44.0,44.0,0.0,0.0,0.0,0.0
1966,George England,1,0,0,0.0,19.0,1210.0,293.0,0.0,0,41.0,19.0,19.0,0.0,0.0,0.0,0.0
2015,Mike Wallace,1,0,0,0.0,36.0,8.0,199.0,0.0,0,16.0,36.0,36.0,0.0,0.0,0.0,0.0
1949,Lloyd Moore,1,0,1,0.0,6.0,,186.0,0.0,0,,6.0,6.0,0.0,100.0,0.0,0.0
1961,Crash Bond,1,0,0,0.0,13.0,260.0,367.0,0.0,0,20.0,13.0,13.0,0.0,0.0,0.0,0.0
1991,Rich Bickle,3,0,0,0.0,28.0,237.0,1118.0,0.0,0,37.0,24.0,34.0,0.0,0.0,0.0,0.0
1994,Gary Collins,1,0,0,0.0,40.0,43.0,43.0,0.0,0,43.0,40.0,40.0,0.0,0.0,0.0,0.0
1998,Robby Gordon,1,0,0,0.0,37.0,57.0,102.0,1.0,0,18.0,37.0,37.0,0.0,0.0,0.0,0.98
2013,Jacques Villeneuve,1,0,0,0.0,41.0,3.0,19.0,0.0,0,22.0,41.0,41.0,0.0,0.0,0.0,0.0
1950,Bill Snowden,4,1,2,0.0,16.25,,532.0,0.0,0,14.0,5.0,37.0,25.0,50.0,0.0,0.0
1951,Pat Flaherty,1,0,0,0.0,59.0,,13.0,0.0,0,19.0,59.0,59.0,0.0,0.0,0.0,0.0
1954,Frank Stutts,3,0,0,0.0,22.0,,426.0,0.0,0,48.0,17.0,32.0,0.0,0.0,0.0,0.0
1956,Marvin Panch,20,10,13,1.0,12.6,,3298.0,147.0,4,10.75,1.0,72.0,50.0,65.0,5.0,4.46
1956,Bob Flock,4,1,1,0.0,15.75,,442.0,0.0,0,14.0,5.0,27.0,25.0,25.0,0.0,0.0
1959,Bob Perry,3,0,1,0.0,22.33,80.0,519.0,0.0,0,27.67,9.0,41.0,0.0,33.33,0.0,0.0
1961,Tom Pistone,4,0,3,0.0,11.75,3826.0,576.0,0.0,0,12.5,8.0,20.0,0.0,75.0,0.0,0.0
1963,Mal Delometer,1,0,0,0.0,12.0,224.0,183.0,0.0,0,20.0,12.0,12.0,0.0,0.0,0.0,0.0
1964,James Hylton,3,0,0,0.0,16.33,532.0,47.0,0.0,0,12.33,14.0,19.0,0.0,0.0,0.0,0.0
1966,Lyle Stelter,2,0,0,0.0,26.5,36.0,38.0,0.0,0,15.5,25.0,28.0,0.0,0.0,0.0,0.0
1967,Roy Mayne,14,0,1,0.0,22.79,9262.0,2209.0,3.0,0,25.79,9.0,35.0,0.0,7.14,0.0,0.14
1967,Don Tarr,3,0,0,0.0,26.33,676.0,621.0,0.0,0,39.67,16.0,36.0,0.0,0.0,0.0,0.0
1968,Serge Adams,3,0,0,0.0,28.67,156.0,368.0,0.0,0,26.67,21.0,41.0,0.0,0.0,0.0,0.0
1975,Chuck Wahl,3,0,1,0.0,19.33,320.0,299.0,0.0,0,17.0,6.0,35.0,0.0,33.33,0.0,0.0
1976,Earle Canavan,7,0,0,0.0,25.29,610.0,1687.0,0.0,0,32.29,17.0,36.0,0.0,0.0,0.0,0.0
1982,Elliott Forbes-Robinson,3,0,0,0.0,32.33,155.0,174.0,0.0,0,25.33,28.0,40.0,0.0,0.0,0.0,0.0
1983,Steve Gray,3,0,0,0.0,22.33,100.0,853.0,0.0,0,27.33,21.0,24.0,0.0,0.0,0.0,0.0
1984,Geoff Bodine,30,7,14,3.0,14.77,3734.0,8848.0,686.0,6,10.07,1.0,36.0,23.33,46.67,10.0,7.75
1988,Derrike Cope,26,0,0,0.0,28.88,1985.0,4772.0,0.0,0,26.81,16.0,40.0,0.0,0.0,0.0,0.0
1989,Mike Miller,1,0,0,0.0,34.0,61.0,137.0,0.0,0,37.0,34.0,34.0,0.0,0.0,0.0,0.0
1991,Hershel McGriff,2,0,0,0.0,29.5,149.0,361.0,0.0,0,32.5,27.0,32.0,0.0,0.0,0.0,0.0
2001,Brett Bodine,36,0,2,0.0,27.22,2948.0,9968.0,3.0,9,27.92,8.0,43.0,0.0,5.56,0.0,0.03
2001,Jimmie Johnson,3,0,0,0.0,31.0,210.0,781.0,0.0,1,22.0,25.0,39.0,0.0,0.0,0.0,0.0
2010,Casey Mears,21,0,0,0.0,29.52,1573.0,5507.0,2.0,3,27.14,21.0,40.0,0.0,0.0,0.0,0.04
2024,Zane Smith,36,2,4,0.0,23.19,500.0,8985.0,6.0,20,26.08,2.0,39.0,5.56,11.11,0.0,0.07
1951,Felix Wilkes,2,0,0,0.0,43.5,,18.0,0.0,0,23.0,36.0,51.0,0.0,0.0,0.0,0.0
1954,Ronnie Hayes,1,0,0,0.0,29.0,,43.0,0.0,0,,29.0,29.0,0.0,0.0,0.0,0.0
1954,Robert Slensby,1,0,0,0.0,28.0,,117.0,0.0,0,,28.0,28.0,0.0,0.0,0.0,0.0
1957,Al White,3,0,1,0.0,24.33,,161.0,0.0,0,22.67,9.0,42.0,0.0,33.33,0.0,0.0
1962,Paul Lewis,6,0,0,0.0,28.5,1470.0,945.0,0.0,0,29.33,12.0,41.0,0.0,0.0,0.0,0.0
1986,Eddie Bierschwale,24,0,0,0.0,25.96,2048.0,5558.0,1.0,0,29.46,11.0,39.0,0.0,0.0,0.0,0.02
1977,Peter Knab,3,0,0,0.0,21.67,167.0,507.0,0.0,0,34.0,12.0,33.0,0.0,0.0,0.0,0.0
1986,Rick Knoop,1,0,0,0.0,20.0,103.0,88.0,0.0,0,29.0,20.0,20.0,0.0,0.0,0.0,0.0
1987,Rick Knoop,3,0,0,0.0,23.0,91.0,686.0,0.0,0,36.33,20.0,25.0,0.0,0.0,0.0,0.0
1996,Jeff Purvis,4,0,0,0.0,27.0,328.0,532.0,0.0,2,16.75,12.0,40.0,0.0,0.0,0.0,0.0
2004,Ted Christopher,2,0,0,0.0,39.5,89.0,277.0,0.0,0,42.5,36.0,43.0,0.0,0.0,0.0,0.0
2006,Jimmy Spencer,2,0,0,0.0,34.0,122.0,396.0,0.0,0,38.5,32.0,36.0,0.0,0.0,0.0,0.0
2012,Jason A. White (Virginia),1,0,0,0.0,31.0,0.0,81.0,0.0,0,41.0,31.0,31.0,0.0,0.0,0.0,0.0
1951,Russ Hepler,1,0,1,0.0,9.0,,,0.0,0,,9.0,9.0,0.0,100.0,0.0,
1952,Ted Swaim,1,0,0,0.0,23.0,,65.0,0.0,0,8.0,23.0,23.0,0.0,0.0,0.0,0.0
1953,Cotton Priddy,2,0,0,0.0,25.5,,35.0,0.0,0,36.0,20.0,31.0,0.0,0.0,0.0,0.0
1954,Jimmy Florian,1,0,0,0.0,37.0,,34.0,0.0,0,49.0,37.0,37.0,0.0,0.0,0.0,0.0
1962,Bill Block,1,0,0,0.0,22.0,0.0,32.0,0.0,0,16.0,22.0,22.0,0.0,0.0,0.0,0.0
1964,Lloyd Dane,1,0,0,0.0,19.0,1000.0,154.0,0.0,0,20.0,19.0,19.0,0.0,0.0,0.0,0.0
1964,Raymond Carter,1,0,0,0.0,14.0,192.0,37.0,0.0,0,11.0,14.0,14.0,0.0,0.0,0.0,0.0
1974,Johnny Ray,2,0,0,0.0,31.5,,252.0,0.0,0,35.0,22.0,41.0,0.0,0.0,0.0,0.0
1985,Cecil Gordon,1,0,0,0.0,30.0,0.0,7.0,0.0,0,30.0,30.0,30.0,0.0,0.0,0.0,0.0
1992,Rick Carelli,2,0,0,0.0,39.5,89.0,58.0,0.0,0,33.0,37.0,42.0,0.0,0.0,0.0,0.0
1950,Coleman Grant,1,0,0,0.0,23.0,,,0.0,0,23.0,23.0,23.0,0.0,0.0,0.0,
1951,Harold Lucas,1,0,0,0.0,23.0,,,0.0,0,,23.0,23.0,0.0,0.0,0.0,
1952,Rollin Smith,1,0,0,0.0,12.0,,385.0,0.0,0,35.0,12.0,12.0,0.0,0.0,0.0,0.0
1968,Bill Small,1,0,0,0.0,36.0,0.0,16.0,0.0,0,26.0,36.0,36.0,0.0,0.0,0.0,0.0
1968,Marty Robbins,1,0,0,0.0,12.0,123.0,312.0,0.0,0,32.0,12.0,12.0,0.0,0.0,0.0,0.0
1984,Gene Coyle,2,0,0,0.0,19.5,0.0,619.0,0.0,0,34.0,18.0,21.0,0.0,0.0,0.0,0.0
2018,Mark Thompson,1,0,0,0.0,22.0,15.0,203.0,0.0,0,40.0,22.0,22.0,0.0,0.0,0.0,0.0
1956,Joe Weatherly,17,6,12,0.0,11.41,,2743.0,0.0,2,11.53,2.0,44.0,35.29,70.59,0.0,0.0
1964,Fred Harb,3,1,2,0.0,9.67,496.0,550.0,0.0,0,8.0,5.0,16.0,33.33,66.67,0.0,0.0
1965,Joe Penland,3,0,0,0.0,25.0,512.0,112.0,0.0,0,20.33,12.0,42.0,0.0,0.0,0.0,0.0
1966,David Pearson,42,26,33,15.0,6.38,35638.0,10781.0,3174.0,21,5.6,1.0,35.0,61.9,78.57,35.71,29.44
1967,Larry Miller,15,0,1,0.0,19.2,2130.0,1558.0,0.0,0,22.53,7.0,37.0,0.0,6.67,0.0,0.0
1969,Amos Johnson,1,0,0,0.0,13.0,0.0,147.0,0.0,0,35.0,13.0,13.0,0.0,0.0,0.0,0.0
1970,Bill Shirey,29,0,1,0.0,23.07,1244.0,3691.0,0.0,0,23.21,9.0,44.0,0.0,3.45,0.0,0.0
1971,Ramo Stott,3,0,1,0.0,9.33,165.0,476.0,0.0,1,18.67,6.0,11.0,0.0,33.33,0.0,0.0
1972,Doc Faustina,5,0,0,0.0,31.8,192.0,607.0,0.0,0,28.8,20.0,45.0,0.0,0.0,0.0,0.0
1977,Roy Smith,3,0,0,0.0,28.0,237.0,205.0,0.0,0,19.0,22.0,39.0,0.0,0.0,0.0,0.0
1980,Bub Strickler,5,0,0,0.0,24.2,0.0,1199.0,0.0,0,29.2,14.0,35.0,0.0,0.0,0.0,0.0
1981,Jack Ingram,5,0,1,0.0,30.0,367.0,822.0,0.0,0,25.2,9.0,38.0,0.0,20.0,0.0,0.0
1986,Ron Shephard,1,0,0,0.0,27.0,82.0,282.0,0.0,0,29.0,27.0,27.0,0.0,0.0,0.0,0.0
1987,Richard Petty,29,9,14,0.0,13.34,3708.0,8306.0,38.0,8,20.21,2.0,37.0,31.03,48.28,0.0,0.46
1987,Derrike Cope,11,0,0,0.0,30.18,797.0,1631.0,0.0,0,23.91,13.0,39.0,0.0,0.0,0.0,0.0
1990,Ricky Rudd,29,8,15,1.0,14.59,3601.0,8664.0,180.0,12,14.1,1.0,33.0,27.59,51.72,3.45,2.08
1992,Jimmy Hensley,22,0,4,0.0,18.23,2410.0,6804.0,22.0,2,17.41,7.0,31.0,0.0,18.18,0.0,0.32
2000,Mark Martin,34,13,20,1.0,13.62,4410.0,9240.0,493.0,23,11.0,1.0,43.0,38.24,58.82,2.94,5.34
2000,Dave Blaney,33,0,2,0.0,27.61,2656.0,8329.0,4.0,4,24.18,8.0,43.0,0.0,6.06,0.0,0.05
2001,Andy Houston,17,0,0,0.0,32.41,1123.0,3612.0,1.0,3,24.0,17.0,43.0,0.0,0.0,0.0,0.03
2003,Jason Leffler,10,0,0,0.0,29.2,764.0,3315.0,24.0,0,28.0,25.0,35.0,0.0,0.0,0.0,0.72
2006,Martin Truex Jr.,36,2,5,0.0,20.78,3673.0,10068.0,34.0,21,21.22,2.0,41.0,5.56,13.89,0.0,0.34
2006,Paul Menard,7,0,1,0.0,23.14,669.0,1650.0,2.0,5,30.29,7.0,41.0,0.0,14.29,0.0,0.12
2009,Brad Keselowski,15,1,4,1.0,21.53,1528.0,3942.0,9.0,9,23.33,1.0,38.0,6.67,26.67,6.67,0.23
2016,Jamie McMurray,36,2,12,0.0,15.81,907.0,10198.0,0.0,27,16.56,4.0,40.0,5.56,33.33,0.0,0.0
2023,William Byron,36,15,21,6.0,10.97,1255.0,9064.0,1017.0,30,10.89,1.0,35.0,41.67,58.33,16.67,11.22
1954,Art Watts,4,0,0,0.0,21.25,,848.0,0.0,0,19.0,11.0,28.0,0.0,0.0,0.0,0.0
1955,Charles Danello,2,0,0,0.0,17.5,280.0,335.0,0.0,0,26.0,14.0,21.0,0.0,0.0,0.0,0.0
1955,Curtis Turner,9,4,4,0.0,19.22,812.0,928.0,14.0,2,8.56,2.0,58.0,44.44,44.44,0.0,1.51
1956,Ken Seibel,1,0,0,0.0,12.0,,134.0,0.0,0,13.0,12.0,12.0,0.0,0.0,0.0,0.0
1956,Frank Jamison,3,0,1,0.0,21.0,,315.0,0.0,0,13.0,6.0,37.0,0.0,33.33,0.0,0.0
1956,Harold Kite,1,0,0,0.0,11.0,,178.0,0.0,0,13.0,11.0,11.0,0.0,0.0,0.0,0.0
1962,Cale Yarborough,8,0,1,0.0,27.5,1884.0,727.0,0.0,0,22.13,10.0,48.0,0.0,12.5,0.0,0.0
1963,Doug Cooper,2,1,1,0.0,11.5,952.0,358.0,0.0,0,24.0,3.0,20.0,50.0,50.0,0.0,0.0
1964,Joe Schlesser,2,0,1,0.0,11.0,304.0,231.0,0.0,0,13.0,9.0,13.0,0.0,50.0,0.0,0.0
1966,Calvin Kelly,1,0,0,0.0,14.0,224.0,37.0,0.0,0,20.0,14.0,14.0,0.0,0.0,0.0,0.0
1967,Ray Hendrick,1,0,0,0.0,21.0,110.0,107.0,0.0,0,15.0,21.0,21.0,0.0,0.0,0.0,0.0
1968,Max Ledbetter,1,0,0,0.0,17.0,34.0,134.0,0.0,0,18.0,17.0,17.0,0.0,0.0,0.0,0.0
1979,Robert Tartaglia,1,0,0,0.0,24.0,91.0,47.0,0.0,0,35.0,24.0,24.0,0.0,0.0,0.0,0.0
1991,Brian Ross,1,0,0,0.0,39.0,46.0,37.0,0.0,0,36.0,39.0,39.0,0.0,0.0,0.0,0.0
2023,Mike Rockenfeller,3,0,0,0.0,24.0,39.0,280.0,0.0,2,28.0,19.0,29.0,0.0,0.0,0.0,0.0
2025,Chad Finchum,3,0,0,0.0,35.67,5.0,913.0,0.0,0,38.67,35.0,37.0,0.0,0.0,0.0,0.0
1953,Herb Tillman,2,0,0,0.0,28.0,,122.0,0.0,0,29.5,16.0,40.0,0.0,0.0,0.0,0.0
1964,Rodger Ward,1,0,0,0.0,38.0,0.0,24.0,0.0,0,7.0,38.0,38.0,0.0,0.0,0.0,0.0
1974,Iggy Katona,1,0,0,0.0,20.0,,181.0,0.0,0,46.0,20.0,20.0,0.0,0.0,0.0,0.0
1977,Paul Dean Holt,1,0,0,0.0,28.0,79.0,47.0,0.0,0,29.0,28.0,28.0,0.0,0.0,0.0,0.0
1955,Ray Chaike,1,0,0,0.0,20.0,,37.0,0.0,0,46.0,20.0,20.0,0.0,0.0,0.0,0.0
1983,Glenn Jarrett,1,0,0,0.0,36.0,55.0,24.0,0.0,0,35.0,36.0,36.0,0.0,0.0,0.0,0.0
1990,J.T. Hayes,1,0,0,0.0,38.0,49.0,10.0,0.0,0,38.0,38.0,38.0,0.0,0.0,0.0,0.0
1995,Dan Obrist,1,0,0,0.0,43.0,34.0,7.0,0.0,0,43.0,43.0,43.0,0.0,0.0,0.0,0.0
1952,Paul Wensink,1,0,0,0.0,12.0,,127.0,0.0,0,16.0,12.0,12.0,0.0,0.0,0.0,0.0
1954,Bob Welborn,12,1,3,0.0,21.17,,1251.0,0.0,0,25.67,3.0,60.0,8.33,25.0,0.0,0.0
1954,Elton Hildreth,14,0,2,0.0,21.86,,1519.0,0.0,0,37.0,8.0,56.0,0.0,14.29,0.0,0.0
1955,Jim Paschal,36,12,20,3.0,12.83,4558.0,4946.0,306.0,7,7.6,1.0,36.0,33.33,55.56,8.33,6.19
1956,Ray Thompson,2,0,0,0.0,26.5,,12.0,0.0,0,24.0,26.0,27.0,0.0,0.0,0.0,0.0
1957,Frank Jamison,2,0,0,0.0,19.5,,87.0,0.0,0,12.0,15.0,24.0,0.0,0.0,0.0,0.0
1957,Huck Spaulding,8,0,3,0.0,13.0,,1006.0,0.0,0,17.14,7.0,27.0,0.0,37.5,0.0,0.0
1965,Parnelli Jones,1,0,0,0.0,32.0,0.0,37.0,36.0,0,2.0,32.0,32.0,0.0,0.0,0.0,97.3
1966,H.B. Bailey,4,0,0,0.0,28.0,1892.0,450.0,0.0,0,20.5,12.0,49.0,0.0,0.0,0.0,0.0
1967,Harold Stockton,6,0,0,0.0,18.0,914.0,626.0,0.0,0,20.17,11.0,31.0,0.0,0.0,0.0,0.0
1971,J.D. McDuffie,43,2,8,0.0,18.95,2862.0,9389.0,5.0,0,24.84,3.0,40.0,4.65,18.6,0.0,0.05
1975,Hugh Pearson,2,0,0,0.0,20.5,203.0,218.0,0.0,0,22.0,18.0,23.0,0.0,0.0,0.0,0.0
1981,Bill Elliott,13,1,7,0.0,18.54,1442.0,2777.0,33.0,2,14.85,4.0,40.0,7.69,53.85,0.0,1.19
1983,Joe Fields,3,0,0,0.0,18.33,118.0,1064.0,0.0,0,23.0,14.0,26.0,0.0,0.0,0.0,0.0
1987,Ken Ragan,6,0,0,0.0,23.83,549.0,1259.0,0.0,0,23.33,17.0,30.0,0.0,0.0,0.0,0.0
1989,Butch Miller,9,0,0,0.0,33.0,576.0,1129.0,0.0,0,21.67,21.0,43.0,0.0,0.0,0.0,0.0
1991,R.K. Smith,1,0,0,0.0,43.0,34.0,2.0,0.0,0,36.0,43.0,43.0,0.0,0.0,0.0,0.0
1992,Bobby Gerhart,3,0,0,0.0,34.33,180.0,350.0,0.0,0,35.67,32.0,37.0,0.0,0.0,0.0,0.0
1993,Bobby Hillin Jr.,30,0,0,0.0,24.2,2717.0,8343.0,3.0,3,26.23,11.0,41.0,0.0,0.0,0.0,0.04
1993,Scott Gaylord,1,0,0,0.0,29.0,76.0,75.0,0.0,0,38.0,29.0,29.0,0.0,0.0,0.0,0.0
1997,Lake Speed,25,0,0,0.0,23.72,2301.0,7494.0,3.0,4,23.28,11.0,38.0,0.0,0.0,0.0,0.04
1998,Jeff Green,22,0,0,0.0,28.77,1687.0,6088.0,0.0,1,26.05,12.0,42.0,0.0,0.0,0.0,0.0
2000,Stacy Compton,27,0,0,0.0,31.59,1857.0,6912.0,4.0,3,27.93,16.0,42.0,0.0,0.0,0.0,0.06
2000,Ricky Craven,16,0,0,0.0,30.06,1175.0,4153.0,64.0,3,22.63,15.0,42.0,0.0,0.0,0.0,1.54
2004,Sterling Marlin,36,3,7,0.0,19.53,3857.0,10285.0,201.0,18,22.33,4.0,39.0,8.33,19.44,0.0,1.95
2006,Brent Sherman,6,0,0,0.0,33.67,372.0,1645.0,0.0,1,37.67,21.0,42.0,0.0,0.0,0.0,0.0
2007,Chad Chaffin,2,0,0,0.0,33.5,125.0,556.0,0.0,0,34.5,31.0,36.0,0.0,0.0,0.0,0.0
2018,Paul Menard,36,1,7,0.0,19.44,688.0,9410.0,14.0,15,17.22,5.0,36.0,2.78,19.44,0.0,0.15
2018,Matt DiBenedetto,36,0,1,0.0,26.97,368.0,9610.0,8.0,6,29.11,7.0,38.0,0.0,2.78,0.0,0.08
2024,Riley Herbst,4,0,0,0.0,32.25,0.0,1071.0,0.0,0,34.25,24.0,37.0,0.0,0.0,0.0,0.0
2024,Parker Retzlaff,2,0,1,0.0,21.0,0.0,566.0,0.0,1,33.0,7.0,35.0,0.0,50.0,0.0,0.0
1949,Howard Elder,1,0,0,0.0,16.0,,,0.0,0,,16.0,16.0,0.0,0.0,0.0,
1953,Russell Armentrout,2,0,0,0.0,31.0,,60.0,0.0,0,,17.0,45.0,0.0,0.0,0.0,0.0
1955,Hooker Hood,3,0,0,0.0,25.67,384.0,256.0,0.0,0,15.33,13.0,41.0,0.0,0.0,0.0,0.0
1958,Mario Rossi,2,0,0,0.0,21.0,528.0,501.0,0.0,0,20.5,17.0,25.0,0.0,0.0,0.0,0.0
2013,Aric Almirola,36,1,6,0.0,18.75,913.0,10140.0,11.0,24,18.28,5.0,38.0,2.78,16.67,0.0,0.11
1972,Jim Whitt,3,0,0,0.0,24.0,162.0,607.0,0.0,0,33.67,19.0,27.0,0.0,0.0,0.0,0.0
1992,Phil Parsons,2,0,1,0.0,20.0,207.0,567.0,0.0,0,26.0,10.0,30.0,0.0,50.0,0.0,0.0
1961,Bob Gossett,1,0,0,0.0,24.0,48.0,19.0,0.0,0,25.0,24.0,24.0,0.0,0.0,0.0,0.0
1962,John Rogers,1,0,0,0.0,20.0,96.0,35.0,0.0,0,16.0,20.0,20.0,0.0,0.0,0.0,0.0
1967,Don Stives,3,0,1,0.0,24.0,396.0,188.0,0.0,0,24.67,8.0,36.0,0.0,33.33,0.0,0.0
1997,Phil Parsons,1,0,0,0.0,31.0,70.0,289.0,0.0,0,29.0,31.0,31.0,0.0,0.0,0.0,0.0
2020,David Ragan,1,1,1,0.0,4.0,0.0,209.0,0.0,1,30.0,4.0,4.0,100.0,100.0,0.0,0.0
1952,Herb Fry,1,0,0,0.0,23.0,,366.0,0.0,0,59.0,23.0,23.0,0.0,0.0,0.0,0.0
1952,Roy Hall,1,0,0,0.0,48.0,0.0,182.0,0.0,0,6.0,48.0,48.0,0.0,0.0,0.0,0.0
1954,Dick Zimmerman,2,0,0,0.0,29.5,,350.0,0.0,0,,21.0,38.0,0.0,0.0,0.0,0.0
1966,Billy Foster,1,0,1,0.0,7.0,0.0,181.0,0.0,0,12.0,7.0,7.0,0.0,100.0,0.0,0.0
1953,Jim Lacy,3,0,0,0.0,22.0,,,0.0,0,,14.0,29.0,0.0,0.0,0.0,
1953,Bud Harless,1,0,0,0.0,16.0,,168.0,0.0,0,,16.0,16.0,0.0,0.0,0.0,0.0
1955,Carl Krueger,7,1,2,0.0,13.71,748.0,955.0,0.0,0,12.83,5.0,22.0,14.29,28.57,0.0,0.0
1956,Gene Simpson,1,0,0,0.0,15.0,,,0.0,0,55.0,15.0,15.0,0.0,0.0,0.0,
1956,Buddy Krebs,1,0,0,0.0,74.0,,,0.0,0,20.0,74.0,74.0,0.0,0.0,0.0,
1957,Howard Phillippi,3,0,1,0.0,16.33,,334.0,0.0,0,17.0,10.0,25.0,0.0,33.33,0.0,0.0
1960,Fritz Wilson,4,2,2,0.0,15.5,774.0,284.0,0.0,0,18.0,4.0,34.0,50.0,50.0,0.0,0.0
1964,Darrell Bryant,5,0,1,0.0,22.2,568.0,366.0,0.0,0,20.6,7.0,36.0,0.0,20.0,0.0,0.0
1967,Jim Wright,1,0,0,0.0,23.0,60.0,9.0,0.0,0,10.0,23.0,23.0,0.0,0.0,0.0,0.0
1970,Cecil Gordon,44,2,11,0.0,19.0,2514.0,8426.0,0.0,0,18.89,4.0,40.0,4.55,25.0,0.0,0.0
1972,Buddy Arrington,20,1,10,0.0,15.6,1336.0,5503.0,0.0,0,16.6,5.0,34.0,5.0,50.0,0.0,0.0
1973,Hershel McGriff,3,1,2,0.0,11.67,236.0,426.0,0.0,0,5.0,5.0,23.0,33.33,66.67,0.0,0.0
1973,George Behlman,1,0,0,0.0,16.0,70.0,137.0,0.0,0,38.0,16.0,16.0,0.0,0.0,0.0,0.0
1974,Jim Gilliam,1,0,0,0.0,25.0,,76.0,0.0,0,35.0,25.0,25.0,0.0,0.0,0.0,0.0
1975,Darrell Waltrip,28,11,14,2.0,15.46,3462.0,7240.0,562.0,4,8.43,1.0,42.0,39.29,50.0,7.14,7.76
1975,Richard Childress,30,2,15,0.0,12.6,3818.0,9433.0,3.0,0,16.77,4.0,31.0,6.67,50.0,0.0,0.03
1975,Neil Bonnett,2,0,0,0.0,24.5,0.0,474.0,12.0,0,20.0,14.0,35.0,0.0,0.0,0.0,2.53
1978,Baxter Price,24,0,0,0.0,20.75,2418.0,7333.0,0.0,0,28.54,11.0,29.0,0.0,0.0,0.0,0.0
1982,Tommy Ellis,2,0,0,0.0,11.0,130.0,642.0,0.0,0,15.5,11.0,11.0,0.0,0.0,0.0,0.0
1984,Dale Jarrett,3,0,0,0.0,24.67,121.0,796.0,0.0,0,30.0,14.0,37.0,0.0,0.0,0.0,0.0
1986,Derrike Cope,5,0,1,0.0,27.8,400.0,1101.0,0.0,0,21.8,9.0,41.0,0.0,20.0,0.0,0.0
1987,Morgan Shepherd,29,7,11,0.0,19.9,3099.0,6410.0,164.0,4,13.1,2.0,40.0,24.14,37.93,0.0,2.56
1992,Bobby Hillin Jr.,13,0,0,0.0,25.23,1135.0,2770.0,0.0,1,25.62,13.0,40.0,0.0,0.0,0.0,0.0
1992,Ed Ferree,1,0,0,0.0,29.0,76.0,50.0,0.0,0,30.0,29.0,29.0,0.0,0.0,0.0,0.0
1994,Billy Standridge,8,0,0,0.0,37.5,404.0,1260.0,0.0,0,28.63,24.0,43.0,0.0,0.0,0.0,0.0
1996,Wally Dallenbach Jr.,30,1,3,0.0,23.57,2786.0,8191.0,0.0,7,27.13,3.0,40.0,3.33,10.0,0.0,0.0
1998,Brett Bodine,33,0,0,0.0,25.27,2907.0,9462.0,17.0,4,26.91,11.0,43.0,0.0,0.0,0.0,0.18
1998,Dick Trickle,32,0,1,0.0,26.59,2678.0,8671.0,4.0,4,25.59,6.0,43.0,0.0,3.13,0.0,0.05
2009,Brian Vickers,36,4,13,1.0,17.33,4122.0,10135.0,101.0,24,14.75,1.0,39.0,11.11,36.11,2.78,1.0
2019,David Ragan,36,0,0,0.0,26.28,388.0,9710.0,3.0,7,21.83,11.0,38.0,0.0,0.0,0.0,0.03
2022,Noah Gragson,18,1,1,0.0,23.11,0.0,4149.0,0.0,8,25.0,5.0,37.0,5.56,5.56,0.0,0.0
1968,Harold Smith,1,0,0,0.0,15.0,117.0,244.0,0.0,0,39.0,15.0,15.0,0.0,0.0,0.0,0.0
1976,Hugh Pearson,2,0,0,0.0,27.0,164.0,115.0,0.0,0,12.0,24.0,30.0,0.0,0.0,0.0,0.0
1976,Ernie Shaw,1,0,0,0.0,16.0,0.0,372.0,0.0,0,21.0,16.0,16.0,0.0,0.0,0.0,0.0
2009,Ron Fellows,2,0,0,0.0,28.0,158.0,197.0,0.0,1,33.0,27.0,29.0,0.0,0.0,0.0,0.0
1958,John Lindsay,3,0,1,0.0,13.0,312.0,476.0,0.0,0,11.0,8.0,19.0,0.0,33.33,0.0,0.0
1962,Art Brady,2,0,0,0.0,22.5,632.0,179.0,0.0,0,31.0,21.0,24.0,0.0,0.0,0.0,0.0
1968,Frank Gardner,1,0,0,0.0,44.0,0.0,2.0,0.0,0,21.0,44.0,44.0,0.0,0.0,0.0,0.0
1977,John Kieper,1,0,0,0.0,36.0,55.0,50.0,0.0,0,19.0,36.0,36.0,0.0,0.0,0.0,0.0
1984,Blackie Wangerin,1,0,0,0.0,36.0,0.0,0.0,0.0,0,36.0,36.0,36.0,0.0,0.0,0.0,
2013,Terry Labonte,5,0,0,0.0,26.8,87.0,1228.0,1.0,1,39.6,19.0,35.0,0.0,0.0,0.0,0.08
1954,George Clark,2,0,0,0.0,15.5,,223.0,0.0,0,,13.0,18.0,0.0,0.0,0.0,0.0
1954,George Norvath,1,0,0,0.0,22.0,,143.0,0.0,0,,22.0,22.0,0.0,0.0,0.0,0.0
1955,Tojo Stephens,1,0,0,0.0,40.0,,291.0,0.0,0,55.0,40.0,40.0,0.0,0.0,0.0,0.0
1968,Norm Nelson,1,0,0,0.0,20.0,0.0,87.0,0.0,0,21.0,20.0,20.0,0.0,0.0,0.0,0.0
1968,Ed Brown,1,0,0,0.0,21.0,0.0,73.0,0.0,0,38.0,21.0,21.0,0.0,0.0,0.0,0.0
1973,Johnny Benson Sr.,1,0,0,0.0,21.0,60.0,185.0,0.0,0,36.0,21.0,21.0,0.0,0.0,0.0,0.0
1980,Jimmy Finger,1,0,0,0.0,13.0,124.0,181.0,0.0,0,26.0,13.0,13.0,0.0,0.0,0.0,0.0
1953,Johnny Bridgers,1,0,0,0.0,26.0,,279.0,0.0,0,48.0,26.0,26.0,0.0,0.0,0.0,0.0
1954,Dave Terrell,30,0,8,0.0,18.67,0.0,3876.0,0.0,0,21.0,6.0,48.0,0.0,26.67,0.0,0.0
1954,Bud Bennett,1,0,0,0.0,14.0,,167.0,0.0,0,,14.0,14.0,0.0,0.0,0.0,0.0
1954,George Parrish,3,0,0,0.0,26.0,,440.0,0.0,0,12.0,19.0,37.0,0.0,0.0,0.0,0.0
1960,Bud Parnell,4,0,1,0.0,16.5,416.0,407.0,0.0,0,20.75,10.0,24.0,0.0,25.0,0.0,0.0
1960,Jim Paschal,10,3,7,0.0,9.5,8968.0,2752.0,11.0,0,11.4,3.0,22.0,30.0,70.0,0.0,0.4
1960,Lloyd Dane,3,2,2,0.0,9.0,614.0,323.0,89.0,0,4.5,3.0,19.0,66.67,66.67,0.0,27.55
1963,Jack Smith,29,4,11,0.0,17.1,8278.0,5300.0,25.0,1,14.76,4.0,44.0,13.79,37.93,0.0,0.47
1964,Bud Harless,8,0,0,0.0,24.13,1534.0,1373.0,0.0,0,22.88,11.0,41.0,0.0,0.0,0.0,0.0
1967,Buddy Baker,21,6,7,1.0,14.71,18600.0,4146.0,480.0,2,6.95,1.0,30.0,28.57,33.33,4.76,11.58
1968,Bobby Isaac,49,27,36,3.0,8.08,3231.0,12947.0,1384.0,10,5.69,1.0,36.0,55.1,73.47,6.12,10.69
1971,Bobby Isaac,25,16,17,4.0,10.76,1819.0,6856.0,1753.0,7,4.08,1.0,49.0,64.0,68.0,16.0,25.57
1971,Pete Arnold,1,0,0,0.0,14.0,37.0,58.0,0.0,0,13.0,14.0,14.0,0.0,0.0,0.0,0.0
1972,Earl Brooks,6,0,0,0.0,27.67,280.0,609.0,0.0,0,29.17,13.0,37.0,0.0,0.0,0.0,0.0
1973,Bob Davis,1,0,0,0.0,34.0,34.0,93.0,0.0,0,41.0,34.0,34.0,0.0,0.0,0.0,0.0
1977,Don Noel,1,0,0,0.0,35.0,58.0,0.0,0.0,0,32.0,35.0,35.0,0.0,0.0,0.0,
1977,Ralph Jones,4,0,0,0.0,22.5,382.0,871.0,0.0,0,29.75,18.0,30.0,0.0,0.0,0.0,0.0
1987,H.B. Bailey,5,0,0,0.0,25.8,428.0,1150.0,0.0,0,34.0,17.0,40.0,0.0,0.0,0.0,0.0
1990,Tommy Kendall,3,0,1,0.0,24.0,281.0,613.0,4.0,1,16.67,8.0,38.0,0.0,33.33,0.0,0.65
1993,Davey Allison,16,6,8,1.0,13.0,2104.0,5061.0,276.0,8,12.94,1.0,35.0,37.5,50.0,6.25,5.45
1998,Steve Grissom,27,0,2,0.0,27.07,2215.0,7119.0,8.0,3,33.67,10.0,43.0,0.0,7.41,0.0,0.11
2000,Tony Stewart,34,12,23,6.0,12.35,4570.0,9335.0,1212.0,25,16.74,1.0,42.0,35.29,67.65,17.65,12.98
2003,Ken Schrader,32,0,2,0.0,28.84,2451.0,8706.0,0.0,5,29.72,8.0,43.0,0.0,6.25,0.0,0.0
2010,A.J. Allmendinger,36,2,8,0.0,17.81,3998.0,10196.0,181.0,26,16.06,4.0,38.0,5.56,22.22,0.0,1.78
2011,Joey Logano,36,4,6,0.0,19.08,902.0,10296.0,58.0,21,17.89,3.0,37.0,11.11,16.67,0.0,0.56
2020,Kyle Larson,4,1,3,0.0,11.0,113.0,991.0,2.0,3,6.75,4.0,21.0,25.0,75.0,0.0,0.2
2022,Chris Buescher,35,3,10,1.0,17.86,717.0,8696.0,194.0,22,15.8,1.0,38.0,8.57,28.57,2.86,2.23
2023,Ty Gibbs,36,4,10,0.0,18.39,771.0,8870.0,112.0,23,13.97,4.0,35.0,11.11,27.78,0.0,1.26
2025,Justin Haley,36,1,2,0.0,22.22,559.0,8901.0,20.0,23,23.11,3.0,39.0,2.78,5.56,0.0,0.22
1956,Owen Loggins,1,0,0,0.0,28.0,,0.0,0.0,0,28.0,28.0,28.0,0.0,0.0,0.0,
1963,Ray Hendrick,2,1,2,0.0,6.0,716.0,573.0,0.0,0,11.5,5.0,7.0,50.0,100.0,0.0,0.0
2023,Andy Lally,5,0,0,0.0,30.2,32.0,442.0,0.0,2,31.2,25.0,35.0,0.0,0.0,0.0,0.0
1950,Carl Renner,2,0,1,0.0,9.5,,,0.0,0,,6.0,13.0,0.0,50.0,0.0,
1952,Paul Richardson,1,0,0,0.0,25.0,,39.0,0.0,0,21.0,25.0,25.0,0.0,0.0,0.0,0.0
1958,Frank Thompson,3,0,0,0.0,26.33,188.0,285.0,0.0,0,20.5,13.0,44.0,0.0,0.0,0.0,0.0
1961,Arley Scranton,1,0,0,0.0,23.0,,3.0,0.0,0,21.0,23.0,23.0,0.0,0.0,0.0,0.0
1962,Robert Berrier,1,0,0,0.0,15.0,0.0,100.0,0.0,0,24.0,15.0,15.0,0.0,0.0,0.0,0.0
1967,Scotty Cain,1,0,1,0.0,7.0,2332.0,171.0,0.0,0,21.0,7.0,7.0,0.0,100.0,0.0,0.0
1976,Gene Felton,1,0,0,0.0,16.0,115.0,308.0,0.0,0,36.0,16.0,16.0,0.0,0.0,0.0,0.0
1951,Joe Bellinato,1,0,0,0.0,18.0,,,0.0,0,,18.0,18.0,0.0,0.0,0.0,
1955,Bob Dawson,2,0,0,0.0,15.0,112.0,190.0,0.0,0,16.5,12.0,18.0,0.0,0.0,0.0,0.0
1958,Dick Parran,1,0,0,0.0,51.0,,22.0,0.0,0,53.0,51.0,51.0,0.0,0.0,0.0,0.0
1977,Jody Ridley,1,0,0,0.0,14.0,121.0,316.0,0.0,0,32.0,14.0,14.0,0.0,0.0,0.0,0.0
1980,Steve Spencer,3,0,0,0.0,26.0,0.0,599.0,0.0,0,21.67,25.0,28.0,0.0,0.0,0.0,0.0
1981,Rick McCray,1,0,0,0.0,26.0,85.0,66.0,0.0,0,25.0,26.0,26.0,0.0,0.0,0.0,0.0
2026,,1,0,0,,,,,,0,,,,0.0,0.0,,
1950,Paul Smith,3,0,1,0.0,15.0,,,0.0,0,,10.0,20.0,0.0,33.33,0.0,
1955,Ernie Young,3,0,1,0.0,14.0,0.0,312.0,0.0,0,19.67,9.0,19.0,0.0,33.33,0.0,0.0
1956,W.H. Atkinson,1,0,0,0.0,51.0,,,0.0,0,48.0,51.0,51.0,0.0,0.0,0.0,
1956,Gordon Haines,7,2,4,0.0,11.0,,1067.0,0.0,1,9.0,2.0,22.0,28.57,57.14,0.0,0.0
1956,Spook Crawford,1,0,0,0.0,20.0,,13.0,0.0,0,17.0,20.0,20.0,0.0,0.0,0.0,0.0
1957,Marvin Panch,42,22,27,6.0,8.48,,6890.0,449.0,15,8.22,1.0,34.0,52.38,64.29,14.29,6.52
1957,Harold Beal,4,0,1,0.0,12.25,,429.0,0.0,0,10.0,8.0,16.0,0.0,25.0,0.0,0.0
1958,Jesse James Taylor,1,0,0,0.0,37.0,,95.0,0.0,0,47.0,37.0,37.0,0.0,0.0,0.0,0.0
1959,Bob Ross,2,2,2,0.0,4.0,,582.0,0.0,1,4.0,4.0,4.0,100.0,100.0,0.0,0.0
1960,Bob Kosiski,2,0,0,0.0,31.0,200.0,163.0,0.0,0,22.5,18.0,44.0,0.0,0.0,0.0,0.0
1963,H.B. Bailey,2,0,0,0.0,18.0,2046.0,226.0,0.0,0,37.0,17.0,19.0,0.0,0.0,0.0,0.0
1964,Richard Petty,61,37,43,9.0,7.31,40252.0,14041.0,3534.0,15,4.25,1.0,26.0,60.66,70.49,14.75,25.17
1966,Fred Lorenzen,11,6,6,2.0,12.45,12454.0,3066.0,782.0,3,4.09,1.0,26.0,54.55,54.55,18.18,25.51
1966,Friday Hassler,9,1,3,0.0,19.89,2874.0,2431.0,0.0,0,20.56,5.0,40.0,11.11,33.33,0.0,0.0
1967,Eddie Yarboro,9,0,3,0.0,17.67,2236.0,1680.0,0.0,0,21.56,9.0,32.0,0.0,33.33,0.0,0.0
1967,Frank Warren,12,0,1,0.0,24.08,9992.0,1805.0,0.0,0,22.83,10.0,47.0,0.0,8.33,0.0,0.0
1973,John Utsman,3,0,1,0.0,22.33,172.0,775.0,0.0,0,24.67,10.0,33.0,0.0,33.33,0.0,0.0
1976,Jackie Rogers,11,0,3,0.0,19.27,1173.0,2439.0,3.0,0,18.18,8.0,38.0,0.0,27.27,0.0,0.12
1979,Kyle Petty,5,0,1,0.0,17.2,559.0,1069.0,0.0,0,30.4,9.0,32.0,0.0,20.0,0.0,0.0
1983,Kyle Petty,30,0,2,0.0,18.47,3261.0,8345.0,13.0,1,19.7,6.0,35.0,0.0,6.67,0.0,0.16
1988,Harry Gant,24,0,3,0.0,23.58,2269.0,5896.0,343.0,2,14.0,6.0,40.0,0.0,12.5,0.0,5.82
1995,Jimmy Spencer,29,0,4,0.0,22.28,2809.0,8682.0,4.0,8,27.34,6.0,41.0,0.0,13.79,0.0,0.05
1995,Joe Nemechek,29,1,4,0.0,23.03,2742.0,8504.0,1.0,4,17.79,4.0,42.0,3.45,13.79,0.0,0.01
1999,Matt Kenseth,5,1,1,0.0,26.0,434.0,1358.0,0.0,2,22.6,4.0,40.0,20.0,20.0,0.0,0.0
2011,Geoff Bodine,4,0,0,0.0,35.75,33.0,774.0,0.0,0,39.75,30.0,38.0,0.0,0.0,0.0,0.0
2012,Kurt Busch,35,1,5,0.0,23.17,735.0,9738.0,19.0,10,22.17,3.0,39.0,2.86,14.29,0.0,0.2
2012,Patrick Long,1,0,0,0.0,42.0,2.0,2.0,0.0,0,43.0,42.0,42.0,0.0,0.0,0.0,0.0
2013,Kevin Harvick,36,9,21,4.0,11.19,1207.0,10204.0,269.0,33,15.33,1.0,42.0,25.0,58.33,11.11,2.64
2021,Ryan Newman,36,2,5,0.0,22.53,538.0,8223.0,4.0,17,23.44,3.0,39.0,5.56,13.89,0.0,0.05
2025,Casey Mears,5,0,0,0.0,30.2,10.0,1500.0,0.0,1,37.8,18.0,36.0,0.0,0.0,0.0,0.0
1951,Eddie LaRue,1,0,0,0.0,33.0,,,0.0,0,,33.0,33.0,0.0,0.0,0.0,
1951,Allen Heath,3,0,0,0.0,22.67,,,0.0,0,18.5,17.0,26.0,0.0,0.0,0.0,
1954,Hilly Rife,1,0,0,0.0,23.0,,174.0,0.0,0,,23.0,23.0,0.0,0.0,0.0,0.0
1966,Johnny Rutherford,2,0,0,0.0,25.5,298.0,150.0,0.0,0,28.0,23.0,28.0,0.0,0.0,0.0,0.0
2006,Stephen Leicht,1,0,0,0.0,33.0,64.0,199.0,0.0,0,36.0,33.0,33.0,0.0,0.0,0.0,0.0
2010,Trevor Bayne,1,0,0,0.0,17.0,112.0,334.0,0.0,1,28.0,17.0,17.0,0.0,0.0,0.0,0.0
2012,T.J. Bell,5,0,0,0.0,31.4,0.0,1468.0,0.0,0,40.6,30.0,33.0,0.0,0.0,0.0,0.0
1957,Ned Jarrett,1,0,0,0.0,19.0,,7.0,0.0,0,19.0,19.0,19.0,0.0,0.0,0.0,0.0
1957,Allen Adkins,2,0,1,0.0,9.5,,252.0,0.0,0,12.5,6.0,13.0,0.0,50.0,0.0,0.0
1959,Fred Boles,1,0,0,0.0,14.0,,165.0,0.0,0,23.0,14.0,14.0,0.0,0.0,0.0,0.0
2025,Ryan Truex,1,0,0,0.0,23.0,0.0,100.0,0.0,1,36.0,23.0,23.0,0.0,0.0,0.0,0.0
1952,Jack Hauher,1,0,0,0.0,17.0,,26.0,0.0,0,15.0,17.0,17.0,0.0,0.0,0.0,0.0
1964,Leland Colvin Jr.,1,0,0,0.0,14.0,192.0,118.0,0.0,0,20.0,14.0,14.0,0.0,0.0,0.0,0.0
1991,Bill Meacham,2,0,0,0.0,37.0,104.0,146.0,0.0,0,38.5,36.0,38.0,0.0,0.0,0.0,0.0
1951,Frank Mundy,26,9,12,3.0,17.65,,874.0,445.0,4,5.21,1.0,82.0,34.62,46.15,11.54,50.92
1952,Wimpy Ervin,2,0,0,0.0,30.0,,217.0,0.0,0,37.0,24.0,36.0,0.0,0.0,0.0,0.0
1953,Virgil Livengood,3,0,1,0.0,16.0,,7.0,0.0,0,13.0,10.0,27.0,0.0,33.33,0.0,0.0
1957,Chuck Thompson,1,0,0,0.0,12.0,,47.0,0.0,0,14.0,12.0,12.0,0.0,0.0,0.0,0.0
1963,Sammy Fogle,8,0,0,0.0,18.13,1156.0,779.0,0.0,0,20.88,14.0,31.0,0.0,0.0,0.0,0.0
1964,Roy Gemberling,1,0,0,0.0,16.0,176.0,34.0,0.0,0,17.0,16.0,16.0,0.0,0.0,0.0,0.0
1970,Jim Hurtubise,2,0,1,0.0,18.0,154.0,211.0,0.0,0,21.0,7.0,29.0,0.0,50.0,0.0,0.0
1970,Jerry Griffin,1,0,0,0.0,21.0,90.0,94.0,0.0,0,34.0,21.0,21.0,0.0,0.0,0.0,0.0
1971,Bob England,4,0,0,0.0,23.75,327.0,477.0,0.0,0,43.75,12.0,41.0,0.0,0.0,0.0,0.0
1971,Frank Warren,47,1,10,0.0,20.45,2890.0,8984.0,0.0,0,19.74,5.0,50.0,2.13,21.28,0.0,0.0
1972,Bill Champion,29,0,4,0.0,20.21,1784.0,7044.0,0.0,0,25.86,6.0,43.0,0.0,13.79,0.0,0.0
1976,Henley Gray,15,0,0,0.0,22.67,1425.0,2945.0,0.0,0,21.87,11.0,36.0,0.0,0.0,0.0,0.0
1978,Bill Elliott,10,0,5,0.0,15.7,1176.0,2278.0,0.0,0,18.8,6.0,38.0,0.0,50.0,0.0,0.0
1981,Steve Spencer,3,0,0,0.0,22.67,103.0,1038.0,0.0,0,33.0,18.0,30.0,0.0,0.0,0.0,0.0
1981,Lake Speed,27,0,6,0.0,19.89,2820.0,6757.0,14.0,0,23.07,6.0,35.0,0.0,22.22,0.0,0.21
1984,Dick Brooks,30,1,5,0.0,18.53,3265.0,8157.0,185.0,0,19.63,3.0,38.0,3.33,16.67,0.0,2.27
1988,Buddy Baker,17,0,7,0.0,15.12,2056.0,4445.0,42.0,4,23.29,6.0,31.0,0.0,41.18,0.0,0.94
1990,Pancho Carter,1,0,0,0.0,32.0,67.0,298.0,0.0,0,33.0,32.0,32.0,0.0,0.0,0.0,0.0
1999,Randy LaJoie,2,0,0,0.0,38.5,95.0,436.0,0.0,0,19.0,37.0,40.0,0.0,0.0,0.0,0.0
2001,Elliott Sadler,36,2,2,1.0,22.81,3471.0,10392.0,125.0,12,28.42,1.0,40.0,5.56,5.56,2.78,1.2
2002,Frank Kimmel,6,0,0,0.0,36.5,292.0,1401.0,6.0,0,36.67,26.0,43.0,0.0,0.0,0.0,0.43
2003,Dave Blaney,36,1,4,0.0,25.06,3194.0,9883.0,11.0,12,24.25,3.0,43.0,2.78,11.11,0.0,0.11
2003,Jerry Nadeau,10,1,1,0.0,26.5,844.0,2748.0,0.0,3,16.7,4.0,41.0,10.0,10.0,0.0,0.0
2003,Scott Wimmer,6,0,1,0.0,21.17,599.0,2077.0,0.0,2,32.67,9.0,32.0,0.0,16.67,0.0,0.0
2005,Scott Riggs,36,2,4,0.0,27.25,2965.0,9862.0,18.0,10,18.94,2.0,41.0,5.56,11.11,0.0,0.18
2007,Kyle Petty,29,1,1,0.0,28.34,2312.0,8237.0,13.0,7,34.1,3.0,43.0,3.45,3.45,0.0,0.16
2008,Reed Sorenson,35,1,2,0.0,27.97,2795.0,10001.0,13.0,10,26.57,5.0,43.0,2.86,5.71,0.0,0.13
2010,Jimmie Johnson,36,17,23,6.0,12.17,4989.0,10418.0,1315.0,27,9.39,1.0,37.0,47.22,63.89,16.67,12.62
2010,Marcos Ambrose,36,2,5,0.0,22.61,3472.0,10027.0,84.0,16,21.75,3.0,41.0,5.56,13.89,0.0,0.84
2014,Landon Cassill,34,1,1,0.0,28.82,0.0,9216.0,12.0,8,34.85,4.0,43.0,2.94,2.94,0.0,0.13
2014,Alex Bowman,36,0,0,0.0,32.56,412.0,9878.0,0.0,3,32.97,13.0,43.0,0.0,0.0,0.0,0.0
2014,Brian Vickers,36,3,9,0.0,18.56,921.0,10047.0,53.0,23,14.11,2.0,43.0,8.33,25.0,0.0,0.53
2015,Landon Cassill,36,0,0,0.0,30.64,0.0,9347.0,0.0,9,32.39,13.0,43.0,0.0,0.0,0.0,0.0
2017,Cole Whitt,36,0,0,0.0,28.25,320.0,9724.0,3.0,4,32.08,12.0,39.0,0.0,0.0,0.0,0.03
2022,Ricky Stenhouse Jr.,36,1,5,0.0,22.78,577.0,8480.0,77.0,16,25.53,2.0,37.0,2.78,13.89,0.0,0.91
2022,Kyle Tilley,2,0,0,0.0,34.5,8.0,76.0,0.0,0,37.0,30.0,39.0,0.0,0.0,0.0,0.0
1949,Bob Flock,6,3,3,2.0,12.0,,728.0,26.0,3,3.0,1.0,32.0,50.0,50.0,33.33,3.57
1949,Bill Harrison,1,0,0,0.0,16.0,,,0.0,0,,16.0,16.0,0.0,0.0,0.0,
1952,Ed Benedict,5,1,2,0.0,16.0,,633.0,0.0,0,12.4,5.0,32.0,20.0,40.0,0.0,0.0
1955,Al Watkins,3,0,0,0.0,14.67,400.0,491.0,0.0,0,17.67,11.0,18.0,0.0,0.0,0.0,0.0
1967,Bill Dennis,3,0,0,0.0,13.0,3730.0,1012.0,0.0,0,29.67,11.0,16.0,0.0,0.0,0.0,0.0
1969,Mario Andretti,1,0,0,0.0,18.0,0.0,132.0,7.0,0,7.0,18.0,18.0,0.0,0.0,0.0,5.3
1972,Ray Elder,3,3,3,1.0,3.33,286.0,493.0,50.0,1,6.33,1.0,5.0,100.0,100.0,33.33,10.14
1978,Earle Canavan,9,0,0,0.0,26.78,559.0,2111.0,0.0,0,30.11,16.0,39.0,0.0,0.0,0.0,0.0
1990,James Hylton,1,0,0,0.0,35.0,0.0,202.0,0.0,0,38.0,35.0,35.0,0.0,0.0,0.0,0.0
1977,John Borneman,1,0,0,0.0,28.0,79.0,150.0,0.0,0,41.0,28.0,28.0,0.0,0.0,0.0,0.0
2010,Jeff Green,3,0,0,0.0,33.67,186.0,981.0,0.0,0,30.0,24.0,41.0,0.0,0.0,0.0,0.0
1952,Ed Westveer,1,0,0,0.0,40.0,,45.0,0.0,0,9.0,40.0,40.0,0.0,0.0,0.0,0.0
1954,Red Ortwein,2,0,0,0.0,31.0,,338.0,0.0,0,,25.0,37.0,0.0,0.0,0.0,0.0
1955,Ralph Shaffer,1,0,0,0.0,39.0,,16.0,0.0,0,33.0,39.0,39.0,0.0,0.0,0.0,0.0
1955,Chuck Stevenson,1,0,0,0.0,30.0,24.0,43.0,0.0,0,15.0,30.0,30.0,0.0,0.0,0.0,0.0
1960,Owen Loggins,1,0,0,0.0,20.0,192.0,126.0,0.0,0,31.0,20.0,20.0,0.0,0.0,0.0,0.0
1963,Ken Miles,1,0,0,0.0,11.0,0.0,139.0,0.0,0,10.0,11.0,11.0,0.0,0.0,0.0,0.0
1980,Clay Young,1,0,0,0.0,19.0,0.0,265.0,0.0,0,40.0,19.0,19.0,0.0,0.0,0.0,0.0
2007,Jon Wood,1,0,0,0.0,29.0,76.0,264.0,0.0,0,41.0,29.0,29.0,0.0,0.0,0.0,0.0
2007,Marc Goossens,1,0,0,0.0,36.0,55.0,109.0,0.0,0,21.0,36.0,36.0,0.0,0.0,0.0,0.0
2016,Alex Kennedy,1,0,0,0.0,36.0,5.0,76.0,0.0,0,36.0,36.0,36.0,0.0,0.0,0.0,0.0
1951,Don Eggert,7,0,2,0.0,17.29,,,0.0,0,15.0,9.0,31.0,0.0,28.57,0.0,
1951,Bob Jeffries,2,0,0,0.0,27.0,,225.0,0.0,0,54.0,18.0,36.0,0.0,0.0,0.0,0.0
1955,Rex DeLewis,2,0,0,0.0,21.5,72.0,76.0,0.0,0,23.0,18.0,25.0,0.0,0.0,0.0,0.0
1957,Chuck Hansen,7,0,0,0.0,25.43,,990.0,0.0,0,26.0,13.0,45.0,0.0,0.0,0.0,0.0
1957,George Norton,3,0,1,0.0,20.67,,192.0,0.0,0,23.33,8.0,31.0,0.0,33.33,0.0,0.0
1960,Harold Smith,2,0,0,0.0,40.5,130.0,105.0,0.0,0,33.0,32.0,49.0,0.0,0.0,0.0,0.0
1960,John Potter,2,0,0,0.0,21.0,186.0,126.0,0.0,0,19.5,17.0,25.0,0.0,0.0,0.0,0.0
1961,Tim Flock,7,0,3,0.0,21.71,1538.0,1227.0,0.0,0,19.0,6.0,39.0,0.0,42.86,0.0,0.0
1961,Bobby Allison,4,0,0,0.0,34.75,430.0,359.0,0.0,0,35.75,20.0,51.0,0.0,0.0,0.0,0.0
1961,Paul Parks,2,0,0,0.0,28.5,130.0,208.0,0.0,0,42.5,25.0,32.0,0.0,0.0,0.0,0.0
1964,Ralph Earnhardt,11,1,1,0.0,17.73,3720.0,1107.0,0.0,0,16.73,4.0,37.0,9.09,9.09,0.0,0.0
1967,Paul Lewis,14,3,8,0.0,15.71,8440.0,2959.0,4.0,0,13.21,2.0,46.0,21.43,57.14,0.0,0.14
1968,Tom Pistone,7,3,4,0.0,11.0,361.0,1531.0,43.0,0,6.43,3.0,22.0,42.86,57.14,0.0,2.81
1970,John Kenney,11,0,0,0.0,21.18,457.0,1385.0,0.0,0,25.64,12.0,37.0,0.0,0.0,0.0,0.0
1974,Dick May,2,0,0,0.0,16.0,,350.0,0.0,0,31.0,14.0,18.0,0.0,0.0,0.0,0.0
1976,James Hylton,30,2,5,0.0,17.27,3380.0,8125.0,14.0,0,20.93,4.0,35.0,6.67,16.67,0.0,0.17
1978,Joe Mihalic,6,0,0,0.0,27.0,419.0,1216.0,0.0,0,30.17,19.0,32.0,0.0,0.0,0.0,0.0
1980,John A. Utsman,2,0,0,0.0,24.0,182.0,613.0,0.0,0,28.0,20.0,28.0,0.0,0.0,0.0,0.0
1982,Sterling Marlin,1,0,0,0.0,23.0,0.0,256.0,0.0,0,32.0,23.0,23.0,0.0,0.0,0.0,0.0
1983,Tim Richmond,30,10,15,1.0,16.6,3597.0,7176.0,591.0,8,9.63,1.0,41.0,33.33,50.0,3.33,8.24
1984,Doug Heveron,16,0,0,0.0,26.13,1265.0,3553.0,7.0,0,32.69,13.0,40.0,0.0,0.0,0.0,0.2
1985,Jimmy Walker,1,0,0,0.0,27.0,82.0,180.0,0.0,0,30.0,27.0,27.0,0.0,0.0,0.0,0.0
1986,Jim Fitzgerald,1,0,0,0.0,39.0,46.0,28.0,0.0,0,35.0,39.0,39.0,0.0,0.0,0.0,0.0
1987,Jerry Bowman,1,0,0,0.0,31.0,70.0,161.0,0.0,0,30.0,31.0,31.0,0.0,0.0,0.0,0.0
1988,Phil Parsons,29,6,15,1.0,14.28,3630.0,8494.0,108.0,9,17.03,1.0,39.0,20.69,51.72,3.45,1.27
1996,Johnny Benson Jr.,30,1,6,0.0,21.43,3004.0,8507.0,105.0,9,22.2,5.0,40.0,3.33,20.0,0.0,1.23
2001,Terry Labonte,36,1,3,0.0,24.08,3280.0,10517.0,0.0,11,30.75,5.0,40.0,2.78,8.33,0.0,0.0
2002,Mike Wallace,21,0,1,0.0,29.81,1551.0,5267.0,1.0,2,32.52,10.0,43.0,0.0,4.76,0.0,0.02
2005,Greg Sacks,2,0,0,0.0,43.0,68.0,17.0,0.0,0,38.0,43.0,43.0,0.0,0.0,0.0,0.0
2010,Ryan Newman,36,4,14,1.0,15.67,4302.0,10522.0,63.0,28,11.94,1.0,36.0,11.11,38.89,2.78,0.6
1951,Lyle Scott,2,0,1,0.0,13.5,,,0.0,0,31.0,9.0,18.0,0.0,50.0,0.0,
1961,Allen Franklin,2,0,0,0.0,34.0,62.0,8.0,0.0,0,25.0,30.0,38.0,0.0,0.0,0.0,0.0
1969,Ray Johnstone,1,0,0,0.0,11.0,120.0,163.0,0.0,0,28.0,11.0,11.0,0.0,0.0,0.0,0.0
1972,Dick Bown,3,0,0,0.0,14.67,218.0,459.0,0.0,0,7.67,13.0,18.0,0.0,0.0,0.0,0.0
1952,Jack Goodwin,1,0,0,0.0,33.0,,,0.0,0,33.0,33.0,33.0,0.0,0.0,0.0,
1952,Albert Price,1,0,0,0.0,26.0,,37.0,0.0,0,28.0,26.0,26.0,0.0,0.0,0.0,0.0
1957,Arley Scranton,1,0,0,0.0,23.0,,25.0,0.0,0,11.0,23.0,23.0,0.0,0.0,0.0,0.0
1957,Gene Long,1,0,1,0.0,6.0,,112.0,0.0,0,11.0,6.0,6.0,0.0,100.0,0.0,0.0
1957,John Smith,1,0,0,0.0,18.0,,61.0,0.0,0,17.0,18.0,18.0,0.0,0.0,0.0,0.0
1974,Jerry Sisco,1,0,0,0.0,22.0,,142.0,0.0,0,26.0,22.0,22.0,0.0,0.0,0.0,0.0
2010,Hermie Sadler,1,0,0,0.0,26.0,85.0,496.0,0.0,0,42.0,26.0,26.0,0.0,0.0,0.0,0.0
1949,Bill Greever,1,0,0,0.0,18.0,,134.0,0.0,0,,18.0,18.0,0.0,0.0,0.0,0.0
1952,Albert Lemieux,1,0,1,0.0,10.0,,121.0,0.0,0,17.0,10.0,10.0,0.0,100.0,0.0,0.0
1952,Rudy Hires,1,0,0,0.0,39.0,,267.0,0.0,0,45.0,39.0,39.0,0.0,0.0,0.0,0.0
1962,Gene Blackburn,1,0,0,0.0,20.0,204.0,274.0,0.0,0,30.0,20.0,20.0,0.0,0.0,0.0,0.0
1968,Frank Jones,1,0,0,0.0,26.0,0.0,55.0,0.0,0,27.0,26.0,26.0,0.0,0.0,0.0,0.0
1972,Don White,1,0,0,0.0,38.0,0.0,114.0,0.0,0,21.0,38.0,38.0,0.0,0.0,0.0,0.0
2009,Derrike Cope,1,0,0,0.0,42.0,37.0,31.0,0.0,0,43.0,42.0,42.0,0.0,0.0,0.0,0.0
2017,Kevin O'Connell,1,0,0,0.0,33.0,4.0,108.0,0.0,0,36.0,33.0,33.0,0.0,0.0,0.0,0.0
2025,Brennan Poole,1,0,0,0.0,34.0,0.0,111.0,0.0,0,37.0,34.0,34.0,0.0,0.0,0.0,0.0
1953,Ermon Rush,3,0,0,0.0,16.67,,,0.0,0,,14.0,19.0,0.0,0.0,0.0,
1956,Glen Wood,2,0,0,0.0,27.0,,177.0,0.0,0,8.0,21.0,33.0,0.0,0.0,0.0,0.0
1957,Fonty Flock,2,1,1,0.0,25.5,,18.0,0.0,0,9.5,3.0,48.0,50.0,50.0,0.0,0.0
1957,Bob Keefe,3,0,1,0.0,11.0,,367.0,0.0,0,14.5,6.0,15.0,0.0,33.33,0.0,0.0
1957,Frank Secrist,2,0,0,0.0,23.5,,104.0,0.0,0,15.0,21.0,26.0,0.0,0.0,0.0,0.0
1958,Ernie Young,1,0,0,0.0,15.0,,165.0,0.0,0,8.0,15.0,15.0,0.0,0.0,0.0,0.0
1958,Joe Lee Johnson,6,1,3,0.0,11.5,296.0,989.0,0.0,0,22.33,5.0,21.0,16.67,50.0,0.0,0.0
1960,Fireball Roberts,9,2,3,2.0,23.44,4700.0,1338.0,582.0,2,1.44,1.0,57.0,22.22,33.33,22.22,43.5
1966,Buddy Arrington,25,0,3,0.0,23.0,7636.0,3607.0,0.0,0,20.24,6.0,44.0,0.0,12.0,0.0,0.0
1970,Dick Guldstrand,2,1,2,0.0,7.5,138.0,309.0,0.0,0,18.0,5.0,10.0,50.0,100.0,0.0,0.0
1971,G.T. Tallas,2,0,0,0.0,28.0,138.0,189.0,0.0,0,33.0,11.0,45.0,0.0,0.0,0.0,0.0
1975,Jim Boyd,2,0,0,0.0,20.5,203.0,203.0,0.0,0,32.5,14.0,27.0,0.0,0.0,0.0,0.0
1979,Donnie Allison,20,7,10,0.0,14.7,2508.0,4921.0,277.0,3,9.45,2.0,37.0,35.0,50.0,0.0,5.63
1981,Dave Dion,1,0,0,0.0,28.0,79.0,143.0,0.0,0,23.0,28.0,28.0,0.0,0.0,0.0,0.0
1982,Lowell Cowell,5,0,0,0.0,17.4,554.0,862.0,0.0,0,32.4,13.0,21.0,0.0,0.0,0.0,0.0
1987,Harry Gant,29,0,4,0.0,23.34,2725.0,6497.0,71.0,2,11.28,6.0,39.0,0.0,13.79,0.0,1.09
1990,Buddy Baker,8,0,0,0.0,29.63,498.0,1326.0,1.0,0,29.5,15.0,40.0,0.0,0.0,0.0,0.08
2002,Ken Schrader,36,0,0,0.0,27.03,2954.0,9813.0,46.0,8,24.17,13.0,43.0,0.0,0.0,0.0,0.47
2011,Chris Cook,1,0,0,0.0,27.0,17.0,110.0,0.0,1,42.0,27.0,27.0,0.0,0.0,0.0,0.0
2015,Cole Whitt,36,0,0,0.0,28.72,553.0,9871.0,5.0,10,35.0,13.0,43.0,0.0,0.0,0.0,0.05
1954,Bill Barker,4,0,0,0.0,32.75,,364.0,0.0,0,16.0,18.0,58.0,0.0,0.0,0.0,0.0
1954,Bay Darnell,1,0,0,0.0,23.0,,18.0,0.0,0,17.0,23.0,23.0,0.0,0.0,0.0,0.0
1954,Pepper Cunningham,1,0,0,0.0,64.0,,0.0,0.0,0,0.0,64.0,64.0,0.0,0.0,0.0,
1954,John Erickson,1,0,0,0.0,19.0,,137.0,0.0,0,,19.0,19.0,0.0,0.0,0.0,0.0
1960,Roscoe Thompson,2,0,0,0.0,19.0,1224.0,402.0,0.0,0,27.0,11.0,27.0,0.0,0.0,0.0,0.0
1969,J.C. Yarborough,2,0,0,0.0,20.5,61.0,318.0,0.0,0,17.0,20.0,21.0,0.0,0.0,0.0,0.0
1950,Don Cecchini,1,0,0,0.0,38.0,,,0.0,0,5.0,38.0,38.0,0.0,0.0,0.0,
1953,Tom Cherry,1,0,1,0.0,9.0,,38.0,0.0,0,13.0,9.0,9.0,0.0,100.0,0.0,0.0
1960,Pat Moore,1,0,0,0.0,34.0,20.0,72.0,0.0,0,31.0,34.0,34.0,0.0,0.0,0.0,0.0
1963,Johnny Clements,1,0,0,0.0,14.0,192.0,132.0,0.0,0,10.0,14.0,14.0,0.0,0.0,0.0,0.0
1986,Randy LaJoie,1,0,0,0.0,29.0,76.0,144.0,0.0,0,20.0,29.0,29.0,0.0,0.0,0.0,0.0
1987,Glen Steurer,1,0,0,0.0,41.0,0.0,19.0,0.0,0,28.0,41.0,41.0,0.0,0.0,0.0,0.0
1956,Joe Bill O'Dell,1,0,0,0.0,32.0,,37.0,0.0,0,35.0,32.0,32.0,0.0,0.0,0.0,0.0
1961,Harvey Hege,1,0,0,0.0,13.0,208.0,166.0,0.0,0,21.0,13.0,13.0,0.0,0.0,0.0,0.0
1975,Ron Esau,1,0,0,0.0,22.0,97.0,96.0,0.0,0,30.0,22.0,22.0,0.0,0.0,0.0,0.0
1950,Al Keller,3,0,0,0.0,36.0,,328.0,0.0,0,38.5,17.0,56.0,0.0,0.0,0.0,0.0
1956,Joe Eubanks,26,7,13,0.0,15.19,,3398.0,103.0,2,9.8,3.0,62.0,26.92,50.0,0.0,3.03
1959,Chester Barron,3,0,1,0.0,19.33,,271.0,0.0,0,11.33,7.0,35.0,0.0,33.33,0.0,0.0
1961,Clem Proctor,2,0,1,0.0,15.0,400.0,100.0,0.0,0,25.0,6.0,24.0,0.0,50.0,0.0,0.0
1962,Jimmy Pardue,29,5,16,1.0,12.21,11734.0,7274.0,200.0,1,10.17,1.0,34.0,17.24,55.17,3.45,2.75
1963,Banjo Matthews,1,0,0,0.0,17.0,1548.0,358.0,0.0,0,9.0,17.0,17.0,0.0,0.0,0.0,0.0
1964,Dick Hutcherson,4,2,2,0.0,8.75,1200.0,592.0,75.0,0,4.25,2.0,15.0,50.0,50.0,0.0,12.67
1964,Major Melton,3,0,1,0.0,17.33,1888.0,737.0,0.0,0,32.67,9.0,28.0,0.0,33.33,0.0,0.0
1967,Ken Rice,3,0,0,0.0,25.0,144.0,22.0,0.0,0,26.0,19.0,28.0,0.0,0.0,0.0,0.0
1970,Joe Hines,2,0,0,0.0,19.5,34.0,43.0,0.0,0,20.5,17.0,22.0,0.0,0.0,0.0,0.0
1973,Jimmy Crawford,4,0,0,0.0,22.0,232.0,1053.0,0.0,0,31.0,16.0,30.0,0.0,0.0,0.0,0.0
1974,Ed Negre,26,0,0,0.0,21.65,,5302.0,0.0,0,25.73,11.0,34.0,0.0,0.0,0.0,0.0
1982,Jim Sauter,3,0,1,0.0,18.33,196.0,511.0,5.0,0,20.67,10.0,33.0,0.0,33.33,0.0,0.98
1982,Morgan Shepherd,29,6,13,0.0,16.17,3451.0,7708.0,211.0,4,8.48,3.0,36.0,20.69,44.83,0.0,2.74
1983,Rick McCray,4,0,0,0.0,28.25,313.0,760.0,0.0,0,22.75,23.0,39.0,0.0,0.0,0.0,0.0
1985,Norm Palmer,1,0,0,0.0,39.0,46.0,22.0,0.0,0,40.0,39.0,39.0,0.0,0.0,0.0,0.0
1988,Sterling Marlin,29,6,13,0.0,14.31,3621.0,8798.0,334.0,11,14.07,2.0,37.0,20.69,44.83,0.0,3.8
1993,Ken Bouchard,4,0,0,0.0,33.5,250.0,522.0,0.0,0,37.25,25.0,40.0,0.0,0.0,0.0,0.0
2000,Jeff Gordon,34,11,22,3.0,12.88,4461.0,9897.0,425.0,22,12.24,1.0,39.0,32.35,64.71,8.82,4.29
2007,Kevin Harvick,36,4,15,1.0,15.53,4344.0,10481.0,271.0,24,18.44,1.0,41.0,11.11,41.67,2.78,2.59
2012,Aric Almirola,36,1,4,0.0,20.0,868.0,10045.0,78.0,15,16.17,4.0,35.0,2.78,11.11,0.0,0.78
2012,Kasey Kahne,36,12,19,2.0,13.14,1129.0,9919.0,282.0,24,8.78,1.0,38.0,33.33,52.78,5.56,2.84
2015,Kyle Larson,35,2,10,0.0,19.31,872.0,9533.0,115.0,23,13.34,3.0,42.0,5.71,28.57,0.0,1.21
2023,Chris Buescher,36,9,17,3.0,12.14,1017.0,9225.0,255.0,32,14.75,1.0,35.0,25.0,47.22,8.33,2.76
2023,Austin Hill,5,0,0,0.0,26.0,0.0,758.0,0.0,3,30.4,14.0,37.0,0.0,0.0,0.0,0.0
1949,Bobby Greene,2,0,0,0.0,14.0,,148.0,0.0,0,,11.0,17.0,0.0,0.0,0.0,0.0
1949,Wally Campbell,1,0,0,0.0,24.0,,166.0,0.0,0,8.0,24.0,24.0,0.0,0.0,0.0,0.0
1952,Clyde Pittinger,3,0,0,0.0,17.67,,703.0,0.0,0,23.33,17.0,19.0,0.0,0.0,0.0,0.0
1952,Don Kent,1,0,0,0.0,20.0,,255.0,0.0,0,28.0,20.0,20.0,0.0,0.0,0.0,0.0
1954,Bill West,3,0,1,0.0,17.67,,888.0,0.0,0,6.0,7.0,26.0,0.0,33.33,0.0,0.0
1957,Harvey Henderson,1,0,0,0.0,15.0,,172.0,0.0,0,13.0,15.0,15.0,0.0,0.0,0.0,0.0
1974,Ronnie Childress,1,0,0,0.0,30.0,,43.0,0.0,0,28.0,30.0,30.0,0.0,0.0,0.0,0.0
1980,Vince Giamformaggio,1,0,0,0.0,20.0,103.0,109.0,0.0,0,31.0,20.0,20.0,0.0,0.0,0.0,0.0
1987,Larry Caudill,1,0,0,0.0,21.0,0.0,470.0,0.0,0,33.0,21.0,21.0,0.0,0.0,0.0,0.0
1993,Al Unser Jr.,1,0,0,0.0,36.0,55.0,157.0,0.0,0,40.0,36.0,36.0,0.0,0.0,0.0,0.0
1950,Eddie Adams,1,0,0,0.0,34.0,,,0.0,0,,34.0,34.0,0.0,0.0,0.0,
1952,Doug Yates,1,0,0,0.0,38.0,,,0.0,0,10.0,38.0,38.0,0.0,0.0,0.0,
1961,Homer Galloway,1,0,0,0.0,12.0,224.0,127.0,0.0,0,11.0,12.0,12.0,0.0,0.0,0.0,0.0
1987,Roy Smith,2,0,0,0.0,39.5,89.0,29.0,0.0,0,18.5,39.0,40.0,0.0,0.0,0.0,0.0
1951,Gordon Harvey,1,0,0,0.0,43.0,,,0.0,0,43.0,43.0,43.0,0.0,0.0,0.0,
1952,Marion Edwards,1,1,1,0.0,5.0,,183.0,0.0,0,12.0,5.0,5.0,100.0,100.0,0.0,0.0
1957,Emory Mahon,1,0,0,0.0,23.0,,3.0,0.0,0,6.0,23.0,23.0,0.0,0.0,0.0,0.0
1961,Buck Fulp,1,0,1,0.0,7.0,304.0,65.0,0.0,0,13.0,7.0,7.0,0.0,100.0,0.0,0.0
1975,Doc Faustina,1,0,0,0.0,22.0,97.0,116.0,0.0,0,35.0,22.0,22.0,0.0,0.0,0.0,0.0
1955,Fred Dove,7,1,3,0.0,14.57,668.0,830.0,0.0,0,16.29,3.0,25.0,14.29,42.86,0.0,0.0
1957,Bill Champion,10,0,1,0.0,20.1,0.0,1663.0,0.0,0,19.9,10.0,31.0,0.0,10.0,0.0,0.0
1957,Dick Foley,1,0,0,0.0,48.0,,,0.0,0,56.0,48.0,48.0,0.0,0.0,0.0,
1957,Ted Chamberlain,5,0,1,0.0,24.6,,903.0,0.0,0,31.0,9.0,49.0,0.0,20.0,0.0,0.0
1958,Clyde Goons,1,0,0,0.0,16.0,,69.0,0.0,0,22.0,16.0,16.0,0.0,0.0,0.0,0.0
1958,Curtis Turner,17,8,10,3.0,10.35,2856.0,3068.0,827.0,6,11.0,1.0,33.0,47.06,58.82,17.65,26.96
1958,Joe Eubanks,7,2,3,1.0,15.43,784.0,956.0,38.0,1,10.5,1.0,35.0,28.57,42.86,14.29,3.97
1961,Joe Kelly,2,0,0,0.0,24.5,850.0,200.0,0.0,0,33.0,19.0,30.0,0.0,0.0,0.0,0.0
1962,Wendell Scott,41,4,19,0.0,12.32,9906.0,8542.0,0.0,0,16.2,3.0,30.0,9.76,46.34,0.0,0.0
1962,Marvin Panch,17,5,8,0.0,14.47,15138.0,3642.0,172.0,4,9.0,2.0,44.0,29.41,47.06,0.0,4.72
1964,Larry Thomas,43,9,27,0.0,10.7,22945.0,10025.0,0.0,0,12.81,2.0,32.0,20.93,62.79,0.0,0.0
1969,Homer Newland,2,0,0,0.0,31.5,117.0,179.0,0.0,0,25.0,27.0,36.0,0.0,0.0,0.0,0.0
1971,Don Tarr,4,0,1,0.0,26.5,226.0,496.0,0.0,0,25.0,7.0,43.0,0.0,25.0,0.0,0.0
1973,Frank Warren,26,0,0,0.0,21.42,1538.0,6713.0,0.0,0,27.0,13.0,43.0,0.0,0.0,0.0,0.0
1975,Salt Walther,2,0,0,0.0,27.0,0.0,240.0,0.0,0,22.5,17.0,37.0,0.0,0.0,0.0,0.0
1976,Elmo Langley,7,0,1,0.0,15.14,824.0,2451.0,0.0,0,21.57,10.0,25.0,0.0,14.29,0.0,0.0
1978,Ed Negre,21,0,1,0.0,23.71,1857.0,4927.0,0.0,0,27.48,10.0,35.0,0.0,4.76,0.0,0.0
1982,Gary Balough,5,0,1,0.0,17.0,564.0,1359.0,0.0,0,21.2,7.0,32.0,0.0,20.0,0.0,0.0
1983,Bobby Hillin Jr.,12,0,0,0.0,22.08,737.0,2791.0,0.0,0,29.0,11.0,41.0,0.0,0.0,0.0,0.0
1984,Jim Southard,4,0,0,0.0,25.5,243.0,1113.0,0.0,0,35.5,20.0,31.0,0.0,0.0,0.0,0.0
1990,Darrell Waltrip,23,5,12,0.0,12.39,3013.0,8138.0,297.0,8,13.48,2.0,33.0,21.74,52.17,0.0,3.65
1992,Kyle Petty,29,9,17,2.0,11.21,3945.0,9058.0,970.0,15,13.17,1.0,29.0,31.03,58.62,6.9,10.71
1993,Geoff Bodine,30,2,9,1.0,18.37,3338.0,8496.0,102.0,6,13.9,1.0,43.0,6.67,30.0,3.33,1.2
1993,Hut Stricklin,30,1,2,0.0,22.77,2866.0,8356.0,98.0,4,21.0,4.0,40.0,3.33,6.67,0.0,1.17
2005,Mark Martin,36,12,19,1.0,13.22,4676.0,10306.0,324.0,29,15.53,1.0,41.0,33.33,52.78,2.78,3.14
2005,Bill Elliott,9,0,0,0.0,28.78,695.0,2102.0,13.0,3,21.44,11.0,43.0,0.0,0.0,0.0,0.62
2006,Carl Edwards,36,10,20,0.0,15.25,4428.0,10347.0,189.0,28,19.31,2.0,43.0,27.78,55.56,0.0,1.83
2009,Terry Labonte,6,0,0,0.0,35.83,338.0,1115.0,1.0,1,39.5,24.0,42.0,0.0,0.0,0.0,0.09
2013,David Ragan,36,1,2,1.0,26.92,633.0,9458.0,22.0,12,26.58,1.0,43.0,2.78,5.56,2.78,0.23
2019,Chris Buescher,36,0,4,0.0,17.83,725.0,10038.0,13.0,20,21.61,6.0,37.0,0.0,11.11,0.0,0.13
2023,Christopher Bell,36,10,19,2.0,12.94,1114.0,8868.0,599.0,29,9.61,1.0,36.0,27.78,52.78,5.56,6.75
1954,Ernie Young,3,0,0,0.0,26.0,,739.0,0.0,0,27.0,22.0,32.0,0.0,0.0,0.0,0.0
1957,Billy Cantrell,1,0,0,0.0,14.0,,53.0,0.0,0,25.0,14.0,14.0,0.0,0.0,0.0,0.0
1973,Carl Joiner,1,0,0,0.0,33.0,36.0,46.0,0.0,0,33.0,33.0,33.0,0.0,0.0,0.0,0.0
1979,Dick Whalen,1,0,0,0.0,19.0,106.0,81.0,0.0,0,32.0,19.0,19.0,0.0,0.0,0.0,0.0
1985,Ken Ragan,7,0,0,0.0,27.14,356.0,1359.0,0.0,0,35.71,17.0,37.0,0.0,0.0,0.0,0.0
1999,Butch Gilliland,1,0,0,0.0,43.0,34.0,3.0,0.0,0,27.0,43.0,43.0,0.0,0.0,0.0,0.0
2005,Ron Fellows,2,0,1,0.0,16.5,230.0,202.0,0.0,2,40.0,8.0,25.0,0.0,50.0,0.0,0.0
1952,Mike Little,1,0,0,0.0,24.0,,62.0,0.0,0,22.0,24.0,24.0,0.0,0.0,0.0,0.0
1966,Mike Page,1,0,0,0.0,15.0,220.0,132.0,0.0,0,13.0,15.0,15.0,0.0,0.0,0.0,0.0
1992,Mike Chase,1,0,0,0.0,35.0,58.0,69.0,0.0,0,39.0,35.0,35.0,0.0,0.0,0.0,0.0
1951,Dan Rush,1,0,0,0.0,18.0,,,0.0,0,,18.0,18.0,0.0,0.0,0.0,
1954,Ted Rambo,5,0,1,0.0,25.6,,296.0,0.0,0,22.0,8.0,54.0,0.0,20.0,0.0,0.0
1954,Jimmie Lewallen,22,5,10,0.0,13.64,,2963.0,0.0,0,28.5,2.0,41.0,22.73,45.45,0.0,0.0
1954,Joe Weatherly,1,0,1,0.0,7.0,,196.0,0.0,0,,7.0,7.0,0.0,100.0,0.0,0.0
1956,Erick Erickson,5,0,1,0.0,14.6,,736.0,0.0,0,14.2,9.0,18.0,0.0,20.0,0.0,0.0
1956,Bill Stacy,1,0,0,0.0,26.0,,70.0,0.0,0,13.0,26.0,26.0,0.0,0.0,0.0,0.0
1956,Charlie Cregar,2,0,0,0.0,37.5,,74.0,0.0,0,23.5,21.0,54.0,0.0,0.0,0.0,0.0
1956,Andy Wilson,1,0,0,0.0,19.0,,59.0,0.0,0,13.0,19.0,19.0,0.0,0.0,0.0,0.0
1960,Gene Marmor,4,0,1,0.0,24.25,640.0,732.0,0.0,0,25.25,8.0,49.0,0.0,25.0,0.0,0.0
1964,Johnny Rutherford,3,0,1,0.0,17.0,0.0,280.0,0.0,0,22.33,7.0,26.0,0.0,33.33,0.0,0.0
1965,Junior Spencer,20,2,7,0.0,18.2,8340.0,4040.0,0.0,0,14.05,5.0,44.0,10.0,35.0,0.0,0.0
1966,Neil Castles,40,7,17,0.0,13.25,19234.0,8820.0,0.0,0,21.7,2.0,40.0,17.5,42.5,0.0,0.0
1969,Dave Marcis,37,3,11,0.0,17.38,2348.0,7099.0,22.0,0,10.27,3.0,37.0,8.11,29.73,0.0,0.31
1969,Ken Meisenhelder,16,0,0,0.0,19.5,627.0,1834.0,0.0,0,23.44,12.0,32.0,0.0,0.0,0.0,0.0
1969,J.W. King,1,0,0,0.0,30.0,0.0,26.0,0.0,0,34.0,30.0,30.0,0.0,0.0,0.0,0.0
1970,Donnie Allison,19,10,12,3.0,10.53,841.0,5252.0,671.0,4,7.0,1.0,35.0,52.63,63.16,15.79,12.78
1971,Jerry Oliver,2,1,1,0.0,17.0,204.0,192.0,0.0,0,27.0,5.0,29.0,50.0,50.0,0.0,0.0
1972,J.D. McDuffie,27,1,2,0.0,21.11,1608.0,6231.0,0.0,0,27.41,5.0,36.0,3.7,7.41,0.0,0.0
1974,Richie Panch,28,2,7,0.0,20.75,,6257.0,1.0,0,17.71,3.0,44.0,7.14,25.0,0.0,0.02
1974,Hershel McGriff,5,0,1,0.0,25.6,,559.0,0.0,0,12.2,10.0,39.0,0.0,20.0,0.0,0.0
1975,Johnny Rutherford,4,0,0,0.0,33.25,0.0,189.0,0.0,0,12.0,27.0,40.0,0.0,0.0,0.0,0.0
1976,Dave Marcis,30,9,16,3.0,13.8,3875.0,8355.0,893.0,4,4.37,1.0,32.0,30.0,53.33,10.0,10.69
1976,Joe Mihalic,9,0,0,0.0,18.0,981.0,2171.0,0.0,0,27.78,12.0,26.0,0.0,0.0,0.0,0.0
1977,Joe Mihalic,8,0,0,0.0,25.88,683.0,1550.0,0.0,0,29.63,18.0,40.0,0.0,0.0,0.0,0.0
1978,Tommy Gale,26,0,0,0.0,20.5,2639.0,6990.0,0.0,0,24.08,13.0,31.0,0.0,0.0,0.0,0.0
1984,Phil Parsons,23,0,3,0.0,19.3,2290.0,6301.0,4.0,0,20.96,7.0,41.0,0.0,13.04,0.0,0.06
1985,Blair Aiken,2,0,0,0.0,33.5,125.0,135.0,0.0,0,35.0,29.0,38.0,0.0,0.0,0.0,0.0
1988,Cale Yarborough,10,0,3,0.0,23.5,940.0,1653.0,6.0,1,26.9,9.0,41.0,0.0,30.0,0.0,0.36
1988,Mike Alexander,16,2,6,0.0,15.25,1813.0,4677.0,51.0,2,16.5,3.0,29.0,12.5,37.5,0.0,1.09
1993,Dirk Stephens,2,0,0,0.0,36.0,110.0,96.0,0.0,0,40.5,30.0,42.0,0.0,0.0,0.0,0.0
1993,Rich Bickle,5,0,0,0.0,35.2,292.0,842.0,1.0,0,26.8,21.0,41.0,0.0,0.0,0.0,0.12
1994,Ken Schrader,31,9,18,0.0,12.42,4060.0,9704.0,222.0,15,14.23,2.0,39.0,29.03,58.06,0.0,2.29
1997,Gary Bradberry,16,0,0,0.0,36.25,868.0,4207.0,0.0,0,32.44,25.0,43.0,0.0,0.0,0.0,0.0
1999,Jimmy Spencer,34,2,4,0.0,22.35,3312.0,9579.0,40.0,9,26.38,2.0,43.0,5.88,11.76,0.0,0.42
2001,Joe Nemechek,31,1,4,1.0,22.81,2994.0,8706.0,229.0,10,21.55,1.0,43.0,3.23,12.9,3.23,2.63
2003,Johnny Sauter,5,0,0,0.0,30.6,356.0,1560.0,0.0,1,29.6,23.0,38.0,0.0,0.0,0.0,0.0
2005,Scott Wimmer,36,0,0,0.0,25.75,3122.0,10074.0,45.0,13,27.53,11.0,42.0,0.0,0.0,0.0,0.45
2011,Cole Whitt,2,0,0,0.0,31.0,0.0,463.0,0.0,0,24.0,25.0,37.0,0.0,0.0,0.0,0.0
2015,David Ragan,36,1,1,0.0,24.64,701.0,9887.0,8.0,14,17.22,5.0,41.0,2.78,2.78,0.0,0.08
1954,Bill Stammer,2,0,0,0.0,16.5,,631.0,0.0,0,9.0,16.0,17.0,0.0,0.0,0.0,0.0
1954,Gwyn Staley,2,0,1,0.0,19.5,,357.0,0.0,0,25.0,8.0,31.0,0.0,50.0,0.0,0.0
1961,Budd Olsen,1,0,0,0.0,13.0,,168.0,0.0,0,12.0,13.0,13.0,0.0,0.0,0.0,0.0
1965,Jim Hunter,1,1,1,0.0,4.0,352.0,191.0,0.0,0,10.0,4.0,4.0,100.0,100.0,0.0,0.0
1965,Jim Tatum,1,0,0,0.0,19.0,112.0,103.0,0.0,0,23.0,19.0,19.0,0.0,0.0,0.0,0.0
1971,Pete Torres,1,0,0,0.0,34.0,51.0,19.0,0.0,0,18.0,34.0,34.0,0.0,0.0,0.0,0.0
1979,Richard White,3,0,0,0.0,25.0,264.0,234.0,0.0,0,30.67,16.0,30.0,0.0,0.0,0.0,0.0
1979,Buck Simmons,2,0,0,0.0,21.5,197.0,438.0,0.0,0,19.0,14.0,29.0,0.0,0.0,0.0,0.0
1980,Randy Ogden,4,0,0,0.0,34.25,204.0,135.0,0.0,0,23.25,30.0,42.0,0.0,0.0,0.0,0.0
1988,Mike Potter,1,0,0,0.0,37.0,52.0,44.0,0.0,0,39.0,37.0,37.0,0.0,0.0,0.0,0.0
1952,Billy Carden,3,0,0,0.0,24.33,,186.0,0.0,0,18.0,11.0,48.0,0.0,0.0,0.0,0.0
1953,Ernie Derr,1,0,0,0.0,11.0,,119.0,0.0,0,,11.0,11.0,0.0,0.0,0.0,0.0
1965,Bernard Alvarez,2,0,0,0.0,33.0,132.0,9.0,0.0,0,28.0,24.0,42.0,0.0,0.0,0.0,0.0
1971,Leonard Blanchard,1,0,0,0.0,16.0,35.0,46.0,0.0,0,23.0,16.0,16.0,0.0,0.0,0.0,0.0
1971,Rene Charland,1,0,0,0.0,31.0,0.0,33.0,0.0,0,12.0,31.0,31.0,0.0,0.0,0.0,0.0
1972,Clem Proctor,1,0,0,0.0,30.0,42.0,37.0,0.0,0,14.0,30.0,30.0,0.0,0.0,0.0,0.0
1983,Al Elmore,4,0,0,0.0,18.75,0.0,1151.0,0.0,0,28.25,16.0,22.0,0.0,0.0,0.0,0.0
1992,Jeff Gordon,1,0,0,0.0,31.0,70.0,164.0,0.0,0,21.0,31.0,31.0,0.0,0.0,0.0,0.0
1952,Eddie Lenz,1,0,0,0.0,14.0,,55.0,0.0,0,9.0,14.0,14.0,0.0,0.0,0.0,0.0
1955,Gene Rose,1,0,0,0.0,19.0,168.0,160.0,0.0,0,32.0,19.0,19.0,0.0,0.0,0.0,0.0
1965,Johnny Rutherford,1,0,0,0.0,13.0,0.0,298.0,0.0,0,24.0,13.0,13.0,0.0,0.0,0.0,0.0
1968,Jim Cook,1,0,0,0.0,11.0,0.0,162.0,0.0,0,20.0,11.0,11.0,0.0,0.0,0.0,0.0
1971,James Sears,1,0,0,0.0,39.0,0.0,9.0,0.0,0,36.0,39.0,39.0,0.0,0.0,0.0,0.0
1989,Bill Flowers,1,0,0,0.0,35.0,58.0,2.0,0.0,0,34.0,35.0,35.0,0.0,0.0,0.0,0.0
1950,Bill Blair,16,5,7,1.0,12.63,,1550.0,218.0,2,24.33,1.0,34.0,31.25,43.75,6.25,14.06
1952,Allan Clarke,3,0,1,0.0,16.33,,170.0,0.0,0,14.0,9.0,29.0,0.0,33.33,0.0,0.0
1953,Gober Sosebee,17,2,9,0.0,10.24,,943.0,73.0,1,15.0,2.0,23.0,11.76,52.94,0.0,7.74
1953,Dick Girvin,1,0,0,0.0,17.0,,,0.0,0,,17.0,17.0,0.0,0.0,0.0,
1954,Irv Atkinson,1,0,0,0.0,24.0,,35.0,0.0,0,,24.0,24.0,0.0,0.0,0.0,0.0
1957,Charlie Cregar,3,0,3,0.0,8.67,,356.0,0.0,0,20.33,8.0,10.0,0.0,100.0,0.0,0.0
1960,Jimmy Pardue,32,1,11,0.0,16.94,6692.0,5004.0,0.0,0,20.63,5.0,45.0,3.13,34.38,0.0,0.0
1961,Paul Goldsmith,2,1,2,0.0,6.0,2930.0,239.0,0.0,2,12.0,3.0,9.0,50.0,100.0,0.0,0.0
1961,Chuck Webb,2,0,1,0.0,20.0,328.0,120.0,0.0,0,35.0,7.0,33.0,0.0,50.0,0.0,0.0
1964,Toy Bolton,1,0,0,0.0,23.0,48.0,48.0,0.0,0,24.0,23.0,23.0,0.0,0.0,0.0,0.0
1967,Roy Tyner,27,0,1,0.0,23.19,4952.0,2966.0,0.0,0,26.11,10.0,41.0,0.0,3.7,0.0,0.0
1972,David Ray Boggs,24,0,0,0.0,25.42,1222.0,3968.0,0.0,0,24.88,12.0,50.0,0.0,0.0,0.0,0.0
1976,Ed Negre,28,0,2,0.0,22.14,2709.0,6153.0,0.0,0,26.29,8.0,37.0,0.0,7.14,0.0,0.0
1978,Cecil Gordon,26,0,1,0.0,20.5,2641.0,6771.0,0.0,0,29.92,9.0,40.0,0.0,3.85,0.0,0.0
1978,John A. Utsman,4,0,0,0.0,30.0,292.0,612.0,0.0,0,28.25,16.0,40.0,0.0,0.0,0.0,0.0
1980,Donnie Allison,18,3,6,0.0,21.28,1730.0,3794.0,231.0,1,11.06,3.0,39.0,16.67,33.33,0.0,6.09
1980,Frank Warren,7,0,0,0.0,24.0,549.0,1591.0,0.0,0,28.71,17.0,33.0,0.0,0.0,0.0,0.0
1980,Marty Robbins,4,0,0,0.0,27.0,204.0,529.0,0.0,0,33.5,13.0,33.0,0.0,0.0,0.0,0.0
1983,Dale Earnhardt,30,9,14,2.0,15.33,3732.0,7701.0,1027.0,8,9.2,1.0,35.0,30.0,46.67,6.67,13.34
1984,Jim Sauter,3,0,0,0.0,24.67,52.0,737.0,0.0,0,29.67,17.0,37.0,0.0,0.0,0.0,0.0
1984,Jeff Hooker,4,0,0,0.0,27.5,322.0,980.0,0.0,0,31.25,20.0,39.0,0.0,0.0,0.0,0.0
1986,Tim Richmond,29,13,17,7.0,9.93,4174.0,8544.0,1005.0,12,4.72,1.0,32.0,44.83,58.62,24.14,11.76
1988,Chad Little,4,0,0,0.0,21.0,405.0,1089.0,3.0,0,31.5,15.0,27.0,0.0,0.0,0.0,0.28
1993,Dick Trickle,26,1,2,0.0,26.0,2224.0,7003.0,3.0,1,26.85,5.0,41.0,3.85,7.69,0.0,0.04
1997,Jeff Purvis,3,0,0,0.0,38.0,152.0,376.0,1.0,0,19.33,37.0,39.0,0.0,0.0,0.0,0.27
2021,Kevin Harvick,36,10,24,0.0,10.86,1129.0,9150.0,217.0,32,9.69,2.0,37.0,27.78,66.67,0.0,2.37
1949,Fonty Flock,6,3,3,0.0,14.17,,304.0,85.0,0,4.0,2.0,45.0,50.0,50.0,0.0,27.96
1950,Bill Long,1,0,1,0.0,6.0,,141.0,0.0,0,,6.0,6.0,0.0,100.0,0.0,0.0
1952,Joe Gillow,1,0,0,0.0,26.0,,20.0,0.0,0,24.0,26.0,26.0,0.0,0.0,0.0,0.0
1952,Herschel White,1,0,1,0.0,10.0,,283.0,0.0,0,19.0,10.0,10.0,0.0,100.0,0.0,0.0
1954,Dick Kable,1,0,0,0.0,26.0,,168.0,0.0,0,,26.0,26.0,0.0,0.0,0.0,0.0
1958,Carl Burris,4,0,1,0.0,24.5,0.0,586.0,0.0,0,24.5,9.0,47.0,0.0,25.0,0.0,0.0
1965,Bill Champion,1,0,0,0.0,18.0,128.0,109.0,0.0,0,17.0,18.0,18.0,0.0,0.0,0.0,0.0
1986,Tom Rotsell,1,0,0,0.0,26.0,85.0,84.0,0.0,0,28.0,26.0,26.0,0.0,0.0,0.0,0.0
1991,Andy Belmont,1,0,0,0.0,40.0,43.0,11.0,0.0,0,40.0,40.0,40.0,0.0,0.0,0.0,0.0
2018,Tanner Berryhill,2,0,0,0.0,34.5,7.0,537.0,0.0,0,36.5,31.0,38.0,0.0,0.0,0.0,0.0
1952,Joie Ray,1,0,0,0.0,51.0,,,0.0,0,25.0,51.0,51.0,0.0,0.0,0.0,
1959,Larry Lyndstrom,1,0,0,0.0,16.0,104.0,99.0,0.0,0,22.0,16.0,16.0,0.0,0.0,0.0,0.0
1959,Bob Reuther,1,0,1,0.0,9.0,,284.0,0.0,0,11.0,9.0,9.0,0.0,100.0,0.0,0.0
1974,Sam McQuagg,3,0,2,0.0,15.67,,698.0,1.0,0,15.0,7.0,32.0,0.0,66.67,0.0,0.14
1977,Randy Myers,1,0,0,0.0,20.0,0.0,377.0,0.0,0,25.0,20.0,20.0,0.0,0.0,0.0,0.0
1987,Patrick Latimer,1,0,0,0.0,40.0,43.0,38.0,0.0,0,38.0,40.0,40.0,0.0,0.0,0.0,0.0
1987,Ruben Garcia,2,0,0,0.0,29.0,152.0,116.0,0.0,0,41.0,19.0,39.0,0.0,0.0,0.0,0.0
1949,Charles Muscatel,1,0,1,0.0,8.0,,,0.0,0,,8.0,8.0,0.0,100.0,0.0,
1960,Art Watts,1,0,1,0.0,7.0,480.0,168.0,0.0,0,7.0,7.0,7.0,0.0,100.0,0.0,0.0
1978,Jimmy Insolo,3,0,2,0.0,15.33,369.0,345.0,5.0,0,9.0,7.0,32.0,0.0,66.67,0.0,1.45
1984,Grant Adcox,1,0,0,0.0,40.0,43.0,1.0,0.0,0,31.0,40.0,40.0,0.0,0.0,0.0,0.0
1952,Fran Jischke,1,0,0,0.0,14.0,,158.0,0.0,0,6.0,14.0,14.0,0.0,0.0,0.0,0.0
1954,Slick Smith,6,1,2,0.0,19.17,,698.0,0.0,0,19.0,4.0,60.0,16.67,33.33,0.0,0.0
1955,Ralph Liguori,12,0,6,0.0,12.75,2124.0,1593.0,0.0,0,19.33,7.0,21.0,0.0,50.0,0.0,0.0
1957,Tiny Lund,32,6,15,0.0,13.97,,4922.0,209.0,1,11.06,3.0,51.0,18.75,46.88,0.0,4.25
1957,Gwyn Staley,13,7,9,3.0,10.69,,2449.0,294.0,4,9.75,1.0,46.0,53.85,69.23,23.08,12.0
1958,Larry Frank,11,1,4,0.0,18.82,540.0,2099.0,0.0,1,14.73,3.0,39.0,9.09,36.36,0.0,0.0
1959,Curtis Turner,10,4,4,2.0,12.2,2088.0,1293.0,438.0,4,15.2,1.0,29.0,40.0,40.0,20.0,33.87
1960,Joe Lee Johnson,22,6,8,1.0,19.05,7232.0,3453.0,48.0,2,14.09,1.0,64.0,27.27,36.36,4.55,1.39
1961,Jim Paschal,23,12,16,2.0,9.22,13922.0,5464.0,203.0,5,8.26,1.0,49.0,52.17,69.57,8.7,3.72
1966,Paul Dean Holt,4,0,0,0.0,19.75,446.0,213.0,0.0,0,19.75,16.0,22.0,0.0,0.0,0.0,0.0
1969,Bobby Allison,27,13,15,5.0,13.52,2055.0,6445.0,1112.0,9,8.11,1.0,43.0,48.15,55.56,18.52,17.25
1969,Cale Yarborough,19,7,8,2.0,16.84,1715.0,4341.0,946.0,4,3.79,1.0,38.0,36.84,42.11,10.53,21.79
1972,Mel Larson,4,0,0,0.0,23.0,42.0,609.0,0.0,0,35.5,15.0,30.0,0.0,0.0,0.0,0.0
1973,David Pearson,18,14,14,11.0,7.78,1831.0,5338.0,151.0,14,3.39,1.0,36.0,77.78,77.78,61.11,2.83
1974,Sonny Easley,3,0,1,0.0,15.0,,415.0,0.0,0,15.33,7.0,26.0,0.0,33.33,0.0,0.0
1975,Harold Miller,5,0,0,0.0,31.2,347.0,455.0,0.0,0,34.0,24.0,36.0,0.0,0.0,0.0,0.0
1976,Richard Childress,30,0,11,0.0,16.53,3428.0,8147.0,0.0,0,17.87,6.0,36.0,0.0,36.67,0.0,0.0
1977,Darrell Waltrip,30,16,24,6.0,8.27,4498.0,9301.0,948.0,12,4.97,1.0,35.0,53.33,80.0,20.0,10.19
1980,Buddy Baker,19,10,12,2.0,12.47,2603.0,5042.0,671.0,9,3.63,1.0,39.0,52.63,63.16,10.53,13.31
1982,Joe Millikan,7,0,2,0.0,18.71,678.0,2065.0,5.0,0,16.43,6.0,40.0,0.0,28.57,0.0,0.24
1983,Terry Labonte,30,11,20,1.0,12.07,4004.0,8498.0,434.0,9,7.03,1.0,36.0,36.67,66.67,3.33,5.11
1985,Clark Dwyer,28,0,0,0.0,22.89,2641.0,7205.0,0.0,0,30.21,14.0,40.0,0.0,0.0,0.0,0.0
1986,Harry Gant,29,9,13,0.0,16.41,3498.0,7965.0,646.0,10,10.48,2.0,37.0,31.03,44.83,0.0,8.11
1989,Bob Schacht,2,0,0,0.0,26.0,170.0,602.0,0.0,0,37.5,25.0,27.0,0.0,0.0,0.0,0.0
1995,Kyle Petty,30,1,5,1.0,25.6,2638.0,8127.0,311.0,7,23.6,1.0,42.0,3.33,16.67,3.33,3.83
2001,Johnny Benson Jr.,36,6,14,0.0,17.14,4152.0,10049.0,101.0,21,17.67,3.0,41.0,16.67,38.89,0.0,1.01
2002,Stuart Kirby,2,0,0,0.0,40.0,86.0,168.0,0.0,0,34.0,37.0,43.0,0.0,0.0,0.0,0.0
2020,J.J. Yeley,34,0,0,0.0,31.0,0.0,8461.0,2.0,2,31.94,21.0,40.0,0.0,0.0,0.0,0.02
2020,Kaz Grala,1,0,1,0.0,7.0,0.0,65.0,3.0,1,10.0,7.0,7.0,0.0,100.0,0.0,4.62
2024,Shane van Gisbergen,12,1,2,0.0,22.83,0.0,2398.0,49.0,7,20.67,2.0,40.0,8.33,16.67,0.0,2.04
1950,Milford Schell,1,0,0,0.0,23.0,,104.0,0.0,0,,23.0,23.0,0.0,0.0,0.0,0.0
1954,George Seeger,2,1,1,0.0,16.0,,669.0,0.0,0,4.0,5.0,27.0,50.0,50.0,0.0,0.0
1954,Volney Schulze,1,0,0,0.0,37.0,,46.0,0.0,0,,37.0,37.0,0.0,0.0,0.0,0.0
1955,John McGinley,1,0,0,0.0,12.0,112.0,157.0,0.0,0,21.0,12.0,12.0,0.0,0.0,0.0,0.0
1956,Don Carr,5,0,0,0.0,26.2,,499.0,0.0,0,17.6,16.0,36.0,0.0,0.0,0.0,0.0
1956,George Cork,4,0,0,0.0,17.25,,905.0,0.0,0,29.67,15.0,19.0,0.0,0.0,0.0,0.0
1960,Paul Norris,1,0,0,0.0,44.0,84.0,1.0,0.0,0,42.0,44.0,44.0,0.0,0.0,0.0,0.0
1961,Dave Mader,6,0,0,0.0,27.83,1578.0,638.0,0.0,0,20.67,16.0,38.0,0.0,0.0,0.0,0.0
1969,Ranny Dodd,1,0,0,0.0,16.0,105.0,143.0,0.0,0,34.0,16.0,16.0,0.0,0.0,0.0,0.0
1969,Frank Burnett,1,0,0,0.0,25.0,78.0,80.0,0.0,0,31.0,25.0,25.0,0.0,0.0,0.0,0.0
1972,Gordon Johncock,2,0,0,0.0,38.5,0.0,226.0,0.0,0,15.5,35.0,42.0,0.0,0.0,0.0,0.0
1979,Bobby Brack,1,0,0,0.0,35.0,63.0,70.0,1.0,0,24.0,35.0,35.0,0.0,0.0,0.0,1.43
1984,Rick McCray,2,0,0,0.0,33.5,125.0,102.0,0.0,0,27.5,30.0,37.0,0.0,0.0,0.0,0.0
2003,Casey Atwood,2,0,0,0.0,35.5,113.0,235.0,0.0,0,30.5,31.0,40.0,0.0,0.0,0.0,0.0
1950,Ken Marriott,1,0,0,0.0,44.0,,,0.0,0,,44.0,44.0,0.0,0.0,0.0,
1952,Charles Stark,1,0,0,0.0,19.0,,,0.0,0,,19.0,19.0,0.0,0.0,0.0,
1953,Tom Travis,1,0,0,0.0,25.0,,33.0,0.0,0,57.0,25.0,25.0,0.0,0.0,0.0,0.0
1953,Bill Harrison,3,0,3,0.0,6.0,,192.0,0.0,0,,6.0,6.0,0.0,100.0,0.0,0.0
1962,Rock Harn,1,0,0,0.0,22.0,64.0,2.0,0.0,0,22.0,22.0,22.0,0.0,0.0,0.0,0.0
1963,John Hoffman,1,0,0,0.0,22.0,64.0,51.0,0.0,0,23.0,22.0,22.0,0.0,0.0,0.0,0.0
1966,Donnie Allison,2,0,1,0.0,18.0,2384.0,664.0,0.0,0,33.0,9.0,27.0,0.0,50.0,0.0,0.0
1971,Stick Elliott,2,0,0,0.0,25.5,0.0,598.0,0.0,0,21.5,20.0,31.0,0.0,0.0,0.0,0.0
1987,Harry Goularte,2,0,0,0.0,26.0,170.0,171.0,0.0,0,34.5,20.0,32.0,0.0,0.0,0.0,0.0
1989,Andy Belmont,1,0,0,0.0,29.0,76.0,373.0,0.0,0,35.0,29.0,29.0,0.0,0.0,0.0,0.0
1990,A.J. Foyt,3,0,0,0.0,33.67,191.0,301.0,4.0,0,20.33,27.0,38.0,0.0,0.0,0.0,1.33
2008,Ron Fellows,2,0,0,0.0,21.0,200.0,202.0,0.0,2,27.0,13.0,29.0,0.0,0.0,0.0,0.0
2013,Tomy Drissi,2,0,0,0.0,40.0,8.0,147.0,0.0,0,41.5,38.0,42.0,0.0,0.0,0.0,0.0
2013,Brendan Gaughan,1,0,0,0.0,33.0,0.0,196.0,0.0,0,39.0,33.0,33.0,0.0,0.0,0.0,0.0
1968,Johnny Steele,1,0,0,0.0,31.0,0.0,33.0,0.0,0,42.0,31.0,31.0,0.0,0.0,0.0,0.0
1978,Bill Green,1,0,0,0.0,30.0,73.0,0.0,0.0,0,28.0,30.0,30.0,0.0,0.0,0.0,
2000,Bobby Hamilton Jr.,2,0,0,0.0,32.0,134.0,580.0,0.0,0,29.0,31.0,33.0,0.0,0.0,0.0,0.0
2005,Chris Cook,1,0,0,0.0,28.0,79.0,110.0,0.0,1,28.0,28.0,28.0,0.0,0.0,0.0,0.0
1951,Ed Benedict,6,0,1,0.0,21.67,,445.0,0.0,0,43.0,7.0,53.0,0.0,16.67,0.0,0.0
1953,Don Stumpf,1,0,0,0.0,22.0,,,0.0,0,,22.0,22.0,0.0,0.0,0.0,
1954,Herb Thomas,34,19,27,12.0,7.71,,5605.0,1255.0,16,3.53,1.0,59.0,55.88,79.41,35.29,22.39
1956,Ralph Liguori,16,0,3,0.0,24.06,,1382.0,0.0,0,19.33,6.0,55.0,0.0,18.75,0.0,0.0
1956,Fireball Roberts,33,17,22,5.0,11.58,,5695.0,471.0,10,9.75,1.0,59.0,51.52,66.67,15.15,8.27
1957,Jack Marsh,3,0,1,0.0,13.67,,489.0,0.0,0,16.0,8.0,17.0,0.0,33.33,0.0,0.0
1958,Emory Mahon,2,1,1,0.0,12.5,,149.0,0.0,0,14.0,4.0,21.0,50.0,50.0,0.0,0.0
1959,Bill Jarlick,2,0,0,0.0,22.5,,360.0,0.0,0,7.0,21.0,24.0,0.0,0.0,0.0,0.0
1959,R.L. Combs,9,0,1,0.0,18.44,88.0,1478.0,0.0,0,17.67,7.0,33.0,0.0,11.11,0.0,0.0
1961,George Tet,2,0,0,0.0,37.5,140.0,60.0,0.0,0,42.0,24.0,51.0,0.0,0.0,0.0,0.0
1961,Bill Morgan,5,0,1,0.0,20.4,2190.0,1132.0,0.0,0,15.6,7.0,30.0,0.0,20.0,0.0,0.0
1963,Bill Foster,10,0,2,0.0,15.6,2168.0,1628.0,0.0,0,19.3,7.0,35.0,0.0,20.0,0.0,0.0
1963,Fireball Roberts,20,11,14,4.0,10.2,20342.0,4643.0,692.0,5,4.3,1.0,31.0,55.0,70.0,20.0,14.9
1964,Ken Rush,8,1,2,0.0,17.25,1464.0,768.0,0.0,0,10.25,4.0,31.0,12.5,25.0,0.0,0.0
1965,Bob Derrington,51,3,19,0.0,12.98,21378.0,10374.0,0.0,0,18.1,3.0,35.0,5.88,37.25,0.0,0.0
1966,Larry Manning,13,1,1,0.0,18.54,4964.0,2769.0,0.0,0,22.23,4.0,42.0,7.69,7.69,0.0,0.0
1968,Andy Hampton,1,0,1,0.0,10.0,0.0,193.0,0.0,0,27.0,10.0,10.0,0.0,100.0,0.0,0.0
1969,John Sears,52,17,27,0.0,13.9,3164.0,11618.0,18.0,0,10.5,2.0,45.0,32.69,51.92,0.0,0.15
1969,A.J. Foyt,4,3,3,0.0,12.5,0.0,522.0,64.0,1,9.5,2.0,40.0,75.0,75.0,0.0,12.26
1971,Charlie Roberts,20,0,2,0.0,24.45,1053.0,2796.0,0.0,0,26.15,9.0,39.0,0.0,10.0,0.0,0.0
1973,Neil Castles,9,0,0,0.0,33.33,298.0,869.0,0.0,0,29.0,22.0,41.0,0.0,0.0,0.0,0.0
1975,Henley Gray,9,0,1,0.0,24.0,826.0,2179.0,2.0,0,24.44,9.0,36.0,0.0,11.11,0.0,0.09
1975,Bill Ward,1,0,0,0.0,28.0,79.0,145.0,0.0,0,43.0,28.0,28.0,0.0,0.0,0.0,0.0
1980,Jimmy Means,28,0,0,0.0,19.25,2947.0,7684.0,0.0,0,27.11,12.0,31.0,0.0,0.0,0.0,0.0
1986,Morgan Shepherd,27,4,8,1.0,20.15,2896.0,6358.0,357.0,6,14.22,1.0,38.0,14.81,29.63,3.7,5.61
1989,Michael Waltrip,29,0,5,0.0,19.55,3057.0,8372.0,9.0,3,18.28,6.0,36.0,0.0,17.24,0.0,0.11
1993,Todd Bodine,10,0,0,0.0,30.5,715.0,2393.0,0.0,0,22.2,23.0,42.0,0.0,0.0,0.0,0.0
2003,Christian Fittipaldi,15,0,0,0.0,35.4,857.0,2743.0,1.0,0,33.6,24.0,43.0,0.0,0.0,0.0,0.04
2003,Morgan Shepherd,2,0,0,0.0,43.0,68.0,87.0,0.0,0,42.5,43.0,43.0,0.0,0.0,0.0,0.0
2011,Mark Martin,36,2,10,0.0,18.36,930.0,10223.0,75.0,24,15.58,2.0,38.0,5.56,27.78,0.0,0.73
2012,Kevin Harvick,36,5,14,1.0,12.08,1162.0,10398.0,256.0,30,14.64,1.0,32.0,13.89,38.89,2.78,2.46
2015,Matt DiBenedetto,33,0,0,0.0,31.97,399.0,9358.0,2.0,4,36.45,18.0,42.0,0.0,0.0,0.0,0.02
2021,Ty Dillon,4,0,0,0.0,23.0,0.0,438.0,0.0,3,37.25,19.0,26.0,0.0,0.0,0.0,0.0
2024,Tyler Reddick,36,12,21,3.0,13.19,1092.0,9482.0,597.0,27,10.17,1.0,35.0,33.33,58.33,8.33,6.3
1949,Ken Marriott,1,0,0,0.0,20.0,,169.0,0.0,0,9.0,20.0,20.0,0.0,0.0,0.0,0.0
1951,Ed Samples,4,0,2,0.0,23.75,,15.0,0.0,0,4.5,6.0,44.0,0.0,50.0,0.0,0.0
1954,Dean Pelton,3,0,0,0.0,22.33,,620.0,0.0,0,44.0,11.0,36.0,0.0,0.0,0.0,0.0
1955,Jack Smith,2,0,2,0.0,7.0,160.0,386.0,0.0,0,10.0,6.0,8.0,0.0,100.0,0.0,0.0
1959,Reds Kagle,4,1,1,0.0,16.25,132.0,627.0,0.0,0,15.33,4.0,33.0,25.0,25.0,0.0,0.0
1967,Blackie Watt,4,0,0,0.0,31.5,1860.0,330.0,0.0,0,35.0,15.0,45.0,0.0,0.0,0.0,0.0
1972,Paul Dorrity,2,0,0,0.0,25.5,102.0,208.0,0.0,0,28.5,18.0,33.0,0.0,0.0,0.0,0.0
1994,Ritchie Petty,1,0,0,0.0,41.0,40.0,73.0,0.0,0,35.0,41.0,41.0,0.0,0.0,0.0,0.0
1951,Jack McClure,2,0,0,0.0,23.0,,,0.0,0,11.0,18.0,28.0,0.0,0.0,0.0,
1953,Dan Walters,1,0,0,0.0,42.0,,15.0,0.0,0,14.0,42.0,42.0,0.0,0.0,0.0,0.0
1957,Runt Harris,1,0,0,0.0,39.0,,50.0,0.0,0,24.0,39.0,39.0,0.0,0.0,0.0,0.0
1959,Dick Bailey,1,0,0,0.0,19.0,80.0,54.0,3.0,0,1.0,19.0,19.0,0.0,0.0,0.0,5.56
1959,Earl Balmer,2,0,0,0.0,27.0,160.0,436.0,0.0,0,32.5,24.0,30.0,0.0,0.0,0.0,0.0
1972,Vic Parsons,1,0,1,0.0,9.0,0.0,380.0,0.0,0,19.0,9.0,9.0,0.0,100.0,0.0,0.0
1975,John Soares Jr.,1,0,0,0.0,31.0,70.0,18.0,0.0,0,35.0,31.0,31.0,0.0,0.0,0.0,0.0
1983,Darryl Sage,3,0,0,0.0,24.0,103.0,638.0,0.0,0,24.33,20.0,26.0,0.0,0.0,0.0,0.0
1985,Jim Hull,1,0,0,0.0,32.0,67.0,68.0,0.0,0,29.0,32.0,32.0,0.0,0.0,0.0,0.0
2008,Scott Pruett,1,0,0,0.0,38.0,49.0,108.0,0.0,0,27.0,38.0,38.0,0.0,0.0,0.0,0.0
1956,Jim Mundy,1,0,0,0.0,19.0,,104.0,0.0,0,24.0,19.0,19.0,0.0,0.0,0.0,0.0
1978,Harry Goularte,2,0,0,0.0,26.0,170.0,185.0,0.0,0,35.5,19.0,33.0,0.0,0.0,0.0,0.0
1952,Frank Mundy,5,0,2,0.0,14.4,,536.0,0.0,0,20.6,6.0,30.0,0.0,40.0,0.0,0.0
1953,Tony Polito,1,0,0,0.0,18.0,,,0.0,0,,18.0,18.0,0.0,0.0,0.0,
1954,Jim Reed,9,2,3,0.0,21.33,0.0,1083.0,0.0,0,17.0,5.0,46.0,22.22,33.33,0.0,0.0
1955,Russ Truelove,6,0,2,0.0,15.5,660.0,738.0,0.0,0,19.67,7.0,27.0,0.0,33.33,0.0,0.0
1957,Johnny Beauchamp,1,1,1,0.0,2.0,,39.0,0.0,1,13.0,2.0,2.0,100.0,100.0,0.0,0.0
1957,Banjo Matthews,5,1,1,0.0,25.8,,713.0,56.0,1,10.8,3.0,41.0,20.0,20.0,0.0,7.85
1959,Lee Petty,42,27,35,11.0,6.17,9032.0,8278.0,1137.0,14,7.41,1.0,33.0,64.29,83.33,26.19,13.74
1959,Jimmie Lewallen,6,0,1,0.0,23.0,0.0,509.0,0.0,0,19.17,6.0,47.0,0.0,16.67,0.0,0.0
1960,Richard Petty,40,16,30,3.0,8.18,17068.0,8190.0,447.0,6,7.35,1.0,55.0,40.0,75.0,7.5,5.46
1963,Glen Wood,3,2,2,1.0,6.33,944.0,571.0,268.0,1,1.33,1.0,15.0,66.67,66.67,33.33,46.94
1965,Ned Jarrett,54,42,45,13.0,4.91,38824.0,13527.0,2244.0,23,4.46,1.0,20.0,77.78,83.33,24.07,16.59
1965,Clyde Lynn,24,0,9,0.0,15.5,5206.0,4522.0,0.0,0,16.83,8.0,42.0,0.0,37.5,0.0,0.0
1965,Wayne Smith,25,0,2,0.0,20.12,7326.0,3744.0,0.0,0,23.32,8.0,43.0,0.0,8.0,0.0,0.0
1965,Paul Lewis,24,3,13,0.0,11.71,18118.0,5955.0,0.0,0,16.92,4.0,22.0,12.5,54.17,0.0,0.0
1967,Don White,6,1,3,0.0,17.67,220.0,997.0,0.0,1,15.67,4.0,38.0,16.67,50.0,0.0,0.0
1969,Jim Hurtubise,1,0,0,0.0,25.0,0.0,63.0,0.0,0,3.0,25.0,25.0,0.0,0.0,0.0,0.0
1972,Bobby Allison,31,25,27,10.0,5.32,2832.0,10063.0,4353.0,20,4.0,1.0,45.0,80.65,87.1,32.26,43.26
1976,Bobby Wawak,19,0,9,0.0,16.95,2062.0,4888.0,0.0,0,21.32,6.0,33.0,0.0,47.37,0.0,0.0
1981,Mike Alexander,19,0,3,0.0,21.05,1784.0,4340.0,4.0,2,17.11,7.0,36.0,0.0,15.79,0.0,0.09
1986,Ken Schrader,29,0,4,0.0,19.48,3052.0,8047.0,2.0,1,23.48,7.0,36.0,0.0,13.79,0.0,0.02
1987,Kyle Petty,29,6,14,1.0,12.9,3737.0,8523.0,103.0,10,13.97,1.0,35.0,20.69,48.28,3.45,1.21
1987,Jim Bown,2,0,0,0.0,27.0,70.0,264.0,0.0,0,29.5,23.0,31.0,0.0,0.0,0.0,0.0
1990,Mark Stahl,5,0,0,0.0,29.6,371.0,1268.0,0.0,0,38.8,24.0,33.0,0.0,0.0,0.0,0.0
1995,Steve Grissom,29,1,4,0.0,23.0,2757.0,8279.0,17.0,4,30.52,5.0,43.0,3.45,13.79,0.0,0.21
1996,Bobby Hillin Jr.,26,0,0,0.0,27.12,2128.0,7164.0,4.0,4,28.69,12.0,43.0,0.0,0.0,0.0,0.06
1996,Robby Gordon,3,0,0,0.0,40.67,123.0,344.0,0.0,0,17.33,38.0,42.0,0.0,0.0,0.0,0.0
2008,Casey Mears,36,1,6,0.0,22.11,3527.0,9936.0,85.0,16,22.25,5.0,42.0,2.78,16.67,0.0,0.86
2012,Bobby Labonte,36,0,2,0.0,22.58,772.0,10071.0,1.0,12,26.64,9.0,35.0,0.0,5.56,0.0,0.01
1951,Pepper Cunningham,4,0,0,0.0,25.0,,,0.0,0,5.0,19.0,32.0,0.0,0.0,0.0,
1954,Frank Ropp,1,0,0,0.0,16.0,,163.0,0.0,0,20.0,16.0,16.0,0.0,0.0,0.0,0.0
1955,Roscoe Rann,2,0,0,0.0,20.5,264.0,271.0,0.0,0,25.5,20.0,21.0,0.0,0.0,0.0,0.0
1968,Eddie Yarboro,6,0,0,0.0,17.5,447.0,2109.0,0.0,0,27.0,13.0,22.0,0.0,0.0,0.0,0.0
1991,Ricky Craven,1,0,0,0.0,34.0,61.0,221.0,0.0,0,34.0,34.0,34.0,0.0,0.0,0.0,0.0
1994,Jeff Purvis,7,0,0,0.0,31.29,484.0,1081.0,0.0,0,24.86,21.0,38.0,0.0,0.0,0.0,0.0
2010,Andy Lally,7,0,0,0.0,32.14,471.0,1358.0,4.0,1,38.57,18.0,37.0,0.0,0.0,0.0,0.29
2015,Erik Jones,3,0,0,0.0,23.67,0.0,794.0,1.0,1,8.33,12.0,40.0,0.0,0.0,0.0,0.13
1951,Doug Wimpy,1,0,0,0.0,14.0,,,0.0,0,14.0,14.0,14.0,0.0,0.0,0.0,
1956,Chuck Mesler,1,0,0,0.0,14.0,,175.0,0.0,0,21.0,14.0,14.0,0.0,0.0,0.0,0.0
1956,Wade Fields,1,0,0,0.0,42.0,,244.0,0.0,0,52.0,42.0,42.0,0.0,0.0,0.0,0.0
1958,Ward Towers,1,0,0,0.0,16.0,220.0,34.0,0.0,0,40.0,16.0,16.0,0.0,0.0,0.0,0.0
1966,Marty Robbins,1,0,0,0.0,25.0,20.0,48.0,0.0,0,17.0,25.0,25.0,0.0,0.0,0.0,0.0
1966,Butch Hartman,1,0,0,0.0,14.0,0.0,307.0,0.0,0,22.0,14.0,14.0,0.0,0.0,0.0,0.0
1992,R.K. Smith,1,0,0,0.0,33.0,64.0,70.0,0.0,0,29.0,33.0,33.0,0.0,0.0,0.0,0.0
2013,Sam Hornish Jr.,1,0,0,0.0,37.0,0.0,181.0,0.0,0,4.0,37.0,37.0,0.0,0.0,0.0,0.0
2023,Jordan Taylor,1,0,0,0.0,24.0,0.0,75.0,0.0,1,4.0,24.0,24.0,0.0,0.0,0.0,0.0
1975,Larry Esau,1,0,0,0.0,15.0,118.0,135.0,0.0,0,18.0,15.0,15.0,0.0,0.0,0.0,0.0
1984,Joe Fields,2,0,0,0.0,28.5,155.0,661.0,0.0,0,36.5,26.0,31.0,0.0,0.0,0.0,0.0
2016,Eddie MacDonald,1,0,0,0.0,36.0,5.0,293.0,0.0,0,38.0,36.0,36.0,0.0,0.0,0.0,0.0
1952,Ray Duhigg,18,4,10,0.0,12.67,,2823.0,0.0,0,15.78,3.0,31.0,22.22,55.56,0.0,0.0
1953,Elmer Musclow,1,0,0,0.0,15.0,,,0.0,0,,15.0,15.0,0.0,0.0,0.0,
1953,Clyde Minter,8,0,3,0.0,21.75,,591.0,0.0,0,41.0,9.0,47.0,0.0,37.5,0.0,0.0
1953,Slim Rominger,2,0,0,0.0,39.5,,153.0,0.0,0,51.0,26.0,53.0,0.0,0.0,0.0,0.0
1954,Hank Russ,1,0,0,0.0,15.0,,165.0,0.0,0,,15.0,15.0,0.0,0.0,0.0,0.0
1955,Chuck Hansen,5,0,2,0.0,14.6,508.0,733.0,0.0,0,18.5,10.0,22.0,0.0,40.0,0.0,0.0
1955,Bob Gould,2,0,0,0.0,22.0,118.0,102.0,0.0,0,15.0,15.0,29.0,0.0,0.0,0.0,0.0
1955,Mickey McGreevey,1,0,0,0.0,13.0,260.0,232.0,0.0,0,9.0,13.0,13.0,0.0,0.0,0.0,0.0
1957,Bill Hazel,1,0,0,0.0,20.0,,96.0,0.0,0,14.0,20.0,20.0,0.0,0.0,0.0,0.0
1958,George Dunn,10,3,6,0.0,16.3,192.0,1747.0,10.0,0,13.44,2.0,40.0,30.0,60.0,0.0,0.57
1959,Brownie King,18,1,5,0.0,18.17,360.0,3247.0,0.0,0,18.22,5.0,41.0,5.56,27.78,0.0,0.0
1961,T.C. Hunt,7,0,0,0.0,28.86,2430.0,940.0,0.0,0,26.43,12.0,52.0,0.0,0.0,0.0,0.0
1963,Buddy Baker,8,1,2,0.0,21.0,2008.0,1478.0,0.0,1,25.13,4.0,39.0,12.5,25.0,0.0,0.0
1965,Marvin Panch,20,12,14,4.0,10.35,22798.0,4743.0,856.0,6,4.0,1.0,37.0,60.0,70.0,20.0,18.05
1973,Cale Yarborough,28,16,19,4.0,9.96,2398.0,9314.0,6.0,8,4.5,1.0,41.0,57.14,67.86,14.29,0.06
1976,Jimmy Hensley,2,0,1,0.0,16.0,234.0,474.0,0.0,0,12.0,7.0,25.0,0.0,50.0,0.0,0.0
1976,Harry Gant,1,0,1,0.0,9.0,138.0,387.0,0.0,0,11.0,9.0,9.0,0.0,100.0,0.0,0.0
1978,Janet Guthrie,7,0,1,0.0,22.29,592.0,1147.0,0.0,0,22.43,10.0,35.0,0.0,14.29,0.0,0.0
1981,Bobby Allison,31,21,26,5.0,6.84,4827.0,10098.0,1182.0,18,7.9,1.0,29.0,67.74,83.87,16.13,11.71
1981,Gary Balough,10,0,1,0.0,21.6,659.0,2267.0,1.0,0,17.4,10.0,34.0,0.0,10.0,0.0,0.04
1982,Terry Labonte,30,17,21,0.0,10.67,4211.0,8900.0,263.0,5,7.63,2.0,35.0,56.67,70.0,0.0,2.96
1983,Connie Saylor,2,0,0,0.0,29.0,43.0,175.0,0.0,0,25.0,18.0,40.0,0.0,0.0,0.0,0.0
1988,Dale Earnhardt,29,13,19,3.0,8.83,4256.0,9561.0,1776.0,17,10.17,1.0,33.0,44.83,65.52,10.34,18.58
1988,Dave Marcis,29,0,2,0.0,21.97,2854.0,8178.0,62.0,1,27.41,9.0,38.0,0.0,6.9,0.0,0.76
1991,Rick Wilson,29,0,0,0.0,23.03,2723.0,7966.0,0.0,2,22.52,12.0,39.0,0.0,0.0,0.0,0.0
1992,Bob Schacht,9,0,0,0.0,31.89,611.0,1363.0,2.0,0,34.22,19.0,42.0,0.0,0.0,0.0,0.15
1996,Robert Pressley,30,2,3,0.0,27.33,2485.0,7948.0,110.0,4,26.5,4.0,41.0,6.67,10.0,0.0,1.38
1996,Jim Sauter,2,0,0,0.0,26.0,170.0,633.0,0.0,1,31.5,21.0,31.0,0.0,0.0,0.0,0.0
1997,Ricky Rudd,32,6,11,2.0,20.63,3330.0,9094.0,72.0,13,20.25,1.0,42.0,18.75,34.38,6.25,0.79
2004,Ricky Rudd,36,1,3,0.0,21.17,3615.0,9615.0,5.0,14,23.72,2.0,40.0,2.78,8.33,0.0,0.05
2004,John Andretti,9,0,0,0.0,24.22,818.0,2529.0,1.0,3,24.78,13.0,43.0,0.0,0.0,0.0,0.04
2005,Jeff Green,36,0,0,0.0,24.69,3241.0,10174.0,8.0,15,26.83,11.0,43.0,0.0,0.0,0.0,0.08
2009,John Andretti,34,0,0,0.0,29.26,2597.0,9630.0,9.0,8,36.5,16.0,38.0,0.0,0.0,0.0,0.09
2009,Mike Skinner,5,0,0,0.0,41.0,200.0,185.0,0.0,0,35.6,39.0,43.0,0.0,0.0,0.0,0.0
2015,Joey Logano,36,22,28,6.0,9.17,1299.0,10256.0,1431.0,32,6.92,1.0,40.0,61.11,77.78,16.67,13.95
2015,Austin Dillon,36,1,5,0.0,21.03,832.0,9973.0,39.0,21,16.97,4.0,43.0,2.78,13.89,0.0,0.39
2019,Ty Dillon,36,1,3,0.0,20.56,612.0,10171.0,14.0,13,23.53,4.0,35.0,2.78,8.33,0.0,0.14
2022,Erik Jones,36,3,13,1.0,16.25,861.0,9234.0,147.0,23,20.92,1.0,35.0,8.33,36.11,2.78,1.59
1949,Sterling Long,2,0,1,0.0,17.5,,,0.0,0,,7.0,28.0,0.0,50.0,0.0,
1952,Russ Hepler,2,0,0,0.0,24.0,,166.0,0.0,0,14.0,14.0,34.0,0.0,0.0,0.0,0.0
1955,Jerry Benjamin,1,0,0,0.0,33.0,20.0,71.0,0.0,0,20.0,33.0,33.0,0.0,0.0,0.0,0.0
1963,Jack Anderson,3,0,0,0.0,20.67,510.0,532.0,0.0,0,18.67,12.0,34.0,0.0,0.0,0.0,0.0
1970,Paul Connors,1,0,0,0.0,24.0,81.0,134.0,0.0,0,30.0,24.0,24.0,0.0,0.0,0.0,0.0
1979,John Rezek,4,0,0,0.0,27.5,209.0,584.0,0.0,0,27.25,11.0,36.0,0.0,0.0,0.0,0.0
1986,Willy T. Ribbs,3,0,0,0.0,30.0,219.0,516.0,0.0,0,32.0,22.0,39.0,0.0,0.0,0.0,0.0
1993,Alan Kulwicki,5,2,3,0.0,15.0,625.0,1588.0,4.0,2,15.8,3.0,36.0,40.0,60.0,0.0,0.25
1949,Archie Smith,2,0,2,0.0,8.0,,161.0,0.0,0,15.0,6.0,10.0,0.0,100.0,0.0,0.0
1951,Irv Leitch,1,0,0,0.0,20.0,,,0.0,0,,20.0,20.0,0.0,0.0,0.0,
1957,Ansel Rakestraw,2,0,0,0.0,14.5,,276.0,0.0,0,22.0,14.0,15.0,0.0,0.0,0.0,0.0
1964,Don Walker,1,0,0,0.0,25.0,500.0,106.0,0.0,0,33.0,25.0,25.0,0.0,0.0,0.0,0.0
1964,Don Noel,1,0,0,0.0,40.0,0.0,10.0,0.0,0,34.0,40.0,40.0,0.0,0.0,0.0,0.0
1966,Jack Soper,1,0,0,0.0,26.0,16.0,25.0,0.0,0,29.0,26.0,26.0,0.0,0.0,0.0,0.0
2007,Mike Wallace,2,1,1,0.0,11.5,266.0,390.0,0.0,2,18.5,4.0,19.0,50.0,50.0,0.0,0.0
1951,Frank Carlin,1,0,0,0.0,29.0,,,0.0,0,,29.0,29.0,0.0,0.0,0.0,
1954,F. Ballantine,1,0,0,0.0,42.0,,9.0,0.0,0,,42.0,42.0,0.0,0.0,0.0,0.0
1954,M.R. Peterson,1,0,0,0.0,43.0,,6.0,0.0,0,,43.0,43.0,0.0,0.0,0.0,0.0
1963,Don Noel,2,0,0,0.0,23.5,728.0,259.0,0.0,0,22.5,17.0,30.0,0.0,0.0,0.0,0.0
2001,Lance Hooper,1,0,0,0.0,42.0,37.0,104.0,0.0,0,36.0,42.0,42.0,0.0,0.0,0.0,0.0
2005,Clint Bowyer,1,0,0,0.0,22.0,97.0,311.0,0.0,0,25.0,22.0,22.0,0.0,0.0,0.0,0.0
1951,Lloyd Moore,22,4,8,0.0,19.14,,322.0,0.0,0,16.5,3.0,79.0,18.18,36.36,0.0,0.0
1953,Fred Dove,20,0,4,0.0,18.2,,742.0,0.0,0,32.33,7.0,48.0,0.0,20.0,0.0,0.0
1954,Buck Baker,34,23,28,4.0,6.74,,5730.0,651.0,10,2.23,1.0,44.0,67.65,82.35,11.76,11.36
1957,Don Oldenberg,1,0,0,0.0,14.0,,,0.0,0,28.0,14.0,14.0,0.0,0.0,0.0,
1957,Parnelli Jones,10,1,3,1.0,17.9,,743.0,1.0,1,7.1,1.0,34.0,10.0,30.0,10.0,0.13
1959,L.D. Austin,35,0,13,0.0,15.46,4612.0,6481.0,0.0,0,22.69,7.0,44.0,0.0,37.14,0.0,0.0
1960,Banjo Matthews,12,0,4,0.0,17.25,8458.0,1894.0,9.0,0,14.33,7.0,37.0,0.0,33.33,0.0,0.48
1961,Freddy Fryar,1,0,0,0.0,31.0,90.0,116.0,0.0,0,46.0,31.0,31.0,0.0,0.0,0.0,0.0
1961,Johnny Sudderth,1,0,0,0.0,45.0,90.0,22.0,0.0,0,44.0,45.0,45.0,0.0,0.0,0.0,0.0
1964,G.C. Spencer,21,4,6,0.0,17.0,10212.0,3601.0,0.0,0,18.05,3.0,35.0,19.05,28.57,0.0,0.0
1964,John Hamby,5,0,1,0.0,19.0,730.0,484.0,0.0,0,18.2,10.0,34.0,0.0,20.0,0.0,0.0
1966,Ned Jarrett,21,5,8,0.0,16.9,17636.0,4584.0,167.0,2,11.57,3.0,37.0,23.81,38.1,0.0,3.64
1969,Joe Hines,1,0,0,0.0,34.0,51.0,38.0,0.0,0,33.0,34.0,34.0,0.0,0.0,0.0,0.0
1970,Dave Marcis,47,7,15,0.0,17.49,2820.0,8959.0,14.0,0,12.64,3.0,39.0,14.89,31.91,0.0,0.16
1972,David Pearson,17,12,13,6.0,7.88,1466.0,4902.0,1570.0,7,5.12,1.0,26.0,70.59,76.47,35.29,32.03
1976,Joe Frasson,9,0,1,0.0,28.44,707.0,863.0,1.0,0,26.56,8.0,40.0,0.0,11.11,0.0,0.12
1982,Slick Johnson,17,0,1,0.0,23.35,1261.0,3826.0,3.0,0,27.12,10.0,34.0,0.0,5.88,0.0,0.08
1983,Jody Ridley,10,0,3,0.0,19.5,1050.0,1963.0,0.0,0,20.0,8.0,33.0,0.0,30.0,0.0,0.0
1983,Greg Sacks,5,0,0,0.0,30.4,359.0,638.0,0.0,0,25.6,17.0,38.0,0.0,0.0,0.0,0.0
1987,Geoff Bodine,29,3,10,0.0,17.55,3328.0,7638.0,344.0,6,9.38,2.0,40.0,10.34,34.48,0.0,4.5
1987,Mark Stahl,9,0,0,0.0,28.89,687.0,1635.0,0.0,0,34.11,17.0,38.0,0.0,0.0,0.0,0.0
1990,Mike Alexander,7,0,0,0.0,21.86,682.0,2392.0,0.0,0,27.14,14.0,41.0,0.0,0.0,0.0,0.0
1990,Steve Grissom,1,0,0,0.0,24.0,91.0,322.0,0.0,0,23.0,24.0,24.0,0.0,0.0,0.0,0.0
1992,Gary Balough,1,0,0,0.0,40.0,43.0,131.0,0.0,0,34.0,40.0,40.0,0.0,0.0,0.0,0.0
1995,Ricky Rudd,31,10,16,1.0,15.97,3734.0,8813.0,367.0,13,11.23,1.0,41.0,32.26,51.61,3.23,4.16
2004,Jeff Fuller,3,0,0,0.0,42.67,105.0,19.0,0.0,0,35.67,42.0,43.0,0.0,0.0,0.0,0.0
2005,Travis Kvapil,36,0,2,0.0,26.17,3077.0,9668.0,36.0,13,25.94,7.0,43.0,0.0,5.56,0.0,0.37
2005,Kevin Lepage,21,0,1,0.0,30.48,1460.0,5625.0,2.0,5,30.86,9.0,42.0,0.0,4.76,0.0,0.04
2008,Mark Martin,24,4,11,0.0,13.33,3022.0,7023.0,124.0,19,11.5,3.0,31.0,16.67,45.83,0.0,1.77
2010,Mark Martin,36,7,11,0.0,15.31,4364.0,10646.0,148.0,24,14.86,2.0,35.0,19.44,30.56,0.0,1.39
2010,Michael McDowell,24,0,0,0.0,40.67,1004.0,1503.0,8.0,0,31.58,33.0,43.0,0.0,0.0,0.0,0.53
2013,Carl Edwards,36,9,16,2.0,13.58,1118.0,10235.0,524.0,30,11.94,1.0,39.0,25.0,44.44,5.56,5.12
2014,David Gilliland,36,0,0,0.0,28.83,554.0,10049.0,14.0,10,31.03,17.0,43.0,0.0,0.0,0.0,0.14
2017,Matt Kenseth,36,10,18,1.0,14.25,1085.0,10113.0,421.0,27,10.39,1.0,40.0,27.78,50.0,2.78,4.16
2024,Ricky Stenhouse Jr.,36,3,6,1.0,22.06,590.0,9464.0,28.0,21,25.69,1.0,37.0,8.33,16.67,2.78,0.3
2024,Daniel Hemric,36,0,4,0.0,22.97,515.0,9690.0,15.0,20,27.19,9.0,38.0,0.0,11.11,0.0,0.15
1951,Bob Walters,6,0,0,0.0,23.67,,151.0,0.0,0,27.5,16.0,33.0,0.0,0.0,0.0,0.0
1954,John Soares,9,2,4,1.0,17.44,,1947.0,211.0,1,12.0,1.0,52.0,22.22,44.44,11.11,10.84
1954,Don Welch,1,0,0,0.0,13.0,,175.0,0.0,0,,13.0,13.0,0.0,0.0,0.0,0.0
1954,Frank Hannellburg,1,0,0,0.0,30.0,,147.0,0.0,0,,30.0,30.0,0.0,0.0,0.0,0.0
1964,Bobby Marshman,2,0,1,0.0,21.5,320.0,56.0,0.0,0,11.5,8.0,35.0,0.0,50.0,0.0,0.0
1972,Dick Kranzler,3,0,0,0.0,25.33,154.0,391.0,0.0,0,31.33,16.0,37.0,0.0,0.0,0.0,0.0
1989,Brad Teague,2,0,0,0.0,24.0,112.0,733.0,0.0,0,24.5,17.0,31.0,0.0,0.0,0.0,0.0
2014,Parker Kligerman,8,0,0,0.0,37.25,54.0,2321.0,0.0,0,37.13,29.0,42.0,0.0,0.0,0.0,0.0
1954,Bob Sampson,1,0,0,0.0,41.0,,32.0,0.0,0,40.0,41.0,41.0,0.0,0.0,0.0,0.0
1956,Johnny Coy,1,0,0,0.0,22.0,,197.0,0.0,0,32.0,22.0,22.0,0.0,0.0,0.0,0.0
1957,Barney Oldfield,1,0,0,0.0,18.0,,356.0,0.0,0,22.0,18.0,18.0,0.0,0.0,0.0,0.0
1959,Bill Poor,4,0,0,0.0,21.0,128.0,484.0,0.0,0,23.75,15.0,29.0,0.0,0.0,0.0,0.0
1963,Lyle Stelter,2,0,0,0.0,17.0,288.0,304.0,0.0,0,21.5,15.0,19.0,0.0,0.0,0.0,0.0
1970,Larry Manning,1,0,0,0.0,27.0,48.0,83.0,0.0,0,23.0,27.0,27.0,0.0,0.0,0.0,0.0
1972,Tru Cheek,1,0,0,0.0,36.0,0.0,12.0,0.0,0,30.0,36.0,36.0,0.0,0.0,0.0,0.0
1985,Dick Skillen,1,0,0,0.0,18.0,109.0,167.0,0.0,0,39.0,18.0,18.0,0.0,0.0,0.0,0.0
1950,Pap White,1,0,0,0.0,16.0,,,0.0,0,,16.0,16.0,0.0,0.0,0.0,
1950,Felix Wilkes,1,0,0,0.0,29.0,,,0.0,0,,29.0,29.0,0.0,0.0,0.0,
1954,Jim Frey,1,0,0,0.0,25.0,,52.0,0.0,0,,25.0,25.0,0.0,0.0,0.0,0.0
1980,Charlie Chamblee,1,0,0,0.0,16.0,0.0,298.0,0.0,0,35.0,16.0,16.0,0.0,0.0,0.0,0.0
1953,June Cleveland,2,0,0,0.0,28.0,,,0.0,0,27.0,22.0,34.0,0.0,0.0,0.0,
1955,Cotton Owens,2,1,2,0.0,6.5,1248.0,549.0,0.0,0,20.5,5.0,8.0,50.0,100.0,0.0,0.0
1956,Art Watts,6,0,2,0.0,14.67,,935.0,0.0,0,14.6,7.0,28.0,0.0,33.33,0.0,0.0
1960,Ned Jarrett,40,20,26,5.0,9.9,14660.0,7399.0,382.0,8,8.88,1.0,43.0,50.0,65.0,12.5,5.16
1961,Art Malone,1,0,1,0.0,8.0,540.0,484.0,0.0,0,15.0,8.0,8.0,0.0,100.0,0.0,0.0
1964,Bill Whitley,8,0,0,0.0,25.63,542.0,455.0,0.0,0,25.88,17.0,40.0,0.0,0.0,0.0,0.0
1967,Jimmy Helms,2,0,1,0.0,10.5,948.0,607.0,0.0,0,23.5,9.0,12.0,0.0,50.0,0.0,0.0
1971,Fred Hill,1,0,0,0.0,13.0,0.0,116.0,0.0,0,9.0,13.0,13.0,0.0,0.0,0.0,0.0
1972,Tommy Gale,6,0,0,0.0,24.0,324.0,1144.0,0.0,0,31.33,11.0,39.0,0.0,0.0,0.0,0.0
1972,LeeRoy Yarbrough,18,5,9,0.0,17.56,804.0,4174.0,8.0,0,12.94,3.0,41.0,27.78,50.0,0.0,0.19
1973,Richard Childress,25,1,2,0.0,19.76,1562.0,6918.0,1.0,0,21.4,4.0,40.0,4.0,8.0,0.0,0.01
1976,Jeff Handy,1,0,0,0.0,28.0,0.0,3.0,0.0,0,28.0,28.0,28.0,0.0,0.0,0.0,0.0
1977,Butch Hartman,11,0,2,0.0,20.64,1116.0,2005.0,0.0,0,21.82,9.0,35.0,0.0,18.18,0.0,0.0
1983,Natz Peters,1,0,0,0.0,34.0,61.0,103.0,0.0,0,31.0,34.0,34.0,0.0,0.0,0.0,0.0
1985,Derrike Cope,2,0,0,0.0,17.0,224.0,206.0,0.0,0,28.5,15.0,19.0,0.0,0.0,0.0,0.0
1985,Steve Gray,1,0,0,0.0,26.0,0.0,151.0,0.0,0,37.0,26.0,26.0,0.0,0.0,0.0,0.0
1990,Mark Martin,29,16,23,3.0,6.55,4404.0,9636.0,448.0,22,5.45,1.0,26.0,55.17,79.31,10.34,4.65
1992,Stan Fox,2,0,0,0.0,36.5,107.0,146.0,0.0,0,37.0,36.0,37.0,0.0,0.0,0.0,0.0
1994,Greg Sacks,31,0,3,0.0,27.03,2593.0,8266.0,38.0,2,19.68,6.0,39.0,0.0,9.68,0.0,0.46
1995,Rick Mast,31,0,3,0.0,22.55,2984.0,8560.0,143.0,6,20.94,8.0,37.0,0.0,9.68,0.0,1.67
1996,Jimmy Spencer,31,2,9,0.0,17.71,3476.0,9339.0,156.0,12,26.03,4.0,40.0,6.45,29.03,0.0,1.67
1997,Robby Gordon,20,1,1,0.0,29.65,1495.0,4395.0,42.0,4,25.2,4.0,43.0,5.0,5.0,0.0,0.96
1997,Mike Skinner,31,0,3,0.0,26.16,2669.0,8389.0,34.0,5,22.1,6.0,42.0,0.0,9.68,0.0,0.41
1997,Greg Sacks,12,0,0,0.0,33.0,778.0,2456.0,8.0,0,28.25,21.0,42.0,0.0,0.0,0.0,0.33
2007,David Gilliland,36,1,2,0.0,27.42,2924.0,9485.0,18.0,9,27.72,4.0,42.0,2.78,5.56,0.0,0.19
2011,David Gilliland,36,1,2,0.0,28.22,572.0,9665.0,7.0,7,34.72,3.0,42.0,2.78,5.56,0.0,0.07
2017,A.J. Allmendinger,36,1,5,0.0,22.0,566.0,9941.0,7.0,15,23.86,3.0,40.0,2.78,13.89,0.0,0.07
2018,Timothy Peters,1,0,0,0.0,23.0,0.0,187.0,0.0,0,32.0,23.0,23.0,0.0,0.0,0.0,0.0
1950,Art Lamey,4,2,3,0.0,10.25,,,0.0,0,,5.0,24.0,50.0,75.0,0.0,
1952,Bill Miller,4,0,0,0.0,26.25,,547.0,0.0,0,27.33,17.0,44.0,0.0,0.0,0.0,0.0
1973,Eddie Yarboro,1,0,0,0.0,59.0,2.0,4.0,0.0,0,28.0,59.0,59.0,0.0,0.0,0.0,0.0
1976,Mike Hiss,1,0,0,0.0,22.0,0.0,169.0,0.0,0,28.0,22.0,22.0,0.0,0.0,0.0,0.0
1979,Rick McCray,1,0,0,0.0,27.0,82.0,31.0,0.0,0,21.0,27.0,27.0,0.0,0.0,0.0,0.0
1986,David Sosebee,2,0,0,0.0,35.0,116.0,267.0,0.0,0,28.5,34.0,36.0,0.0,0.0,0.0,0.0
1991,Keith Van Houten,1,0,0,0.0,37.0,0.0,13.0,0.0,0,39.0,37.0,37.0,0.0,0.0,0.0,0.0
2018,Chad Finchum,1,0,0,0.0,33.0,0.0,335.0,0.0,0,38.0,33.0,33.0,0.0,0.0,0.0,0.0
1951,Hap Jones,1,0,1,0.0,6.0,,,0.0,0,,6.0,6.0,0.0,100.0,0.0,
1955,Ned Jarrett,3,0,0,0.0,30.67,100.0,403.0,0.0,0,31.67,22.0,37.0,0.0,0.0,0.0,0.0
1975,John Harkins,1,0,0,0.0,21.0,0.0,382.0,0.0,0,35.0,21.0,21.0,0.0,0.0,0.0,0.0
1977,Jocko Maggiacomo,3,0,0,0.0,27.0,164.0,467.0,0.0,0,33.67,26.0,28.0,0.0,0.0,0.0,0.0
2010,Chad McCumbee,2,0,0,0.0,32.0,134.0,210.0,0.0,1,30.5,22.0,42.0,0.0,0.0,0.0,0.0
2012,Tomy Drissi,1,0,0,0.0,38.0,6.0,78.0,0.0,0,41.0,38.0,38.0,0.0,0.0,0.0,0.0
1952,Eddie Adams,1,0,0,0.0,13.0,,128.0,0.0,0,21.0,13.0,13.0,0.0,0.0,0.0,0.0
1952,Bobby Myers,1,0,0,0.0,52.0,,145.0,0.0,0,46.0,52.0,52.0,0.0,0.0,0.0,0.0
1952,Dub Livingston,1,0,0,0.0,14.0,,152.0,0.0,0,11.0,14.0,14.0,0.0,0.0,0.0,0.0
1954,Clarence Burch,1,0,0,0.0,31.0,,58.0,0.0,0,,31.0,31.0,0.0,0.0,0.0,0.0
1954,Vince Gray,1,0,0,0.0,34.0,,34.0,0.0,0,,34.0,34.0,0.0,0.0,0.0,0.0
1955,Jim Wilson,1,0,0,0.0,19.0,,37.0,0.0,0,24.0,19.0,19.0,0.0,0.0,0.0,0.0
1979,John A. Utsman,1,0,0,0.0,28.0,79.0,101.0,0.0,0,22.0,28.0,28.0,0.0,0.0,0.0,0.0
1979,Gary Balough,3,0,0,0.0,28.67,116.0,216.0,0.0,0,22.33,16.0,35.0,0.0,0.0,0.0,0.0
1994,Butch Gilliland,1,0,0,0.0,27.0,82.0,72.0,0.0,0,14.0,27.0,27.0,0.0,0.0,0.0,0.0
1951,Johnny Thompson,2,0,0,0.0,17.0,,,0.0,0,8.0,14.0,20.0,0.0,0.0,0.0,
1952,Iggy Katona,5,0,2,0.0,13.8,,1067.0,0.0,0,27.75,7.0,24.0,0.0,40.0,0.0,0.0
1953,Buddy Krebs,1,0,0,0.0,13.0,,,0.0,0,,13.0,13.0,0.0,0.0,0.0,
1955,John Lindsay,6,0,3,0.0,10.83,940.0,853.0,0.0,0,20.4,9.0,14.0,0.0,50.0,0.0,0.0
1956,Herb Thomas,48,22,36,5.0,8.42,0.0,7890.0,261.0,6,7.53,1.0,49.0,45.83,75.0,10.42,3.31
1956,Mel Larson,6,0,1,0.0,20.67,,504.0,0.0,0,26.17,10.0,37.0,0.0,16.67,0.0,0.0
1957,Curtis Turner,10,2,4,0.0,13.0,,1397.0,109.0,2,9.78,2.0,23.0,20.0,40.0,0.0,7.8
1957,Bill Jarlick,2,0,1,0.0,19.0,,115.0,0.0,0,24.0,10.0,28.0,0.0,50.0,0.0,0.0
1958,Tiny Lund,23,4,7,0.0,17.87,2352.0,3651.0,14.0,0,13.95,3.0,49.0,17.39,30.43,0.0,0.38
1959,Bill Scott (Winston-Salem),6,0,2,0.0,23.5,,805.0,0.0,0,27.0,9.0,43.0,0.0,33.33,0.0,0.0
1971,Benny Parsons,35,13,18,1.0,16.17,2610.0,7981.0,144.0,4,10.71,1.0,48.0,37.14,51.43,2.86,1.8
1984,Tim Richmond,30,6,11,1.0,16.7,3505.0,8225.0,58.0,6,15.3,1.0,34.0,20.0,36.67,3.33,0.71
1986,Davey Allison,5,0,1,0.0,20.6,515.0,1435.0,13.0,1,23.2,7.0,39.0,0.0,20.0,0.0,0.91
1989,Rusty Wallace,29,13,20,6.0,10.34,4176.0,9104.0,2020.0,15,8.79,1.0,37.0,44.83,68.97,20.69,22.19
1990,Rusty Wallace,29,9,16,2.0,14.76,3676.0,8459.0,1137.0,14,12.41,1.0,40.0,31.03,55.17,6.9,13.44
1990,Jim Sauter,3,0,0,0.0,29.67,222.0,712.0,0.0,0,35.33,24.0,34.0,0.0,0.0,0.0,0.0
1992,Michael Waltrip,29,1,2,0.0,22.07,2825.0,8474.0,3.0,1,19.03,4.0,38.0,3.45,6.9,0.0,0.04
1992,Rich Bickle,3,0,0,0.0,26.33,252.0,816.0,0.0,0,27.0,20.0,34.0,0.0,0.0,0.0,0.0
1997,Mark Martin,32,16,24,4.0,8.97,4681.0,9599.0,796.0,24,11.03,1.0,38.0,50.0,75.0,12.5,8.29
2001,Dale Jarrett,36,12,19,4.0,13.94,4612.0,10744.0,511.0,27,14.78,1.0,41.0,33.33,52.78,11.11,4.76
2006,Mike Garvey,4,0,0,0.0,39.5,138.0,658.0,0.0,0,35.0,38.0,41.0,0.0,0.0,0.0,0.0
2009,A.J. Allmendinger,36,1,6,0.0,22.36,3476.0,10208.0,0.0,18,22.75,3.0,39.0,2.78,16.67,0.0,0.0
2024,Chad Finchum,3,0,0,0.0,37.0,0.0,692.0,0.0,0,38.0,36.0,38.0,0.0,0.0,0.0,0.0
2025,Katherine Legge,7,0,0,0.0,28.0,63.0,1012.0,0.0,3,36.71,17.0,36.0,0.0,0.0,0.0,0.0
1951,James Shields,1,0,0,0.0,13.0,,,0.0,0,,13.0,13.0,0.0,0.0,0.0,
1951,Wimpy Ervin,4,0,1,0.0,17.75,,,0.0,0,37.0,8.0,38.0,0.0,25.0,0.0,
1951,Roy Forsythe,1,0,0,0.0,20.0,,,0.0,0,24.0,20.0,20.0,0.0,0.0,0.0,
1954,Russ Hepler,6,1,1,0.0,19.0,,691.0,0.0,0,,4.0,39.0,16.67,16.67,0.0,0.0
1954,Carl Burris,1,0,0,0.0,21.0,,150.0,0.0,0,,21.0,21.0,0.0,0.0,0.0,0.0
1959,Charlie Cregar,3,0,0,0.0,19.0,1048.0,496.0,0.0,0,17.67,13.0,29.0,0.0,0.0,0.0,0.0
1961,Harold Wilcox,1,0,0,0.0,14.0,300.0,112.0,0.0,0,15.0,14.0,14.0,0.0,0.0,0.0,0.0
1961,Hoss Kagle,1,0,0,0.0,17.0,240.0,2.0,0.0,0,6.0,17.0,17.0,0.0,0.0,0.0,0.0
1971,Bobby Wawak,2,0,0,0.0,19.5,93.0,615.0,0.0,0,42.0,19.0,20.0,0.0,0.0,0.0,0.0
1979,Bill Green,1,0,0,0.0,34.0,0.0,76.0,2.0,0,14.0,34.0,34.0,0.0,0.0,0.0,2.63
1981,Bob Schacht,2,0,0,0.0,31.0,140.0,241.0,0.0,0,29.5,30.0,32.0,0.0,0.0,0.0,0.0
1982,Rick McCray,2,0,0,0.0,24.0,182.0,151.0,0.0,0,17.0,14.0,34.0,0.0,0.0,0.0,0.0
1986,Connie Saylor,7,0,0,0.0,26.0,334.0,1760.0,0.0,0,33.86,17.0,33.0,0.0,0.0,0.0,0.0
1988,Randy LaJoie,1,0,0,0.0,37.0,0.0,89.0,0.0,0,29.0,37.0,37.0,0.0,0.0,0.0,0.0
1991,Gary Balough,2,0,0,0.0,39.5,89.0,44.0,0.0,0,34.5,39.0,40.0,0.0,0.0,0.0,0.0
2006,David Ragan,2,0,0,0.0,33.5,88.0,546.0,0.0,1,39.0,25.0,42.0,0.0,0.0,0.0,0.0
1952,David Ezell,1,1,1,0.0,3.0,,153.0,0.0,0,6.0,3.0,3.0,100.0,100.0,0.0,0.0
1970,Gary DuPuis,1,0,0,0.0,27.0,72.0,78.0,0.0,0,38.0,27.0,27.0,0.0,0.0,0.0,0.0
1989,Terry Fisher,1,0,0,0.0,25.0,0.0,72.0,0.0,0,24.0,25.0,25.0,0.0,0.0,0.0,0.0
1950,George Bagnell,1,0,0,0.0,28.0,,,0.0,0,,28.0,28.0,0.0,0.0,0.0,
1981,Sandy Satullo,1,0,0,0.0,31.0,70.0,68.0,0.0,0,38.0,31.0,31.0,0.0,0.0,0.0,0.0
1953,Slick Smith,22,0,10,0.0,17.86,,592.0,19.0,0,17.0,6.0,43.0,0.0,45.45,0.0,3.21
1956,Fred Harb,3,0,0,0.0,22.0,,231.0,0.0,0,22.33,17.0,25.0,0.0,0.0,0.0,0.0
1958,Charley Griffith,2,0,0,0.0,20.0,488.0,211.0,0.0,0,10.5,13.0,27.0,0.0,0.0,0.0,0.0
1959,Dick Santee,1,0,0,0.0,14.0,,407.0,0.0,0,10.0,14.0,14.0,0.0,0.0,0.0,0.0
1963,Bobby Keck,9,0,2,0.0,21.33,1068.0,935.0,0.0,0,22.33,9.0,33.0,0.0,22.22,0.0,0.0
1965,Jim Cook,1,0,0,0.0,33.0,100.0,36.0,0.0,0,19.0,33.0,33.0,0.0,0.0,0.0,0.0
1965,Bud Moore,14,3,7,0.0,13.57,3200.0,1687.0,93.0,0,7.64,2.0,40.0,21.43,50.0,0.0,5.51
1965,Doug Yates,4,0,1,0.0,20.0,604.0,271.0,13.0,0,8.75,9.0,32.0,0.0,25.0,0.0,4.8
1965,Tom Pistone,34,4,8,0.0,20.0,6598.0,3334.0,0.0,1,15.65,2.0,40.0,11.76,23.53,0.0,0.0
1966,Jim Hunter,1,0,0,0.0,24.0,32.0,8.0,0.0,0,16.0,24.0,24.0,0.0,0.0,0.0,0.0
1971,Jerry Barnett,2,0,0,0.0,33.5,105.0,118.0,0.0,0,33.5,30.0,37.0,0.0,0.0,0.0,0.0
1982,Dave Marcis,30,2,14,1.0,14.83,3666.0,8370.0,56.0,1,17.17,1.0,32.0,6.67,46.67,3.33,0.67
1986,Bobby Hillin Jr.,29,4,14,1.0,14.79,3541.0,8121.0,26.0,7,18.1,1.0,39.0,13.79,48.28,3.45,0.32
1996,Brett Bodine,30,0,1,0.0,23.2,2814.0,8732.0,3.0,3,24.47,9.0,40.0,0.0,3.33,0.0,0.03
1997,Derrike Cope,31,1,2,0.0,23.35,2901.0,8558.0,4.0,9,25.19,5.0,41.0,3.23,6.45,0.0,0.05
2005,John Andretti,4,0,0,0.0,29.0,304.0,899.0,0.0,0,31.5,28.0,31.0,0.0,0.0,0.0,0.0
2006,Mark Martin,36,7,15,0.0,14.25,4484.0,10455.0,292.0,29,16.11,2.0,36.0,19.44,41.67,0.0,2.79
2010,Sam Hornish Jr.,36,0,1,0.0,24.86,3214.0,10260.0,50.0,13,20.83,10.0,40.0,0.0,2.78,0.0,0.49
2025,Austin Dillon,36,1,5,1.0,20.83,615.0,9340.0,119.0,24,20.06,1.0,38.0,2.78,13.89,2.78,1.27
1951,Jim Byrd,3,0,1,0.0,16.67,,159.0,0.0,0,18.0,10.0,23.0,0.0,33.33,0.0,0.0
1954,Dutch Munsinger,1,0,0,0.0,43.0,,46.0,0.0,0,,43.0,43.0,0.0,0.0,0.0,0.0
1958,Ray Fanning,1,0,1,0.0,10.0,,157.0,0.0,0,19.0,10.0,10.0,0.0,100.0,0.0,0.0
1969,Bill Massuch,1,0,0,0.0,25.0,78.0,157.0,0.0,0,38.0,25.0,25.0,0.0,0.0,0.0,0.0
1971,A.J. Foyt,7,4,4,2.0,15.57,0.0,1134.0,392.0,4,6.71,1.0,38.0,57.14,57.14,28.57,34.57
1973,Bob Kauf,1,0,0,0.0,37.0,28.0,9.0,0.0,0,32.0,37.0,37.0,0.0,0.0,0.0,0.0
1974,Joe Mihalic,5,0,1,0.0,20.0,,1725.0,0.0,0,22.4,7.0,37.0,0.0,20.0,0.0,0.0
1982,Terry Herman,1,0,0,0.0,13.0,0.0,113.0,0.0,0,31.0,13.0,13.0,0.0,0.0,0.0,0.0
1991,James Hylton,4,0,0,0.0,38.0,196.0,87.0,0.0,0,37.5,37.0,40.0,0.0,0.0,0.0,0.0
1958,Buck Brigance,1,0,0,0.0,15.0,,109.0,0.0,0,10.0,15.0,15.0,0.0,0.0,0.0,0.0
1970,Parnelli Jones,1,0,0,0.0,11.0,0.0,168.0,88.0,0,35.0,11.0,11.0,0.0,0.0,0.0,52.38
1971,Harry Gailey,1,0,0,0.0,31.0,60.0,141.0,0.0,0,45.0,31.0,31.0,0.0,0.0,0.0,0.0
1979,Harry Goularte,1,0,0,0.0,23.0,94.0,82.0,0.0,0,33.0,23.0,23.0,0.0,0.0,0.0,0.0
1992,Bill Sedgwick,2,0,0,0.0,23.0,188.0,373.0,0.0,1,34.5,19.0,27.0,0.0,0.0,0.0,0.0
1992,Irv Hoerr,1,0,0,0.0,41.0,40.0,42.0,0.0,0,18.0,41.0,41.0,0.0,0.0,0.0,0.0
1994,Pancho Carter,1,0,0,0.0,17.0,112.0,322.0,0.0,0,22.0,17.0,17.0,0.0,0.0,0.0,0.0
2010,Ken Schrader,1,0,0,0.0,18.0,114.0,499.0,7.0,0,38.0,18.0,18.0,0.0,0.0,0.0,1.4
1949,Nick Garin,1,0,0,0.0,14.0,,142.0,0.0,0,,14.0,14.0,0.0,0.0,0.0,0.0
1953,Hildrey Thomas,1,0,0,0.0,12.0,,,0.0,0,,12.0,12.0,0.0,0.0,0.0,
1953,Jerry Wimbish,1,1,1,0.0,5.0,,,0.0,0,,5.0,5.0,100.0,100.0,0.0,
1956,Ray Baxter,1,0,0,0.0,19.0,,55.0,0.0,0,28.0,19.0,19.0,0.0,0.0,0.0,0.0
1950,Carson Dyer,1,0,0,0.0,51.0,,310.0,0.0,0,37.0,51.0,51.0,0.0,0.0,0.0,0.0
1951,Frank Oviado,1,0,0,0.0,18.0,,,0.0,0,,18.0,18.0,0.0,0.0,0.0,
1951,Frank Gise,2,0,1,0.0,36.0,,215.0,0.0,0,9.0,7.0,65.0,0.0,50.0,0.0,0.0
1953,Frank Price,2,0,0,0.0,14.5,,,0.0,0,31.0,14.0,15.0,0.0,0.0,0.0,
1958,Harold Hardesty,1,1,1,0.0,5.0,,98.0,0.0,0,3.0,5.0,5.0,100.0,100.0,0.0,0.0
1960,Al Tasnady,1,0,0,0.0,12.0,120.0,172.0,0.0,0,14.0,12.0,12.0,0.0,0.0,0.0,0.0
1961,Marshall Sargent,3,0,0,0.0,29.33,850.0,369.0,0.0,0,43.33,18.0,41.0,0.0,0.0,0.0,0.0
1961,Ralph Earnhardt,8,2,5,0.0,11.0,10182.0,1664.0,90.0,2,9.88,2.0,35.0,25.0,62.5,0.0,5.41
1971,Donnie Allison,13,7,9,1.0,12.08,1205.0,3017.0,803.0,6,4.23,1.0,41.0,53.85,69.23,7.69,26.62
1974,Bill Champion,18,0,0,0.0,27.06,,2324.0,0.0,0,25.94,11.0,40.0,0.0,0.0,0.0,0.0
1975,G.C. Spencer,9,0,1,0.0,31.11,634.0,906.0,11.0,0,27.0,9.0,49.0,0.0,11.11,0.0,1.21
1983,Rick Wilson,1,0,0,0.0,37.0,52.0,55.0,0.0,0,34.0,37.0,37.0,0.0,0.0,0.0,0.0
1985,Bill Elliott,28,16,18,11.0,8.68,4191.0,8724.0,1920.0,16,4.89,1.0,31.0,57.14,64.29,39.29,22.01
1985,Bobby Allison,28,7,11,0.0,16.64,3312.0,7656.0,422.0,5,15.96,3.0,38.0,25.0,39.29,0.0,5.51
1987,Michael Waltrip,29,0,1,0.0,21.76,2840.0,7790.0,1.0,0,19.76,10.0,39.0,0.0,3.45,0.0,0.01
1988,Ken Schrader,29,4,17,1.0,11.69,3858.0,9115.0,142.0,12,9.66,1.0,35.0,13.79,58.62,3.45,1.56
1991,Bobby Hillin Jr.,22,0,1,0.0,19.36,2317.0,6152.0,10.0,3,23.73,7.0,33.0,0.0,4.55,0.0,0.16
1992,Rusty Wallace,29,5,12,1.0,15.21,3556.0,8759.0,673.0,9,12.0,1.0,37.0,17.24,41.38,3.45,7.68
2002,Ricky Rudd,36,8,12,1.0,15.75,4323.0,10194.0,357.0,23,17.31,1.0,39.0,22.22,33.33,2.78,3.5
2002,Elliott Sadler,36,2,7,0.0,23.39,3418.0,9789.0,29.0,12,25.61,2.0,43.0,5.56,19.44,0.0,0.3
2006,Bill Elliott,10,0,0,0.0,29.0,765.0,2238.0,1.0,3,34.1,16.0,42.0,0.0,0.0,0.0,0.04
2009,Clint Bowyer,36,4,16,0.0,14.92,4359.0,10157.0,41.0,26,16.61,2.0,39.0,11.11,44.44,0.0,0.4
2012,Tony Stewart,36,12,16,3.0,13.61,1118.0,10195.0,420.0,21,18.33,1.0,32.0,33.33,44.44,8.33,4.12
2012,Timmy Hill,5,0,0,0.0,34.2,0.0,811.0,0.0,1,40.0,22.0,42.0,0.0,0.0,0.0,0.0
2014,Justin Allgaier,35,0,0,0.0,25.94,636.0,9880.0,16.0,12,25.94,15.0,42.0,0.0,0.0,0.0,0.16
2015,Mike Bliss,10,0,0,0.0,34.9,0.0,3528.0,3.0,0,39.0,31.0,40.0,0.0,0.0,0.0,0.09
2015,Brendan Gaughan,8,0,0,0.0,35.75,0.0,1861.0,0.0,1,39.25,28.0,41.0,0.0,0.0,0.0,0.0
2017,Erik Jones,36,5,14,0.0,17.06,888.0,9538.0,310.0,22,14.58,2.0,39.0,13.89,38.89,0.0,3.25
1954,Stan Kross,5,0,1,0.0,20.4,,135.0,0.0,0,37.0,10.0,26.0,0.0,20.0,0.0,0.0
1954,Tony Nelson,3,0,1,0.0,11.33,,995.0,0.0,0,20.0,8.0,14.0,0.0,33.33,0.0,0.0
1954,Lloyd Chick,1,0,0,0.0,33.0,,94.0,0.0,0,,33.0,33.0,0.0,0.0,0.0,0.0
1955,Ken Johns,2,0,2,0.0,9.0,528.0,249.0,0.0,0,10.5,8.0,10.0,0.0,100.0,0.0,0.0
1956,Nick Lari,1,0,0,0.0,18.0,,155.0,0.0,0,25.0,18.0,18.0,0.0,0.0,0.0,0.0
1967,Armond Holley,5,0,0,0.0,29.4,1684.0,378.0,0.0,0,19.8,15.0,44.0,0.0,0.0,0.0,0.0
1969,John Kennedy,8,0,0,0.0,28.63,417.0,1084.0,0.0,0,29.5,14.0,43.0,0.0,0.0,0.0,0.0
1956,Louis Headley,1,0,0,0.0,25.0,,1.0,0.0,0,,25.0,25.0,0.0,0.0,0.0,0.0
1956,Francis Dionne,1,0,0,0.0,44.0,,2.0,0.0,0,44.0,44.0,44.0,0.0,0.0,0.0,0.0
1967,Norm Nelson,1,1,1,0.0,3.0,0.0,183.0,0.0,0,15.0,3.0,3.0,100.0,100.0,0.0,0.0
1967,Cliff Garner,1,0,0,0.0,35.0,106.0,25.0,0.0,0,33.0,35.0,35.0,0.0,0.0,0.0,0.0
1951,Paul Parks,1,0,0,0.0,23.0,,,0.0,0,,23.0,23.0,0.0,0.0,0.0,
1952,Stewart Joyce,1,0,1,0.0,8.0,,229.0,0.0,0,26.0,8.0,8.0,0.0,100.0,0.0,0.0
1953,Don Ostendorf,1,0,0,0.0,15.0,,,0.0,0,,15.0,15.0,0.0,0.0,0.0,
1954,Dick Vermillion,1,0,0,0.0,14.0,,139.0,0.0,0,,14.0,14.0,0.0,0.0,0.0,0.0
1956,Sonny Black,1,0,0,0.0,14.0,,79.0,0.0,0,27.0,14.0,14.0,0.0,0.0,0.0,0.0
1957,John Kieper,1,0,0,0.0,16.0,,6.0,0.0,0,8.0,16.0,16.0,0.0,0.0,0.0,0.0
1965,Jim Bray,2,0,0,0.0,23.5,384.0,6.0,0.0,0,22.5,15.0,32.0,0.0,0.0,0.0,0.0
1970,Freddy Fryar,1,0,1,0.0,6.0,135.0,182.0,0.0,0,9.0,6.0,6.0,0.0,100.0,0.0,0.0
1988,Jay Sommers,1,0,0,0.0,37.0,52.0,280.0,0.0,0,36.0,37.0,37.0,0.0,0.0,0.0,0.0
1956,Jimmy Mairs,1,0,0,0.0,75.0,,,0.0,0,64.0,75.0,75.0,0.0,0.0,0.0,
1959,Dick Joslin,4,0,0,0.0,26.75,664.0,338.0,0.0,0,33.0,14.0,44.0,0.0,0.0,0.0,0.0
1959,Fritz Wilson,7,1,2,0.0,25.29,372.0,651.0,4.0,1,13.86,2.0,56.0,14.29,28.57,0.0,0.61
1959,Ronny Myers,1,0,0,0.0,18.0,,369.0,0.0,0,24.0,18.0,18.0,0.0,0.0,0.0,0.0
1960,Buck Baker,37,15,24,2.0,10.38,14674.0,7271.0,213.0,2,11.16,1.0,31.0,40.54,64.86,5.41,2.93
1961,Red Hollingsworth,3,0,0,0.0,38.0,140.0,70.0,0.0,0,41.0,24.0,48.0,0.0,0.0,0.0,0.0
1962,Sam McQuagg,1,0,0,0.0,12.0,224.0,51.0,0.0,0,9.0,12.0,12.0,0.0,0.0,0.0,0.0
1966,Worth McMillion,9,0,3,0.0,14.0,3526.0,2311.0,0.0,0,27.11,9.0,27.0,0.0,33.33,0.0,0.0
1970,Jabe Thomas,46,0,23,0.0,14.0,3120.0,10928.0,0.0,0,19.04,6.0,35.0,0.0,50.0,0.0,0.0
1973,Dick Brooks,14,3,9,1.0,13.21,1003.0,3447.0,24.0,1,21.21,1.0,34.0,21.43,64.29,7.14,0.7
1977,Norm Palmer,3,0,1,0.0,21.0,305.0,239.0,0.0,0,18.33,6.0,34.0,0.0,33.33,0.0,0.0
1977,Bill Baker,2,0,0,0.0,22.0,79.0,142.0,0.0,0,30.0,16.0,28.0,0.0,0.0,0.0,0.0
1982,Neil Bonnett,25,7,10,1.0,15.28,2966.0,6730.0,412.0,4,12.52,1.0,34.0,28.0,40.0,4.0,6.12
1985,Bobby Hillin Jr.,28,0,5,0.0,17.79,3091.0,8636.0,2.0,0,19.71,8.0,38.0,0.0,17.86,0.0,0.02
1988,David Sosebee,2,0,0,0.0,29.5,79.0,289.0,0.0,0,28.0,28.0,31.0,0.0,0.0,0.0,0.0
1992,Alan Kulwicki,29,11,17,2.0,10.59,4078.0,8991.0,1235.0,17,10.59,1.0,34.0,37.93,58.62,6.9,13.74
1992,Scott Sharp,1,0,0,0.0,19.0,106.0,51.0,0.0,1,22.0,19.0,19.0,0.0,0.0,0.0,0.0
2002,Jimmy Spencer,34,2,6,0.0,23.53,3187.0,9683.0,174.0,11,21.53,2.0,42.0,5.88,17.65,0.0,1.8
2011,Tony Stewart,36,9,19,5.0,12.03,1191.0,10579.0,913.0,31,17.67,1.0,39.0,25.0,52.78,13.89,8.63
2014,Michael Annett,36,0,0,0.0,29.36,531.0,9750.0,5.0,6,33.67,16.0,42.0,0.0,0.0,0.0,0.05
2015,Ryan Blaney,16,1,2,0.0,25.31,0.0,3622.0,5.0,5,14.5,4.0,43.0,6.25,12.5,0.0,0.14
1956,Chet Thomson,1,0,0,0.0,13.0,,94.0,0.0,0,17.0,13.0,13.0,0.0,0.0,0.0,0.0
1960,Bunk Moore,3,0,0,0.0,21.33,180.0,416.0,0.0,0,28.0,14.0,27.0,0.0,0.0,0.0,0.0
1966,Gordon Johncock,5,1,2,0.0,17.2,0.0,1139.0,21.0,2,10.6,4.0,29.0,20.0,40.0,0.0,1.84
1992,Kerry Teague,2,0,0,0.0,35.5,113.0,137.0,0.0,0,29.0,33.0,38.0,0.0,0.0,0.0,0.0
1998,Mike Wallace,1,0,0,0.0,23.0,94.0,199.0,0.0,0,23.0,23.0,23.0,0.0,0.0,0.0,0.0
2025,Connor Zilisch,3,0,0,0.0,23.67,0.0,707.0,0.0,1,27.67,11.0,37.0,0.0,0.0,0.0,0.0
1960,Dick Getty,2,0,0,0.0,15.0,96.0,198.0,0.0,0,30.0,14.0,16.0,0.0,0.0,0.0,0.0
1967,Tom Roa,1,0,0,0.0,42.0,106.0,9.0,0.0,0,40.0,42.0,42.0,0.0,0.0,0.0,0.0
1976,Rusty Sanders,1,0,0,0.0,31.0,70.0,29.0,0.0,0,8.0,31.0,31.0,0.0,0.0,0.0,0.0
1979,Louis Gatto,2,0,0,0.0,31.5,137.0,31.0,0.0,0,33.5,27.0,36.0,0.0,0.0,0.0,0.0
1988,Dave Pletcher,1,0,0,0.0,29.0,76.0,464.0,0.0,0,38.0,29.0,29.0,0.0,0.0,0.0,0.0
2002,Dave Marcis,1,0,0,0.0,42.0,37.0,79.0,0.0,0,14.0,42.0,42.0,0.0,0.0,0.0,0.0
1950,Frank Keller,1,0,0,0.0,13.0,,,0.0,0,,13.0,13.0,0.0,0.0,0.0,
1971,Ronnie Daniel,1,0,0,0.0,26.0,25.0,16.0,0.0,0,25.0,26.0,26.0,0.0,0.0,0.0,0.0
1978,Eddie Bradshaw,1,0,0,0.0,33.0,64.0,15.0,0.0,0,33.0,33.0,33.0,0.0,0.0,0.0,0.0
1979,Al Elmore,1,0,0,0.0,15.0,118.0,389.0,0.0,0,18.0,15.0,15.0,0.0,0.0,0.0,0.0
1950,Herbert Burns,2,0,2,0.0,9.5,,,0.0,0,10.0,9.0,10.0,0.0,100.0,0.0,
1951,Lou Figaro,13,3,4,1.0,15.38,,431.0,239.0,1,6.29,1.0,36.0,23.08,30.77,7.69,55.45
1952,Dave Terrell,5,1,3,0.0,11.6,,477.0,0.0,0,19.0,5.0,21.0,20.0,60.0,0.0,0.0
1953,Don Vershure,3,0,0,0.0,21.0,,86.0,0.0,0,,13.0,27.0,0.0,0.0,0.0,0.0
1957,Ed Fiola,2,0,0,0.0,30.5,,127.0,0.0,0,14.0,12.0,49.0,0.0,0.0,0.0,0.0
1960,Roy Tyner,23,1,5,0.0,22.22,1742.0,2076.0,0.0,0,25.17,4.0,47.0,4.35,21.74,0.0,0.0
1960,Jimmy Thompson,9,0,0,0.0,20.89,2472.0,1944.0,0.0,0,19.89,15.0,33.0,0.0,0.0,0.0,0.0
1960,Clem Proctor,1,0,0,0.0,13.0,1352.0,338.0,0.0,0,39.0,13.0,13.0,0.0,0.0,0.0,0.0
1963,Curtis Crider,49,2,15,0.0,16.12,13388.0,8858.0,0.0,0,18.35,3.0,50.0,4.08,30.61,0.0,0.0
1965,Gene Black,18,0,4,0.0,16.78,4970.0,4162.0,0.0,0,25.78,8.0,38.0,0.0,22.22,0.0,0.0
1967,Jimmy Clark,1,0,0,0.0,30.0,0.0,144.0,0.0,0,24.0,30.0,30.0,0.0,0.0,0.0,0.0
1969,Pete Hamilton,3,1,2,0.0,19.0,0.0,421.0,14.0,0,13.33,5.0,44.0,33.33,66.67,0.0,3.33
1969,Andy Hampton,2,0,1,0.0,17.0,0.0,197.0,0.0,0,38.5,9.0,25.0,0.0,50.0,0.0,0.0
1974,Paul Radford,1,0,0,0.0,30.0,,20.0,0.0,0,9.0,30.0,30.0,0.0,0.0,0.0,0.0
1980,Dale Earnhardt,31,19,24,5.0,8.19,4661.0,9615.0,1185.0,13,9.0,1.0,35.0,61.29,77.42,16.13,12.32
1985,Doug Heveron,2,0,0,0.0,29.0,46.0,238.0,0.0,0,27.0,19.0,39.0,0.0,0.0,0.0,0.0
1990,Jack Pennington,14,0,0,0.0,24.14,1278.0,3450.0,7.0,1,30.64,11.0,38.0,0.0,0.0,0.0,0.2
1992,Greg Sacks,20,0,0,0.0,25.1,1759.0,4926.0,6.0,0,23.5,11.0,43.0,0.0,0.0,0.0,0.12
1992,Jerry Hill,4,0,0,0.0,34.5,238.0,520.0,0.0,0,38.75,27.0,38.0,0.0,0.0,0.0,0.0
1998,Dale Earnhardt,33,5,13,1.0,16.15,3928.0,9459.0,273.0,16,26.45,1.0,39.0,15.15,39.39,3.03,2.89
2000,Johnny Benson Jr.,33,3,7,0.0,17.52,3716.0,9451.0,62.0,15,20.52,2.0,42.0,9.09,21.21,0.0,0.66
2003,Jeff Gordon,36,15,20,3.0,12.92,4785.0,10419.0,1639.0,25,8.64,1.0,37.0,41.67,55.56,8.33,15.73
2004,Brian Vickers,36,0,4,0.0,22.11,3521.0,9694.0,87.0,14,16.08,7.0,40.0,0.0,11.11,0.0,0.9
2016,Cole Whitt,26,0,0,0.0,30.46,276.0,6667.0,2.0,6,35.31,11.0,39.0,0.0,0.0,0.0,0.03
2019,B.J. McLeod,18,0,0,0.0,31.78,0.0,4503.0,0.0,0,34.89,19.0,39.0,0.0,0.0,0.0,0.0
2025,Erik Jones,36,4,5,0.0,20.19,655.0,9180.0,11.0,22,22.03,3.0,38.0,11.11,13.89,0.0,0.12
2025,Kyle Larson,36,15,22,3.0,13.19,1175.0,9186.0,1106.0,30,11.39,1.0,39.0,41.67,61.11,8.33,12.04
1949,Tim Flock,5,2,3,0.0,12.8,,347.0,0.0,1,3.5,2.0,31.0,40.0,60.0,0.0,0.0
1949,Ben Cannaziaro,1,0,0,0.0,27.0,,159.0,0.0,0,39.0,27.0,27.0,0.0,0.0,0.0,0.0
1950,Bob Collins,1,0,0,0.0,12.0,,133.0,0.0,0,,12.0,12.0,0.0,0.0,0.0,0.0
1951,Dean Sprague,1,0,0,0.0,28.0,,46.0,0.0,0,18.0,28.0,28.0,0.0,0.0,0.0,0.0
1966,A.J. Foyt,4,0,0,0.0,29.5,0.0,144.0,0.0,0,13.5,11.0,43.0,0.0,0.0,0.0,0.0
1969,Jim Cook,1,0,0,0.0,42.0,27.0,3.0,0.0,0,39.0,42.0,42.0,0.0,0.0,0.0,0.0
1983,Bill Schmitt,2,0,1,0.0,24.5,181.0,107.0,0.0,0,23.5,9.0,40.0,0.0,50.0,0.0,0.0
1984,Bill Schmitt,2,0,0,0.0,26.0,170.0,125.0,0.0,0,29.0,13.0,39.0,0.0,0.0,0.0,0.0
2015,Ron Hornaday Jr.,1,0,0,0.0,42.0,2.0,187.0,0.0,0,34.0,42.0,42.0,0.0,0.0,0.0,0.0
1959,Don Strain,1,0,1,0.0,9.0,,181.0,0.0,0,21.0,9.0,9.0,0.0,100.0,0.0,0.0
1972,Ron Grana,1,0,0,0.0,37.0,0.0,31.0,0.0,0,40.0,37.0,37.0,0.0,0.0,0.0,0.0
1987,Jesse Samples Jr.,2,0,0,0.0,35.0,116.0,164.0,0.0,0,26.0,29.0,41.0,0.0,0.0,0.0,0.0
1993,Jay Hedgecock,1,0,0,0.0,26.0,85.0,372.0,0.0,0,30.0,26.0,26.0,0.0,0.0,0.0,0.0
1950,Jim Delaney,2,0,1,0.0,11.0,,,0.0,0,12.0,8.0,14.0,0.0,50.0,0.0,
1951,Joe Carver,1,0,0,0.0,17.0,,,0.0,0,,17.0,17.0,0.0,0.0,0.0,
1957,Gene Blair,1,0,0,0.0,13.0,,32.0,0.0,0,18.0,13.0,13.0,0.0,0.0,0.0,0.0
1978,Dick Trickle,1,0,0,0.0,39.0,46.0,24.0,0.0,0,30.0,39.0,39.0,0.0,0.0,0.0,0.0
1950,Dick Clothier,5,0,2,0.0,16.4,,194.0,0.0,0,,6.0,36.0,0.0,40.0,0.0,0.0
1950,Dick Burns,8,2,3,0.0,19.5,,323.0,0.0,0,,4.0,48.0,25.0,37.5,0.0,0.0
1951,Tommy Thompson,5,1,2,1.0,20.2,,398.0,58.0,1,27.0,1.0,70.0,20.0,40.0,20.0,14.57
1952,Marion Leech,1,0,0,0.0,13.0,,117.0,0.0,0,18.0,13.0,13.0,0.0,0.0,0.0,0.0
1953,Steve McGrath,3,0,0,0.0,20.0,,,0.0,0,20.5,15.0,27.0,0.0,0.0,0.0,
1955,Johnny Mantz,2,0,1,0.0,18.0,214.0,148.0,0.0,0,13.5,7.0,29.0,0.0,50.0,0.0,0.0
1957,Duke DeBrizzi,3,0,0,0.0,22.67,,622.0,0.0,0,27.33,12.0,41.0,0.0,0.0,0.0,0.0
1960,Jimmy Massey,6,2,3,0.0,16.0,2662.0,1392.0,26.0,1,15.33,2.0,36.0,33.33,50.0,0.0,1.87
1961,Jack Smith,25,10,14,2.0,11.24,15186.0,4695.0,278.0,4,10.0,1.0,37.0,40.0,56.0,8.0,5.92
1966,Jimmy Helms,29,0,0,0.0,20.59,6530.0,3187.0,0.0,0,25.03,13.0,44.0,0.0,0.0,0.0,0.0
1969,Dub Simpson,20,0,0,0.0,25.7,1043.0,2923.0,0.0,0,25.9,11.0,39.0,0.0,0.0,0.0,0.0
1971,Carl Joiner,3,0,1,0.0,18.0,297.0,385.0,0.0,0,24.33,8.0,31.0,0.0,33.33,0.0,0.0
1971,Jerry Churchill,6,0,0,0.0,24.67,122.0,664.0,0.0,0,30.33,14.0,40.0,0.0,0.0,0.0,0.0
1975,Richard Brown,4,0,0,0.0,25.25,261.0,365.0,0.0,0,25.5,17.0,30.0,0.0,0.0,0.0,0.0
1980,Dick Brooks,19,2,5,0.0,21.37,1698.0,3978.0,6.0,0,19.11,5.0,36.0,10.53,26.32,0.0,0.15
1985,Dale Perry,1,0,0,0.0,30.0,73.0,57.0,0.0,0,34.0,30.0,30.0,0.0,0.0,0.0,0.0
1989,Dave Marcis,27,0,1,0.0,21.15,2715.0,7866.0,16.0,0,31.52,9.0,42.0,0.0,3.7,0.0,0.2
1990,Larry Pearson,9,0,0,0.0,23.89,822.0,2871.0,0.0,0,26.44,14.0,42.0,0.0,0.0,0.0,0.0
1991,Wally Dallenbach Jr.,11,0,0,0.0,30.0,803.0,2070.0,0.0,0,31.82,19.0,41.0,0.0,0.0,0.0,0.0
1997,Bill Elliott,32,5,14,0.0,15.81,3836.0,9610.0,442.0,13,15.94,2.0,38.0,15.63,43.75,0.0,4.6
1998,Ernie Irvan,30,0,11,0.0,18.87,3262.0,8513.0,196.0,8,21.2,6.0,43.0,0.0,36.67,0.0,2.3
2003,Ward Burton,36,0,4,0.0,21.58,3550.0,10236.0,48.0,14,22.56,6.0,41.0,0.0,11.11,0.0,0.47
2005,Michael Waltrip,36,3,7,0.0,23.44,3452.0,9943.0,175.0,16,26.56,2.0,42.0,8.33,19.44,0.0,1.76
2006,David Stremme,34,0,0,0.0,26.44,2865.0,9841.0,7.0,11,26.38,11.0,41.0,0.0,0.0,0.0,0.07
2010,Paul Menard,36,1,6,0.0,19.78,3776.0,10669.0,17.0,20,19.56,5.0,35.0,2.78,16.67,0.0,0.16
2025,Christopher Bell,36,13,22,4.0,11.19,1156.0,9286.0,282.0,29,12.89,1.0,35.0,36.11,61.11,11.11,3.04
2025,Josh Berry,36,3,8,1.0,21.67,648.0,8224.0,207.0,20,15.81,1.0,39.0,8.33,22.22,2.78,2.52
1949,Bill Blair,6,3,5,0.0,7.17,,763.0,325.0,1,6.0,5.0,12.0,50.0,83.33,0.0,42.6
1954,Allen Heath,1,0,0,0.0,29.0,,52.0,0.0,0,18.0,29.0,29.0,0.0,0.0,0.0,0.0
1954,Otis Martin,3,0,0,0.0,19.33,,414.0,0.0,0,22.0,13.0,25.0,0.0,0.0,0.0,0.0
1959,Paul Walton,1,0,0,0.0,16.0,,112.0,0.0,0,13.0,16.0,16.0,0.0,0.0,0.0,0.0
1978,Louis Gatto,1,0,0,0.0,35.0,58.0,5.0,0.0,0,37.0,35.0,35.0,0.0,0.0,0.0,0.0
1980,Bill Osborne,2,0,0,0.0,36.0,110.0,42.0,0.0,0,33.5,35.0,37.0,0.0,0.0,0.0,0.0
1993,Mike Wallace,4,0,0,0.0,25.75,343.0,1287.0,0.0,0,32.0,15.0,36.0,0.0,0.0,0.0,0.0
1951,Jesse White,1,0,0,0.0,15.0,,,0.0,0,,15.0,15.0,0.0,0.0,0.0,
1953,Hub McBride,1,0,0,0.0,38.0,,29.0,0.0,0,52.0,38.0,38.0,0.0,0.0,0.0,0.0
1982,James Hurlbert,1,0,0,0.0,40.0,0.0,1.0,0.0,0,32.0,40.0,40.0,0.0,0.0,0.0,0.0
2008,Joey Logano,3,0,0,0.0,37.0,113.0,887.0,0.0,0,37.0,32.0,40.0,0.0,0.0,0.0,0.0
1951,Gene Darragh,1,0,0,0.0,51.0,,309.0,0.0,0,58.0,51.0,51.0,0.0,0.0,0.0,0.0
1954,Bub King,1,0,0,0.0,18.0,,34.0,0.0,0,,18.0,18.0,0.0,0.0,0.0,0.0
1956,Joe Prismo,1,0,1,0.0,7.0,,246.0,0.0,0,,7.0,7.0,0.0,100.0,0.0,0.0
1958,Dave White,2,0,1,0.0,23.0,144.0,205.0,0.0,0,17.0,8.0,38.0,0.0,50.0,0.0,0.0
1959,Ray Fanning,1,0,0,0.0,16.0,120.0,117.0,0.0,0,,16.0,16.0,0.0,0.0,0.0,0.0
1965,Jim Conway,1,0,0,0.0,44.0,100.0,1.0,0.0,0,33.0,44.0,44.0,0.0,0.0,0.0,0.0
1976,Gordon Johncock,1,0,0,0.0,39.0,0.0,41.0,0.0,0,9.0,39.0,39.0,0.0,0.0,0.0,0.0
1978,Don Graham,1,0,0,0.0,22.0,97.0,75.0,0.0,0,22.0,22.0,22.0,0.0,0.0,0.0,0.0
2003,Ron Hornaday Jr.,1,0,0,0.0,20.0,103.0,267.0,0.0,1,28.0,20.0,20.0,0.0,0.0,0.0,0.0
2013,Blake Koch,1,0,0,0.0,38.0,0.0,216.0,0.0,0,43.0,38.0,38.0,0.0,0.0,0.0,0.0
1950,Leon Sales,2,1,1,1.0,11.0,,227.0,8.0,1,11.0,1.0,21.0,50.0,50.0,50.0,3.52
1951,Sandy Lynch,2,0,0,0.0,41.0,,215.0,0.0,0,32.0,16.0,66.0,0.0,0.0,0.0,0.0
1952,Donald Thomas,21,5,14,1.0,11.38,0.0,2623.0,9.0,3,15.72,1.0,39.0,23.81,66.67,4.76,0.34
1952,Buck Baker,14,3,6,1.0,15.71,0.0,1550.0,139.0,1,7.43,1.0,44.0,21.43,42.86,7.14,8.97
1953,Andy Winfree,7,0,3,0.0,14.57,,277.0,0.0,0,27.0,7.0,26.0,0.0,42.86,0.0,0.0
1956,David Ezell,1,0,0,0.0,30.0,,,0.0,0,54.0,30.0,30.0,0.0,0.0,0.0,
1958,Scotty Cain,1,0,1,0.0,8.0,,176.0,0.0,0,17.0,8.0,8.0,0.0,100.0,0.0,0.0
1958,John Seeley,1,1,1,0.0,5.0,,143.0,0.0,0,8.0,5.0,5.0,100.0,100.0,0.0,0.0
1959,John Potter,2,0,2,0.0,7.0,,549.0,0.0,0,27.0,6.0,8.0,0.0,100.0,0.0,0.0
1960,Johnny Sudderth,3,0,0,0.0,31.67,410.0,351.0,0.0,0,32.0,13.0,48.0,0.0,0.0,0.0,0.0
1963,Larry Thomas,32,6,13,0.0,13.97,10916.0,6992.0,0.0,0,16.88,3.0,32.0,18.75,40.63,0.0,0.0
1964,Doug Cooper,40,4,11,0.0,17.0,11942.0,5549.0,0.0,0,17.7,3.0,41.0,10.0,27.5,0.0,0.0
1967,Joe Edd Neubert,3,0,1,0.0,23.33,388.0,254.0,0.0,0,12.67,6.0,36.0,0.0,33.33,0.0,0.0
1970,Jim Vandiver,14,0,5,0.0,20.36,609.0,2634.0,6.0,0,17.07,6.0,38.0,0.0,35.71,0.0,0.23
1973,Dean Dalton,26,0,2,0.0,22.77,1420.0,5889.0,0.0,0,24.96,6.0,40.0,0.0,7.69,0.0,0.0
1974,Carl Adams,4,0,0,0.0,23.25,,667.0,0.0,0,32.25,13.0,40.0,0.0,0.0,0.0,0.0
1978,James Hylton,19,0,4,0.0,17.68,1965.0,5774.0,16.0,0,19.0,7.0,41.0,0.0,21.05,0.0,0.28
1982,Tom Sneva,3,0,0,0.0,22.67,285.0,520.0,0.0,0,25.67,15.0,31.0,0.0,0.0,0.0,0.0
1987,Bobby Allison,29,4,13,1.0,15.31,3525.0,7962.0,331.0,10,10.66,1.0,39.0,13.79,44.83,3.45,4.16
1990,Harry Gant,28,6,9,1.0,17.79,3182.0,7441.0,53.0,10,15.79,1.0,37.0,21.43,32.14,3.57,0.71
1990,Hershel McGriff,1,0,0,0.0,44.0,31.0,2.0,0.0,0,25.0,44.0,44.0,0.0,0.0,0.0,0.0
1992,Chad Little,19,0,1,0.0,25.11,1669.0,5114.0,0.0,0,26.95,8.0,39.0,0.0,5.26,0.0,0.0
1993,Brett Bodine,29,3,9,0.0,18.69,3183.0,8120.0,102.0,8,11.69,2.0,41.0,10.34,31.03,0.0,1.26
1996,Butch Leitzinger,1,0,0,0.0,20.0,103.0,90.0,0.0,1,17.0,20.0,20.0,0.0,0.0,0.0,0.0
1997,Hut Stricklin,29,0,1,0.0,26.55,2423.0,8494.0,6.0,3,23.38,10.0,42.0,0.0,3.45,0.0,0.07
2002,Kyle Petty,36,0,1,0.0,22.11,3501.0,10423.0,22.0,14,25.78,10.0,41.0,0.0,2.78,0.0,0.21
2008,Jason Leffler,3,0,0,0.0,33.0,192.0,567.0,0.0,2,30.0,27.0,40.0,0.0,0.0,0.0,0.0
2010,David Ragan,36,0,3,0.0,21.28,3599.0,10541.0,13.0,21,22.47,6.0,38.0,0.0,8.33,0.0,0.12
2010,Reed Sorenson,16,0,1,0.0,26.38,1355.0,3733.0,5.0,6,28.44,8.0,43.0,0.0,6.25,0.0,0.13
2015,Will Kimmel III,2,0,0,0.0,38.5,11.0,518.0,0.0,0,41.5,38.0,39.0,0.0,0.0,0.0,0.0
2019,Ricky Stenhouse Jr.,36,1,3,0.0,20.47,670.0,9526.0,109.0,17,15.06,5.0,40.0,2.78,8.33,0.0,1.14
2020,William Byron,36,4,14,1.0,16.19,906.0,9315.0,140.0,26,14.89,1.0,40.0,11.11,38.89,2.78,1.5
1950,Frank Canale,1,0,0,0.0,24.0,,74.0,0.0,0,2.0,24.0,24.0,0.0,0.0,0.0,0.0
1951,Jerry Morese,2,1,1,0.0,8.0,,,0.0,0,,5.0,11.0,50.0,50.0,0.0,
1951,Bill Cintia,1,0,1,0.0,9.0,,,0.0,0,21.0,9.0,9.0,0.0,100.0,0.0,
1952,Rod Turcott,1,0,0,0.0,16.0,,167.0,0.0,0,23.0,16.0,16.0,0.0,0.0,0.0,0.0
1962,Ernie Gahan,3,0,1,0.0,13.33,2092.0,284.0,0.0,0,13.67,9.0,19.0,0.0,33.33,0.0,0.0
1969,Scotty Cain,1,0,1,0.0,8.0,129.0,170.0,0.0,0,15.0,8.0,8.0,0.0,100.0,0.0,0.0
1973,Ron Keselowski,5,1,1,0.0,27.6,234.0,733.0,0.0,0,24.6,5.0,50.0,20.0,20.0,0.0,0.0
1988,Bobby Gerhart,2,0,0,0.0,24.0,182.0,377.0,0.0,0,40.0,22.0,26.0,0.0,0.0,0.0,0.0
1989,Charlie Baker,3,0,0,0.0,35.33,171.0,255.0,0.0,0,34.33,26.0,40.0,0.0,0.0,0.0,0.0
1951,Red Ryder,1,0,0,0.0,15.0,,,0.0,0,31.0,15.0,15.0,0.0,0.0,0.0,
1959,Slim Brown,1,0,1,0.0,7.0,,183.0,0.0,0,16.0,7.0,7.0,0.0,100.0,0.0,0.0
1975,Baxter Price,3,0,0,0.0,20.0,309.0,331.0,0.0,0,27.0,18.0,22.0,0.0,0.0,0.0,0.0
1981,Ronnie Sanders,1,0,0,0.0,18.0,109.0,191.0,0.0,0,17.0,18.0,18.0,0.0,0.0,0.0,0.0
1993,T.W. Taylor,3,0,0,0.0,38.0,152.0,280.0,1.0,0,32.67,34.0,40.0,0.0,0.0,0.0,0.36
1952,Lamar Crabtree,2,0,0,0.0,30.0,,349.0,0.0,0,22.5,19.0,41.0,0.0,0.0,0.0,0.0
1953,Earl Moss,1,0,0,0.0,35.0,,190.0,0.0,0,,35.0,35.0,0.0,0.0,0.0,0.0
1955,Bud Kutina,1,0,0,0.0,11.0,,38.0,0.0,0,18.0,11.0,11.0,0.0,0.0,0.0,0.0
1968,Dan Gurney,1,1,1,1.0,1.0,0.0,186.0,124.0,1,1.0,1.0,1.0,100.0,100.0,100.0,66.67
1968,Jerry Titus,1,0,0,0.0,39.0,0.0,5.0,0.0,0,23.0,39.0,39.0,0.0,0.0,0.0,0.0
1971,Lawrence Fields,1,0,0,0.0,36.0,45.0,31.0,0.0,0,15.0,36.0,36.0,0.0,0.0,0.0,0.0
1953,Pop McGinnis,13,2,5,0.0,20.08,,775.0,13.0,0,19.29,5.0,57.0,15.38,38.46,0.0,1.68
1954,Bill Blackwell,1,0,0,0.0,22.0,,4.0,0.0,0,,22.0,22.0,0.0,0.0,0.0,0.0
1956,Johnny Mantz,1,1,1,0.0,3.0,,79.0,0.0,0,5.0,3.0,3.0,100.0,100.0,0.0,0.0
1956,Harvey Henderson,18,0,4,0.0,19.33,0.0,2477.0,0.0,0,21.17,6.0,43.0,0.0,22.22,0.0,0.0
1956,Jack Zink,1,0,0,0.0,12.0,,10.0,0.0,0,7.0,12.0,12.0,0.0,0.0,0.0,0.0
1964,Larry Manning,5,0,3,0.0,12.0,1220.0,971.0,0.0,0,19.2,7.0,24.0,0.0,60.0,0.0,0.0
1966,Jim Paschal,18,6,10,2.0,12.67,16404.0,5008.0,759.0,3,9.67,1.0,34.0,33.33,55.56,11.11,15.16
1967,Ken Spikes,9,0,0,0.0,29.44,1540.0,622.0,0.0,0,33.78,19.0,41.0,0.0,0.0,0.0,0.0
1979,John Anderson,4,1,1,0.0,14.0,496.0,1263.0,1.0,0,16.25,5.0,24.0,25.0,25.0,0.0,0.08
1979,Jim Vandiver,4,0,0,0.0,30.5,225.0,716.0,1.0,0,32.75,19.0,41.0,0.0,0.0,0.0,0.14
1982,Rick Newsom,8,0,0,0.0,24.13,619.0,1143.0,0.0,0,33.5,13.0,35.0,0.0,0.0,0.0,0.0
1985,Jerry Bowman,5,0,0,0.0,25.4,434.0,1326.0,0.0,0,29.8,14.0,37.0,0.0,0.0,0.0,0.0
1990,Charlie Glotzbach,3,0,0,0.0,28.0,140.0,651.0,0.0,0,36.33,22.0,35.0,0.0,0.0,0.0,0.0
1992,Joe Ruttman,1,0,0,0.0,35.0,58.0,213.0,0.0,0,32.0,35.0,35.0,0.0,0.0,0.0,0.0
1992,H.B. Bailey,1,0,0,0.0,41.0,40.0,8.0,0.0,0,37.0,41.0,41.0,0.0,0.0,0.0,0.0
1998,Sterling Marlin,32,0,6,0.0,18.09,3530.0,9154.0,342.0,10,19.5,7.0,42.0,0.0,18.75,0.0,3.74
1999,Ricky Craven,24,0,0,0.0,33.46,1513.0,5965.0,2.0,1,28.38,13.0,43.0,0.0,0.0,0.0,0.03
2000,Joe Nemechek,34,3,9,0.0,20.29,3534.0,9467.0,8.0,14,20.15,2.0,42.0,8.82,26.47,0.0,0.08
2001,Dave Blaney,36,0,6,0.0,24.08,3303.0,10053.0,87.0,15,23.22,6.0,42.0,0.0,16.67,0.0,0.87
2002,Matt Kenseth,36,11,19,5.0,15.64,4432.0,10303.0,693.0,23,18.14,1.0,40.0,30.56,52.78,13.89,6.73
2004,Dave Blaney,16,0,0,0.0,25.25,1347.0,3436.0,4.0,7,25.5,11.0,40.0,0.0,0.0,0.0,0.12
2011,Travis Kvapil,29,0,0,0.0,31.66,0.0,7033.0,13.0,2,33.69,16.0,43.0,0.0,0.0,0.0,0.18
2015,Jeb Burton,28,0,0,0.0,36.29,216.0,7348.0,0.0,0,38.04,27.0,43.0,0.0,0.0,0.0,0.0
2021,Ryan Blaney,36,11,20,3.0,11.92,1153.0,8721.0,423.0,30,9.64,1.0,37.0,30.56,55.56,8.33,4.85
1951,Earl Moss,5,0,1,0.0,26.2,,479.0,0.0,0,20.0,6.0,39.0,0.0,20.0,0.0,0.0
1951,Pappy Hough,9,1,4,0.0,16.67,,,0.0,0,28.0,5.0,33.0,11.11,44.44,0.0,
1951,Jim Reed,4,1,1,0.0,12.75,,199.0,58.0,0,6.0,2.0,18.0,25.0,25.0,0.0,29.15
1954,Harvey Eakin,7,0,0,0.0,28.29,,741.0,0.0,0,41.0,16.0,40.0,0.0,0.0,0.0,0.0
1955,Fred Harb,2,0,0,0.0,11.5,112.0,276.0,0.0,0,22.5,11.0,12.0,0.0,0.0,0.0,0.0
1962,Dick Dixon,1,0,0,0.0,22.0,80.0,23.0,0.0,0,17.0,22.0,22.0,0.0,0.0,0.0,0.0
1963,Chuck Daigh,1,0,0,0.0,20.0,176.0,37.0,0.0,0,15.0,20.0,20.0,0.0,0.0,0.0,0.0
1989,J.D. McDuffie,7,0,0,0.0,32.57,457.0,1381.0,0.0,0,36.0,24.0,37.0,0.0,0.0,0.0,0.0
1995,Ben Hess,1,0,0,0.0,28.0,79.0,196.0,0.0,0,26.0,28.0,28.0,0.0,0.0,0.0,0.0
2001,Jeff Purvis,4,0,0,0.0,40.25,169.0,409.0,0.0,0,18.5,34.0,43.0,0.0,0.0,0.0,0.0
1951,Shorty York,5,1,1,0.0,20.2,,363.0,0.0,0,28.0,2.0,32.0,20.0,20.0,0.0,0.0
1953,Hank Ribet,2,0,0,0.0,27.0,,100.0,0.0,0,34.0,20.0,34.0,0.0,0.0,0.0,0.0
1955,Joe Sykes,1,0,0,0.0,23.0,0.0,69.0,0.0,0,26.0,23.0,23.0,0.0,0.0,0.0,0.0
1966,Tex McCullough,1,0,0,0.0,42.0,104.0,5.0,0.0,0,40.0,42.0,42.0,0.0,0.0,0.0,0.0
1970,Frank Deiny,1,0,0,0.0,41.0,30.0,4.0,0.0,0,23.0,41.0,41.0,0.0,0.0,0.0,0.0
1949,Curt Foss,1,0,0,0.0,19.0,,68.0,0.0,0,,19.0,19.0,0.0,0.0,0.0,0.0
1951,Rudy Hires,1,0,0,0.0,77.0,,82.0,0.0,0,56.0,77.0,77.0,0.0,0.0,0.0,0.0
1952,Don Rudolph,1,0,0,0.0,35.0,,82.0,0.0,0,47.0,35.0,35.0,0.0,0.0,0.0,0.0
1959,Buzz Woodward,1,1,1,0.0,5.0,,191.0,0.0,0,,5.0,5.0,100.0,100.0,0.0,0.0
1963,Hank Thomas,1,0,0,0.0,13.0,208.0,44.0,0.0,0,14.0,13.0,13.0,0.0,0.0,0.0,0.0
1964,Mitch Walker,1,0,0,0.0,11.0,240.0,174.0,0.0,0,21.0,11.0,11.0,0.0,0.0,0.0,0.0
1969,George Davis,1,0,0,0.0,28.0,0.0,24.0,0.0,0,24.0,28.0,28.0,0.0,0.0,0.0,0.0
1972,Ron Hutcherson,1,0,0,0.0,40.0,22.0,29.0,0.0,0,20.0,40.0,40.0,0.0,0.0,0.0,0.0
1953,Lacy Jackson,1,0,0,0.0,25.0,,288.0,0.0,0,37.0,25.0,25.0,0.0,0.0,0.0,0.0
1955,Billy Myers,3,0,1,0.0,17.0,372.0,641.0,0.0,0,20.67,9.0,23.0,0.0,33.33,0.0,0.0
1957,Jack Smith,40,17,26,4.0,9.55,0.0,6891.0,429.0,5,8.82,1.0,38.0,42.5,65.0,10.0,6.23
1957,Marvin Porter,6,2,3,1.0,11.17,,771.0,1.0,2,16.83,1.0,26.0,33.33,50.0,16.67,0.13
1959,Johnny Beauchamp,7,3,3,1.0,13.71,2816.0,1107.0,130.0,2,21.5,1.0,45.0,42.86,42.86,14.29,11.74
1959,Ned Jarrett,17,4,7,2.0,14.0,1248.0,2929.0,194.0,4,12.94,1.0,34.0,23.53,41.18,11.76,6.62
1959,Jack D. McCoy,1,0,0,0.0,17.0,,42.0,0.0,0,21.0,17.0,17.0,0.0,0.0,0.0,0.0
1960,Johnny Allen,10,2,5,0.0,19.3,6346.0,1820.0,0.0,1,15.0,2.0,52.0,20.0,50.0,0.0,0.0
1960,Carl Burris,2,0,0,0.0,28.0,60.0,81.0,0.0,0,25.0,26.0,30.0,0.0,0.0,0.0,0.0
1962,Richard Petty,52,32,39,8.0,6.88,28440.0,11551.0,1435.0,17,6.73,1.0,30.0,61.54,75.0,15.38,12.42
1967,Cale Yarborough,17,7,9,2.0,16.12,16874.0,4114.0,908.0,5,5.06,1.0,44.0,41.18,52.94,11.76,22.07
1968,Bill Vanderhoff,11,0,0,0.0,24.27,360.0,939.0,0.0,0,26.64,12.0,42.0,0.0,0.0,0.0,0.0
1969,Ed Hessert,16,0,4,0.0,17.25,1113.0,2635.0,1.0,0,20.94,6.0,36.0,0.0,25.0,0.0,0.04
1972,Jim Vandiver,16,2,3,0.0,25.81,758.0,2859.0,6.0,0,16.44,3.0,51.0,12.5,18.75,0.0,0.21
1972,Larry Dickson,1,0,0,0.0,21.0,0.0,103.0,0.0,0,30.0,21.0,21.0,0.0,0.0,0.0,0.0
1972,Eddie Yarboro,6,0,0,0.0,20.5,366.0,1728.0,0.0,0,27.83,13.0,29.0,0.0,0.0,0.0,0.0
1975,Rick Newsom,10,0,0,0.0,25.1,877.0,1672.0,0.0,0,28.8,12.0,41.0,0.0,0.0,0.0,0.0
1981,Slick Johnson,4,0,0,0.0,31.5,216.0,611.0,0.0,0,20.25,25.0,35.0,0.0,0.0,0.0,0.0
2000,Ed Berrier,10,0,0,0.0,33.4,628.0,2086.0,0.0,1,33.3,26.0,41.0,0.0,0.0,0.0,0.0
2003,Kevin Lepage,11,0,0,0.0,26.18,877.0,3231.0,11.0,4,26.18,14.0,42.0,0.0,0.0,0.0,0.34
2005,David Stremme,4,0,0,0.0,34.0,244.0,918.0,0.0,1,30.25,16.0,42.0,0.0,0.0,0.0,0.0
2007,Matt Kenseth,36,13,22,2.0,12.97,4768.0,10309.0,912.0,29,19.89,1.0,42.0,36.11,61.11,5.56,8.85
2007,Denny Hamlin,36,12,18,1.0,14.0,4623.0,10121.0,906.0,25,12.39,1.0,43.0,33.33,50.0,2.78,8.95
2008,Jeremy Mayfield,8,0,0,0.0,30.25,578.0,2734.0,0.0,2,29.75,16.0,39.0,0.0,0.0,0.0,0.0
2010,Mike Bliss,17,0,2,0.0,34.0,1050.0,2394.0,2.0,4,33.65,9.0,43.0,0.0,11.76,0.0,0.08
2015,Alex Kennedy,13,0,0,0.0,34.77,120.0,4166.0,0.0,2,41.0,25.0,40.0,0.0,0.0,0.0,0.0
2021,Josh Berry,2,0,0,0.0,28.0,0.0,588.0,0.0,1,26.5,26.0,30.0,0.0,0.0,0.0,0.0
1950,Don White,2,0,0,0.0,13.0,,182.0,0.0,0,,11.0,15.0,0.0,0.0,0.0,0.0
1951,Reino Tulonen,4,1,1,0.0,26.5,,353.0,0.0,0,42.5,5.0,40.0,25.0,25.0,0.0,0.0
1956,Wilbur Rakestraw,1,0,0,0.0,16.0,,29.0,0.0,0,12.0,16.0,16.0,0.0,0.0,0.0,0.0
1957,Dutch Hoag,1,0,0,0.0,45.0,,85.0,0.0,0,34.0,45.0,45.0,0.0,0.0,0.0,0.0
1958,E.J. Brewer,5,0,1,0.0,22.2,104.0,486.0,0.0,0,23.6,7.0,42.0,0.0,20.0,0.0,0.0
1959,Larry Flynn,4,0,0,0.0,30.75,80.0,206.0,0.0,0,29.5,24.0,49.0,0.0,0.0,0.0,0.0
1963,Dick Goode,2,0,1,0.0,23.5,490.0,107.0,0.0,0,18.0,10.0,37.0,0.0,50.0,0.0,0.0
1976,Carl Joiner,2,0,0,0.0,25.5,173.0,227.0,0.0,0,33.5,20.0,31.0,0.0,0.0,0.0,0.0
1977,Larry LeMay,2,0,0,0.0,27.0,164.0,288.0,0.0,0,23.0,24.0,30.0,0.0,0.0,0.0,0.0
1981,Jim Robinson,3,0,2,0.0,16.0,351.0,264.0,0.0,0,19.33,6.0,32.0,0.0,66.67,0.0,0.0
1984,Jimmy Ingalls,3,0,0,0.0,33.0,140.0,491.0,0.0,0,31.67,22.0,40.0,0.0,0.0,0.0,0.0
2016,Brian Vickers,5,0,1,0.0,23.8,86.0,1452.0,0.0,3,15.4,7.0,37.0,0.0,20.0,0.0,0.0
1951,Sam Thompson,1,0,0,0.0,29.0,,52.0,0.0,0,,29.0,29.0,0.0,0.0,0.0,0.0
1958,Dick Joslin,1,0,0,0.0,43.0,20.0,6.0,0.0,0,29.0,43.0,43.0,0.0,0.0,0.0,0.0
1959,Jim Bickerstaff,1,0,0,0.0,22.0,,12.0,0.0,0,19.0,22.0,22.0,0.0,0.0,0.0,0.0
1962,Gerald Duke,4,0,0,0.0,27.0,426.0,607.0,0.0,0,26.25,21.0,37.0,0.0,0.0,0.0,0.0
2019,Casey Mears,1,0,0,0.0,40.0,1.0,104.0,0.0,0,40.0,40.0,40.0,0.0,0.0,0.0,0.0
1951,Fred Moore,1,0,0,0.0,72.0,,112.0,0.0,0,81.0,72.0,72.0,0.0,0.0,0.0,0.0
1956,Bill Bowman,1,0,1,0.0,9.0,,181.0,0.0,0,18.0,9.0,9.0,0.0,100.0,0.0,0.0
1975,Chuck Little,1,0,0,0.0,28.0,79.0,35.0,0.0,0,19.0,28.0,28.0,0.0,0.0,0.0,0.0
1952,Jack Fisher,2,0,0,0.0,27.0,,307.0,0.0,0,32.0,21.0,33.0,0.0,0.0,0.0,0.0
1955,Ed Brown,4,0,2,0.0,12.25,600.0,584.0,44.0,0,9.25,7.0,18.0,0.0,50.0,0.0,7.53
1956,Don Hildreth,1,0,0,0.0,15.0,,140.0,0.0,0,10.0,15.0,15.0,0.0,0.0,0.0,0.0
1957,Phil Orr,1,0,0,0.0,13.0,,,0.0,0,22.0,13.0,13.0,0.0,0.0,0.0,
1957,Harvey Eakin,5,0,0,0.0,24.8,,763.0,0.0,0,35.2,15.0,42.0,0.0,0.0,0.0,0.0
1959,Kirby Miller,1,0,0,0.0,32.0,,47.0,0.0,0,25.0,32.0,32.0,0.0,0.0,0.0,0.0
1961,Paul Lewis,21,0,5,0.0,20.1,5712.0,3669.0,0.0,0,23.5,7.0,46.0,0.0,23.81,0.0,0.0
1962,Harry Leake,5,0,1,0.0,13.2,1040.0,669.0,0.0,0,15.8,9.0,19.0,0.0,20.0,0.0,0.0
1967,Frog Fagan,5,0,0,0.0,25.0,376.0,309.0,0.0,0,27.6,14.0,35.0,0.0,0.0,0.0,0.0
1970,Butch Hirst,5,0,0,0.0,23.0,219.0,663.0,0.0,0,28.6,16.0,30.0,0.0,0.0,0.0,0.0
1970,Pat Fay,1,0,0,0.0,32.0,57.0,24.0,0.0,0,16.0,32.0,32.0,0.0,0.0,0.0,0.0
1971,Paul Dorrity,2,0,0,0.0,30.5,123.0,74.0,0.0,0,31.5,28.0,33.0,0.0,0.0,0.0,0.0
1973,Marty Robbins,4,0,1,0.0,26.75,108.0,334.0,1.0,0,23.25,8.0,36.0,0.0,25.0,0.0,0.3
1974,Lennie Pond,22,5,11,0.0,13.5,,6684.0,17.0,0,13.32,4.0,32.0,22.73,50.0,0.0,0.25
1976,A.J. Foyt,5,1,1,0.0,23.6,0.0,581.0,79.0,0,15.4,4.0,38.0,20.0,20.0,0.0,13.6
1980,Don Puskarich,3,0,0,0.0,26.0,255.0,201.0,0.0,0,31.67,17.0,42.0,0.0,0.0,0.0,0.0
1982,Jimmy Walker,3,0,0,0.0,31.0,210.0,131.0,0.0,0,28.33,28.0,37.0,0.0,0.0,0.0,0.0
1982,Rick Baldwin,1,0,0,0.0,12.0,127.0,323.0,0.0,0,33.0,12.0,12.0,0.0,0.0,0.0,0.0
1985,Tommie Crozier,3,0,0,0.0,28.33,234.0,516.0,0.0,0,32.33,15.0,37.0,0.0,0.0,0.0,0.0
1986,Ted Kennedy,2,0,0,0.0,26.5,167.0,172.0,0.0,0,36.5,23.0,30.0,0.0,0.0,0.0,0.0
1988,Bill Schmitt,2,0,0,0.0,24.5,179.0,252.0,0.0,1,40.0,12.0,37.0,0.0,0.0,0.0,0.0
1988,Johnny Rutherford,1,0,0,0.0,39.0,46.0,155.0,0.0,0,34.0,39.0,39.0,0.0,0.0,0.0,0.0
1991,John Krebs,1,0,0,0.0,38.0,54.0,57.0,1.0,0,40.0,38.0,38.0,0.0,0.0,0.0,1.75
1997,Kenny Wallace,31,0,2,0.0,27.97,2462.0,8333.0,0.0,5,23.77,6.0,43.0,0.0,6.45,0.0,0.0
2001,Casey Atwood,35,1,3,0.0,24.83,3132.0,9474.0,137.0,9,20.14,3.0,43.0,2.86,8.57,0.0,1.45
2003,Rusty Wallace,36,2,12,0.0,18.69,3950.0,9734.0,379.0,18,16.08,3.0,43.0,5.56,33.33,0.0,3.89
2003,Scott Pruett,2,1,1,0.0,18.0,236.0,199.0,9.0,1,23.0,2.0,34.0,50.0,50.0,0.0,4.52
2003,Brian Vickers,5,0,0,0.0,29.4,379.0,1269.0,11.0,1,6.2,13.0,43.0,0.0,0.0,0.0,0.87
2008,Mike Wallace,2,0,0,0.0,30.5,143.0,495.0,0.0,0,23.0,30.0,31.0,0.0,0.0,0.0,0.0
2008,Mike Skinner,11,0,0,0.0,32.09,734.0,3525.0,0.0,0,26.45,27.0,40.0,0.0,0.0,0.0,0.0
2009,Aric Almirola,8,0,0,0.0,32.38,527.0,2473.0,0.0,1,30.13,21.0,39.0,0.0,0.0,0.0,0.0
2011,Sam Hornish Jr.,1,0,0,0.0,35.0,0.0,140.0,0.0,0,26.0,35.0,35.0,0.0,0.0,0.0,0.0
2024,Ross Chastain,36,6,14,1.0,14.94,902.0,9530.0,311.0,29,15.81,1.0,40.0,16.67,38.89,2.78,3.26
2025,Tyler Reddick,36,7,14,0.0,14.47,1027.0,9565.0,169.0,30,12.19,2.0,34.0,19.44,38.89,0.0,1.77
1951,John Soares,1,0,1,0.0,9.0,,,1.0,0,,9.0,9.0,0.0,100.0,0.0,
1954,Gene Comstock,1,0,0,0.0,13.0,,334.0,0.0,0,9.0,13.0,13.0,0.0,0.0,0.0,0.0
1954,Lucky Walters,1,0,0,0.0,49.0,,18.0,0.0,0,,49.0,49.0,0.0,0.0,0.0,0.0
1970,Bobby Boyles,1,0,0,0.0,25.0,0.0,3.0,0.0,0,26.0,25.0,25.0,0.0,0.0,0.0,0.0
1972,Jerry Oliver,1,0,0,0.0,22.0,58.0,122.0,0.0,0,27.0,22.0,22.0,0.0,0.0,0.0,0.0
1972,Jim Danielson,2,0,0,0.0,24.5,106.0,282.0,0.0,0,35.0,19.0,30.0,0.0,0.0,0.0,0.0
1977,Billy McGinnis,1,0,0,0.0,14.0,0.0,264.0,0.0,0,33.0,14.0,14.0,0.0,0.0,0.0,0.0
1993,Mike Potter,2,0,0,0.0,37.5,101.0,236.0,0.0,0,37.0,37.0,38.0,0.0,0.0,0.0,0.0
2004,Chad Blount,2,0,0,0.0,42.0,74.0,134.0,0.0,0,34.0,41.0,43.0,0.0,0.0,0.0,0.0
2010,Robert Richardson Jr.,4,0,0,0.0,29.25,301.0,739.0,0.0,0,36.75,23.0,37.0,0.0,0.0,0.0,0.0
1953,Frank Arford,4,0,0,0.0,28.5,,255.0,0.0,0,12.5,12.0,57.0,0.0,0.0,0.0,0.0
1956,Kenny Paulsen,1,0,0,0.0,24.0,,40.0,0.0,0,18.0,24.0,24.0,0.0,0.0,0.0,0.0
1956,Charles Blewitt,2,0,0,0.0,14.0,,411.0,0.0,0,28.0,14.0,14.0,0.0,0.0,0.0,0.0
1956,Shorty York,1,0,0,0.0,20.0,,336.0,0.0,0,46.0,20.0,20.0,0.0,0.0,0.0,0.0
2023,Kimi Raikkonen,1,0,0,0.0,29.0,8.0,75.0,0.0,1,22.0,29.0,29.0,0.0,0.0,0.0,0.0
1949,H.F. Stickleather,1,0,0,0.0,14.0,,167.0,0.0,0,,14.0,14.0,0.0,0.0,0.0,0.0
1950,Red Harvey,1,1,1,0.0,2.0,0.0,0.0,1.0,0,3.0,2.0,2.0,100.0,100.0,0.0,
1951,Jack Kabat,1,0,0,0.0,28.0,,,0.0,0,,28.0,28.0,0.0,0.0,0.0,
1952,Merritt Brown,1,0,0,0.0,63.0,,28.0,0.0,0,,63.0,63.0,0.0,0.0,0.0,0.0
1952,Robert Weisemeyer,1,0,0,0.0,24.0,,9.0,0.0,0,16.0,24.0,24.0,0.0,0.0,0.0,0.0
2014,Tomy Drissi,1,0,0,0.0,38.0,6.0,108.0,0.0,0,43.0,38.0,38.0,0.0,0.0,0.0,0.0
1951,Jim Fiebelkorn,17,1,4,0.0,17.59,,984.0,0.0,0,31.5,2.0,36.0,5.88,23.53,0.0,0.0
1952,Herb Legg,1,0,0,0.0,18.0,,133.0,0.0,0,9.0,18.0,18.0,0.0,0.0,0.0,0.0
1953,Lou Johnson,2,0,0,0.0,17.5,,,0.0,0,,12.0,23.0,0.0,0.0,0.0,
1954,Walt Flinchum,8,0,2,0.0,17.88,,1123.0,0.0,0,,8.0,44.0,0.0,25.0,0.0,0.0
1956,Jim Reed,11,5,5,0.0,13.91,0.0,1505.0,286.0,2,9.91,2.0,25.0,45.45,45.45,0.0,19.0
1956,Jack D. McCoy,1,0,0,0.0,20.0,,125.0,0.0,0,26.0,20.0,20.0,0.0,0.0,0.0,0.0
1957,Dick Beaty,20,1,7,0.0,12.15,0.0,3301.0,0.0,0,15.65,5.0,21.0,5.0,35.0,0.0,0.0
1959,Fireball Roberts,8,1,4,1.0,19.38,1900.0,1445.0,147.0,1,15.5,1.0,45.0,12.5,50.0,12.5,10.17
1959,Dave James,2,0,1,0.0,13.5,,489.0,0.0,0,20.5,7.0,20.0,0.0,50.0,0.0,0.0
1966,Buck Baker,36,7,14,0.0,15.92,15716.0,6725.0,0.0,0,16.97,2.0,41.0,19.44,38.89,0.0,0.0
1968,Sonny Hutchins,4,0,0,0.0,33.25,209.0,420.0,0.0,0,24.25,29.0,38.0,0.0,0.0,0.0,0.0
1968,Jerry Grant,7,0,1,0.0,24.0,451.0,971.0,1.0,0,12.29,7.0,42.0,0.0,14.29,0.0,0.1
1969,T.C. Hunt,1,0,0,0.0,28.0,0.0,53.0,0.0,0,27.0,28.0,28.0,0.0,0.0,0.0,0.0
1973,Harry Gant,1,0,0,0.0,11.0,80.0,307.0,0.0,0,17.0,11.0,11.0,0.0,0.0,0.0,0.0
1976,Harold Miller,3,0,0,0.0,17.33,333.0,499.0,0.0,0,35.0,14.0,20.0,0.0,0.0,0.0,0.0
1977,Henley Gray,14,0,0,0.0,25.43,1214.0,3049.0,0.0,0,28.64,14.0,39.0,0.0,0.0,0.0,0.0
1978,Paul Fess,1,0,0,0.0,28.0,0.0,75.0,0.0,0,32.0,28.0,28.0,0.0,0.0,0.0,0.0
1979,Ricky Rudd,28,4,17,0.0,12.07,3642.0,8836.0,22.0,1,11.54,3.0,34.0,14.29,60.71,0.0,0.25
1981,Morgan Shepherd,29,3,10,1.0,17.9,3264.0,7441.0,609.0,2,14.07,1.0,36.0,10.34,34.48,3.45,8.18
1981,Johnny Rutherford,12,1,2,0.0,21.17,1143.0,2432.0,5.0,1,23.08,5.0,37.0,8.33,16.67,0.0,0.21
1982,Donnie Allison,9,0,3,0.0,21.67,536.0,1818.0,1.0,0,23.33,6.0,38.0,0.0,33.33,0.0,0.06
1986,Dave Marcis,29,1,4,0.0,21.66,2912.0,7316.0,63.0,2,21.48,5.0,38.0,3.45,13.79,0.0,0.86
1986,George Follmer,2,0,0,0.0,27.0,164.0,130.0,0.0,0,31.0,18.0,36.0,0.0,0.0,0.0,0.0
1990,Rick Wilson,29,1,3,0.0,23.79,2666.0,8036.0,0.0,3,23.14,5.0,39.0,3.45,10.34,0.0,0.0
1991,Brett Bodine,29,2,6,0.0,20.69,2980.0,7873.0,163.0,5,17.48,2.0,37.0,6.9,20.69,0.0,2.07
1991,Bill Elliott,29,6,12,1.0,15.03,3535.0,9020.0,203.0,9,13.52,1.0,36.0,20.69,41.38,3.45,2.25
1995,Ken Schrader,31,2,10,0.0,20.68,3221.0,8550.0,238.0,9,17.84,3.0,42.0,6.45,32.26,0.0,2.78
2000,Hut Stricklin,7,0,0,0.0,33.57,436.0,1248.0,0.0,1,33.43,14.0,42.0,0.0,0.0,0.0,0.0
2001,Jeremy Mayfield,28,5,7,0.0,23.57,2651.0,7286.0,60.0,12,22.93,3.0,42.0,17.86,25.0,0.0,0.82
2007,Mike Bliss,4,0,0,0.0,27.25,325.0,1362.0,0.0,0,27.0,17.0,41.0,0.0,0.0,0.0,0.0
2007,Johnny Sauter,35,1,2,0.0,26.94,2900.0,9070.0,5.0,10,30.11,5.0,42.0,2.86,5.71,0.0,0.06
2012,David Gilliland,36,0,0,0.0,27.31,605.0,9503.0,5.0,8,33.78,13.0,40.0,0.0,0.0,0.0,0.05
2013,Scott Riggs,7,0,0,0.0,42.29,11.0,274.0,0.0,0,40.57,41.0,43.0,0.0,0.0,0.0,0.0
2017,Chris Buescher,36,0,4,0.0,21.44,564.0,9948.0,5.0,14,25.28,6.0,39.0,0.0,11.11,0.0,0.05
1949,Joe Littlejohn,1,1,1,0.0,4.0,,40.0,0.0,1,4.0,4.0,4.0,100.0,100.0,0.0,0.0
1951,Dick Eagan,3,1,2,0.0,11.0,,,0.0,0,11.0,3.0,22.0,33.33,66.67,0.0,
1952,Zeke DeRose,1,0,0,0.0,15.0,,168.0,0.0,0,29.0,15.0,15.0,0.0,0.0,0.0,0.0
1952,Joe Kusler,1,0,0,0.0,18.0,,164.0,0.0,0,30.0,18.0,18.0,0.0,0.0,0.0,0.0
1955,Dick Hallock,3,0,1,0.0,20.0,172.0,321.0,0.0,0,23.0,9.0,27.0,0.0,33.33,0.0,0.0
1962,Johnny Nave,2,0,0,0.0,30.5,54.0,170.0,0.0,0,31.5,29.0,32.0,0.0,0.0,0.0,0.0
1966,Gene Petro,1,0,0,0.0,22.0,0.0,35.0,0.0,0,31.0,22.0,22.0,0.0,0.0,0.0,0.0
1968,Leonard Brock,3,0,0,0.0,28.33,89.0,17.0,0.0,0,27.67,23.0,35.0,0.0,0.0,0.0,0.0
1969,Ron Grana,1,0,0,0.0,17.0,102.0,162.0,0.0,0,19.0,17.0,17.0,0.0,0.0,0.0,0.0
1972,Harry Schilling,3,0,0,0.0,28.0,138.0,587.0,0.0,0,25.0,23.0,31.0,0.0,0.0,0.0,0.0
1973,Gerald Thompson,1,0,0,0.0,15.0,72.0,162.0,0.0,0,16.0,15.0,15.0,0.0,0.0,0.0,0.0
1979,Bill Schmitt,3,1,1,0.0,17.33,342.0,325.0,0.0,0,10.67,4.0,30.0,33.33,33.33,0.0,0.0
1983,Jim Bown,2,0,0,0.0,29.0,152.0,118.0,0.0,0,10.0,23.0,35.0,0.0,0.0,0.0,0.0
1986,Tommy Riggins,1,0,0,0.0,15.0,118.0,89.0,0.0,0,24.0,15.0,15.0,0.0,0.0,0.0,0.0
2006,Mike Wallace,4,0,0,0.0,24.75,355.0,946.0,0.0,3,28.25,17.0,35.0,0.0,0.0,0.0,0.0
1951,Paul Stanley,2,0,0,0.0,18.5,,,0.0,0,22.0,18.0,19.0,0.0,0.0,0.0,
1953,Wally Campbell,3,0,0,0.0,39.0,,4.0,0.0,0,24.0,32.0,53.0,0.0,0.0,0.0,0.0
1961,T.R. Miller,1,0,0,0.0,17.0,176.0,96.0,0.0,0,19.0,17.0,17.0,0.0,0.0,0.0,0.0
1976,Sterling Marlin,1,0,0,0.0,29.0,76.0,55.0,0.0,0,30.0,29.0,29.0,0.0,0.0,0.0,0.0
1986,Joe Booher,2,0,0,0.0,24.5,179.0,556.0,0.0,0,34.0,18.0,31.0,0.0,0.0,0.0,0.0
1994,Curtis Markham,1,0,0,0.0,39.0,46.0,32.0,0.0,0,18.0,39.0,39.0,0.0,0.0,0.0,0.0
1953,Frank Kapack,1,0,0,0.0,19.0,,,0.0,0,,19.0,19.0,0.0,0.0,0.0,
1954,Dick Carter,3,0,0,0.0,28.0,,376.0,0.0,0,,18.0,35.0,0.0,0.0,0.0,0.0
1985,Earle Canavan,1,0,0,0.0,36.0,55.0,53.0,0.0,0,36.0,36.0,36.0,0.0,0.0,0.0,0.0
1986,Brian Baker,1,0,0,0.0,29.0,76.0,252.0,0.0,0,36.0,29.0,29.0,0.0,0.0,0.0,0.0
1950,Shorty York,1,0,0,0.0,20.0,,358.0,0.0,0,19.0,20.0,20.0,0.0,0.0,0.0,0.0
1951,John McGinley,6,2,2,0.0,15.0,,224.0,0.0,0,43.0,2.0,30.0,33.33,33.33,0.0,0.0
1952,Jack Reynolds,10,2,6,0.0,15.4,,1335.0,0.0,0,16.9,4.0,34.0,20.0,60.0,0.0,0.0
1953,Charlie Miller,1,0,0,0.0,11.0,,,0.0,0,9.0,11.0,11.0,0.0,0.0,0.0,
1954,Al Keller,13,6,9,2.0,9.23,,1811.0,378.0,2,13.0,1.0,25.0,46.15,69.23,15.38,20.87
1954,Virgil Stockton,4,0,1,0.0,15.25,,463.0,0.0,0,12.0,10.0,19.0,0.0,25.0,0.0,0.0
1955,Tim Flock,39,32,33,18.0,4.59,9246.0,6406.0,3227.0,22,2.95,1.0,25.0,82.05,84.62,46.15,50.37
1958,Cotton Owens,29,8,17,1.0,14.28,3044.0,3894.0,241.0,5,8.54,1.0,45.0,27.59,58.62,3.45,6.19
1958,Bill Thorp,1,0,0,0.0,22.0,,154.0,0.0,0,21.0,22.0,22.0,0.0,0.0,0.0,0.0
1961,Bob Welborn,14,3,7,0.0,11.14,12570.0,2996.0,104.0,2,11.36,2.0,27.0,21.43,50.0,0.0,3.47
1961,Bobby Isaac,1,0,0,0.0,18.0,128.0,2.0,0.0,0,15.0,18.0,18.0,0.0,0.0,0.0,0.0
1961,Ken Rush,6,1,2,0.0,20.83,2300.0,1586.0,0.0,0,22.17,5.0,43.0,16.67,33.33,0.0,0.0
1966,Bobby Johns,11,0,1,0.0,29.82,2246.0,1421.0,0.0,0,18.82,7.0,43.0,0.0,9.09,0.0,0.0
1967,Jim Paschal,45,20,25,4.0,11.64,27572.0,9399.0,1074.0,6,5.84,1.0,35.0,44.44,55.56,8.89,11.43
1967,Walson Gardner,1,0,0,0.0,26.0,30.0,47.0,0.0,0,25.0,26.0,26.0,0.0,0.0,0.0,0.0
1970,Roy Tyner,14,0,3,0.0,23.64,631.0,1890.0,0.0,0,27.07,8.0,38.0,0.0,21.43,0.0,0.0
1970,Don Noel,2,0,0,0.0,35.5,93.0,38.0,0.0,0,21.0,33.0,38.0,0.0,0.0,0.0,0.0
1971,Dick May,22,0,1,0.0,24.59,1054.0,2527.0,0.0,0,27.0,6.0,40.0,0.0,4.55,0.0,0.0
1971,Wayne Smith,2,0,0,0.0,26.0,100.0,67.0,0.0,0,21.0,26.0,26.0,0.0,0.0,0.0,0.0
1974,Travis Tiller,14,0,0,0.0,24.86,,2446.0,0.0,0,30.43,12.0,38.0,0.0,0.0,0.0,0.0
1980,Jeff McDuffie,3,0,0,0.0,18.0,327.0,1138.0,0.0,0,25.67,17.0,19.0,0.0,0.0,0.0,0.0
1986,Jim Bown,1,0,0,0.0,32.0,67.0,81.0,0.0,0,17.0,32.0,32.0,0.0,0.0,0.0,0.0
1987,Alan Kulwicki,29,3,9,0.0,18.24,3238.0,7758.0,102.0,7,14.14,2.0,40.0,10.34,31.03,0.0,1.31
1991,Sterling Marlin,29,7,16,0.0,11.79,3839.0,9205.0,211.0,10,14.31,2.0,33.0,24.14,55.17,0.0,2.29
1993,Brad Teague,1,0,0,0.0,38.0,49.0,13.0,0.0,0,38.0,38.0,38.0,0.0,0.0,0.0,0.0
1998,Geoff Bodine,32,1,5,0.0,24.88,2864.0,8745.0,33.0,5,22.97,5.0,41.0,3.13,15.63,0.0,0.38
2002,Michael Waltrip,36,4,10,1.0,18.58,3985.0,9928.0,180.0,18,14.44,1.0,42.0,11.11,27.78,2.78,1.81
2005,Denny Hamlin,7,0,3,0.0,17.14,806.0,2334.0,25.0,4,19.0,7.0,33.0,0.0,42.86,0.0,1.07
2008,Michael Waltrip,36,1,2,0.0,28.22,2889.0,10329.0,20.0,8,30.47,2.0,43.0,2.78,5.56,0.0,0.19
2012,Casey Mears,36,0,0,0.0,27.17,612.0,8616.0,41.0,6,26.44,15.0,41.0,0.0,0.0,0.0,0.48
2014,Joe Nemechek,15,0,0,0.0,36.53,0.0,4119.0,1.0,0,40.6,30.0,43.0,0.0,0.0,0.0,0.02
2019,Daniel Hemric,36,1,2,0.0,22.47,540.0,9825.0,22.0,9,18.14,5.0,37.0,2.78,5.56,0.0,0.22
1951,Owen Jones,2,0,0,0.0,16.5,,,0.0,0,,14.0,19.0,0.0,0.0,0.0,
1952,Al Smith,1,0,0,0.0,24.0,,125.0,0.0,0,26.0,24.0,24.0,0.0,0.0,0.0,0.0
1954,Leon Lundy,1,0,0,0.0,32.0,,192.0,0.0,0,,32.0,32.0,0.0,0.0,0.0,0.0
1957,Dick Hoffman,1,0,0,0.0,21.0,,50.0,0.0,0,30.0,21.0,21.0,0.0,0.0,0.0,0.0
1960,Lennie Page,5,0,2,0.0,26.2,864.0,774.0,0.0,0,31.2,6.0,60.0,0.0,40.0,0.0,0.0
1964,Glen Wood,2,1,1,0.0,11.0,480.0,305.0,5.0,0,2.5,3.0,19.0,50.0,50.0,0.0,1.64
1967,Coo Coo Marlin,3,0,0,0.0,26.67,680.0,158.0,0.0,0,19.67,13.0,50.0,0.0,0.0,0.0,0.0
1971,Larry Smith,4,0,1,0.0,19.5,378.0,896.0,0.0,0,24.0,10.0,25.0,0.0,25.0,0.0,0.0
1972,Carl Joiner,2,1,1,0.0,8.5,170.0,283.0,0.0,0,31.0,5.0,12.0,50.0,50.0,0.0,0.0
1981,Gary Kershaw,1,0,0,0.0,12.0,127.0,117.0,0.0,0,33.0,12.0,12.0,0.0,0.0,0.0,0.0
1984,Slick Johnson,1,0,0,0.0,36.0,0.0,70.0,0.0,0,34.0,36.0,36.0,0.0,0.0,0.0,0.0
1949,Ray Erickson,4,2,3,0.0,6.75,,713.0,0.0,1,5.0,2.0,15.0,50.0,75.0,0.0,0.0
1954,Joe Martin,1,0,0,0.0,23.0,,85.0,0.0,0,,23.0,23.0,0.0,0.0,0.0,0.0
1956,Peck Peckham,3,0,0,0.0,36.67,0.0,324.0,0.0,0,55.0,13.0,67.0,0.0,0.0,0.0,0.0
1959,Russ Gemberling,1,0,0,0.0,14.0,,127.0,3.0,0,8.0,14.0,14.0,0.0,0.0,0.0,2.36
1962,Jim Bennett,5,1,2,0.0,18.0,1000.0,402.0,0.0,0,11.4,5.0,41.0,20.0,40.0,0.0,0.0
1969,Eldon Yarbrough,1,1,1,0.0,5.0,0.0,194.0,0.0,0,23.0,5.0,5.0,100.0,100.0,0.0,0.0
1955,Dick Joslin,1,0,1,0.0,7.0,,38.0,0.0,0,5.0,7.0,7.0,0.0,100.0,0.0,0.0
1962,Tom Pistone,1,0,0,0.0,31.0,60.0,2.0,0.0,0,20.0,31.0,31.0,0.0,0.0,0.0,0.0
1966,Walt Price,1,0,0,0.0,17.0,1500.0,154.0,0.0,0,38.0,17.0,17.0,0.0,0.0,0.0,0.0
1966,Jack Ingram,1,0,0,0.0,19.0,112.0,14.0,0.0,0,4.0,19.0,19.0,0.0,0.0,0.0,0.0
1974,Jan Opperman,1,0,1,0.0,8.0,,188.0,0.0,0,14.0,8.0,8.0,0.0,100.0,0.0,0.0
1978,Mel Larson,2,0,0,0.0,31.0,140.0,169.0,0.0,0,20.0,29.0,33.0,0.0,0.0,0.0,0.0
1950,Johnny Grubb,4,0,1,0.0,11.0,,530.0,0.0,0,32.0,9.0,12.0,0.0,25.0,0.0,0.0
1950,Murrace Walker,1,0,0,0.0,22.0,,358.0,0.0,0,33.0,22.0,22.0,0.0,0.0,0.0,0.0
1953,Bill Widenhouse,1,0,0,0.0,37.0,,234.0,0.0,0,28.0,37.0,37.0,0.0,0.0,0.0,0.0
1955,Marvin Panch,10,4,4,0.0,10.7,2812.0,1597.0,15.0,1,12.4,2.0,23.0,40.0,40.0,0.0,0.94
1958,Doug Cox,14,3,9,0.0,11.71,3736.0,2479.0,0.0,1,17.54,2.0,36.0,21.43,64.29,0.0,0.0
1959,Jimmy Pardue,7,0,1,0.0,16.14,0.0,657.0,0.0,0,17.86,10.0,20.0,0.0,14.29,0.0,0.0
1959,Arley Scranton,2,0,0,0.0,22.0,,361.0,0.0,0,18.0,22.0,22.0,0.0,0.0,0.0,0.0
1962,Joe Weatherly,52,39,45,9.0,4.96,30836.0,12431.0,592.0,21,5.81,1.0,23.0,75.0,86.54,17.31,4.76
1964,David Pearson,61,29,42,8.0,8.34,32146.0,13225.0,2256.0,11,5.16,1.0,30.0,47.54,68.85,13.11,17.06
1966,Curtis Turner,21,5,6,0.0,18.81,12266.0,3698.0,385.0,3,7.05,2.0,41.0,23.81,28.57,0.0,10.41
1966,LeeRoy Yarbrough,9,2,4,1.0,18.44,10528.0,1545.0,364.0,2,8.0,1.0,39.0,22.22,44.44,11.11,23.56
1977,Neil Bonnett,23,5,9,2.0,16.22,2649.0,5993.0,493.0,2,6.74,1.0,38.0,21.74,39.13,8.7,8.23
1979,Buddy Arrington,31,1,7,0.0,16.06,3589.0,8452.0,2.0,0,21.71,3.0,32.0,3.23,22.58,0.0,0.02
1979,Buddy Baker,26,12,15,3.0,16.12,3249.0,6107.0,1083.0,7,4.77,1.0,40.0,46.15,57.69,11.54,17.73
1982,Geoff Bodine,25,4,10,0.0,15.16,2654.0,6518.0,118.0,4,9.8,3.0,42.0,16.0,40.0,0.0,1.81
1983,Lake Speed,18,2,5,0.0,15.94,2114.0,4934.0,22.0,1,16.0,3.0,29.0,11.11,27.78,0.0,0.45
1983,Geoff Bodine,28,5,9,0.0,19.93,3019.0,7042.0,490.0,4,7.0,2.0,41.0,17.86,32.14,0.0,6.96
1983,Elliott Forbes-Robinson,1,0,0,0.0,40.0,43.0,36.0,0.0,0,19.0,40.0,40.0,0.0,0.0,0.0,0.0
1983,Butch Lindley,2,0,0,0.0,18.0,223.0,518.0,7.0,0,16.5,11.0,25.0,0.0,0.0,0.0,1.35
1988,Bobby Hillin Jr.,29,1,7,0.0,15.31,3446.0,9383.0,70.0,5,23.76,3.0,37.0,3.45,24.14,0.0,0.75
1988,Trevor Boys,2,0,0,0.0,19.5,209.0,505.0,0.0,0,34.0,19.0,20.0,0.0,0.0,0.0,0.0
1992,D.K. Ulrich,1,0,0,0.0,39.0,46.0,21.0,0.0,0,40.0,39.0,39.0,0.0,0.0,0.0,0.0
1996,Rusty Wallace,31,8,18,5.0,16.61,3717.0,8383.0,964.0,18,16.42,1.0,40.0,25.81,58.06,16.13,11.5
1996,Larry Gunselman,1,0,0,0.0,36.0,55.0,70.0,0.0,0,43.0,36.0,36.0,0.0,0.0,0.0,0.0
2007,Johnny Benson Jr.,3,0,0,0.0,36.67,159.0,778.0,0.0,0,27.0,31.0,43.0,0.0,0.0,0.0,0.0
2008,Juan Pablo Montoya,36,2,3,0.0,23.94,3329.0,10316.0,14.0,13,23.31,2.0,43.0,5.56,8.33,0.0,0.14
2017,Elliott Sadler,3,0,0,0.0,19.33,0.0,553.0,7.0,2,36.0,17.0,21.0,0.0,0.0,0.0,1.27
2024,Chris Buescher,36,6,15,1.0,14.31,929.0,9434.0,209.0,28,18.53,1.0,37.0,16.67,41.67,2.78,2.22
1951,Joe Skovron,1,0,0,0.0,36.0,,,0.0,0,33.0,36.0,36.0,0.0,0.0,0.0,
1955,Bud Geiselman,1,0,0,0.0,19.0,56.0,164.0,0.0,0,22.0,19.0,19.0,0.0,0.0,0.0,0.0
1956,Norman Schihl,1,0,0,0.0,23.0,,349.0,0.0,0,38.0,23.0,23.0,0.0,0.0,0.0,0.0
1969,Marvin Sjolin,1,0,0,0.0,17.0,102.0,132.0,0.0,0,42.0,17.0,17.0,0.0,0.0,0.0,0.0
1981,Bob Senneker,1,0,0,0.0,21.0,0.0,256.0,0.0,0,23.0,21.0,21.0,0.0,0.0,0.0,0.0
1982,Marty Robbins,2,0,0,0.0,35.0,116.0,134.0,0.0,0,33.5,33.0,37.0,0.0,0.0,0.0,0.0
1988,Rick Jeffrey,4,0,0,0.0,28.75,307.0,978.0,0.0,0,33.0,26.0,30.0,0.0,0.0,0.0,0.0
1995,Davy Jones,7,0,0,0.0,29.57,520.0,1680.0,0.0,0,28.57,20.0,37.0,0.0,0.0,0.0,0.0
1996,Chuck Bown,3,0,0,0.0,35.67,168.0,338.0,0.0,0,32.0,25.0,42.0,0.0,0.0,0.0,0.0
1951,Leo Beiethaupt,1,0,1,0.0,9.0,,,0.0,0,15.0,9.0,9.0,0.0,100.0,0.0,
1952,Hank Lee,2,0,0,0.0,24.5,,114.0,0.0,0,17.5,22.0,27.0,0.0,0.0,0.0,0.0
1953,George Gallup,1,0,0,0.0,19.0,,36.0,0.0,0,29.0,19.0,19.0,0.0,0.0,0.0,0.0
1953,Chuck Housley,1,0,0,0.0,17.0,,,0.0,0,,17.0,17.0,0.0,0.0,0.0,
1970,Buddy Young,2,0,1,0.0,22.0,174.0,501.0,0.0,0,13.0,10.0,34.0,0.0,50.0,0.0,0.0
1975,Dick Trickle,1,0,0,0.0,36.0,55.0,3.0,0.0,0,27.0,36.0,36.0,0.0,0.0,0.0,0.0
1980,Jim Ingram,1,0,0,0.0,15.0,118.0,437.0,0.0,0,33.0,15.0,15.0,0.0,0.0,0.0,0.0
1954,Jim Ewing,1,0,0,0.0,18.0,,100.0,0.0,0,,18.0,18.0,0.0,0.0,0.0,0.0
1954,Dick Grice,1,0,0,0.0,21.0,,52.0,0.0,0,,21.0,21.0,0.0,0.0,0.0,0.0
1976,Ramo Stott,1,0,0,0.0,26.0,0.0,113.0,0.0,0,1.0,26.0,26.0,0.0,0.0,0.0,0.0
1979,Bub Strickler,1,0,0,0.0,36.0,55.0,67.0,0.0,0,26.0,36.0,36.0,0.0,0.0,0.0,0.0
1984,Eddie Bierschwale,2,0,0,0.0,30.0,146.0,317.0,0.0,0,32.5,29.0,31.0,0.0,0.0,0.0,0.0
1951,Jim Rathmann,1,0,0,0.0,52.0,,76.0,0.0,0,9.0,52.0,52.0,0.0,0.0,0.0,0.0
1952,Ted Chamberlain,18,0,6,0.0,14.22,,3053.0,0.0,0,19.39,7.0,31.0,0.0,33.33,0.0,0.0
1953,Jimmie Lewallen,22,7,13,0.0,13.18,,908.0,0.0,0,15.17,2.0,47.0,31.82,59.09,0.0,0.0
1954,Gober Sosebee,18,4,7,1.0,14.22,,1970.0,170.0,1,6.0,1.0,27.0,22.22,38.89,5.56,8.63
1958,Billy Carden,13,0,2,0.0,21.62,1272.0,1469.0,0.0,0,14.69,7.0,37.0,0.0,15.38,0.0,0.0
1959,Harvey Hege,10,0,3,0.0,15.0,1152.0,1485.0,0.0,0,18.8,7.0,27.0,0.0,30.0,0.0,0.0
1961,Marvin Panch,9,3,6,1.0,14.33,9392.0,1517.0,140.0,2,6.78,1.0,43.0,33.33,66.67,11.11,9.23
1964,Pete Stewart,7,0,0,0.0,22.0,2400.0,1243.0,0.0,0,27.29,12.0,44.0,0.0,0.0,0.0,0.0
1970,J.D. McDuffie,36,1,10,0.0,16.69,2079.0,8461.0,0.0,0,21.03,5.0,41.0,2.78,27.78,0.0,0.0
1971,Jimmy Insolo,3,0,0,0.0,19.67,282.0,349.0,0.0,0,18.67,17.0,25.0,0.0,0.0,0.0,0.0
1971,Jimmy Vaughn,3,0,0,0.0,20.0,177.0,575.0,0.0,0,21.33,18.0,23.0,0.0,0.0,0.0,0.0
1976,Charlie Glotzbach,1,0,0,0.0,34.0,61.0,121.0,0.0,0,8.0,34.0,34.0,0.0,0.0,0.0,0.0
1982,Buddy Arrington,30,0,8,0.0,14.33,3642.0,9336.0,6.0,0,24.5,6.0,35.0,0.0,26.67,0.0,0.06
1986,Alan Kulwicki,23,1,4,0.0,15.78,2705.0,7898.0,14.0,1,22.17,4.0,32.0,4.35,17.39,0.0,0.18
1989,Greg Sacks,20,0,2,0.0,27.55,1565.0,4955.0,110.0,1,22.4,7.0,39.0,0.0,10.0,0.0,2.22
1992,Todd Bodine,1,0,0,0.0,37.0,52.0,16.0,0.0,0,21.0,37.0,37.0,0.0,0.0,0.0,0.0
1993,Bob Schacht,3,0,0,0.0,34.33,180.0,272.0,0.0,0,36.0,27.0,40.0,0.0,0.0,0.0,0.0
1995,Michael Waltrip,31,2,8,0.0,16.58,3601.0,9222.0,41.0,13,17.1,3.0,38.0,6.45,25.81,0.0,0.44
1996,Jeff Gordon,31,21,24,10.0,9.48,4620.0,8972.0,2314.0,24,6.26,1.0,42.0,67.74,77.42,32.26,25.79
2001,Jimmy Spencer,36,3,8,0.0,20.19,3782.0,10261.0,214.0,19,19.67,4.0,43.0,8.33,22.22,0.0,2.09
2001,Geoff Bodine,2,0,0,0.0,32.0,52.0,750.0,0.0,0,24.0,27.0,37.0,0.0,0.0,0.0,0.0
2002,Todd Bodine,24,1,4,0.0,27.21,1987.0,5552.0,19.0,6,24.92,5.0,43.0,4.17,16.67,0.0,0.34
2010,David Gilliland,32,0,0,0.0,29.28,2445.0,9696.0,8.0,7,36.0,19.0,38.0,0.0,0.0,0.0,0.08
2011,Martin Truex Jr.,36,3,12,0.0,17.72,962.0,10183.0,153.0,24,16.81,2.0,40.0,8.33,33.33,0.0,1.5
2013,Michael McDowell,33,0,1,0.0,37.73,210.0,3515.0,3.0,2,33.18,9.0,43.0,0.0,3.03,0.0,0.09
2014,Michael Waltrip,4,0,0,0.0,25.25,76.0,637.0,4.0,2,36.25,16.0,41.0,0.0,0.0,0.0,0.63
2017,Kyle Busch,36,14,22,5.0,11.53,1299.0,10284.0,2023.0,28,7.17,1.0,38.0,38.89,61.11,13.89,19.67
2021,Chase Elliott,36,15,21,2.0,11.36,1230.0,9050.0,952.0,31,8.06,1.0,39.0,41.67,58.33,5.56,10.52
2023,Ryan Newman,8,0,0,0.0,29.88,0.0,2680.0,0.0,0,31.25,26.0,36.0,0.0,0.0,0.0,0.0
1954,Frank Smith,1,0,0,0.0,16.0,,144.0,0.0,0,,16.0,16.0,0.0,0.0,0.0,0.0
1961,Jesse James Taylor,1,0,0,0.0,40.0,80.0,10.0,0.0,0,42.0,40.0,40.0,0.0,0.0,0.0,0.0
1973,Clem Proctor,1,0,0,0.0,38.0,26.0,5.0,0.0,0,23.0,38.0,38.0,0.0,0.0,0.0,0.0
1974,Joe Millikan,1,0,0,0.0,17.0,,456.0,0.0,0,29.0,17.0,17.0,0.0,0.0,0.0,0.0
1987,Rick Jeffrey,1,0,0,0.0,24.0,91.0,391.0,0.0,0,29.0,24.0,24.0,0.0,0.0,0.0,0.0
1999,Mike Wallace,2,0,0,0.0,23.5,185.0,596.0,0.0,0,35.5,23.0,24.0,0.0,0.0,0.0,0.0
1999,Andy Hillenburg,1,0,0,0.0,43.0,34.0,50.0,0.0,0,33.0,43.0,43.0,0.0,0.0,0.0,0.0
1949,Sam Rice,2,2,2,0.0,4.0,,192.0,0.0,0,14.0,4.0,4.0,100.0,100.0,0.0,0.0
1956,Roz Howard,1,0,0,0.0,13.0,,343.0,0.0,0,22.0,13.0,13.0,0.0,0.0,0.0,0.0
1957,Ernie Young,2,1,1,0.0,12.5,,153.0,0.0,0,13.5,4.0,21.0,50.0,50.0,0.0,0.0
1964,Frank Tanner,4,0,0,0.0,20.75,360.0,9.0,0.0,0,20.25,16.0,25.0,0.0,0.0,0.0,0.0
1972,Carl Adams,2,0,1,0.0,18.5,130.0,320.0,0.0,0,32.5,7.0,30.0,0.0,50.0,0.0,0.0
1977,Kenny Brightbill,2,0,0,0.0,26.0,170.0,206.0,0.0,0,17.5,12.0,40.0,0.0,0.0,0.0,0.0
1989,Rob Moroso,2,0,0,0.0,31.0,140.0,583.0,0.0,0,18.0,28.0,34.0,0.0,0.0,0.0,0.0
1954,Bill Williams,1,0,0,0.0,23.0,,113.0,0.0,0,,23.0,23.0,0.0,0.0,0.0,0.0
1954,Jack Spearman,1,0,0,0.0,28.0,,39.0,0.0,0,,28.0,28.0,0.0,0.0,0.0,0.0
1954,Nick Spano,1,0,0,0.0,21.0,,147.0,0.0,0,,21.0,21.0,0.0,0.0,0.0,0.0
1966,Don Walker,1,0,0,0.0,15.0,1600.0,154.0,0.0,0,27.0,15.0,15.0,0.0,0.0,0.0,0.0
1982,Ferrel Harris,1,0,0,0.0,23.0,0.0,146.0,0.0,0,40.0,23.0,23.0,0.0,0.0,0.0,0.0
1990,Gary Collins,1,0,0,0.0,33.0,64.0,280.0,0.0,0,39.0,33.0,33.0,0.0,0.0,0.0,0.0
1951,Gayle Warren,3,0,0,0.0,19.0,,370.0,0.0,0,11.0,13.0,23.0,0.0,0.0,0.0,0.0
1951,Freddie Farmer,5,0,1,0.0,25.8,,447.0,0.0,0,26.0,8.0,51.0,0.0,20.0,0.0,0.0
1955,Mack Hanbury,8,0,2,0.0,15.5,616.0,969.0,0.0,0,18.88,7.0,21.0,0.0,25.0,0.0,0.0
1955,Bill Widenhouse,5,1,3,0.0,14.4,1444.0,799.0,2.0,1,8.0,5.0,35.0,20.0,60.0,0.0,0.25
1957,Frankie Schneider,10,3,6,0.0,15.6,,1781.0,37.0,1,8.4,2.0,47.0,30.0,60.0,0.0,2.08
1957,L.D. Austin,40,1,13,0.0,13.63,,6920.0,0.0,0,20.95,5.0,42.0,2.5,32.5,0.0,0.0
1959,Jim Lamport,1,0,0,0.0,12.0,,414.0,0.0,0,30.0,12.0,12.0,0.0,0.0,0.0,0.0
1961,Eddie Pagan,5,1,4,0.0,12.6,1396.0,581.0,0.0,0,13.25,5.0,32.0,20.0,80.0,0.0,0.0
1963,Bob Cooper,9,0,1,0.0,20.44,3094.0,1355.0,0.0,0,25.0,8.0,39.0,0.0,11.11,0.0,0.0
1965,Jimmy Vaughn,4,0,0,0.0,16.75,608.0,135.0,0.0,0,16.25,12.0,21.0,0.0,0.0,0.0,0.0
1968,Bill Champion,18,0,2,0.0,22.72,1155.0,3504.0,0.0,0,20.22,8.0,43.0,0.0,11.11,0.0,0.0
1970,Raymond Williams,22,0,0,0.0,20.55,1184.0,3641.0,0.0,0,23.82,12.0,36.0,0.0,0.0,0.0,0.0
1970,Don Simkins,1,0,0,0.0,12.0,0.0,127.0,0.0,0,38.0,12.0,12.0,0.0,0.0,0.0,0.0
1972,Jim Paschal,1,0,0,0.0,16.0,0.0,338.0,0.0,0,25.0,16.0,16.0,0.0,0.0,0.0,0.0
1976,Larry LeMay,2,0,0,0.0,23.0,188.0,460.0,0.0,0,19.0,16.0,30.0,0.0,0.0,0.0,0.0
1978,Joey Arrington,3,0,0,0.0,24.0,273.0,690.0,0.0,0,29.67,19.0,31.0,0.0,0.0,0.0,0.0
1983,J.D. McDuffie,25,0,0,0.0,25.04,2197.0,5890.0,0.0,0,31.2,11.0,37.0,0.0,0.0,0.0,0.0
1987,Phil Parsons,29,1,7,0.0,16.52,3327.0,8216.0,18.0,6,19.45,4.0,39.0,3.45,24.14,0.0,0.22
1992,Jeff Purvis,6,0,0,0.0,29.17,453.0,1418.0,0.0,0,30.33,22.0,36.0,0.0,0.0,0.0,0.0
1994,Jeff Burton,30,2,3,0.0,24.5,2726.0,7752.0,122.0,4,25.73,4.0,39.0,6.67,10.0,0.0,1.57
1994,Kenny Wallace,12,1,3,0.0,15.83,1413.0,4426.0,4.0,2,13.83,4.0,32.0,8.33,25.0,0.0,0.09
1995,Morgan Shepherd,31,4,10,0.0,16.48,3618.0,9275.0,31.0,12,18.94,2.0,34.0,12.9,32.26,0.0,0.33
2005,Johnny Benson Jr.,3,0,0,0.0,37.67,150.0,526.0,0.0,0,24.67,28.0,43.0,0.0,0.0,0.0,0.0
2010,Kasey Kahne,36,7,10,0.0,18.94,3961.0,10309.0,350.0,21,13.53,2.0,39.0,19.44,27.78,0.0,3.4
2011,Andy Lally,30,0,0,0.0,30.83,398.0,7441.0,8.0,3,37.6,19.0,42.0,0.0,0.0,0.0,0.11
2014,Cole Whitt,36,0,0,0.0,29.25,532.0,9977.0,1.0,7,33.36,15.0,43.0,0.0,0.0,0.0,0.01
2015,Trevor Bayne,36,0,2,0.0,25.81,655.0,9900.0,0.0,13,27.92,9.0,43.0,0.0,5.56,0.0,0.0
1949,Al Bonnell,2,0,1,0.0,16.0,,183.0,0.0,0,9.0,9.0,23.0,0.0,50.0,0.0,0.0
1954,Roscoe Rann,1,0,0,0.0,45.0,,33.0,0.0,0,,45.0,45.0,0.0,0.0,0.0,0.0
1955,Ken Goudermoat,1,0,0,0.0,19.0,56.0,118.0,0.0,0,15.0,19.0,19.0,0.0,0.0,0.0,0.0
1957,Bobby Abel,1,0,0,0.0,46.0,,57.0,,0,30.0,46.0,46.0,0.0,0.0,0.0,
1962,Fireball Roberts,19,9,12,3.0,12.37,16380.0,4312.0,960.0,4,5.21,1.0,36.0,47.37,63.16,15.79,22.26
1964,Lyle Stelter,1,0,0,0.0,42.0,0.0,0.0,0.0,0,42.0,42.0,42.0,0.0,0.0,0.0,
1982,Jimmy Hensley,3,0,1,0.0,20.33,0.0,791.0,0.0,0,24.0,9.0,29.0,0.0,33.33,0.0,0.0
1952,Red Harrelson,2,0,0,0.0,17.0,,73.0,0.0,0,15.5,12.0,22.0,0.0,0.0,0.0,0.0
1956,Ray Crowley,1,0,0,0.0,25.0,,36.0,0.0,0,25.0,25.0,25.0,0.0,0.0,0.0,0.0
1959,Ted Chamberlain,1,0,0,0.0,18.0,88.0,68.0,0.0,0,13.0,18.0,18.0,0.0,0.0,0.0,0.0
1970,Dick Kranzler,1,0,0,0.0,18.0,99.0,148.0,0.0,0,28.0,18.0,18.0,0.0,0.0,0.0,0.0
1972,Sonny Easley,1,0,0,0.0,31.0,40.0,35.0,0.0,0,36.0,31.0,31.0,0.0,0.0,0.0,0.0
1990,Terry Byers,2,0,0,0.0,40.0,43.0,41.0,0.0,0,35.0,40.0,40.0,0.0,0.0,0.0,0.0
2001,Wally Dallenbach Jr.,1,0,0,0.0,26.0,85.0,198.0,0.0,0,43.0,26.0,26.0,0.0,0.0,0.0,0.0
1951,Tommy Coates,1,0,0,0.0,36.0,,,0.0,0,,36.0,36.0,0.0,0.0,0.0,
1952,Jimmy Ingram,1,0,0,0.0,57.0,,91.0,0.0,0,52.0,57.0,57.0,0.0,0.0,0.0,0.0
1955,Tony DeStafano,1,0,0,0.0,17.0,108.0,103.0,0.0,0,21.0,17.0,17.0,0.0,0.0,0.0,0.0
1965,Herb Shannon,2,0,0,0.0,25.5,432.0,110.0,0.0,0,34.0,24.0,27.0,0.0,0.0,0.0,0.0
1979,Skip Manning,2,0,0,0.0,35.0,116.0,182.0,0.0,0,21.5,32.0,38.0,0.0,0.0,0.0,0.0
1987,Doug French,1,0,0,0.0,28.0,79.0,75.0,0.0,0,30.0,28.0,28.0,0.0,0.0,0.0,0.0
1994,Tim Fedewa,1,0,0,0.0,23.0,94.0,487.0,0.0,0,38.0,23.0,23.0,0.0,0.0,0.0,0.0
1952,Pancho Alvarez,1,0,0,0.0,24.0,,,0.0,0,9.0,24.0,24.0,0.0,0.0,0.0,
1953,Jack Smith (New Jersey),1,0,0,0.0,12.0,,,0.0,0,,12.0,12.0,0.0,0.0,0.0,
1953,Lloyd Hulette,1,0,0,0.0,17.0,,328.0,0.0,0,29.0,17.0,17.0,0.0,0.0,0.0,0.0
1953,Lonnie Bragg,1,0,0,0.0,49.0,,149.0,0.0,0,57.0,49.0,49.0,0.0,0.0,0.0,0.0
1953,Gifford Wood,2,0,0,0.0,15.5,,136.0,0.0,0,,13.0,18.0,0.0,0.0,0.0,0.0
1956,Johnny Osteen,1,0,0,0.0,66.0,,,0.0,0,72.0,66.0,66.0,0.0,0.0,0.0,
1957,Bob Duell,5,0,0,0.0,32.6,,503.0,0.0,0,15.6,13.0,57.0,0.0,0.0,0.0,0.0
1957,Lennie Page,4,0,1,0.0,21.25,,396.0,0.0,0,22.5,6.0,45.0,0.0,25.0,0.0,0.0
1959,Tom Edmonds,1,0,0,0.0,25.0,,239.0,0.0,0,22.0,25.0,25.0,0.0,0.0,0.0,0.0
1960,Mel Larson,4,1,2,0.0,16.25,824.0,465.0,19.0,1,17.5,2.0,36.0,25.0,50.0,0.0,4.09
1960,Pappy Crane,2,0,1,0.0,29.5,264.0,270.0,0.0,0,41.5,9.0,50.0,0.0,50.0,0.0,0.0
1960,Gerald Duke,11,1,7,0.0,14.09,5950.0,2062.0,0.0,0,19.73,4.0,41.0,9.09,63.64,0.0,0.0
1960,Bob Roberts,1,0,0,0.0,18.0,80.0,10.0,0.0,0,19.0,18.0,18.0,0.0,0.0,0.0,0.0
1964,Doug Moore,24,0,6,0.0,16.58,4970.0,3894.0,0.0,0,18.88,6.0,34.0,0.0,25.0,0.0,0.0
1964,Frank Graham,3,0,0,0.0,24.0,550.0,410.0,0.0,0,28.0,12.0,44.0,0.0,0.0,0.0,0.0
1965,Bob Perry,1,0,0,0.0,43.0,100.0,1.0,0.0,0,33.0,43.0,43.0,0.0,0.0,0.0,0.0
1967,Bobby Isaac,12,3,5,0.0,15.33,19698.0,2625.0,65.0,0,11.58,2.0,36.0,25.0,41.67,0.0,2.48
1968,Mario Andretti,3,0,0,0.0,22.67,0.0,297.0,20.0,0,14.0,12.0,29.0,0.0,0.0,0.0,6.73
1969,Bobby Fleming,1,0,0,0.0,14.0,0.0,146.0,0.0,0,20.0,14.0,14.0,0.0,0.0,0.0,0.0
1970,Richard Brickhouse,5,1,2,0.0,25.6,181.0,409.0,2.0,0,23.4,5.0,48.0,20.0,40.0,0.0,0.49
1973,Buddy Baker,27,16,20,2.0,11.15,2182.0,8141.0,44.0,6,7.59,1.0,41.0,59.26,74.07,7.41,0.54
1975,Bruce Jacobi,15,0,3,0.0,16.0,1732.0,3861.0,0.0,0,32.27,8.0,32.0,0.0,20.0,0.0,0.0
1982,Travis Tiller,3,0,0,0.0,28.67,231.0,424.0,0.0,0,33.33,18.0,40.0,0.0,0.0,0.0,0.0
1985,Charles Poalillo,1,0,0,0.0,36.0,0.0,22.0,0.0,0,32.0,36.0,36.0,0.0,0.0,0.0,0.0
1990,Oma Kimbrough,1,0,0,0.0,37.0,52.0,40.0,0.0,0,37.0,37.0,37.0,0.0,0.0,0.0,0.0
1996,Chad Little,9,0,0,0.0,31.11,627.0,1850.0,0.0,0,24.33,20.0,43.0,0.0,0.0,0.0,0.0
1999,Stacy Compton,3,0,0,0.0,35.0,174.0,951.0,0.0,0,38.0,30.0,39.0,0.0,0.0,0.0,0.0
2001,Kevin Harvick,35,6,16,2.0,14.11,4406.0,10561.0,374.0,27,16.06,1.0,41.0,17.14,45.71,5.71,3.54
2003,Johnny Benson Jr.,36,2,4,0.0,22.72,3448.0,10027.0,15.0,11,24.44,4.0,41.0,5.56,11.11,0.0,0.15
2004,Ken Schrader,36,0,1,0.0,26.58,3032.0,9789.0,6.0,8,29.72,6.0,40.0,0.0,2.78,0.0,0.06
2007,Bobby Labonte,36,0,3,0.0,22.17,3517.0,10109.0,17.0,19,20.19,8.0,43.0,0.0,8.33,0.0,0.17
2009,Robby Gordon,35,1,1,0.0,28.54,2749.0,8714.0,10.0,9,30.06,3.0,40.0,2.86,2.86,0.0,0.11
2016,Casey Mears,36,0,0,0.0,25.61,556.0,9964.0,7.0,10,24.28,12.0,40.0,0.0,0.0,0.0,0.07
2017,Jeffrey Earnhardt,34,0,0,0.0,33.5,145.0,7806.0,0.0,0,36.06,26.0,40.0,0.0,0.0,0.0,0.0
2019,Austin Dillon,36,0,6,0.0,19.47,718.0,9832.0,70.0,18,16.47,6.0,37.0,0.0,16.67,0.0,0.71
2020,Ryan Newman,33,0,2,0.0,20.0,578.0,8976.0,35.0,18,18.21,6.0,36.0,0.0,6.06,0.0,0.39
2021,Christopher Bell,36,7,16,1.0,15.81,877.0,8911.0,100.0,22,11.53,1.0,38.0,19.44,44.44,2.78,1.12
1950,Macon Powers,1,0,0,0.0,19.0,,125.0,0.0,0,,19.0,19.0,0.0,0.0,0.0,0.0
1954,Ash Tharrett,1,0,0,0.0,23.0,,153.0,0.0,0,,23.0,23.0,0.0,0.0,0.0,0.0
1954,Chris Miller,1,0,0,0.0,42.0,,126.0,0.0,0,,42.0,42.0,0.0,0.0,0.0,0.0
1963,Paul Lewis,1,0,0,0.0,37.0,122.0,2.0,0.0,0,37.0,37.0,37.0,0.0,0.0,0.0,0.0
1971,LeeRoy Yarbrough,6,1,3,0.0,18.67,98.0,1144.0,26.0,1,10.83,4.0,34.0,16.67,50.0,0.0,2.27
1972,Chuck Bown,3,0,0,0.0,26.33,148.0,391.0,0.0,0,26.67,14.0,33.0,0.0,0.0,0.0,0.0
1993,Johnny Chapman,1,0,0,0.0,36.0,55.0,368.0,0.0,0,35.0,36.0,36.0,0.0,0.0,0.0,0.0
2015,Boris Said,2,0,0,0.0,29.0,0.0,199.0,0.0,1,35.5,26.0,32.0,0.0,0.0,0.0,0.0
1952,Mooney Williamson,1,0,0,0.0,50.0,,,0.0,0,47.0,50.0,50.0,0.0,0.0,0.0,
1974,Randy Tissot,3,0,0,0.0,30.0,,473.0,8.0,0,22.0,23.0,35.0,0.0,0.0,0.0,1.69
1993,Jerry O'Neil,2,0,0,0.0,37.0,104.0,320.0,0.0,0,34.0,34.0,40.0,0.0,0.0,0.0,0.0
1954,Chuck Garrett,1,0,1,0.0,7.0,,149.0,0.0,0,,7.0,7.0,0.0,100.0,0.0,0.0
1954,J. Kilgore,1,0,0,0.0,16.0,,45.0,0.0,0,,16.0,16.0,0.0,0.0,0.0,0.0
1954,Jack Farnell,1,0,0,0.0,41.0,,10.0,0.0,0,,41.0,41.0,0.0,0.0,0.0,0.0
1963,Roy Hallquist,1,0,0,0.0,11.0,240.0,34.0,0.0,0,10.0,11.0,11.0,0.0,0.0,0.0,0.0
1965,Terry Murchison,1,0,0,0.0,36.0,44.0,2.0,0.0,0,34.0,36.0,36.0,0.0,0.0,0.0,0.0
1966,Bruce Worrell,1,0,0,0.0,37.0,100.0,15.0,0.0,0,36.0,37.0,37.0,0.0,0.0,0.0,0.0
1971,Ray Hendrick,1,0,0,0.0,27.0,0.0,295.0,0.0,0,21.0,27.0,27.0,0.0,0.0,0.0,0.0
1994,Danny Sullivan,1,0,0,0.0,33.0,64.0,152.0,0.0,0,26.0,33.0,33.0,0.0,0.0,0.0,0.0
1997,Rich Bickle,1,0,0,0.0,34.0,61.0,153.0,0.0,0,10.0,34.0,34.0,0.0,0.0,0.0,0.0
1950,Walt Crawford,1,0,0,0.0,21.0,,358.0,0.0,0,51.0,21.0,21.0,0.0,0.0,0.0,0.0
1950,Jerry Kemp,1,0,0,0.0,49.0,,315.0,0.0,0,34.0,49.0,49.0,0.0,0.0,0.0,0.0
1952,Slim Brown,1,0,0,0.0,19.0,,111.0,0.0,0,8.0,19.0,19.0,0.0,0.0,0.0,0.0
1954,Don Oldenberg,6,0,3,0.0,13.17,,806.0,0.0,0,22.5,6.0,23.0,0.0,50.0,0.0,0.0
1955,Lloyd Dane,5,1,2,0.0,15.0,674.0,545.0,5.0,0,11.4,3.0,27.0,20.0,40.0,0.0,0.92
1955,Crash Carson,1,0,0,0.0,34.0,20.0,8.0,0.0,0,34.0,34.0,34.0,0.0,0.0,0.0,0.0
1956,Pat Zocano,1,0,0,0.0,25.0,,,0.0,0,,25.0,25.0,0.0,0.0,0.0,
1956,Bob Carroll,1,0,0,0.0,18.0,,62.0,0.0,0,3.0,18.0,18.0,0.0,0.0,0.0,0.0
1958,Fireball Roberts,10,8,9,6.0,5.0,3020.0,2491.0,877.0,8,6.0,1.0,30.0,80.0,90.0,60.0,35.21
1959,George Norton,1,0,0,0.0,31.0,,73.0,0.0,0,20.0,31.0,31.0,0.0,0.0,0.0,0.0
1961,Tommy Irwin,26,3,8,0.0,18.54,7300.0,3748.0,166.0,0,13.44,2.0,45.0,11.54,30.77,0.0,4.43
1963,Ralph Earnhardt,5,0,0,0.0,30.6,544.0,491.0,0.0,0,26.0,18.0,47.0,0.0,0.0,0.0,0.0
1963,Billy Wade,31,4,14,0.0,14.94,12932.0,6016.0,22.0,0,14.71,2.0,41.0,12.9,45.16,0.0,0.37
1970,Frank Warren,46,0,2,0.0,19.57,2625.0,7709.0,71.0,0,18.09,6.0,44.0,0.0,4.35,0.0,0.92
1971,Jack McCoy,3,0,0,0.0,14.0,333.0,443.0,0.0,0,21.0,11.0,18.0,0.0,0.0,0.0,0.0
1972,Ken Rush,1,0,0,0.0,29.0,0.0,149.0,0.0,0,31.0,29.0,29.0,0.0,0.0,0.0,0.0
1976,Terry Ryan,5,1,3,0.0,18.4,558.0,603.0,1.0,0,14.2,5.0,40.0,20.0,60.0,0.0,0.17
1978,Neil Bonnett,29,7,12,0.0,20.28,3074.0,6254.0,313.0,2,10.45,2.0,39.0,24.14,41.38,0.0,5.0
1982,Dean Combs,5,0,0,0.0,25.6,431.0,639.0,0.0,0,24.2,13.0,38.0,0.0,0.0,0.0,0.0
1985,Ruben Garcia,2,0,0,0.0,18.5,215.0,196.0,0.0,0,18.0,14.0,23.0,0.0,0.0,0.0,0.0
1990,Jim Bown,4,0,0,0.0,29.0,207.0,910.0,0.0,0,40.5,22.0,39.0,0.0,0.0,0.0,0.0
1997,Steve Grissom,31,3,6,0.0,21.81,3061.0,8800.0,2.0,7,25.16,4.0,41.0,9.68,19.35,0.0,0.02
1999,Buckshot Jones,10,0,0,0.0,31.8,676.0,2529.0,0.0,1,26.1,21.0,41.0,0.0,0.0,0.0,0.0
2002,Steve Park,32,0,2,0.0,26.47,2694.0,8721.0,50.0,5,23.5,6.0,43.0,0.0,6.25,0.0,0.57
2009,Travis Kvapil,6,0,0,0.0,33.33,378.0,1146.0,0.0,0,28.33,18.0,43.0,0.0,0.0,0.0,0.0
2012,Kelly Bires,3,0,0,0.0,41.0,9.0,67.0,0.0,0,41.0,38.0,43.0,0.0,0.0,0.0,0.0
2016,Kyle Busch,36,17,25,4.0,11.47,1104.0,9925.0,1379.0,29,9.56,1.0,40.0,47.22,69.44,11.11,13.89
2024,Austin Cindric,36,4,7,1.0,19.92,740.0,9152.0,256.0,23,15.22,1.0,37.0,11.11,19.44,2.78,2.8
2024,Corey LaJoie,36,1,3,0.0,23.72,489.0,9101.0,45.0,20,24.39,4.0,37.0,2.78,8.33,0.0,0.49
2025,Brad Keselowski,36,6,13,0.0,18.53,761.0,8905.0,222.0,23,20.94,2.0,39.0,16.67,36.11,0.0,2.49
2025,Carson Hocevar,36,2,9,0.0,21.58,702.0,8895.0,122.0,17,17.64,2.0,37.0,5.56,25.0,0.0,1.37
1962,Bruce Brantley,1,0,0,0.0,36.0,82.0,139.0,0.0,0,42.0,36.0,36.0,0.0,0.0,0.0,0.0
1963,Sal Tovella,3,0,0,0.0,20.67,2570.0,346.0,0.0,0,21.33,13.0,32.0,0.0,0.0,0.0,0.0
1963,Whitey Gerkin,1,0,0,0.0,24.0,112.0,23.0,0.0,0,13.0,24.0,24.0,0.0,0.0,0.0,0.0
1969,Dave James,1,0,0,0.0,40.0,33.0,5.0,0.0,0,22.0,40.0,40.0,0.0,0.0,0.0,0.0
1982,Jimmy Insolo,1,0,0,0.0,30.0,73.0,89.0,0.0,0,10.0,30.0,30.0,0.0,0.0,0.0,0.0
1984,Derrike Cope,3,0,0,0.0,20.67,185.0,370.0,0.0,0,36.0,15.0,29.0,0.0,0.0,0.0,0.0
1993,Jerry Hill,2,0,0,0.0,38.0,98.0,353.0,0.0,0,38.5,38.0,38.0,0.0,0.0,0.0,0.0
2015,Joey Gase,3,0,0,0.0,41.0,0.0,547.0,0.0,0,38.67,38.0,43.0,0.0,0.0,0.0,0.0
1949,Skimp Hersey,1,0,0,0.0,18.0,,,0.0,0,,18.0,18.0,0.0,0.0,0.0,
1949,Pee Wee Martin,1,0,0,0.0,28.0,,,0.0,0,10.0,28.0,28.0,0.0,0.0,0.0,
1955,Louis Headley,1,0,0,0.0,46.0,,3.0,0.0,0,38.0,46.0,46.0,0.0,0.0,0.0,0.0
1957,Ray Campbell,1,0,0,0.0,11.0,,77.0,0.0,0,18.0,11.0,11.0,0.0,0.0,0.0,0.0
1960,Buzz McCann,1,0,0,0.0,35.0,0.0,8.0,0.0,0,9.0,35.0,35.0,0.0,0.0,0.0,0.0
2006,Ron Fellows,2,0,0,0.0,34.5,119.0,190.0,0.0,1,17.5,32.0,37.0,0.0,0.0,0.0,0.0
1957,Bob Whitmire,1,0,0,0.0,15.0,,153.0,0.0,0,18.0,15.0,15.0,0.0,0.0,0.0,0.0
1957,Jerry Benjamin,3,0,0,0.0,30.67,,200.0,0.0,0,26.33,24.0,39.0,0.0,0.0,0.0,0.0
1960,Jim Reed,8,1,1,0.0,25.0,2340.0,1175.0,28.0,1,17.0,3.0,44.0,12.5,12.5,0.0,2.38
1960,Steve McGrath,1,0,0,0.0,29.0,104.0,188.0,0.0,0,42.0,29.0,29.0,0.0,0.0,0.0,0.0
1962,Bob Cooper,13,0,1,0.0,17.23,1770.0,1644.0,0.0,0,21.5,7.0,29.0,0.0,7.69,0.0,0.0
1964,Bernard Alvarez,7,0,0,0.0,22.14,686.0,162.0,0.0,0,16.43,15.0,33.0,0.0,0.0,0.0,0.0
1965,Allen McMillion,1,0,0,0.0,13.0,208.0,236.0,0.0,0,15.0,13.0,13.0,0.0,0.0,0.0,0.0
1969,Ben Arnold,48,0,8,0.0,17.0,2734.0,10336.0,0.0,0,18.9,6.0,34.0,0.0,16.67,0.0,0.0
1971,Pete Hamilton,22,11,12,1.0,14.68,1742.0,4525.0,219.0,3,4.82,1.0,35.0,50.0,54.55,4.55,4.84
1973,Dick Kranzler,1,0,0,0.0,25.0,52.0,108.0,0.0,0,19.0,25.0,25.0,0.0,0.0,0.0,0.0
1976,Bruce Blodgett,1,0,0,0.0,15.0,0.0,447.0,0.0,0,30.0,15.0,15.0,0.0,0.0,0.0,0.0
1976,Darrell Bryant,8,0,1,0.0,26.25,546.0,1678.0,0.0,0,24.13,9.0,40.0,0.0,12.5,0.0,0.0
1979,Neil Bonnett,21,4,6,3.0,20.29,2223.0,4213.0,567.0,6,6.62,1.0,34.0,19.05,28.57,14.29,13.46
1987,Gary Fedewa,1,0,0,0.0,27.0,82.0,355.0,0.0,0,27.0,27.0,27.0,0.0,0.0,0.0,0.0
1988,Jim Sauter,9,0,0,0.0,24.78,597.0,2413.0,6.0,0,29.67,13.0,39.0,0.0,0.0,0.0,0.25
1989,Tommie Crozier,2,0,0,0.0,37.5,101.0,112.0,0.0,0,39.0,37.0,38.0,0.0,0.0,0.0,0.0
1995,Gary Bradberry,4,0,0,0.0,37.0,208.0,604.0,0.0,0,23.5,29.0,43.0,0.0,0.0,0.0,0.0
2002,Jason Small,1,0,0,0.0,41.0,40.0,160.0,0.0,0,41.0,41.0,41.0,0.0,0.0,0.0,0.0
2004,Mike Wallace,10,0,1,0.0,29.5,764.0,2666.0,50.0,2,37.5,7.0,41.0,0.0,10.0,0.0,1.88
2006,Kevin Harvick,36,15,20,5.0,12.25,4838.0,10560.0,895.0,27,13.5,1.0,39.0,41.67,55.56,13.89,8.48
2007,Clint Bowyer,36,5,17,1.0,13.83,4556.0,10437.0,387.0,25,17.36,1.0,39.0,13.89,47.22,2.78,3.71
2009,Michael Waltrip,34,0,2,0.0,27.12,2839.0,9233.0,23.0,10,30.5,7.0,40.0,0.0,5.88,0.0,0.25
2011,Ryan Newman,36,9,17,1.0,14.03,1103.0,10578.0,403.0,27,12.25,1.0,38.0,25.0,47.22,2.78,3.81
2013,Greg Biffle,36,4,13,1.0,14.39,1077.0,10304.0,124.0,30,16.08,1.0,36.0,11.11,36.11,2.78,1.2
2025,Riley Herbst,36,0,0,0.0,26.19,405.0,8821.0,2.0,17,26.97,14.0,40.0,0.0,0.0,0.0,0.02
1949,Lee Petty,6,3,5,1.0,6.33,,890.0,1.0,2,14.0,1.0,17.0,50.0,83.33,16.67,0.11
1951,Eddie Lenz,1,0,0,0.0,20.0,,,0.0,0,,20.0,20.0,0.0,0.0,0.0,
1951,Fred Bince,5,1,2,0.0,12.4,,98.0,0.0,0,13.33,4.0,22.0,20.0,40.0,0.0,0.0
1956,Bun Emery,1,0,0,0.0,18.0,,364.0,0.0,0,40.0,18.0,18.0,0.0,0.0,0.0,0.0
1959,Dave White,5,0,1,0.0,15.2,624.0,1253.0,0.0,0,12.8,10.0,29.0,0.0,20.0,0.0,0.0
1972,Friday Hassler,1,0,1,0.0,9.0,84.0,137.0,0.0,0,7.0,9.0,9.0,0.0,100.0,0.0,0.0
1973,Slick Gardner,1,0,0,0.0,47.0,8.0,9.0,0.0,0,11.0,47.0,47.0,0.0,0.0,0.0,0.0
1983,Randy Becker,2,0,0,0.0,25.5,173.0,139.0,0.0,0,20.5,15.0,36.0,0.0,0.0,0.0,0.0
2009,Sterling Marlin,7,0,0,0.0,39.29,316.0,716.0,0.0,0,39.57,35.0,42.0,0.0,0.0,0.0,0.0
2014,Kyle Fowler,1,0,0,0.0,28.0,0.0,491.0,0.0,0,42.0,28.0,28.0,0.0,0.0,0.0,0.0
1952,Walt Ragan,1,0,0,0.0,28.0,,13.0,0.0,0,16.0,28.0,28.0,0.0,0.0,0.0,0.0
1953,Paul Newkirk,1,0,0,0.0,13.0,,56.0,0.0,0,,13.0,13.0,0.0,0.0,0.0,0.0
1956,Bud Geiselman,2,0,0,0.0,25.5,,173.0,0.0,0,25.5,20.0,31.0,0.0,0.0,0.0,0.0
1961,Cliff Hill,1,0,0,0.0,18.0,144.0,31.0,0.0,0,14.0,18.0,18.0,0.0,0.0,0.0,0.0
1962,Reb Wickersham,1,0,0,0.0,39.0,32.0,133.0,0.0,0,41.0,39.0,39.0,0.0,0.0,0.0,0.0
1976,John Hamson,1,0,0,0.0,32.0,67.0,26.0,0.0,0,20.0,32.0,32.0,0.0,0.0,0.0,0.0
1951,Chuck Mahoney,1,0,1,0.0,9.0,,,0.0,0,,9.0,9.0,0.0,100.0,0.0,
1963,Danny Letner,1,0,1,0.0,9.0,1672.0,179.0,0.0,0,28.0,9.0,9.0,0.0,100.0,0.0,0.0
1963,Clem Proctor,2,0,0,0.0,21.5,1048.0,260.0,0.0,0,7.5,12.0,31.0,0.0,0.0,0.0,0.0
1968,Ray Elder,1,0,0,0.0,30.0,0.0,37.0,0.0,0,19.0,30.0,30.0,0.0,0.0,0.0,0.0
1991,Butch Gilliland,1,0,0,0.0,29.0,76.0,299.0,0.0,0,42.0,29.0,29.0,0.0,0.0,0.0,0.0
2015,Derek White,1,0,0,0.0,39.0,0.0,290.0,0.0,0,42.0,39.0,39.0,0.0,0.0,0.0,0.0
1950,Alton Haddock,2,0,0,0.0,46.5,,139.0,0.0,0,39.5,21.0,72.0,0.0,0.0,0.0,0.0
1951,Bill Miller,6,0,2,0.0,12.83,,,0.0,0,,7.0,19.0,0.0,33.33,0.0,
1953,Billy Rafter,1,0,0,0.0,18.0,,,0.0,0,,18.0,18.0,0.0,0.0,0.0,
1955,Jim McLain,3,0,0,0.0,21.33,144.0,239.0,0.0,0,24.33,20.0,22.0,0.0,0.0,0.0,0.0
1955,Elias Bowie,1,0,0,0.0,28.0,20.0,172.0,0.0,0,31.0,28.0,28.0,0.0,0.0,0.0,0.0
1956,Chuck Stevenson,1,1,1,1.0,1.0,,80.0,54.0,1,2.0,1.0,1.0,100.0,100.0,100.0,67.5
1956,Bill Stammer,2,0,0,0.0,23.5,,131.0,0.0,0,9.5,20.0,27.0,0.0,0.0,0.0,0.0
1958,Paul Goldsmith,2,1,2,1.0,5.5,500.0,178.0,39.0,1,6.0,1.0,10.0,50.0,100.0,50.0,21.91
1960,Runt Harris,3,0,0,0.0,27.33,220.0,391.0,0.0,0,28.33,20.0,34.0,0.0,0.0,0.0,0.0
1964,Reb Wickersham,4,0,0,0.0,22.25,1956.0,330.0,0.0,0,26.75,20.0,26.0,0.0,0.0,0.0,0.0
1964,LeeRoy Yarbrough,34,11,15,2.0,11.68,16172.0,5896.0,200.0,4,12.18,1.0,27.0,32.35,44.12,5.88,3.39
1966,G.T. Nolan,3,0,0,0.0,17.33,542.0,486.0,0.0,0,25.67,11.0,29.0,0.0,0.0,0.0,0.0
1969,Paul Goldsmith,11,4,5,0.0,20.64,884.0,1999.0,20.0,1,7.36,3.0,41.0,36.36,45.45,0.0,1.0
1970,Scotty Cain,2,0,0,0.0,35.0,96.0,60.0,0.0,0,23.5,28.0,42.0,0.0,0.0,0.0,0.0
1971,Tiny Lund,15,6,9,2.0,13.27,578.0,3783.0,134.0,3,15.67,1.0,39.0,40.0,60.0,13.33,3.54
1972,Joe Frasson,16,1,4,0.0,24.06,856.0,3013.0,9.0,0,12.44,3.0,41.0,6.25,25.0,0.0,0.3
1975,Warren Tope,2,0,0,0.0,29.0,43.0,305.0,0.0,0,27.5,18.0,40.0,0.0,0.0,0.0,0.0
1979,Coo Coo Marlin,7,0,2,0.0,25.29,613.0,907.0,0.0,0,23.71,9.0,38.0,0.0,28.57,0.0,0.0
1982,Dick May,8,0,0,0.0,22.13,279.0,1930.0,0.0,0,32.13,13.0,37.0,0.0,0.0,0.0,0.0
1989,Sterling Marlin,29,4,13,0.0,16.14,3422.0,8840.0,42.0,9,12.86,2.0,40.0,13.79,44.83,0.0,0.48
1989,Ricky Rudd,29,7,15,1.0,14.41,3608.0,9326.0,247.0,11,16.31,1.0,32.0,24.14,51.72,3.45,2.65
1991,Bill Sedgwick,3,0,0,0.0,18.33,324.0,848.0,0.0,1,24.33,15.0,21.0,0.0,0.0,0.0,0.0
1996,Lake Speed,31,0,2,0.0,24.06,2834.0,8493.0,10.0,6,21.35,8.0,42.0,0.0,6.45,0.0,0.12
1996,Mark Martin,31,14,23,0.0,11.26,4278.0,9064.0,703.0,22,8.81,2.0,40.0,45.16,74.19,0.0,7.76
2004,J.J. Yeley,2,0,0,0.0,34.0,122.0,351.0,0.0,0,34.0,27.0,41.0,0.0,0.0,0.0,0.0
2008,Sam Hornish Jr.,34,0,0,0.0,29.65,2523.0,9370.0,2.0,8,28.0,13.0,43.0,0.0,0.0,0.0,0.02
2011,Juan Pablo Montoya,36,2,8,0.0,18.53,932.0,10602.0,125.0,20,18.19,3.0,32.0,5.56,22.22,0.0,1.18
2016,Joey Gase,6,0,0,0.0,35.5,0.0,1846.0,0.0,0,38.17,32.0,40.0,0.0,0.0,0.0,0.0
2017,Ryan Newman,36,7,13,1.0,15.83,827.0,10075.0,46.0,23,17.11,1.0,40.0,19.44,36.11,2.78,0.46
2019,Daniel Suarez,36,4,11,0.0,16.39,846.0,10143.0,166.0,21,14.22,3.0,40.0,11.11,30.56,0.0,1.64
2021,Justin Haley,31,0,2,0.0,28.52,0.0,6543.0,4.0,8,29.06,6.0,40.0,0.0,6.45,0.0,0.06
1954,Erick Erickson,6,1,3,0.0,15.83,,1398.0,0.0,0,30.25,5.0,39.0,16.67,50.0,0.0,0.0
1962,Ralph Moody,1,0,0,0.0,25.0,20.0,1.0,0.0,0,24.0,25.0,25.0,0.0,0.0,0.0,0.0
1974,Ramo Stott,6,1,4,0.0,12.17,,1414.0,0.0,1,12.5,3.0,28.0,16.67,66.67,0.0,0.0
1976,Harry Jefferson,1,0,0,0.0,35.0,58.0,14.0,0.0,0,17.0,35.0,35.0,0.0,0.0,0.0,0.0
2004,Scott Pruett,2,1,1,0.0,22.5,207.0,119.0,1.0,1,24.0,3.0,42.0,50.0,50.0,0.0,0.84
1958,Troy Funk,1,0,0,0.0,23.0,56.0,64.0,0.0,0,10.0,23.0,23.0,0.0,0.0,0.0,0.0
2001,Dale Earnhardt,1,0,0,0.0,12.0,132.0,199.0,17.0,0,7.0,12.0,12.0,0.0,0.0,0.0,8.54
1950,Paul Pettit,1,0,0,0.0,23.0,,,0.0,0,,23.0,23.0,0.0,0.0,0.0,
1961,Cale Yarborough,1,0,0,0.0,30.0,120.0,135.0,0.0,0,19.0,30.0,30.0,0.0,0.0,0.0,0.0
1961,Joe Caspolich,1,0,0,0.0,37.0,120.0,50.0,0.0,0,22.0,37.0,37.0,0.0,0.0,0.0,0.0
1963,Marshall Sargent,1,0,0,0.0,23.0,0.0,157.0,0.0,0,34.0,23.0,23.0,0.0,0.0,0.0,0.0
1975,George Wiltshire,1,0,0,0.0,32.0,67.0,15.0,0.0,0,34.0,32.0,32.0,0.0,0.0,0.0,0.0
1986,Clay Young,1,0,0,0.0,21.0,100.0,90.0,0.0,0,37.0,21.0,21.0,0.0,0.0,0.0,0.0
1986,Brent Elliott,1,0,0,0.0,24.0,91.0,325.0,0.0,0,29.0,24.0,24.0,0.0,0.0,0.0,0.0
1953,Pepper Cunningham,1,0,0,0.0,18.0,,,0.0,0,22.0,18.0,18.0,0.0,0.0,0.0,
1953,Dick Hagey,1,0,0,0.0,19.0,,,0.0,0,32.0,19.0,19.0,0.0,0.0,0.0,
1956,Ken Milligan,4,0,1,0.0,13.5,,347.0,0.0,0,28.5,10.0,16.0,0.0,25.0,0.0,0.0
1957,Shep Langdon,2,0,0,0.0,41.5,,268.0,0.0,0,30.5,36.0,47.0,0.0,0.0,0.0,0.0
1963,E.J. Trivette,11,0,2,0.0,17.55,2138.0,1997.0,0.0,0,22.45,10.0,30.0,0.0,18.18,0.0,0.0
1963,Frank Waite,4,0,0,0.0,13.25,816.0,617.0,0.0,0,17.5,12.0,15.0,0.0,0.0,0.0,0.0
1964,Jack Anderson,32,1,4,0.0,18.88,10060.0,4402.0,0.0,0,20.81,4.0,38.0,3.13,12.5,0.0,0.0
1964,Roy Tyner,46,0,17,0.0,15.0,13922.0,7327.0,0.0,0,20.63,7.0,33.0,0.0,36.96,0.0,0.0
1965,Ed Brown,1,0,0,0.0,14.0,1500.0,151.0,0.0,0,23.0,14.0,14.0,0.0,0.0,0.0,0.0
1965,Cale Yarborough,46,13,21,1.0,13.54,20192.0,7724.0,166.0,2,11.2,1.0,37.0,28.26,45.65,2.17,2.15
1966,J.D. McDuffie,36,1,9,0.0,15.36,9588.0,7178.0,0.0,0,21.78,5.0,26.0,2.78,25.0,0.0,0.0
1966,Jimmy Trull,1,0,0,0.0,26.0,44.0,247.0,0.0,0,28.0,26.0,26.0,0.0,0.0,0.0,0.0
1969,Bobby Brewer,1,0,0,0.0,31.0,0.0,9.0,0.0,0,19.0,31.0,31.0,0.0,0.0,0.0,0.0
1970,Dick Brooks,34,15,18,0.0,15.38,2460.0,6821.0,194.0,0,9.15,2.0,40.0,44.12,52.94,0.0,2.84
1970,Dub Simpson,6,0,1,0.0,21.67,367.0,1153.0,0.0,0,22.17,6.0,36.0,0.0,16.67,0.0,0.0
1973,Clarence Lovell,4,1,2,0.0,20.25,246.0,661.0,0.0,0,19.75,4.0,38.0,25.0,50.0,0.0,0.0
1976,Janet Guthrie,5,0,0,0.0,21.0,0.0,1183.0,0.0,0,24.0,15.0,33.0,0.0,0.0,0.0,0.0
1977,Bill Elliott,10,0,2,0.0,21.0,926.0,2082.0,0.0,0,19.0,10.0,35.0,0.0,20.0,0.0,0.0
1980,Blackie Wangerin,3,0,0,0.0,28.0,237.0,548.0,0.0,0,36.33,13.0,37.0,0.0,0.0,0.0,0.0
1981,Junior Miller,2,0,0,0.0,23.0,188.0,276.0,0.0,0,30.5,20.0,26.0,0.0,0.0,0.0,0.0
1981,Lennie Pond,12,0,0,0.0,20.17,1100.0,3083.0,0.0,0,20.17,11.0,36.0,0.0,0.0,0.0,0.0
1984,Clark Dwyer,26,0,0,0.0,23.96,2374.0,7025.0,1.0,0,28.15,12.0,40.0,0.0,0.0,0.0,0.01
1986,Richard Petty,29,4,11,0.0,17.45,3314.0,7639.0,153.0,6,15.48,2.0,40.0,13.79,37.93,0.0,2.0
2001,Dale Earnhardt Jr.,36,9,15,3.0,15.17,4460.0,10302.0,767.0,23,16.69,1.0,43.0,25.0,41.67,8.33,7.45
2002,Ryan Newman,36,14,22,1.0,14.53,4593.0,9871.0,754.0,24,9.78,1.0,43.0,38.89,61.11,2.78,7.64
2002,Ron Hornaday Jr.,3,0,0,0.0,34.67,177.0,843.0,0.0,0,31.33,32.0,36.0,0.0,0.0,0.0,0.0
2004,Mike Bliss,4,1,2,0.0,21.25,407.0,1117.0,0.0,2,20.5,4.0,40.0,25.0,50.0,0.0,0.0
2006,Jeff Gordon,36,14,18,2.0,14.86,4567.0,10401.0,690.0,26,9.97,1.0,40.0,38.89,50.0,5.56,6.63
2006,Kenny Wallace,17,0,0,0.0,34.18,984.0,5151.0,1.0,1,34.76,25.0,42.0,0.0,0.0,0.0,0.02
2012,Matt Kenseth,36,13,19,3.0,11.14,1218.0,10367.0,480.0,29,13.31,1.0,35.0,36.11,52.78,8.33,4.63
2021,Corey LaJoie,35,0,1,0.0,24.86,444.0,8365.0,13.0,12,26.83,9.0,38.0,0.0,2.86,0.0,0.16
1951,Perry Smith,1,1,1,0.0,4.0,,,0.0,0,,4.0,4.0,100.0,100.0,0.0,
1954,Bob Kennedy,1,0,0,0.0,49.0,,46.0,0.0,0,,49.0,49.0,0.0,0.0,0.0,0.0
1960,John Rostek,5,2,3,1.0,15.0,1282.0,658.0,65.0,1,10.0,1.0,39.0,40.0,60.0,20.0,9.88
1963,Bruce Brantley,4,0,1,0.0,26.0,498.0,231.0,0.0,0,26.25,6.0,43.0,0.0,25.0,0.0,0.0
1980,Phil Finney,2,0,0,0.0,29.0,152.0,188.0,0.0,0,33.5,20.0,38.0,0.0,0.0,0.0,0.0
1981,Don Hume,1,0,0,0.0,33.0,0.0,101.0,0.0,0,33.0,33.0,33.0,0.0,0.0,0.0,0.0
1962,Friday Hassler,2,0,0,0.0,23.5,186.0,257.0,0.0,0,23.0,20.0,27.0,0.0,0.0,0.0,0.0
1986,Donnie Allison,1,0,0,0.0,33.0,64.0,131.0,0.0,0,30.0,33.0,33.0,0.0,0.0,0.0,0.0
2018,Cody Ware,4,0,0,0.0,34.5,11.0,777.0,0.0,0,38.25,28.0,38.0,0.0,0.0,0.0,0.0
1952,Joe Weatherly,1,0,0,0.0,16.0,,376.0,0.0,0,38.0,16.0,16.0,0.0,0.0,0.0,0.0
1954,Ken Taylor,1,0,0,0.0,15.0,,137.0,0.0,0,,15.0,15.0,0.0,0.0,0.0,0.0
1955,Roy Bentley,1,0,0,0.0,32.0,60.0,317.0,0.0,0,50.0,32.0,32.0,0.0,0.0,0.0,0.0
1958,Ray Campbell,1,0,0,0.0,15.0,88.0,150.0,0.0,0,21.0,15.0,15.0,0.0,0.0,0.0,0.0
1950,Lloyd Moore,16,7,10,1.0,12.81,,1358.0,57.0,2,13.75,1.0,71.0,43.75,62.5,6.25,4.2
1951,Pat Wade,1,0,0,0.0,19.0,,,0.0,0,,19.0,19.0,0.0,0.0,0.0,
1952,Mike Magill,2,0,0,0.0,32.5,,50.0,0.0,0,18.5,23.0,42.0,0.0,0.0,0.0,0.0
1953,Billy Oswald,1,0,1,0.0,9.0,,174.0,0.0,0,38.0,9.0,9.0,0.0,100.0,0.0,0.0
1955,Erick Erickson,2,0,0,0.0,25.5,48.0,74.0,0.0,0,7.0,22.0,29.0,0.0,0.0,0.0,0.0
1956,Benny DeRosier,4,0,0,0.0,27.75,,236.0,0.0,0,36.0,13.0,39.0,0.0,0.0,0.0,0.0
1958,Speedy Thompson,36,18,23,4.0,10.33,6564.0,6391.0,224.0,8,7.44,1.0,48.0,50.0,63.89,11.11,3.5
1958,Bill Hasley,2,0,0,0.0,27.0,,154.0,0.0,0,24.5,21.0,33.0,0.0,0.0,0.0,0.0
1965,Dick Dixon,8,5,7,0.0,6.0,2560.0,2029.0,0.0,0,8.5,3.0,14.0,62.5,87.5,0.0,0.0
1968,Paul Lewis,4,1,1,0.0,22.25,144.0,584.0,0.0,0,21.5,5.0,46.0,25.0,25.0,0.0,0.0
1969,Bobby Johns,8,0,0,0.0,28.75,360.0,1075.0,0.0,0,19.63,11.0,40.0,0.0,0.0,0.0,0.0
1970,Bill Kimmel,1,0,0,0.0,20.0,31.0,41.0,0.0,0,25.0,20.0,20.0,0.0,0.0,0.0,0.0
1970,Ron Keselowski,17,0,1,0.0,23.94,855.0,2339.0,9.0,0,24.59,8.0,38.0,0.0,5.88,0.0,0.38
1970,Cliff Tyler,4,0,0,0.0,24.25,114.0,455.0,0.0,0,27.75,18.0,29.0,0.0,0.0,0.0,0.0
1977,Gary Johnson,2,0,0,0.0,24.5,179.0,126.0,0.0,0,11.0,20.0,29.0,0.0,0.0,0.0,0.0
1988,Alan Kulwicki,29,7,9,1.0,19.24,3176.0,8149.0,134.0,9,10.14,1.0,40.0,24.14,31.03,3.45,1.64
1997,Steve Park,5,0,0,0.0,32.6,326.0,1235.0,0.0,0,25.6,15.0,41.0,0.0,0.0,0.0,0.0
2002,Chad Little,1,0,0,0.0,33.0,64.0,395.0,0.0,0,36.0,33.0,33.0,0.0,0.0,0.0,0.0
2003,Mike Bliss,1,0,0,0.0,26.0,85.0,159.0,0.0,0,32.0,26.0,26.0,0.0,0.0,0.0,0.0
2004,Casey Mears,36,1,9,0.0,21.0,3690.0,10180.0,103.0,16,17.08,4.0,37.0,2.78,25.0,0.0,1.01
2006,Casey Mears,36,2,8,0.0,18.64,3914.0,10389.0,3.0,21,22.89,2.0,43.0,5.56,22.22,0.0,0.03
2013,Jeff Burton,36,2,6,0.0,19.0,906.0,10364.0,19.0,24,19.92,3.0,43.0,5.56,16.67,0.0,0.18
2019,Chase Elliott,36,11,15,3.0,15.14,1056.0,9497.0,601.0,23,10.89,1.0,39.0,30.56,41.67,8.33,6.33
1950,Mike Klapak,4,0,0,0.0,23.5,,158.0,0.0,0,,14.0,40.0,0.0,0.0,0.0,0.0
1953,Elbert Allen,4,0,2,0.0,10.75,,,0.0,0,,7.0,14.0,0.0,50.0,0.0,
1955,Jack Hubbard,1,0,0,0.0,24.0,48.0,56.0,0.0,0,18.0,24.0,24.0,0.0,0.0,0.0,0.0
1958,Chuck Hansen,7,0,1,0.0,20.86,916.0,1011.0,0.0,0,25.0,10.0,41.0,0.0,14.29,0.0,0.0
1963,Al Terrell,1,0,0,0.0,31.0,16.0,4.0,0.0,0,26.0,31.0,31.0,0.0,0.0,0.0,0.0
1969,Larry Hess,1,0,0,0.0,32.0,57.0,122.0,0.0,0,38.0,32.0,32.0,0.0,0.0,0.0,0.0
1972,Rick Newsom,1,0,0,0.0,22.0,58.0,231.0,0.0,0,40.0,22.0,22.0,0.0,0.0,0.0,0.0
1976,Chuck Wahl,2,0,0,0.0,17.5,226.0,182.0,3.0,0,21.0,13.0,22.0,0.0,0.0,0.0,1.65
1984,John Krebs,2,0,0,0.0,39.5,89.0,54.0,0.0,0,27.5,39.0,40.0,0.0,0.0,0.0,0.0
1985,Davey Allison,3,0,1,0.0,23.67,143.0,539.0,0.0,0,23.67,10.0,42.0,0.0,33.33,0.0,0.0
2000,Adam Petty,1,0,0,0.0,40.0,43.0,215.0,0.0,0,33.0,40.0,40.0,0.0,0.0,0.0,0.0
2018,Spencer Gallagher,1,0,0,0.0,35.0,0.0,73.0,0.0,0,34.0,35.0,35.0,0.0,0.0,0.0,0.0
2021,Matt Mills,1,0,0,0.0,38.0,0.0,255.0,0.0,0,39.0,38.0,38.0,0.0,0.0,0.0,0.0
1950,Ray Duhigg,5,1,2,0.0,17.2,,,0.0,0,20.0,5.0,27.0,20.0,40.0,0.0,
1955,Bob Beck,2,0,0,0.0,17.5,120.0,223.0,0.0,0,24.5,11.0,24.0,0.0,0.0,0.0,0.0
1961,Robert Berrier,1,0,0,0.0,13.0,,137.0,0.0,0,17.0,13.0,13.0,0.0,0.0,0.0,0.0
1961,Bill McDonald,1,0,0,0.0,30.0,28.0,180.0,0.0,0,29.0,30.0,30.0,0.0,0.0,0.0,0.0
1962,Ronnie Fones,2,0,0,0.0,14.5,368.0,434.0,0.0,0,15.5,12.0,17.0,0.0,0.0,0.0,0.0
1964,Joe Ruttman,1,0,0,0.0,34.0,100.0,46.0,0.0,0,32.0,34.0,34.0,0.0,0.0,0.0,0.0
1975,Mel Larson,1,0,0,0.0,32.0,0.0,36.0,0.0,0,23.0,32.0,32.0,0.0,0.0,0.0,0.0
1979,Sterling Marlin,1,0,0,0.0,15.0,123.0,341.0,11.0,0,14.0,15.0,15.0,0.0,0.0,0.0,3.23
1984,Brent Elliott,1,0,0,0.0,27.0,82.0,203.0,0.0,0,30.0,27.0,27.0,0.0,0.0,0.0,0.0
2018,Alon Day,1,0,0,0.0,38.0,1.0,383.0,0.0,0,34.0,38.0,38.0,0.0,0.0,0.0,0.0
1950,Jack Kabat,1,0,1,0.0,7.0,,,0.0,0,,7.0,7.0,0.0,100.0,0.0,
1963,Oren Prosser,1,0,0,0.0,25.0,128.0,95.0,0.0,0,25.0,25.0,25.0,0.0,0.0,0.0,0.0
1976,Al Holbert,1,0,0,0.0,40.0,0.0,7.0,0.0,0,19.0,40.0,40.0,0.0,0.0,0.0,0.0
1951,Herb Thomas,34,16,18,7.0,11.47,,2015.0,954.0,7,8.88,1.0,57.0,47.06,52.94,20.59,47.34
1951,Johnny Wohlfiel,1,0,0,0.0,56.0,,27.0,0.0,0,36.0,56.0,56.0,0.0,0.0,0.0,0.0
1952,Lucky Sawyer,3,0,0,0.0,24.67,,333.0,0.0,0,23.33,19.0,28.0,0.0,0.0,0.0,0.0
1957,Scotty Cain,11,3,7,0.0,10.09,,1151.0,0.0,0,14.7,4.0,26.0,27.27,63.64,0.0,0.0
1958,Dave James,2,0,2,0.0,9.0,,262.0,0.0,0,18.5,9.0,9.0,0.0,100.0,0.0,0.0
1959,Jim Reed,14,7,9,3.0,11.36,4904.0,2512.0,289.0,3,15.08,1.0,37.0,50.0,64.29,21.43,11.5
1960,G.C. Spencer,26,2,6,0.0,15.19,3994.0,4907.0,0.0,0,18.12,4.0,31.0,7.69,23.08,0.0,0.0
1960,Marvin Porter,3,1,1,1.0,12.67,734.0,223.0,61.0,1,6.67,1.0,19.0,33.33,33.33,33.33,27.35
1966,Bub Strickler,3,0,0,0.0,26.67,168.0,230.0,0.0,0,26.67,24.0,29.0,0.0,0.0,0.0,0.0
1967,Larry Manning,6,0,0,0.0,28.83,928.0,630.0,0.0,0,25.33,16.0,40.0,0.0,0.0,0.0,0.0
1968,Roy Trantham,5,0,1,0.0,24.2,233.0,968.0,0.0,0,13.0,10.0,34.0,0.0,20.0,0.0,0.0
1969,Danny Turner,3,0,0,0.0,27.33,112.0,285.0,0.0,0,26.0,21.0,34.0,0.0,0.0,0.0,0.0
1970,Don Tarr,17,0,5,0.0,22.0,995.0,2471.0,5.0,0,23.18,6.0,46.0,0.0,29.41,0.0,0.2
1974,Jerry Hufflin,2,0,0,0.0,24.0,,262.0,0.0,0,28.5,23.0,25.0,0.0,0.0,0.0,0.0
1976,Dean Dalton,6,0,0,0.0,19.17,633.0,1433.0,0.0,0,23.33,11.0,29.0,0.0,0.0,0.0,0.0
1981,Elliott Forbes-Robinson,11,0,3,0.0,20.73,1020.0,2169.0,0.0,0,24.73,8.0,39.0,0.0,27.27,0.0,0.0
1984,Tommy Gale,16,0,0,0.0,24.63,1426.0,4248.0,0.0,0,32.88,11.0,36.0,0.0,0.0,0.0,0.0
1984,Don Hume,1,0,0,0.0,26.0,0.0,299.0,0.0,0,23.0,26.0,26.0,0.0,0.0,0.0,0.0
1986,Gary Fedewa,4,0,0,0.0,25.0,352.0,819.0,0.0,0,30.75,21.0,34.0,0.0,0.0,0.0,0.0
1990,J.D. McDuffie,8,0,0,0.0,31.13,557.0,1301.0,0.0,0,36.38,22.0,40.0,0.0,0.0,0.0,0.0
1991,Terry Labonte,29,1,7,0.0,20.0,3024.0,7989.0,52.0,3,22.55,5.0,41.0,3.45,24.14,0.0,0.65
1991,Hut Stricklin,29,3,7,0.0,18.48,3199.0,8813.0,69.0,6,17.62,2.0,39.0,10.34,24.14,0.0,0.78
1991,Michael Waltrip,29,4,12,0.0,18.31,3254.0,8394.0,292.0,9,16.72,3.0,40.0,13.79,41.38,0.0,3.48
2001,Ward Burton,36,6,10,1.0,19.81,3846.0,10158.0,178.0,17,20.44,1.0,42.0,16.67,27.78,2.78,1.75
2017,Jamie McMurray,36,3,17,0.0,14.61,969.0,9824.0,21.0,26,10.14,2.0,38.0,8.33,47.22,0.0,0.21
2020,Brendan Gaughan,5,0,2,0.0,22.0,78.0,718.0,0.0,3,39.2,7.0,39.0,0.0,40.0,0.0,0.0
2021,Erik Jones,36,0,6,0.0,19.67,641.0,8779.0,9.0,18,22.67,7.0,39.0,0.0,16.67,0.0,0.1
2022,Corey LaJoie,36,1,1,0.0,24.28,466.0,7963.0,31.0,17,28.08,5.0,36.0,2.78,2.78,0.0,0.39
1950,Art Gill,3,0,0,0.0,12.0,,360.0,0.0,0,,11.0,13.0,0.0,0.0,0.0,0.0
1951,Lee Schneider,1,0,0,0.0,24.0,,64.0,0.0,0,24.0,24.0,24.0,0.0,0.0,0.0,0.0
1951,Woody Brown,3,2,2,0.0,9.33,,14.0,0.0,0,7.0,3.0,20.0,66.67,66.67,0.0,0.0
1952,Bill Snowden,4,0,1,0.0,16.0,,384.0,0.0,0,11.67,6.0,30.0,0.0,25.0,0.0,0.0
1956,Jess Nelson,1,0,0,0.0,15.0,,88.0,0.0,0,18.0,15.0,15.0,0.0,0.0,0.0,0.0
1962,Bill Morton,5,0,2,0.0,19.2,2522.0,1359.0,0.0,0,30.2,9.0,38.0,0.0,40.0,0.0,0.0
1964,Johnny Nave,1,0,0,0.0,35.0,42.0,2.0,0.0,0,21.0,35.0,35.0,0.0,0.0,0.0,0.0
1974,Joey Arrington,2,0,0,0.0,19.5,,342.0,0.0,0,27.5,12.0,27.0,0.0,0.0,0.0,0.0
1979,Earl Brooks,1,0,0,0.0,27.0,0.0,79.0,0.0,0,28.0,27.0,27.0,0.0,0.0,0.0,0.0
1979,Dick Kranzler,1,0,0,0.0,29.0,76.0,23.0,0.0,0,31.0,29.0,29.0,0.0,0.0,0.0,0.0
1951,Joe Jernigan,2,0,0,0.0,33.5,,,0.0,0,19.5,21.0,46.0,0.0,0.0,0.0,
1953,Red Farmer,1,0,0,0.0,45.0,,12.0,0.0,0,41.0,45.0,45.0,0.0,0.0,0.0,0.0
1954,Bill Chevalier,2,0,0,0.0,27.0,,66.0,0.0,0,,19.0,35.0,0.0,0.0,0.0,0.0
1957,George Fleming,1,0,0,0.0,11.0,,174.0,0.0,0,28.0,11.0,11.0,0.0,0.0,0.0,0.0
1978,Morgan Shepherd,2,0,0,0.0,26.0,170.0,397.0,0.0,0,35.0,12.0,40.0,0.0,0.0,0.0,0.0
1951,Bucky Sager,1,0,0,0.0,25.0,,,0.0,0,33.0,25.0,25.0,0.0,0.0,0.0,
1952,Jimmy Thompson,1,0,0,0.0,13.0,,383.0,0.0,0,37.0,13.0,13.0,0.0,0.0,0.0,0.0
1952,Earl Moss,1,0,0,0.0,11.0,,162.0,0.0,0,19.0,11.0,11.0,0.0,0.0,0.0,0.0
1954,Andy Bruni,1,0,0,0.0,25.0,,34.0,0.0,0,,25.0,25.0,0.0,0.0,0.0,0.0
1955,Fonty Flock,31,12,14,3.0,14.55,3980.0,3482.0,430.0,6,5.8,1.0,51.0,38.71,45.16,9.68,12.35
1955,Charles Dyer,3,0,2,0.0,9.67,418.0,446.0,0.0,0,14.0,7.0,13.0,0.0,66.67,0.0,0.0
1967,Donnie Allison,20,4,7,0.0,14.6,18298.0,4336.0,158.0,1,11.7,2.0,27.0,20.0,35.0,0.0,3.64
1969,Richard Petty,50,31,38,10.0,7.88,3669.0,12589.0,3057.0,20,4.14,1.0,32.0,62.0,76.0,20.0,24.28
1969,Wilbur Pickett,1,0,0,0.0,20.0,0.0,92.0,0.0,0,14.0,20.0,20.0,0.0,0.0,0.0,0.0
1970,Wayne Smith,8,0,0,0.0,30.63,300.0,593.0,0.0,0,32.38,19.0,39.0,0.0,0.0,0.0,0.0
1970,Steve Froines,2,0,0,0.0,33.0,108.0,86.0,0.0,0,38.0,27.0,39.0,0.0,0.0,0.0,0.0
1980,Bill Elswick,12,0,0,0.0,25.08,1053.0,2717.0,0.0,0,23.67,14.0,36.0,0.0,0.0,0.0,0.0
1982,Steve Moore,4,0,0,0.0,32.0,230.0,456.0,4.0,0,34.5,18.0,40.0,0.0,0.0,0.0,0.88
1983,Tommy Gale,28,0,1,0.0,24.5,2507.0,6540.0,0.0,0,27.57,10.0,38.0,0.0,3.57,0.0,0.0
1985,Phil Good,4,0,0,0.0,20.5,406.0,1339.0,0.0,0,32.25,17.0,30.0,0.0,0.0,0.0,0.0
1986,Jack Ely,2,0,0,0.0,22.5,103.0,329.0,0.0,0,36.5,20.0,25.0,0.0,0.0,0.0,0.0
1987,Bobby Hillin Jr.,29,1,4,0.0,19.83,3027.0,6889.0,1.0,3,20.0,5.0,40.0,3.45,13.79,0.0,0.01
1994,Jimmy Hensley,17,0,0,0.0,27.29,1394.0,3861.0,4.0,0,26.06,12.0,42.0,0.0,0.0,0.0,0.1
2003,Michael Waltrip,36,8,11,2.0,19.03,3934.0,9393.0,159.0,18,17.5,1.0,42.0,22.22,30.56,5.56,1.69
2006,Brian Vickers,36,5,9,1.0,19.25,3906.0,10040.0,126.0,20,16.81,1.0,43.0,13.89,25.0,2.78,1.25
2013,Brian Keselowski,2,0,0,0.0,39.5,9.0,233.0,0.0,0,43.0,39.0,40.0,0.0,0.0,0.0,0.0
2014,Brad Keselowski,36,17,20,6.0,12.64,1179.0,10362.0,1540.0,27,7.39,1.0,39.0,47.22,55.56,16.67,14.86
2014,Ricky Stenhouse Jr.,35,1,5,0.0,22.37,757.0,9836.0,0.0,17,21.71,2.0,41.0,2.86,14.29,0.0,0.0
2018,Bubba Wallace,36,1,3,0.0,24.5,463.0,9391.0,19.0,6,24.75,2.0,38.0,2.78,8.33,0.0,0.2
2020,Chad Finchum,3,0,0,0.0,37.67,0.0,483.0,0.0,0,39.67,35.0,39.0,0.0,0.0,0.0,0.0
2021,Ricky Stenhouse Jr.,36,1,2,0.0,19.72,666.0,8532.0,35.0,19,18.39,2.0,38.0,2.78,5.56,0.0,0.41
1949,Benny Georgeson,1,0,0,0.0,27.0,,,0.0,0,,27.0,27.0,0.0,0.0,0.0,
1950,Art Hammond,1,0,0,0.0,19.0,,,0.0,0,,19.0,19.0,0.0,0.0,0.0,
1951,Fran Jischke,1,0,0,0.0,19.0,,,0.0,0,,19.0,19.0,0.0,0.0,0.0,
1954,Elbert Allen,4,0,0,0.0,20.25,,472.0,0.0,0,21.5,12.0,35.0,0.0,0.0,0.0,0.0
1958,Jim Parsley,10,0,4,0.0,14.3,984.0,1720.0,0.0,0,18.88,6.0,26.0,0.0,40.0,0.0,0.0
1959,Whitey Norman,6,0,0,0.0,26.5,,899.0,0.0,0,25.17,17.0,40.0,0.0,0.0,0.0,0.0
1959,Banjo Matthews,4,0,0,0.0,32.5,176.0,654.0,55.0,0,15.75,25.0,39.0,0.0,0.0,0.0,8.41
1979,Travis Tiller,5,0,0,0.0,36.2,229.0,218.0,0.0,0,32.4,34.0,40.0,0.0,0.0,0.0,0.0
1980,Glen Ward,1,0,0,0.0,35.0,58.0,77.0,0.0,0,42.0,35.0,35.0,0.0,0.0,0.0,0.0
1986,Larry Pearson,2,0,0,0.0,26.0,170.0,358.0,0.0,0,22.5,12.0,40.0,0.0,0.0,0.0,0.0
2005,Morgan Shepherd,4,0,0,0.0,41.25,162.0,187.0,2.0,0,41.75,40.0,42.0,0.0,0.0,0.0,1.07
1987,John Krebs,1,0,0,0.0,29.0,76.0,80.0,0.0,0,30.0,29.0,29.0,0.0,0.0,0.0,0.0
1989,Mike Alexander,1,0,0,0.0,27.0,82.0,188.0,0.0,0,22.0,27.0,27.0,0.0,0.0,0.0,0.0
1952,Paul Newkirk,1,0,0,0.0,43.0,,27.0,0.0,0,27.0,43.0,43.0,0.0,0.0,0.0,0.0
1963,Henry Montgomery,1,0,0,0.0,17.0,144.0,166.0,0.0,0,23.0,17.0,17.0,0.0,0.0,0.0,0.0
1963,Eddie Pagan,1,0,0,0.0,29.0,176.0,137.0,0.0,0,35.0,29.0,29.0,0.0,0.0,0.0,0.0
1963,Perk Brown,2,0,1,0.0,20.5,302.0,233.0,0.0,0,15.5,9.0,32.0,0.0,50.0,0.0,0.0
1968,Bob Link,1,0,0,0.0,38.0,0.0,14.0,0.0,0,28.0,38.0,38.0,0.0,0.0,0.0,0.0
1976,Earl Ross,1,0,0,0.0,39.0,46.0,28.0,0.0,0,12.0,39.0,39.0,0.0,0.0,0.0,0.0
1987,Allan Grice,1,0,0,0.0,35.0,0.0,161.0,0.0,0,36.0,35.0,35.0,0.0,0.0,0.0,0.0
1954,Johnny Roberts,2,0,0,0.0,34.0,,160.0,0.0,0,57.0,20.0,48.0,0.0,0.0,0.0,0.0
1954,Curtis Turner,10,7,8,1.0,6.5,,1678.0,277.0,3,16.5,1.0,22.0,70.0,80.0,10.0,16.51
1955,Bill Stammer,2,0,2,0.0,9.0,500.0,338.0,0.0,0,14.0,8.0,10.0,0.0,100.0,0.0,0.0
1956,Arley Scranton,1,0,0,0.0,36.0,,9.0,0.0,0,37.0,36.0,36.0,0.0,0.0,0.0,0.0
1957,Jim Paschal,35,9,17,0.0,14.91,,4999.0,0.0,0,13.77,2.0,48.0,25.71,48.57,0.0,0.0
1958,Tiny Benson,4,0,2,0.0,12.75,368.0,445.0,0.0,0,10.25,8.0,19.0,0.0,50.0,0.0,0.0
1960,Joe Eubanks,7,1,2,0.0,18.0,1142.0,822.0,0.0,0,21.0,5.0,45.0,14.29,28.57,0.0,0.0
1960,Nace Mattingly,2,0,1,0.0,9.5,288.0,361.0,0.0,0,13.0,7.0,12.0,0.0,50.0,0.0,0.0
1963,Bill Widenhouse,5,0,1,0.0,18.0,1278.0,575.0,0.0,0,21.4,10.0,27.0,0.0,20.0,0.0,0.0
1966,Jim Tatum,4,0,0,0.0,19.5,484.0,351.0,0.0,0,23.75,12.0,29.0,0.0,0.0,0.0,0.0
1967,Doug Cooper,21,2,5,0.0,19.67,3906.0,3351.0,0.0,0,18.95,5.0,35.0,9.52,23.81,0.0,0.0
1976,Jimmy Means,19,0,0,0.0,23.68,1752.0,4336.0,1.0,0,24.11,11.0,40.0,0.0,0.0,0.0,0.02
1977,D.K. Ulrich,30,0,0,0.0,22.1,2901.0,6735.0,0.0,0,22.7,11.0,41.0,0.0,0.0,0.0,0.0
1978,Gary Myers,19,0,0,0.0,20.74,1915.0,5524.0,0.0,0,26.26,14.0,30.0,0.0,0.0,0.0,0.0
1981,Dick Brooks,5,0,0,0.0,20.2,297.0,1397.0,1.0,0,22.0,13.0,36.0,0.0,0.0,0.0,0.07
1982,Jody Ridley,30,0,10,0.0,17.87,3333.0,7983.0,4.0,0,19.2,6.0,38.0,0.0,33.33,0.0,0.05
1982,Cecil Gordon,4,0,0,0.0,16.25,112.0,1125.0,0.0,0,30.75,14.0,18.0,0.0,0.0,0.0,0.0
1984,Buddy Baker,21,4,12,0.0,16.29,2477.0,6216.0,84.0,3,11.9,2.0,41.0,19.05,57.14,0.0,1.35
1991,Dave Marcis,27,0,1,0.0,25.22,2374.0,7271.0,3.0,0,28.74,10.0,40.0,0.0,3.7,0.0,0.04
1993,Lake Speed,21,0,1,0.0,23.43,1956.0,5852.0,2.0,3,19.76,7.0,35.0,0.0,4.76,0.0,0.03
1994,Bobby Hamilton,30,0,1,0.0,24.03,2749.0,8337.0,24.0,2,26.9,9.0,41.0,0.0,3.33,0.0,0.29
2001,Kevin Lepage,29,0,1,0.0,26.17,2461.0,8557.0,13.0,6,28.52,10.0,43.0,0.0,3.45,0.0,0.15
2002,Hideo Fukuyama,2,0,0,0.0,41.0,80.0,643.0,0.0,0,43.0,39.0,43.0,0.0,0.0,0.0,0.0
2011,Robby Gordon,25,0,0,0.0,33.4,268.0,3774.0,18.0,4,36.48,16.0,43.0,0.0,0.0,0.0,0.48
2012,Michael Waltrip,4,0,1,0.0,20.75,94.0,804.0,21.0,2,21.75,9.0,30.0,0.0,25.0,0.0,2.61
2022,Joey Hand,6,0,0,0.0,29.0,64.0,486.0,2.0,3,22.5,20.0,38.0,0.0,0.0,0.0,0.41
1950,Pappy Hough,5,0,2,0.0,14.6,,296.0,0.0,0,,7.0,28.0,0.0,40.0,0.0,0.0
1952,George Hufford,3,0,0,0.0,25.33,,192.0,0.0,0,24.67,22.0,29.0,0.0,0.0,0.0,0.0
1952,Ewell Weddle,3,0,0,0.0,13.33,,465.0,0.0,0,21.0,12.0,14.0,0.0,0.0,0.0,0.0
1970,Pop McGinnis,1,0,1,0.0,9.0,42.0,274.0,0.0,0,25.0,9.0,9.0,0.0,100.0,0.0,0.0
1984,Hershel McGriff,2,0,1,0.0,22.0,143.0,149.0,1.0,1,14.5,9.0,35.0,0.0,50.0,0.0,0.67
1984,Donny Paul,1,0,0,0.0,41.0,40.0,1.0,0.0,0,33.0,41.0,41.0,0.0,0.0,0.0,0.0
1966,Tommy Bostick,1,0,0,0.0,43.0,108.0,42.0,0.0,0,41.0,43.0,43.0,0.0,0.0,0.0,0.0
1983,Dick Skillen,1,0,0,0.0,40.0,43.0,1.0,0.0,0,39.0,40.0,40.0,0.0,0.0,0.0,0.0
1950,Dick Eagan,1,0,0,0.0,26.0,,,0.0,0,,26.0,26.0,0.0,0.0,0.0,
1951,Cal Fisher,1,0,0,0.0,21.0,,,0.0,0,,21.0,21.0,0.0,0.0,0.0,
1954,Ralph Dutton,1,0,0,0.0,18.0,,70.0,0.0,0,,18.0,18.0,0.0,0.0,0.0,0.0
1952,Red Duvall,4,0,2,0.0,17.5,,538.0,0.0,0,13.5,6.0,35.0,0.0,50.0,0.0,0.0
1954,Dink Widenhouse,6,1,2,0.0,24.33,,620.0,0.0,0,20.0,4.0,42.0,16.67,33.33,0.0,0.0
1955,Bill Morton,2,0,0,0.0,18.5,152.0,288.0,0.0,0,29.5,13.0,24.0,0.0,0.0,0.0,0.0
1956,Cotton Owens,8,1,4,0.0,18.5,,1141.0,0.0,0,9.38,5.0,61.0,12.5,50.0,0.0,0.0
1956,Jack Radtke,1,0,0,0.0,13.0,,,0.0,0,58.0,13.0,13.0,0.0,0.0,0.0,
1956,Tommy Herbert,1,0,0,0.0,49.0,,,0.0,0,62.0,49.0,49.0,0.0,0.0,0.0,
1956,Doug Yates,2,0,0,0.0,41.5,,86.0,0.0,0,30.0,17.0,66.0,0.0,0.0,0.0,0.0
1957,Brownie King,36,1,16,0.0,14.06,,5756.0,0.0,0,18.31,5.0,50.0,2.78,44.44,0.0,0.0
1957,Peck Peckham,10,0,0,0.0,19.2,,1060.0,0.0,0,24.6,11.0,30.0,0.0,0.0,0.0,0.0
1957,Johnny Mackison,5,1,2,0.0,20.6,,769.0,0.0,0,12.6,5.0,39.0,20.0,40.0,0.0,0.0
1958,Wilbur Rakestraw,9,1,3,0.0,14.78,400.0,1688.0,0.0,0,20.56,4.0,39.0,11.11,33.33,0.0,0.0
1958,Bobby Lee,5,0,0,0.0,23.8,492.0,532.0,0.0,0,22.0,12.0,32.0,0.0,0.0,0.0,0.0
1959,Gene White,9,0,2,0.0,19.78,1960.0,1457.0,0.0,0,13.44,7.0,37.0,0.0,22.22,0.0,0.0
1959,Rex White,23,11,13,5.0,10.17,4106.0,4744.0,824.0,8,7.36,1.0,26.0,47.83,56.52,21.74,17.37
1959,Pete Kelly,2,0,0,0.0,35.5,720.0,44.0,0.0,0,26.0,19.0,52.0,0.0,0.0,0.0,0.0
1960,Bob Price,3,0,0,0.0,14.67,492.0,258.0,0.0,0,18.0,12.0,17.0,0.0,0.0,0.0,0.0
1964,Joe Weatherly,5,2,3,0.0,11.8,3132.0,768.0,84.0,1,13.6,2.0,29.0,40.0,60.0,0.0,10.94
1964,Jack Smith,4,2,2,0.0,14.5,932.0,459.0,20.0,0,5.0,2.0,32.0,50.0,50.0,0.0,4.36
1968,Jim Hurtubise,6,0,1,0.0,23.33,501.0,982.0,0.0,0,18.17,10.0,38.0,0.0,16.67,0.0,0.0
1969,Elmo Langley,52,13,28,0.0,12.62,3383.0,12531.0,40.0,0,11.81,3.0,36.0,25.0,53.85,0.0,0.32
1969,Larry Bock,1,0,0,0.0,21.0,0.0,85.0,0.0,0,31.0,21.0,21.0,0.0,0.0,0.0,0.0
1972,Ramo Stott,5,2,3,0.0,13.0,186.0,1113.0,3.0,1,14.6,2.0,37.0,40.0,60.0,0.0,0.27
1979,Richard Petty,31,23,27,5.0,6.39,4830.0,9367.0,1149.0,15,7.65,1.0,32.0,74.19,87.1,16.13,12.27
1986,Chad Little,2,0,0,0.0,24.0,182.0,145.0,0.0,0,31.0,13.0,35.0,0.0,0.0,0.0,0.0
1987,Dale Earnhardt,29,21,24,11.0,5.93,4696.0,9043.0,3357.0,23,7.28,1.0,31.0,72.41,82.76,37.93,37.12
1987,Rusty Wallace,29,9,16,2.0,12.83,3818.0,8323.0,450.0,12,12.69,1.0,41.0,31.03,55.17,6.9,5.41
1987,Butch Miller,2,0,0,0.0,37.5,46.0,215.0,0.0,0,35.0,36.0,39.0,0.0,0.0,0.0,0.0
1991,Alan Kulwicki,29,4,11,1.0,17.0,3354.0,8507.0,233.0,9,6.83,1.0,35.0,13.79,37.93,3.45,2.74
1993,Terry Labonte,30,0,10,0.0,18.37,3280.0,8866.0,55.0,7,21.87,6.0,37.0,0.0,33.33,0.0,0.62
1993,Jimmy Hensley,21,0,2,0.0,22.76,2001.0,5843.0,1.0,3,19.14,6.0,40.0,0.0,9.52,0.0,0.02
1995,Brett Bodine,31,0,2,0.0,22.29,2988.0,9159.0,6.0,5,21.16,9.0,40.0,0.0,6.45,0.0,0.07
2002,Bill Elliott,36,6,13,2.0,17.31,4158.0,10352.0,275.0,22,12.0,1.0,42.0,16.67,36.11,5.56,2.66
2003,Ricky Craven,36,3,8,1.0,24.17,3334.0,9649.0,16.0,15,26.31,1.0,43.0,8.33,22.22,2.78,0.17
2005,Kerry Earnhardt,3,0,0,0.0,32.67,195.0,300.0,0.0,0,25.0,17.0,42.0,0.0,0.0,0.0,0.0
2006,Hermie Sadler,7,0,0,0.0,41.0,251.0,926.0,2.0,0,32.71,35.0,43.0,0.0,0.0,0.0,0.22
2015,Denny Hamlin,36,14,20,2.0,13.61,1117.0,10276.0,529.0,28,11.67,1.0,41.0,38.89,55.56,5.56,5.15
2021,Quin Houff,36,0,0,0.0,32.42,176.0,7695.0,0.0,5,34.22,19.0,40.0,0.0,0.0,0.0,0.0
2025,Corey LaJoie,4,0,0,0.0,33.25,19.0,912.0,10.0,1,27.25,22.0,39.0,0.0,0.0,0.0,1.1
2025,Noah Gragson,36,1,3,0.0,25.17,440.0,8828.0,7.0,16,25.67,4.0,38.0,2.78,8.33,0.0,0.08
1949,Buckshot Morris,2,0,0,0.0,28.0,,,0.0,0,10.0,21.0,35.0,0.0,0.0,0.0,
1949,Don Cecchini,1,0,0,0.0,17.0,,173.0,0.0,0,44.0,17.0,17.0,0.0,0.0,0.0,0.0
1949,Pat Kirkwood,1,0,0,0.0,29.0,,,0.0,0,19.0,29.0,29.0,0.0,0.0,0.0,
1951,George Clark,1,0,0,0.0,16.0,,,0.0,0,,16.0,16.0,0.0,0.0,0.0,
1954,Reds Kagle,1,0,0,0.0,17.0,,220.0,0.0,0,,17.0,17.0,0.0,0.0,0.0,0.0
1955,Bo Fields,3,0,0,0.0,20.0,184.0,347.0,0.0,0,28.67,11.0,31.0,0.0,0.0,0.0,0.0
1955,Russ Graham,5,0,0,0.0,24.8,616.0,735.0,0.0,0,18.6,15.0,38.0,0.0,0.0,0.0,0.0
1956,Bob Francy,1,0,0,0.0,21.0,,91.0,0.0,0,21.0,21.0,21.0,0.0,0.0,0.0,0.0
1957,Sherman Clark,1,0,0,0.0,12.0,,54.0,0.0,0,12.0,12.0,12.0,0.0,0.0,0.0,0.0
1962,Elmo Langley,6,0,0,0.0,25.17,2556.0,774.0,0.0,0,23.33,13.0,47.0,0.0,0.0,0.0,0.0
1966,Bryant Wallace,1,0,0,0.0,15.0,176.0,39.0,0.0,0,4.0,15.0,15.0,0.0,0.0,0.0,0.0
1967,Curtis Turner,4,0,0,0.0,31.0,1586.0,241.0,6.0,0,8.5,25.0,37.0,0.0,0.0,0.0,2.49
1983,Bob Kennedy,1,0,0,0.0,19.0,106.0,89.0,0.0,0,35.0,19.0,19.0,0.0,0.0,0.0,0.0
2006,Juan Pablo Montoya,1,0,0,0.0,34.0,61.0,251.0,0.0,0,29.0,34.0,34.0,0.0,0.0,0.0,0.0
1952,C.H. Dingler,1,0,0,0.0,20.0,,160.0,0.0,0,10.0,20.0,20.0,0.0,0.0,0.0,0.0
1953,Ted Lee,4,0,0,0.0,23.0,,294.0,0.0,0,55.0,13.0,37.0,0.0,0.0,0.0,0.0
1964,Don Hume,2,0,0,0.0,36.5,214.0,18.0,0.0,0,32.0,35.0,38.0,0.0,0.0,0.0,0.0
1951,Ray Thompson,1,0,0,0.0,35.0,,,0.0,0,,35.0,35.0,0.0,0.0,0.0,
1951,Herb Gott,1,0,0,0.0,13.0,,,0.0,0,,13.0,13.0,0.0,0.0,0.0,
1951,Frankie Schneider,1,0,0,0.0,37.0,,,0.0,0,,37.0,37.0,0.0,0.0,0.0,
1955,Gene Comstock,2,0,0,0.0,43.0,60.0,239.0,0.0,0,43.0,38.0,48.0,0.0,0.0,0.0,0.0
1994,Butch Leitzinger,1,0,0,0.0,31.0,70.0,81.0,0.0,0,38.0,31.0,31.0,0.0,0.0,0.0,0.0
1950,Donald Thomas,2,0,2,0.0,7.0,,141.0,0.0,0,,7.0,7.0,0.0,100.0,0.0,0.0
1951,Jack White,4,0,0,0.0,25.75,,158.0,0.0,0,53.0,15.0,41.0,0.0,0.0,0.0,0.0
1952,Nelson Applegate,2,0,1,0.0,21.0,,313.0,0.0,0,14.5,7.0,35.0,0.0,50.0,0.0,0.0
1954,Hershel McGriff,24,13,17,4.0,9.25,0.0,3891.0,122.0,8,3.0,1.0,45.0,54.17,70.83,16.67,3.14
1955,Herb Thomas,23,14,15,3.0,9.35,5172.0,3437.0,249.0,6,7.04,1.0,36.0,60.87,65.22,13.04,7.24
1956,Kenneth Wagner,3,0,0,0.0,31.33,,112.0,0.0,0,37.67,12.0,41.0,0.0,0.0,0.0,0.0
1957,Cotton Owens,17,3,6,1.0,16.35,,2300.0,179.0,2,8.59,1.0,50.0,17.65,35.29,5.88,7.78
1958,Jim Cook,2,1,1,0.0,12.0,,258.0,0.0,0,22.0,4.0,20.0,50.0,50.0,0.0,0.0
1960,Fred Harb,20,2,7,0.0,13.55,1788.0,3269.0,0.0,0,13.5,5.0,30.0,10.0,35.0,0.0,0.0
1961,Elmo Henderson,4,0,1,0.0,17.0,1004.0,583.0,0.0,0,26.25,6.0,27.0,0.0,25.0,0.0,0.0
1961,Jerry Plotts,1,0,0,0.0,27.0,16.0,30.0,0.0,0,,27.0,27.0,0.0,0.0,0.0,0.0
1964,Jimmy Helms,18,0,2,0.0,24.94,2058.0,750.0,0.0,0,25.22,10.0,42.0,0.0,11.11,0.0,0.0
1969,Buster Sexton,1,0,0,0.0,24.0,27.0,9.0,0.0,0,22.0,24.0,24.0,0.0,0.0,0.0,0.0
1973,Sonny Easley,2,0,0,0.0,27.0,96.0,144.0,0.0,0,13.0,25.0,29.0,0.0,0.0,0.0,0.0
1978,Woody Fisher,3,0,0,0.0,28.0,237.0,383.0,0.0,0,29.33,20.0,36.0,0.0,0.0,0.0,0.0
1980,D.K. Ulrich,11,0,1,0.0,24.45,935.0,1734.0,0.0,0,17.73,10.0,37.0,0.0,9.09,0.0,0.0
1983,John Callis,2,0,0,0.0,26.5,167.0,525.0,0.0,0,36.5,20.0,33.0,0.0,0.0,0.0,0.0
1989,Jim Bown,4,0,0,0.0,35.75,92.0,664.0,0.0,0,32.25,29.0,41.0,0.0,0.0,0.0,0.0
1997,Robert Pressley,14,0,0,0.0,31.14,984.0,3941.0,9.0,1,24.43,13.0,43.0,0.0,0.0,0.0,0.23
1998,Mike Skinner,30,4,9,0.0,20.23,3153.0,8425.0,112.0,11,18.57,3.0,42.0,13.33,30.0,0.0,1.33
2004,Bobby Hamilton Jr.,17,0,0,0.0,29.41,1271.0,4318.0,0.0,5,28.76,11.0,43.0,0.0,0.0,0.0,0.0
2005,Mike Bliss,36,0,2,0.0,24.28,3262.0,9798.0,5.0,16,22.75,7.0,41.0,0.0,5.56,0.0,0.05
2005,Bobby Hamilton Jr.,33,0,0,0.0,32.33,2183.0,8195.0,1.0,6,25.58,11.0,43.0,0.0,0.0,0.0,0.01
2011,Scott Speed,13,0,0,0.0,38.54,0.0,1162.0,0.0,0,34.15,32.0,43.0,0.0,0.0,0.0,0.0
2013,Brad Keselowski,36,9,16,1.0,14.94,1072.0,10253.0,476.0,28,11.78,1.0,37.0,25.0,44.44,2.78,4.64
2015,Martin Truex Jr.,36,8,22,1.0,12.22,1164.0,10272.0,567.0,31,12.5,1.0,42.0,22.22,61.11,2.78,5.52
2022,Chase Elliott,36,12,20,5.0,12.47,1195.0,8824.0,857.0,29,10.67,1.0,36.0,33.33,55.56,13.89,9.71
2023,Corey LaJoie,36,2,3,0.0,20.78,597.0,9143.0,66.0,22,24.78,4.0,33.0,5.56,8.33,0.0,0.72
2025,Todd Gilliland,36,1,5,0.0,20.81,622.0,9407.0,23.0,22,25.47,2.0,38.0,2.78,13.89,0.0,0.24
1949,Walter Minx,1,0,0,0.0,43.0,,25.0,0.0,0,16.0,43.0,43.0,0.0,0.0,0.0,0.0
1951,Bill Ledbetter,2,0,1,0.0,10.0,,,0.0,0,7.0,6.0,14.0,0.0,50.0,0.0,
1954,Eddie Van Horn,2,0,0,0.0,34.0,,197.0,0.0,0,,15.0,53.0,0.0,0.0,0.0,0.0
1959,Roscoe Thompson,2,0,0,0.0,19.5,120.0,96.0,0.0,0,10.5,13.0,26.0,0.0,0.0,0.0,0.0
1979,Wayne Broome,2,0,0,0.0,29.5,73.0,125.0,0.0,0,35.0,29.0,30.0,0.0,0.0,0.0,0.0
1990,Neil Bonnett,5,0,0,0.0,24.0,455.0,1179.0,0.0,0,22.2,11.0,36.0,0.0,0.0,0.0,0.0
1997,Larry Gunselman,1,0,0,0.0,38.0,49.0,60.0,0.0,0,44.0,38.0,38.0,0.0,0.0,0.0,0.0
2010,Mattias Ekstrom,2,0,0,0.0,26.0,175.0,506.0,7.0,1,40.0,21.0,31.0,0.0,0.0,0.0,1.38
2011,Kevin Conway,3,0,0,0.0,43.0,0.0,4.0,0.0,0,24.67,43.0,43.0,0.0,0.0,0.0,0.0
2015,Michael Waltrip,3,0,0,0.0,25.0,58.0,550.0,3.0,2,30.0,13.0,36.0,0.0,0.0,0.0,0.55
1949,Clarence Benton,1,0,0,0.0,31.0,,,0.0,0,,31.0,31.0,0.0,0.0,0.0,
1953,Don Oldenberg,4,1,2,0.0,11.25,,223.0,0.0,0,18.0,5.0,16.0,25.0,50.0,0.0,0.0
1954,William Kearney,1,0,0,0.0,45.0,,28.0,0.0,0,21.0,45.0,45.0,0.0,0.0,0.0,0.0
1956,Buzz Woodward,1,0,0,0.0,16.0,,120.0,0.0,0,29.0,16.0,16.0,0.0,0.0,0.0,0.0
1956,Jerry Morese,1,0,0,0.0,11.0,,184.0,0.0,0,,11.0,11.0,0.0,0.0,0.0,0.0
1964,Eddie Gray,1,0,0,0.0,12.0,1700.0,174.0,0.0,0,39.0,12.0,12.0,0.0,0.0,0.0,0.0
1977,Eddie Bradshaw,2,0,1,0.0,23.5,186.0,152.0,0.0,0,24.5,10.0,37.0,0.0,50.0,0.0,0.0
1996,Randy Baker,1,0,0,0.0,41.0,40.0,51.0,0.0,0,27.0,41.0,41.0,0.0,0.0,0.0,0.0
2003,Geoff Bodine,1,0,0,0.0,39.0,46.0,119.0,0.0,0,27.0,39.0,39.0,0.0,0.0,0.0,0.0
2008,Brian Simo,1,0,0,0.0,43.0,34.0,20.0,0.0,0,43.0,43.0,43.0,0.0,0.0,0.0,0.0
2011,Josh Wise,4,0,0,0.0,39.5,0.0,149.0,0.0,0,36.25,37.0,42.0,0.0,0.0,0.0,0.0
1976,Jim Hurtubise,1,0,0,0.0,16.0,115.0,180.0,0.0,0,15.0,16.0,16.0,0.0,0.0,0.0,0.0
2015,Brian Vickers,2,0,0,0.0,28.0,32.0,496.0,0.0,0,23.0,15.0,41.0,0.0,0.0,0.0,0.0
1952,Perk Brown,19,3,6,0.0,14.0,0.0,2336.0,0.0,0,10.59,3.0,30.0,15.79,31.58,0.0,0.0
1953,Bill Rexford,2,1,2,0.0,7.5,,173.0,0.0,0,24.0,5.0,10.0,50.0,100.0,0.0,0.0
1954,Cotton Owens,4,0,1,0.0,27.0,,530.0,0.0,0,16.0,9.0,42.0,0.0,25.0,0.0,0.0
1955,Julian Petty,2,0,0,0.0,14.5,80.0,5.0,0.0,0,13.0,13.0,16.0,0.0,0.0,0.0,0.0
1956,Jim Wilson,2,0,0,0.0,43.0,,181.0,0.0,0,16.5,13.0,73.0,0.0,0.0,0.0,0.0
1957,Jack Oldenhage,3,0,1,0.0,13.67,,354.0,0.0,0,20.0,9.0,20.0,0.0,33.33,0.0,0.0
1961,L.D. Austin,20,0,8,0.0,13.2,7316.0,4802.0,0.0,0,23.95,7.0,22.0,0.0,40.0,0.0,0.0
1961,Bob Presnell,5,0,1,0.0,20.0,546.0,494.0,0.0,0,24.0,10.0,26.0,0.0,20.0,0.0,0.0
1966,James Hylton,41,20,32,0.0,8.56,33688.0,10803.0,155.0,3,10.41,2.0,35.0,48.78,78.05,0.0,1.43
1967,Tommy Ingram,2,0,0,0.0,39.0,244.0,58.0,0.0,0,29.5,35.0,43.0,0.0,0.0,0.0,0.0
1967,Ed Negre,14,0,0,0.0,25.29,3578.0,1439.0,0.0,0,25.21,12.0,43.0,0.0,0.0,0.0,0.0
1968,Bobby Allison,37,18,20,2.0,12.0,2304.0,8781.0,690.0,6,7.68,1.0,36.0,48.65,54.05,5.41,7.86
1968,Henley Gray,30,0,6,0.0,17.1,1429.0,6073.0,0.0,0,24.7,9.0,44.0,0.0,20.0,0.0,0.0
1969,Neil Castles,52,14,30,0.0,11.06,3530.0,13136.0,29.0,0,15.69,2.0,31.0,26.92,57.69,0.0,0.22
1975,Sonny Easley,3,0,0,0.0,30.0,224.0,136.0,2.0,0,18.67,21.0,39.0,0.0,0.0,0.0,1.47
1976,Dick Trickle,1,0,0,0.0,32.0,67.0,142.0,0.0,0,15.0,32.0,32.0,0.0,0.0,0.0,0.0
1981,Buddy Baker,16,6,9,0.0,15.44,1904.0,3562.0,110.0,6,11.38,2.0,40.0,37.5,56.25,0.0,3.09
1982,Brad Teague,9,0,0,0.0,18.56,966.0,3052.0,0.0,0,24.11,11.0,25.0,0.0,0.0,0.0,0.0
1982,Charlie Baker,3,0,0,0.0,22.67,0.0,444.0,0.0,0,28.67,18.0,31.0,0.0,0.0,0.0,0.0
1983,Lennie Pond,10,0,2,0.0,19.5,887.0,2288.0,3.0,0,27.9,8.0,39.0,0.0,20.0,0.0,0.13
1985,Scott Autrey,1,0,0,0.0,34.0,61.0,79.0,0.0,0,29.0,34.0,34.0,0.0,0.0,0.0,0.0
1986,Cale Yarborough,16,2,5,0.0,21.31,1642.0,3467.0,110.0,2,12.81,3.0,37.0,12.5,31.25,0.0,3.17
1990,Troy Beebe,4,0,0,0.0,33.25,131.0,584.0,0.0,0,34.25,30.0,37.0,0.0,0.0,0.0,0.0
1992,Darrell Waltrip,29,10,13,3.0,14.62,3659.0,8706.0,513.0,10,13.69,1.0,39.0,34.48,44.83,10.34,5.89
2000,Kerry Earnhardt,1,0,0,0.0,43.0,34.0,5.0,0.0,0,27.0,43.0,43.0,0.0,0.0,0.0,0.0
2001,Ken Schrader,36,0,5,0.0,22.33,3480.0,10534.0,10.0,12,22.81,8.0,42.0,0.0,13.89,0.0,0.09
2001,Bill Elliott,36,5,9,1.0,19.92,3824.0,9915.0,171.0,18,13.67,1.0,42.0,13.89,25.0,2.78,1.72
2001,Ryan Newman,7,2,2,0.0,24.71,497.0,1478.0,13.0,2,14.14,2.0,43.0,28.57,28.57,0.0,0.88
2003,Ricky Rudd,36,4,5,0.0,22.33,3521.0,9874.0,29.0,15,27.17,2.0,43.0,11.11,13.89,0.0,0.29
2008,Aric Almirola,12,0,1,0.0,24.83,1075.0,3562.0,56.0,6,20.58,8.0,42.0,0.0,8.33,0.0,1.57
2008,Jon Wood,3,0,0,0.0,34.0,183.0,488.0,0.0,0,20.33,33.0,36.0,0.0,0.0,0.0,0.0
2010,Dale Earnhardt Jr.,36,3,8,0.0,18.56,3953.0,10710.0,185.0,24,19.03,2.0,39.0,8.33,22.22,0.0,1.73
2011,Greg Biffle,36,3,10,0.0,16.78,997.0,10471.0,351.0,23,15.0,3.0,35.0,8.33,27.78,0.0,3.35
2011,Reed Sorenson,3,0,0,0.0,37.33,0.0,166.0,1.0,0,38.0,36.0,38.0,0.0,0.0,0.0,0.6
2012,Joey Logano,36,2,12,1.0,17.42,965.0,10224.0,190.0,18,11.92,1.0,35.0,5.56,33.33,2.78,1.86
2018,Aric Almirola,36,4,17,1.0,12.75,1047.0,10003.0,181.0,27,15.56,1.0,32.0,11.11,47.22,2.78,1.81
2020,Kurt Busch,36,7,19,1.0,13.44,988.0,9404.0,169.0,27,9.67,1.0,40.0,19.44,52.78,2.78,1.8
2023,Chase Elliott,29,7,15,0.0,13.07,812.0,7006.0,195.0,23,17.31,2.0,38.0,24.14,51.72,0.0,2.78
1949,Bob Smith,2,0,0,0.0,20.0,,,0.0,0,,19.0,21.0,0.0,0.0,0.0,
1952,Jack Holloway,1,0,0,0.0,29.0,,12.0,0.0,0,27.0,29.0,29.0,0.0,0.0,0.0,0.0
1954,Hassell Reid,3,0,0,0.0,33.0,,262.0,0.0,0,45.0,14.0,49.0,0.0,0.0,0.0,0.0
1956,Earl Moss,2,0,0,0.0,19.0,,84.0,0.0,0,16.0,14.0,24.0,0.0,0.0,0.0,0.0
1967,Earl Balmer,1,0,0,0.0,22.0,384.0,102.0,0.0,0,3.0,22.0,22.0,0.0,0.0,0.0,0.0
1970,James Sears,2,0,2,0.0,8.5,44.0,641.0,0.0,0,18.5,7.0,10.0,0.0,100.0,0.0,0.0
1982,Jim Robinson,2,0,0,0.0,24.0,182.0,150.0,0.0,0,18.5,20.0,28.0,0.0,0.0,0.0,0.0
1993,Mike Chase,1,0,0,0.0,39.0,46.0,87.0,0.0,0,38.0,39.0,39.0,0.0,0.0,0.0,0.0
2018,Josh Bilicki,1,0,0,0.0,36.0,0.0,69.0,0.0,0,33.0,36.0,36.0,0.0,0.0,0.0,0.0
1951,Charles Gillman,2,0,1,0.0,13.5,,,0.0,0,,10.0,17.0,0.0,50.0,0.0,
1952,Paul Magee,1,0,0,0.0,12.0,,173.0,0.0,0,23.0,12.0,12.0,0.0,0.0,0.0,0.0
1953,Leonard Lawrence,2,0,0,0.0,19.0,,,0.0,0,,15.0,23.0,0.0,0.0,0.0,
1958,Jerry Benjamin,1,0,0,0.0,29.0,24.0,26.0,0.0,0,31.0,29.0,29.0,0.0,0.0,0.0,0.0
1992,Mark Thompson,1,0,0,0.0,39.0,46.0,8.0,0.0,0,38.0,39.0,39.0,0.0,0.0,0.0,0.0
1950,Ann Bunselmeyer,1,0,0,0.0,18.0,,,0.0,0,,18.0,18.0,0.0,0.0,0.0,
1952,Bob Pronger,2,0,0,0.0,46.5,,189.0,0.0,0,9.5,39.0,54.0,0.0,0.0,0.0,0.0
1953,John Ray,1,0,0,0.0,34.0,,202.0,0.0,0,,34.0,34.0,0.0,0.0,0.0,0.0
1954,Jim Heath,2,0,1,0.0,17.0,,436.0,0.0,0,,9.0,25.0,0.0,50.0,0.0,0.0
1955,Larry Flynn,1,1,1,0.0,5.0,1260.0,359.0,0.0,0,30.0,5.0,5.0,100.0,100.0,0.0,0.0
1964,Rod Eulenfeld,1,0,0,0.0,22.0,64.0,1.0,0.0,0,19.0,22.0,22.0,0.0,0.0,0.0,0.0
1965,Cotton Wallace,1,0,0,0.0,41.0,100.0,5.0,0.0,0,41.0,41.0,41.0,0.0,0.0,0.0,0.0
1990,Bobby Gerhart,1,0,0,0.0,33.0,64.0,151.0,0.0,0,35.0,33.0,33.0,0.0,0.0,0.0,0.0
1951,Eddie Anderson,5,0,0,0.0,30.6,,8.0,0.0,0,18.33,11.0,54.0,0.0,0.0,0.0,0.0
1953,Gayle Warren,2,0,0,0.0,39.0,,327.0,0.0,0,27.0,23.0,55.0,0.0,0.0,0.0,0.0
1955,Billy Carden,13,2,3,0.0,17.92,1172.0,1589.0,0.0,0,10.54,4.0,39.0,15.38,23.08,0.0,0.0
1957,Rex White,9,4,6,0.0,10.78,,1585.0,193.0,2,18.13,2.0,28.0,44.44,66.67,0.0,12.18
1958,Bob Keefe,2,1,2,0.0,6.0,,276.0,0.0,0,26.0,5.0,7.0,50.0,100.0,0.0,0.0
1959,Bob Keefe,1,1,1,0.0,5.0,,459.0,0.0,0,27.0,5.0,5.0,100.0,100.0,0.0,0.0
1961,David Pearson,19,7,8,3.0,14.63,13088.0,3087.0,248.0,3,8.84,1.0,40.0,36.84,42.11,15.79,8.03
1963,Richard Petty,54,30,39,14.0,7.5,29478.0,12183.0,2122.0,19,6.61,1.0,41.0,55.56,72.22,25.93,17.42
1969,Buddy Baker,18,9,11,0.0,13.89,1769.0,4181.0,766.0,6,6.94,2.0,38.0,50.0,61.11,0.0,18.32
1971,Friday Hassler,29,4,13,0.0,17.97,2277.0,5650.0,68.0,0,11.72,2.0,40.0,13.79,44.83,0.0,1.2
1972,Paul Tyler,4,0,1,0.0,20.75,242.0,1125.0,0.0,0,26.0,10.0,31.0,0.0,25.0,0.0,0.0
1976,Walter Wallace,2,0,0,0.0,23.0,188.0,437.0,0.0,0,26.5,18.0,28.0,0.0,0.0,0.0,0.0
1978,Jimmy Means,27,0,2,0.0,20.33,2756.0,7083.0,0.0,0,25.11,10.0,37.0,0.0,7.41,0.0,0.0
1981,Tommy Gale,30,0,0,0.0,19.47,3143.0,9015.0,2.0,0,28.03,11.0,36.0,0.0,0.0,0.0,0.02
1982,Ronnie Thomas,18,0,0,0.0,26.44,1093.0,3243.0,0.0,0,30.11,13.0,38.0,0.0,0.0,0.0,0.0
1983,Dick May,5,0,0,0.0,26.4,191.0,1100.0,0.0,0,35.6,21.0,33.0,0.0,0.0,0.0,0.0
1992,Jim Sauter,9,0,0,0.0,27.33,729.0,2829.0,0.0,0,30.11,18.0,39.0,0.0,0.0,0.0,0.0
1998,Gary Bradberry,13,0,0,0.0,34.15,787.0,3398.0,0.0,0,24.62,23.0,43.0,0.0,0.0,0.0,0.0
2012,Travis Kvapil,35,0,1,0.0,25.66,638.0,9604.0,13.0,9,36.57,8.0,39.0,0.0,2.86,0.0,0.14
2014,Clint Bowyer,36,5,15,0.0,17.14,979.0,9834.0,109.0,25,15.81,3.0,43.0,13.89,41.67,0.0,1.11
2016,Kyle Larson,36,10,15,1.0,14.72,961.0,10271.0,379.0,23,15.61,1.0,39.0,27.78,41.67,2.78,3.69
2017,Clint Bowyer,36,6,13,0.0,15.47,872.0,10056.0,22.0,25,13.22,2.0,40.0,16.67,36.11,0.0,0.22
2018,Jamie McMurray,36,2,8,0.0,18.92,681.0,9799.0,9.0,17,18.11,2.0,37.0,5.56,22.22,0.0,0.09
2025,Austin Cindric,36,2,5,1.0,20.89,732.0,9024.0,325.0,22,13.31,1.0,39.0,5.56,13.89,2.78,3.6
1952,Jack Mulrain,1,0,0,0.0,13.0,,173.0,0.0,0,11.0,13.0,13.0,0.0,0.0,0.0,0.0
1954,Charles Hardiman,1,0,0,0.0,14.0,,146.0,0.0,0,,14.0,14.0,0.0,0.0,0.0,0.0
1969,Harold Hardesty,1,0,1,0.0,10.0,123.0,163.0,0.0,0,29.0,10.0,10.0,0.0,100.0,0.0,0.0
1971,Gary Myers,1,0,1,0.0,7.0,47.0,474.0,0.0,0,17.0,7.0,7.0,0.0,100.0,0.0,0.0
1973,Harry Jefferson,1,0,0,0.0,34.0,34.0,37.0,0.0,0,21.0,34.0,34.0,0.0,0.0,0.0,0.0
1974,Bobby Fleming,2,0,0,0.0,22.5,,394.0,0.0,0,27.5,15.0,30.0,0.0,0.0,0.0,0.0
1975,Joey Arrington,3,0,0,0.0,28.67,82.0,102.0,0.0,0,25.0,27.0,32.0,0.0,0.0,0.0,0.0
1976,Bill Polich,2,0,0,0.0,21.5,197.0,167.0,0.0,0,35.0,17.0,26.0,0.0,0.0,0.0,0.0
2007,Mike Skinner,1,0,0,0.0,24.0,91.0,331.0,0.0,0,14.0,24.0,24.0,0.0,0.0,0.0,0.0
2008,Johnny Sauter,9,0,0,0.0,34.44,537.0,2614.0,0.0,2,37.33,20.0,42.0,0.0,0.0,0.0,0.0
2023,Grant Enfinger,1,0,0,0.0,26.0,0.0,110.0,0.0,1,35.0,26.0,26.0,0.0,0.0,0.0,0.0
1962,Red Farmer,2,0,0,0.0,25.5,360.0,72.0,0.0,0,23.5,11.0,40.0,0.0,0.0,0.0,0.0
1964,Joe Penland,1,0,0,0.0,33.0,100.0,4.0,0.0,0,32.0,33.0,33.0,0.0,0.0,0.0,0.0
1975,Glenn Francis,2,0,0,0.0,18.0,218.0,181.0,0.0,0,18.0,11.0,25.0,0.0,0.0,0.0,0.0
1977,Jim Vandiver,1,0,0,0.0,20.0,103.0,137.0,0.0,0,19.0,20.0,20.0,0.0,0.0,0.0,0.0
2013,Morgan Shepherd,1,0,0,0.0,41.0,0.0,92.0,0.0,0,41.0,41.0,41.0,0.0,0.0,0.0,0.0
1950,Speedy Thompson,1,0,0,0.0,21.0,,,0.0,0,,21.0,21.0,0.0,0.0,0.0,
1959,Tiny Benson,2,0,2,0.0,8.5,,298.0,0.0,0,18.0,7.0,10.0,0.0,100.0,0.0,0.0
1950,Frank Mundy,8,0,3,0.0,18.5,,310.0,0.0,0,6.5,6.0,37.0,0.0,37.5,0.0,0.0
1950,Johnny Mantz,3,1,2,1.0,7.67,,400.0,351.0,1,43.0,1.0,12.0,33.33,66.67,33.33,87.75
1951,Curtis Turner,12,3,5,3.0,16.25,,1164.0,513.0,3,15.0,1.0,57.0,25.0,41.67,25.0,44.07
1952,Charles Gattalia,8,0,3,0.0,12.63,,810.0,0.0,0,11.5,6.0,17.0,0.0,37.5,0.0,0.0
1954,Clyde Minter,12,0,6,0.0,13.92,,1653.0,0.0,0,,7.0,34.0,0.0,50.0,0.0,0.0
1955,Jimmy Thompson,6,0,1,0.0,18.33,452.0,883.0,0.0,0,22.83,6.0,29.0,0.0,16.67,0.0,0.0
1955,Bunk Moore,2,0,0,0.0,17.0,144.0,199.0,0.0,0,21.0,13.0,21.0,0.0,0.0,0.0,0.0
1955,Carl Hoover,1,0,0,0.0,25.0,10.0,35.0,0.0,0,21.0,25.0,25.0,0.0,0.0,0.0,0.0
1956,Brownie King,15,0,0,0.0,18.13,,1994.0,0.0,0,22.93,11.0,32.0,0.0,0.0,0.0,0.0
1958,Bud Gardner,1,0,0,0.0,13.0,,127.0,0.0,0,23.0,13.0,13.0,0.0,0.0,0.0,0.0
1959,Bunk Moore,10,0,0,0.0,22.1,,1350.0,0.0,0,17.7,16.0,36.0,0.0,0.0,0.0,0.0
1959,Aubrey Boles,4,0,1,0.0,19.25,,796.0,0.0,0,21.25,9.0,28.0,0.0,25.0,0.0,0.0
1964,Joe Cote,4,0,0,0.0,25.75,176.0,23.0,0.0,0,21.0,20.0,29.0,0.0,0.0,0.0,0.0
1969,Al Straub,1,0,0,0.0,32.0,0.0,9.0,0.0,0,25.0,32.0,32.0,0.0,0.0,0.0,0.0
1970,A.J. Foyt,3,1,1,1.0,15.67,0.0,298.0,35.0,1,11.33,1.0,32.0,33.33,33.33,33.33,11.74
1973,James Hylton,28,1,11,0.0,13.21,2116.0,9324.0,1.0,0,18.5,4.0,45.0,3.57,39.29,0.0,0.01
1974,Bobby Ore,1,0,0,0.0,17.0,,297.0,0.0,0,28.0,17.0,17.0,0.0,0.0,0.0,0.0
1975,Neil Castles,7,0,0,0.0,29.14,529.0,578.0,0.0,0,24.57,18.0,40.0,0.0,0.0,0.0,0.0
1981,Dave Marcis,31,4,9,0.0,17.9,3510.0,8004.0,178.0,4,16.61,3.0,40.0,12.9,29.03,0.0,2.22
1983,Mike Potter,11,0,0,0.0,25.64,662.0,1916.0,0.0,0,30.55,19.0,36.0,0.0,0.0,0.0,0.0
1984,Rusty Wallace,30,2,4,0.0,18.17,3316.0,8868.0,11.0,4,15.07,4.0,35.0,6.67,13.33,0.0,0.12
1988,Mark Martin,29,3,10,0.0,19.07,3142.0,7605.0,121.0,8,11.48,2.0,41.0,10.34,34.48,0.0,1.59
1992,Eddie Bierschwale,4,0,0,0.0,31.25,277.0,628.0,0.0,0,37.5,19.0,40.0,0.0,0.0,0.0,0.0
1993,Morgan Shepherd,30,3,15,1.0,13.33,3807.0,9542.0,92.0,12,15.37,1.0,35.0,10.0,50.0,3.33,0.96
1995,Sterling Marlin,31,9,22,3.0,9.84,4361.0,9728.0,472.0,19,13.35,1.0,39.0,29.03,70.97,9.68,4.85
1995,Lake Speed,31,0,2,0.0,23.03,2921.0,9073.0,17.0,4,24.48,8.0,40.0,0.0,6.45,0.0,0.19
1998,Terry Labonte,33,5,15,1.0,16.52,3901.0,9573.0,337.0,17,20.12,1.0,42.0,15.15,45.45,3.03,3.52
1998,Robert Pressley,30,1,1,0.0,28.03,2388.0,7224.0,3.0,4,27.03,3.0,43.0,3.33,3.33,0.0,0.04
2003,Kurt Busch,36,9,14,4.0,18.11,4150.0,9771.0,680.0,19,16.67,1.0,41.0,25.0,38.89,11.11,6.96
2004,Kyle Petty,35,0,0,0.0,27.66,2811.0,9087.0,6.0,10,31.23,12.0,39.0,0.0,0.0,0.0,0.07
2004,Jimmy Spencer,26,0,0,0.0,29.54,1969.0,6415.0,14.0,3,35.12,17.0,42.0,0.0,0.0,0.0,0.22
2005,Mike Wallace,28,0,1,0.0,27.89,2269.0,7958.0,9.0,7,33.14,8.0,43.0,0.0,3.57,0.0,0.11
2012,Jeff Burton,36,2,6,0.0,19.61,883.0,10139.0,38.0,16,23.08,2.0,33.0,5.56,16.67,0.0,0.37
2014,Jeff Gordon,36,14,23,4.0,10.39,1252.0,10503.0,1083.0,32,9.03,1.0,39.0,38.89,63.89,11.11,10.31
2020,Ryan Preece,36,0,2,0.0,24.33,487.0,9208.0,12.0,13,25.44,9.0,40.0,0.0,5.56,0.0,0.13
2025,Ty Gibbs,36,5,10,0.0,17.86,783.0,9309.0,304.0,27,13.56,2.0,35.0,13.89,27.78,0.0,3.27
1956,Clyde Mitchell,1,0,0,0.0,19.0,,216.0,0.0,0,18.0,19.0,19.0,0.0,0.0,0.0,0.0
1972,Jack McCoy,3,0,0,0.0,28.67,134.0,228.0,0.0,0,20.33,12.0,38.0,0.0,0.0,0.0,0.0
1982,Jim Lee,2,0,0,0.0,28.5,155.0,125.0,0.0,0,32.0,23.0,34.0,0.0,0.0,0.0,0.0
1985,Connie Saylor,5,0,0,0.0,34.6,296.0,456.0,0.0,0,24.6,22.0,41.0,0.0,0.0,0.0,0.0
2001,Rich Bickle,2,0,0,0.0,31.5,137.0,653.0,0.0,0,17.5,31.0,32.0,0.0,0.0,0.0,0.0
1953,Keith Hamner,2,0,1,0.0,19.5,,33.0,0.0,0,28.0,10.0,29.0,0.0,50.0,0.0,0.0
1953,Glen Wood,2,0,0,0.0,25.0,,274.0,0.0,0,,20.0,30.0,0.0,0.0,0.0,0.0
1958,Phil Orr,1,0,0,0.0,27.0,20.0,31.0,0.0,0,16.0,27.0,27.0,0.0,0.0,0.0,0.0
1959,Freddy Fryar,1,0,0,0.0,39.0,,53.0,0.0,0,40.0,39.0,39.0,0.0,0.0,0.0,0.0
1962,Bob Burdick,2,0,1,0.0,21.0,424.0,95.0,0.0,1,12.0,7.0,35.0,0.0,50.0,0.0,0.0
1975,Gene Riniker,1,0,1,0.0,10.0,134.0,138.0,0.0,0,32.0,10.0,10.0,0.0,100.0,0.0,0.0
1951,Herschel Buchanan,1,0,0,0.0,49.0,,,0.0,0,37.0,49.0,49.0,0.0,0.0,0.0,
1964,Bunk Moore,1,0,0,0.0,23.0,0.0,0.0,0.0,0,23.0,23.0,23.0,0.0,0.0,0.0,
1975,Richard White,1,0,0,0.0,19.0,106.0,117.0,0.0,0,16.0,19.0,19.0,0.0,0.0,0.0,0.0
1950,Lee Petty,17,9,13,1.0,7.71,,1558.0,43.0,1,24.5,1.0,27.0,52.94,76.47,5.88,2.76
1950,Marshall Teague,3,0,0,0.0,37.33,,240.0,0.0,0,61.0,17.0,63.0,0.0,0.0,0.0,0.0
1951,Fireball Roberts,9,2,3,0.0,20.78,,825.0,0.0,1,9.88,2.0,45.0,22.22,33.33,0.0,0.0
1953,Laird Bruner,1,0,0,0.0,50.0,,142.0,0.0,0,36.0,50.0,50.0,0.0,0.0,0.0,0.0
1953,Pete Stewart,1,0,0,0.0,30.0,,20.0,0.0,0,,30.0,30.0,0.0,0.0,0.0,0.0
1954,Eddie Skinner,16,0,1,0.0,19.56,,2044.0,0.0,0,16.75,9.0,39.0,0.0,6.25,0.0,0.0
1958,Charlie Mincey,1,1,1,0.0,5.0,,148.0,0.0,0,24.0,5.0,5.0,100.0,100.0,0.0,0.0
1959,Ron Hornaday,1,0,0,0.0,23.0,,325.0,0.0,0,26.0,23.0,23.0,0.0,0.0,0.0,0.0
1960,Jimmie Lewallen,2,0,0,0.0,15.5,,63.0,0.0,0,12.5,14.0,17.0,0.0,0.0,0.0,0.0
1961,Robert Roeber,2,0,0,0.0,20.5,250.0,217.0,0.0,0,19.5,13.0,28.0,0.0,0.0,0.0,0.0
1962,Joe Lee Johnson,4,0,0,0.0,22.5,344.0,381.0,0.0,0,15.25,17.0,27.0,0.0,0.0,0.0,0.0
1965,Sam Stanley,1,0,1,0.0,8.0,1900.0,172.0,0.0,0,38.0,8.0,8.0,0.0,100.0,0.0,0.0
1967,Wayne Smith,28,0,2,0.0,20.75,9372.0,4467.0,0.0,0,26.39,9.0,39.0,0.0,7.14,0.0,0.0
1968,Pete Hamilton,16,3,6,0.0,17.25,919.0,3555.0,42.0,0,10.63,2.0,34.0,18.75,37.5,0.0,1.18
1971,Dick Guldstrand,2,0,0,0.0,24.0,162.0,251.0,0.0,0,31.5,24.0,24.0,0.0,0.0,0.0,0.0
1973,Chuck Bown,2,0,1,0.0,19.5,126.0,204.0,0.0,0,19.5,10.0,29.0,0.0,50.0,0.0,0.0
1976,Benny Parsons,30,18,23,2.0,9.6,4304.0,8679.0,455.0,5,7.03,1.0,39.0,60.0,76.67,6.67,5.24
1977,Lennie Pond,14,4,6,0.0,20.07,1193.0,3154.0,5.0,1,13.71,4.0,36.0,28.57,42.86,0.0,0.16
1984,Dave Marcis,30,3,9,0.0,17.1,3416.0,9383.0,30.0,1,16.43,4.0,42.0,10.0,30.0,0.0,0.32
1988,Joe Ruttman,12,0,1,0.0,26.25,803.0,1899.0,0.0,1,24.67,9.0,42.0,0.0,8.33,0.0,0.0
1989,Mickey Gibbs,7,0,0,0.0,30.14,508.0,1361.0,0.0,0,35.14,20.0,39.0,0.0,0.0,0.0,0.0
1992,Stanley Smith,14,0,0,0.0,31.5,959.0,2685.0,0.0,0,28.43,22.0,40.0,0.0,0.0,0.0,0.0
1995,Bill Elliott,31,4,11,0.0,15.1,3746.0,9348.0,123.0,12,19.35,4.0,41.0,12.9,35.48,0.0,1.32
1995,Ward Burton,29,3,6,1.0,21.41,2926.0,7744.0,173.0,8,23.69,1.0,42.0,10.34,20.69,3.45,2.23
1997,Randy MacDonald,1,0,0,0.0,41.0,40.0,148.0,0.0,0,37.0,41.0,41.0,0.0,0.0,0.0,0.0
2004,Jimmie Johnson,36,20,23,8.0,12.06,4995.0,10054.0,1312.0,27,10.5,1.0,41.0,55.56,63.89,22.22,13.05
2004,Shane Hmiel,5,0,0,0.0,31.4,349.0,1271.0,4.0,0,28.2,24.0,41.0,0.0,0.0,0.0,0.31
2004,Kyle Busch,6,0,0,0.0,35.17,345.0,1098.0,0.0,1,27.17,24.0,43.0,0.0,0.0,0.0,0.0
2008,John Andretti,3,0,0,0.0,38.33,149.0,692.0,1.0,0,33.67,35.0,40.0,0.0,0.0,0.0,0.14
2008,David Stremme,1,0,0,0.0,28.0,84.0,187.0,2.0,0,43.0,28.0,28.0,0.0,0.0,0.0,1.07
2014,Michael McDowell,19,0,1,0.0,30.63,255.0,5122.0,1.0,4,27.53,7.0,43.0,0.0,5.26,0.0,0.02
2019,Matt Crafton,1,0,0,0.0,25.0,0.0,495.0,0.0,0,29.0,25.0,25.0,0.0,0.0,0.0,0.0
2025,Justin Allgaier,1,0,1,0.0,9.0,0.0,201.0,0.0,1,19.0,9.0,9.0,0.0,100.0,0.0,0.0
1966,Jack Goodwin,1,0,0,0.0,24.0,112.0,35.0,0.0,0,30.0,24.0,24.0,0.0,0.0,0.0,0.0
1974,Jody Ridley,2,0,0,0.0,31.5,,163.0,0.0,0,9.5,30.0,33.0,0.0,0.0,0.0,0.0
1975,Earle Canavan,12,0,0,0.0,24.83,1062.0,1601.0,0.0,0,27.5,13.0,35.0,0.0,0.0,0.0,0.0
1976,Sam Beler,1,0,0,0.0,34.0,61.0,15.0,0.0,0,25.0,34.0,34.0,0.0,0.0,0.0,0.0
1977,Joe Frasson,1,0,0,0.0,24.0,91.0,126.0,0.0,0,26.0,24.0,24.0,0.0,0.0,0.0,0.0
1984,Glenn Francis,1,0,0,0.0,16.0,115.0,91.0,0.0,0,35.0,16.0,16.0,0.0,0.0,0.0,0.0
1988,John Krebs,1,0,0,0.0,25.0,88.0,92.0,0.0,0,38.0,25.0,25.0,0.0,0.0,0.0,0.0
1950,Baldy Wilson,1,0,0,0.0,12.0,,127.0,0.0,0,,12.0,12.0,0.0,0.0,0.0,0.0
1956,Arden Mounts,3,0,0,0.0,37.67,,545.0,0.0,0,32.33,21.0,70.0,0.0,0.0,0.0,0.0
1957,John Dodd Jr.,1,0,0,0.0,27.0,,67.0,0.0,0,19.0,27.0,27.0,0.0,0.0,0.0,0.0
1959,Andy Hampton,1,0,0,0.0,26.0,,76.0,0.0,0,23.0,26.0,26.0,0.0,0.0,0.0,0.0
1960,Bill Morgan,1,0,1,0.0,10.0,144.0,183.0,0.0,0,9.0,10.0,10.0,0.0,100.0,0.0,0.0
1983,Eddie Bierschwale,3,0,0,0.0,28.67,231.0,524.0,0.0,0,37.0,26.0,34.0,0.0,0.0,0.0,0.0
1992,John Krebs,2,0,0,0.0,27.0,164.0,380.0,0.0,0,36.5,23.0,31.0,0.0,0.0,0.0,0.0
1951,Ben Dixon,1,0,0,0.0,35.0,,,0.0,0,31.0,35.0,35.0,0.0,0.0,0.0,
1952,Gwyn Staley,1,0,0,0.0,58.0,,74.0,0.0,0,60.0,58.0,58.0,0.0,0.0,0.0,0.0
1978,Rick McCray,3,0,0,0.0,21.33,297.0,220.0,0.0,0,28.67,12.0,39.0,0.0,0.0,0.0,0.0
1982,Tony Bettenhausen,1,0,0,0.0,24.0,0.0,139.0,0.0,0,33.0,24.0,24.0,0.0,0.0,0.0,0.0
1955,Chuck Meekins,3,1,1,0.0,14.67,16.0,467.0,0.0,0,12.33,4.0,24.0,33.33,33.33,0.0,0.0
1955,Jim Murray,2,1,1,0.0,15.5,234.0,165.0,0.0,0,28.0,5.0,26.0,50.0,50.0,0.0,0.0
1956,Al Watkins,14,0,4,0.0,13.36,,2065.0,0.0,0,21.57,8.0,18.0,0.0,28.57,0.0,0.0
1957,Don Porter,6,0,4,0.0,9.67,,722.0,0.0,0,14.5,6.0,16.0,0.0,66.67,0.0,0.0
1957,Ken Rush,16,1,6,0.0,17.19,,2266.0,0.0,0,11.44,3.0,41.0,6.25,37.5,0.0,0.0
1958,Buddy Ragsdale,1,0,0,0.0,19.0,,130.0,0.0,0,10.0,19.0,19.0,0.0,0.0,0.0,0.0
1961,Dick Baron,1,0,0,0.0,31.0,16.0,5.0,0.0,0,,31.0,31.0,0.0,0.0,0.0,0.0
1971,Bob Williams,2,0,0,0.0,23.0,174.0,475.0,0.0,0,26.0,20.0,26.0,0.0,0.0,0.0,0.0
1972,Elmo Langley,30,1,9,0.0,16.67,2054.0,8150.0,0.0,0,24.83,5.0,35.0,3.33,30.0,0.0,0.0
1976,Ricky Rudd,4,0,1,0.0,20.5,407.0,876.0,0.0,0,23.0,10.0,33.0,0.0,25.0,0.0,0.0
1985,Terry Labonte,28,8,17,1.0,13.07,3683.0,7973.0,563.0,5,7.54,1.0,39.0,28.57,60.71,3.57,7.06
1988,A.J. Foyt,7,0,0,0.0,30.14,523.0,920.0,9.0,1,17.71,12.0,37.0,0.0,0.0,0.0,0.98
1989,H.B. Bailey,2,0,0,0.0,26.5,167.0,487.0,0.0,0,37.5,26.0,27.0,0.0,0.0,0.0,0.0
1990,Terry Labonte,29,4,9,0.0,16.38,3371.0,8518.0,9.0,11,18.9,2.0,42.0,13.79,31.03,0.0,0.11
1990,Jimmy Horton,9,0,0,0.0,26.33,756.0,2264.0,0.0,0,29.0,13.0,39.0,0.0,0.0,0.0,0.0
1996,Jeff Burton,30,6,12,0.0,16.13,3538.0,8592.0,208.0,16,20.1,3.0,40.0,20.0,40.0,0.0,2.42
2004,Bill Elliott,6,0,1,0.0,21.67,595.0,1432.0,26.0,3,17.5,9.0,36.0,0.0,16.67,0.0,1.82
2006,David Gilliland,15,0,0,0.0,28.27,1178.0,4271.0,1.0,2,22.13,15.0,40.0,0.0,0.0,0.0,0.02
2007,Ward Burton,16,0,0,0.0,34.88,939.0,3706.0,4.0,3,26.06,14.0,43.0,0.0,0.0,0.0,0.11
2007,Boris Said,5,0,1,0.0,20.8,510.0,885.0,1.0,3,24.0,9.0,40.0,0.0,20.0,0.0,0.11
2011,Bobby Labonte,36,1,2,0.0,24.78,696.0,10228.0,6.0,12,22.42,4.0,38.0,2.78,5.56,0.0,0.06
2011,Denny Hamlin,36,5,14,1.0,16.0,1028.0,10482.0,450.0,26,17.06,1.0,39.0,13.89,38.89,2.78,4.29
2015,Carl Edwards,36,7,15,2.0,13.97,1108.0,10269.0,376.0,30,9.14,1.0,42.0,19.44,41.67,5.56,3.66
1952,Jack Harrison,1,0,0,0.0,13.0,,277.0,0.0,0,22.0,13.0,13.0,0.0,0.0,0.0,0.0
1954,Pete Stewart,1,0,0,0.0,24.0,,77.0,0.0,0,,24.0,24.0,0.0,0.0,0.0,0.0
1954,Jim Cooper,1,0,0,0.0,26.0,,141.0,0.0,0,,26.0,26.0,0.0,0.0,0.0,0.0
1957,Don Bailey,1,0,0,0.0,20.0,,62.0,0.0,0,15.0,20.0,20.0,0.0,0.0,0.0,0.0
1982,Philip Duffie,5,0,0,0.0,18.2,542.0,1166.0,0.0,0,35.4,16.0,23.0,0.0,0.0,0.0,0.0
1988,Rick McCray,1,0,0,0.0,37.0,52.0,46.0,0.0,0,31.0,37.0,37.0,0.0,0.0,0.0,0.0
2012,Mike Skinner,4,0,0,0.0,40.75,10.0,82.0,0.0,0,40.0,39.0,42.0,0.0,0.0,0.0,0.0
1966,Harold Smith,3,1,1,0.0,17.67,3658.0,705.0,0.0,0,26.67,4.0,33.0,33.33,33.33,0.0,0.0
1951,Quinton Daniels,7,0,1,0.0,16.29,,,0.0,0,,9.0,22.0,0.0,14.29,0.0,
1956,Blackie Pitt,27,0,5,0.0,21.26,,2702.0,0.0,0,21.33,8.0,57.0,0.0,18.52,0.0,0.0
1956,Bob Keefe,7,1,2,0.0,10.43,,1200.0,0.0,0,13.33,4.0,13.0,14.29,28.57,0.0,0.0
1956,Bob Duell,6,1,1,0.0,30.17,,642.0,0.0,0,13.33,5.0,62.0,16.67,16.67,0.0,0.0
1956,Jim Donovan,2,0,0,0.0,14.5,,247.0,0.0,0,18.0,14.0,15.0,0.0,0.0,0.0,0.0
1957,Bill Benson,11,0,2,0.0,16.36,,1320.0,0.0,0,20.1,7.0,26.0,0.0,18.18,0.0,0.0
1958,Marshall Sargent,1,0,0,0.0,29.0,,135.0,0.0,0,7.0,29.0,29.0,0.0,0.0,0.0,0.0
1958,Gober Sosebee,5,0,3,0.0,12.2,152.0,692.0,0.0,0,8.0,7.0,25.0,0.0,60.0,0.0,0.0
1961,Larry Frank,8,0,1,0.0,28.13,3162.0,978.0,0.0,0,19.25,9.0,53.0,0.0,12.5,0.0,0.0
1961,Jim Hendrickson,2,0,0,0.0,20.0,360.0,208.0,0.0,0,25.0,17.0,23.0,0.0,0.0,0.0,0.0
1961,Bob Perry,4,1,3,0.0,12.25,1008.0,424.0,0.0,0,19.0,5.0,25.0,25.0,75.0,0.0,0.0
1963,Junior Johnson,33,13,14,7.0,14.42,17450.0,5671.0,2394.0,10,4.15,1.0,42.0,39.39,42.42,21.21,42.21
1964,Neil Castles,58,1,24,0.0,16.29,13372.0,8336.0,0.0,0,19.55,5.0,46.0,1.72,41.38,0.0,0.0
1964,Chuck Huckabee,9,0,0,0.0,19.0,1082.0,788.0,0.0,0,21.11,12.0,28.0,0.0,0.0,0.0,0.0
1973,Alton Jones,5,0,1,0.0,26.6,110.0,686.0,0.0,0,34.4,9.0,40.0,0.0,20.0,0.0,0.0
1977,Harry Goularte,1,0,0,0.0,21.0,100.0,81.0,0.0,0,33.0,21.0,21.0,0.0,0.0,0.0,0.0
1978,Al Holbert,12,0,3,0.0,22.83,1142.0,2479.0,0.0,0,16.17,7.0,38.0,0.0,25.0,0.0,0.0
1979,Frank Warren,31,0,3,0.0,20.0,3199.0,8480.0,0.0,0,23.9,8.0,40.0,0.0,9.68,0.0,0.0
1980,Kenny Hemphill,5,0,1,0.0,24.8,252.0,884.0,4.0,0,23.0,10.0,41.0,0.0,20.0,0.0,0.45
1980,Joel Stowe,2,0,0,0.0,17.0,109.0,835.0,0.0,0,29.5,16.0,18.0,0.0,0.0,0.0,0.0
1982,Jimmy Means,30,0,2,0.0,16.4,3423.0,8837.0,2.0,0,26.87,9.0,31.0,0.0,6.67,0.0,0.02
1983,Phil Parsons,5,0,0,0.0,23.8,458.0,887.0,0.0,0,15.4,13.0,31.0,0.0,0.0,0.0,0.0
1983,Mark Stahl,2,0,0,0.0,23.0,188.0,622.0,0.0,0,28.0,23.0,23.0,0.0,0.0,0.0,0.0
1987,Ronnie Sanders,1,0,0,0.0,21.0,0.0,195.0,0.0,0,27.0,21.0,21.0,0.0,0.0,0.0,0.0
1990,Rob Moroso,25,0,1,0.0,25.44,2184.0,5666.0,9.0,3,20.36,9.0,42.0,0.0,4.0,0.0,0.16
1993,Joe Nemechek,5,0,0,0.0,28.4,389.0,1114.0,0.0,0,14.8,21.0,37.0,0.0,0.0,0.0,0.0
1995,Kenny Wallace,11,0,0,0.0,27.73,878.0,3127.0,0.0,0,27.27,18.0,37.0,0.0,0.0,0.0,0.0
1997,Todd Bodine,5,0,0,0.0,34.0,310.0,753.0,9.0,0,26.2,25.0,42.0,0.0,0.0,0.0,1.2
1998,Andy Hillenburg,4,0,0,0.0,26.5,334.0,836.0,0.0,0,26.75,22.0,31.0,0.0,0.0,0.0,0.0
1999,Ed Berrier,4,0,0,0.0,32.0,268.0,1050.0,0.0,0,32.75,25.0,39.0,0.0,0.0,0.0,0.0
2000,Gary Bradberry,2,0,0,0.0,37.0,104.0,642.0,0.0,0,36.0,33.0,41.0,0.0,0.0,0.0,0.0
2005,Brian Vickers,36,5,10,0.0,19.69,3872.0,9920.0,315.0,22,16.53,2.0,43.0,13.89,27.78,0.0,3.18
2006,Todd Kluever,4,0,0,0.0,38.75,187.0,586.0,0.0,0,33.0,32.0,43.0,0.0,0.0,0.0,0.0
2007,Juan Pablo Montoya,36,3,6,1.0,22.67,3487.0,10091.0,26.0,15,21.5,1.0,43.0,8.33,16.67,2.78,0.26
2017,Carl Long,3,0,0,0.0,33.33,0.0,1050.0,0.0,0,39.67,31.0,36.0,0.0,0.0,0.0,0.0
2024,Kaz Grala,24,0,0,0.0,28.54,206.0,6418.0,0.0,12,32.67,14.0,38.0,0.0,0.0,0.0,0.0
1951,Frank Holzhauer,1,0,0,0.0,35.0,,,0.0,0,,35.0,35.0,0.0,0.0,0.0,
1952,Charlie Causey,1,0,0,0.0,23.0,,7.0,0.0,0,22.0,23.0,23.0,0.0,0.0,0.0,0.0
1952,Buddy Cox,1,0,0,0.0,28.0,,29.0,0.0,0,29.0,28.0,28.0,0.0,0.0,0.0,0.0
1956,Curley Hatfield,2,0,0,0.0,15.0,,191.0,0.0,0,18.0,15.0,15.0,0.0,0.0,0.0,0.0
1961,Doug Cox,5,0,0,0.0,23.4,848.0,367.0,0.0,0,23.0,12.0,54.0,0.0,0.0,0.0,0.0
1963,Jim Hurtubise,4,0,0,0.0,23.5,0.0,583.0,0.0,0,19.75,17.0,28.0,0.0,0.0,0.0,0.0
1965,Goldie Parsons,1,0,0,0.0,14.0,192.0,242.0,0.0,0,21.0,14.0,14.0,0.0,0.0,0.0,0.0
1969,Roy Hallquist,3,0,0,0.0,22.0,147.0,260.0,0.0,0,24.67,20.0,24.0,0.0,0.0,0.0,0.0
1971,Jim Hurtubise,3,0,1,0.0,19.33,39.0,290.0,0.0,0,16.0,8.0,38.0,0.0,33.33,0.0,0.0
1971,Ron Hornaday,1,0,0,0.0,22.0,0.0,177.0,0.0,0,50.0,22.0,22.0,0.0,0.0,0.0,0.0
1973,Dick Simon,2,0,1,0.0,21.0,0.0,264.0,0.0,0,41.5,7.0,35.0,0.0,50.0,0.0,0.0
1974,John Martin,4,0,0,0.0,33.5,,283.0,0.0,0,21.75,23.0,42.0,0.0,0.0,0.0,0.0
1979,Tim Williamson,3,0,1,0.0,19.0,320.0,340.0,0.0,0,26.0,9.0,26.0,0.0,33.33,0.0,0.0
1993,Chuck Bown,1,0,0,0.0,24.0,91.0,306.0,0.0,0,10.0,24.0,24.0,0.0,0.0,0.0,0.0
1994,Mike McLaughlin,2,0,0,0.0,24.5,179.0,386.0,0.0,0,34.0,22.0,27.0,0.0,0.0,0.0,0.0
1956,Cy Spencer,1,0,0,0.0,17.0,,34.0,0.0,0,17.0,17.0,17.0,0.0,0.0,0.0,0.0
1964,Bill Amick,1,1,1,0.0,4.0,2300.0,181.0,0.0,0,10.0,4.0,4.0,100.0,100.0,0.0,0.0
1964,Troy Ruttman,1,0,1,0.0,10.0,0.0,177.0,0.0,0,17.0,10.0,10.0,0.0,100.0,0.0,0.0
1968,James Sears,1,0,0,0.0,36.0,54.0,92.0,0.0,0,34.0,36.0,36.0,0.0,0.0,0.0,0.0
1971,Dick Poling,3,0,0,0.0,28.33,139.0,249.0,0.0,0,29.33,26.0,30.0,0.0,0.0,0.0,0.0
1972,Jimmy Hensley,2,1,1,0.0,19.0,92.0,548.0,0.0,0,9.5,5.0,33.0,50.0,50.0,0.0,0.0
1975,Randy Bethea,1,0,0,0.0,33.0,64.0,251.0,0.0,0,39.0,33.0,33.0,0.0,0.0,0.0,0.0
2024,Will Brown,1,0,0,0.0,31.0,6.0,107.0,0.0,0,24.0,31.0,31.0,0.0,0.0,0.0,0.0
1953,Frank Katucka,1,0,0,0.0,12.0,,,0.0,0,,12.0,12.0,0.0,0.0,0.0,
1954,Gene Laughlin,2,0,0,0.0,23.5,,94.0,0.0,0,,21.0,26.0,0.0,0.0,0.0,0.0
1957,Claude Holliday,1,0,0,0.0,19.0,,12.0,0.0,0,19.0,19.0,19.0,0.0,0.0,0.0,0.0
1961,Danny Letner,1,1,1,0.0,3.0,552.0,175.0,0.0,0,33.0,3.0,3.0,100.0,100.0,0.0,0.0
1966,Jerry Oliver,1,0,0,0.0,20.0,1200.0,144.0,0.0,0,40.0,20.0,20.0,0.0,0.0,0.0,0.0
1977,Hugh Pearson,1,0,1,0.0,8.0,142.0,114.0,0.0,0,23.0,8.0,8.0,0.0,100.0,0.0,0.0
1953,Ray Duhigg,12,4,8,0.0,11.08,,489.0,0.0,0,17.75,3.0,30.0,33.33,66.67,0.0,0.0
1955,Dusty Fuller,1,0,0,0.0,23.0,,197.0,0.0,0,32.0,23.0,23.0,0.0,0.0,0.0,0.0
1956,C.H. Dingler,3,0,0,0.0,16.33,,181.0,0.0,0,17.33,14.0,21.0,0.0,0.0,0.0,0.0
1957,Eddie Pagan,15,11,11,3.0,6.27,0.0,2611.0,3.0,6,8.87,1.0,19.0,73.33,73.33,20.0,0.11
1958,Eddie Gray,3,1,1,1.0,17.0,80.0,437.0,43.0,1,11.33,1.0,34.0,33.33,33.33,33.33,9.84
1958,Bob Perry,2,0,0,0.0,39.5,80.0,121.0,0.0,0,29.0,31.0,48.0,0.0,0.0,0.0,0.0
1961,Dick Miller,2,0,0,0.0,15.0,,134.0,0.0,0,17.5,15.0,15.0,0.0,0.0,0.0,0.0
1965,Buddy Arrington,32,6,9,0.0,17.19,11744.0,5154.0,0.0,0,18.53,3.0,41.0,18.75,28.13,0.0,0.0
1969,Roy Tyner,21,0,1,0.0,24.86,1191.0,3285.0,0.0,0,27.14,10.0,44.0,0.0,4.76,0.0,0.0
1970,Lee Gordon,7,0,0,0.0,19.29,208.0,755.0,0.0,0,26.14,14.0,31.0,0.0,0.0,0.0,0.0
1974,Larry Esau,1,0,0,0.0,29.0,,47.0,0.0,0,32.0,29.0,29.0,0.0,0.0,0.0,0.0
1975,Jim Vandiver,13,1,4,0.0,19.77,1228.0,2929.0,1.0,0,23.69,4.0,35.0,7.69,30.77,0.0,0.03
1977,Buddy Baker,30,9,20,0.0,12.07,3961.0,8084.0,52.0,3,8.8,3.0,33.0,30.0,66.67,0.0,0.64
1978,Ralph Jones,7,0,0,0.0,24.14,634.0,1871.0,0.0,0,29.43,18.0,30.0,0.0,0.0,0.0,0.0
1981,Ronnie Thomas,23,0,0,0.0,23.35,2138.0,5756.0,0.0,0,26.48,11.0,35.0,0.0,0.0,0.0,0.0
1983,Dick Brooks,30,2,6,0.0,19.1,2946.0,7866.0,108.0,2,15.53,5.0,37.0,6.67,20.0,0.0,1.37
1983,Bob Senneker,5,0,0,0.0,20.0,436.0,1317.0,0.0,0,26.6,14.0,28.0,0.0,0.0,0.0,0.0
1985,Dale Earnhardt,28,10,16,4.0,14.68,3561.0,8231.0,1237.0,9,9.54,1.0,40.0,35.71,57.14,14.29,15.03
1986,Phil Parsons,17,1,5,0.0,20.53,1742.0,3404.0,1.0,2,18.65,5.0,37.0,5.88,29.41,0.0,0.03
1986,Benny Parsons,16,2,4,0.0,23.13,1555.0,2620.0,13.0,3,9.44,5.0,41.0,12.5,25.0,0.0,0.5
1987,A.J. Foyt,6,0,0,0.0,32.17,409.0,748.0,2.0,0,23.5,20.0,42.0,0.0,0.0,0.0,0.27
1995,Bobby Labonte,31,7,14,3.0,16.29,3718.0,9019.0,278.0,12,13.94,1.0,41.0,22.58,45.16,9.68,3.08
2002,Dale Earnhardt Jr.,36,11,16,2.0,17.11,4270.0,10344.0,1068.0,23,12.81,1.0,42.0,30.56,44.44,5.56,10.32
2002,Jamie McMurray,6,1,2,1.0,18.5,679.0,1680.0,97.0,2,7.0,1.0,40.0,16.67,33.33,16.67,5.77
2004,Scott Riggs,35,1,2,0.0,25.2,3090.0,9477.0,15.0,12,21.0,5.0,42.0,2.86,5.71,0.0,0.16
2008,Kyle Petty,15,0,0,0.0,34.8,879.0,4759.0,0.0,1,34.73,24.0,41.0,0.0,0.0,0.0,0.0
2008,Brad Keselowski,2,0,0,0.0,21.0,200.0,598.0,0.0,0,34.0,19.0,23.0,0.0,0.0,0.0,0.0
2011,Terry Labonte,8,0,0,0.0,31.38,102.0,1401.0,2.0,2,40.38,15.0,41.0,0.0,0.0,0.0,0.14
2012,Kyle Busch,36,13,20,1.0,13.28,1133.0,9844.0,1436.0,24,10.19,1.0,36.0,36.11,55.56,2.78,14.59
2013,Trevor Bayne,12,0,0,0.0,25.25,0.0,2678.0,1.0,5,25.08,15.0,43.0,0.0,0.0,0.0,0.04
2017,Brett Moffitt,7,0,0,0.0,33.71,0.0,1554.0,0.0,0,35.71,31.0,39.0,0.0,0.0,0.0,0.0
2019,Jeffrey Earnhardt,1,0,0,0.0,22.0,0.0,187.0,0.0,0,33.0,22.0,22.0,0.0,0.0,0.0,0.0
2022,A.J. Allmendinger,18,3,8,0.0,15.39,0.0,4647.0,30.0,12,19.44,2.0,33.0,16.67,44.44,0.0,0.65
2024,Carson Hocevar,36,1,6,0.0,18.31,704.0,9505.0,16.0,27,20.06,3.0,40.0,2.78,16.67,0.0,0.17
1949,Lee Schmidt,1,0,0,0.0,18.0,,171.0,0.0,0,28.0,18.0,18.0,0.0,0.0,0.0,0.0
1951,Jim Ross,2,0,0,0.0,22.0,,,0.0,0,19.0,17.0,27.0,0.0,0.0,0.0,
1955,Lloyd Chick,2,0,1,0.0,12.5,216.0,245.0,0.0,0,9.5,9.0,16.0,0.0,50.0,0.0,0.0
1956,Bob Havemann,4,0,1,0.0,17.5,,496.0,0.0,0,12.25,8.0,31.0,0.0,25.0,0.0,0.0
1960,Wes Morgan,2,0,0,0.0,18.5,620.0,277.0,0.0,0,33.0,18.0,19.0,0.0,0.0,0.0,0.0
1966,Jeff Hawkins,3,1,2,0.0,20.0,810.0,364.0,0.0,0,14.67,5.0,46.0,33.33,66.67,0.0,0.0
1972,Ron Gautsche,2,0,0,0.0,35.0,64.0,215.0,0.0,0,44.0,35.0,35.0,0.0,0.0,0.0,0.0
1981,Bob Bondurant,2,0,0,0.0,19.5,100.0,207.0,0.0,0,21.0,18.0,21.0,0.0,0.0,0.0,0.0
1987,Brad Teague,5,0,0,0.0,27.2,324.0,915.0,17.0,0,29.2,13.0,41.0,0.0,0.0,0.0,1.86
2016,David Gilliland,2,0,0,0.0,18.0,46.0,349.0,0.0,2,33.5,17.0,19.0,0.0,0.0,0.0,0.0
1956,Cotton Priddy,1,0,0,0.0,24.0,,38.0,0.0,0,21.0,24.0,24.0,0.0,0.0,0.0,0.0
1956,Bob Chauncey,1,0,0,0.0,21.0,,78.0,0.0,0,16.0,21.0,21.0,0.0,0.0,0.0,0.0
1971,Roy Mulligan,1,0,0,0.0,32.0,0.0,83.0,0.0,0,48.0,32.0,32.0,0.0,0.0,0.0,0.0
1979,Don Noel,1,0,0,0.0,31.0,70.0,15.0,0.0,0,29.0,31.0,31.0,0.0,0.0,0.0,0.0
1985,Tom Sneva,1,0,0,0.0,32.0,0.0,138.0,0.0,0,29.0,32.0,32.0,0.0,0.0,0.0,0.0
1988,Ed Pimm,2,0,0,0.0,29.0,152.0,502.0,0.0,0,34.0,24.0,34.0,0.0,0.0,0.0,0.0
1998,Mike Dillon,1,0,0,0.0,35.0,58.0,239.0,0.0,0,27.0,35.0,35.0,0.0,0.0,0.0,0.0
2002,Andy Hillenburg,2,0,0,0.0,43.0,68.0,21.0,0.0,0,43.0,43.0,43.0,0.0,0.0,0.0,0.0
1951,Leon Harrell,1,0,0,0.0,21.0,,,0.0,0,,21.0,21.0,0.0,0.0,0.0,
1954,Charles Pemberton,2,0,1,0.0,11.5,,525.0,0.0,0,,10.0,13.0,0.0,50.0,0.0,0.0
1961,Al Disney,1,0,0,0.0,13.0,224.0,214.0,0.0,0,14.0,13.0,13.0,0.0,0.0,0.0,0.0
1963,Dave MacDonald,2,1,1,0.0,7.0,2944.0,323.0,92.0,0,9.5,2.0,12.0,50.0,50.0,0.0,28.48
1963,Al Brand,1,0,0,0.0,40.0,64.0,1.0,0.0,0,32.0,40.0,40.0,0.0,0.0,0.0,0.0
1970,Alton Jones,1,0,0,0.0,24.0,0.0,155.0,0.0,0,39.0,24.0,24.0,0.0,0.0,0.0,0.0
1980,Gary Balough,1,0,0,0.0,39.0,46.0,16.0,0.0,0,8.0,39.0,39.0,0.0,0.0,0.0,0.0
2006,Marc Goossens,1,0,0,0.0,43.0,34.0,58.0,0.0,0,27.0,43.0,43.0,0.0,0.0,0.0,0.0
2015,Jeff Green,1,0,0,0.0,40.0,0.0,386.0,0.0,0,33.0,40.0,40.0,0.0,0.0,0.0,0.0
1951,Stan Noble,3,0,0,0.0,20.33,,,0.0,0,20.5,15.0,27.0,0.0,0.0,0.0,
1951,Jimmy Ayers,6,0,4,0.0,19.0,,225.0,0.0,0,33.25,9.0,64.0,0.0,66.67,0.0,0.0
1951,Gene Tapia,3,0,0,0.0,18.0,,,0.0,0,23.0,17.0,20.0,0.0,0.0,0.0,
1952,Tony Bonadies,2,0,0,0.0,28.5,,523.0,0.0,0,27.5,27.0,30.0,0.0,0.0,0.0,0.0
1956,Buck Baker,48,31,39,14.0,6.83,,8495.0,1395.0,19,6.83,1.0,38.0,64.58,81.25,29.17,16.42
1958,Jim Paschal,6,2,4,1.0,9.17,928.0,1288.0,150.0,1,15.4,1.0,21.0,33.33,66.67,16.67,11.65
1959,Wilbur Rakestraw,3,0,1,0.0,17.33,1680.0,413.0,0.0,0,18.0,8.0,22.0,0.0,33.33,0.0,0.0
1963,Ned Jarrett,53,32,39,8.0,8.64,25572.0,11845.0,1897.0,16,6.98,1.0,34.0,60.38,73.58,15.09,16.02
1964,Roy Mayne,14,1,2,0.0,21.21,4278.0,2207.0,0.0,0,23.14,5.0,44.0,7.14,14.29,0.0,0.0
1966,Paul Goldsmith,21,11,11,3.0,13.05,22078.0,5097.0,452.0,6,6.52,1.0,39.0,52.38,52.38,14.29,8.87
1966,Wayne Woodward,7,0,0,0.0,20.57,1764.0,1194.0,0.0,0,19.14,11.0,35.0,0.0,0.0,0.0,0.0
1966,Nick Rampling,3,0,0,0.0,17.33,464.0,472.0,0.0,0,24.67,12.0,27.0,0.0,0.0,0.0,0.0
1967,Jabe Thomas,20,0,3,0.0,23.9,3444.0,2408.0,0.0,0,23.55,6.0,42.0,0.0,15.0,0.0,0.0
1968,Roy Tyner,48,4,14,0.0,17.73,2428.0,8788.0,0.0,0,22.67,4.0,47.0,8.33,29.17,0.0,0.0
1970,Kevin Terris,2,0,0,0.0,25.0,156.0,169.0,0.0,0,32.0,12.0,38.0,0.0,0.0,0.0,0.0
1971,David Pearson,17,8,9,2.0,18.88,537.0,2998.0,252.0,3,7.0,1.0,48.0,47.06,52.94,11.76,8.41
1974,Jimmy Insolo,3,0,0,0.0,21.33,,338.0,1.0,0,14.67,19.0,23.0,0.0,0.0,0.0,0.3
1975,Joe Mihalic,10,0,1,0.0,22.5,957.0,1924.0,0.0,0,20.5,9.0,34.0,0.0,10.0,0.0,0.0
1975,Earl Brooks,7,0,0,0.0,24.29,534.0,1229.0,0.0,0,29.86,17.0,34.0,0.0,0.0,0.0,0.0
1976,Richard Brown,3,0,0,0.0,25.33,261.0,591.0,0.0,0,25.0,22.0,30.0,0.0,0.0,0.0,0.0
1977,Lella Lombardi,1,0,0,0.0,31.0,0.0,103.0,0.0,0,29.0,31.0,31.0,0.0,0.0,0.0,0.0
1984,H.B. Bailey,2,0,0,0.0,23.5,185.0,529.0,0.0,0,38.5,22.0,25.0,0.0,0.0,0.0,0.0
1986,Jim Robinson,2,0,0,0.0,20.0,206.0,192.0,0.0,0,31.0,15.0,25.0,0.0,0.0,0.0,0.0
1987,Jimmy Horton,2,0,0,0.0,27.0,164.0,256.0,0.0,0,36.5,21.0,33.0,0.0,0.0,0.0,0.0
1991,H.B. Bailey,3,0,0,0.0,32.0,201.0,545.0,0.0,0,39.33,28.0,35.0,0.0,0.0,0.0,0.0
1993,Derrike Cope,30,0,1,0.0,23.57,2787.0,8406.0,38.0,2,18.07,8.0,39.0,0.0,3.33,0.0,0.45
1996,Loy Allen Jr.,9,0,0,0.0,32.0,603.0,1439.0,0.0,0,32.33,21.0,41.0,0.0,0.0,0.0,0.0
2002,Kenny Wallace,21,0,1,0.0,24.86,1868.0,5742.0,4.0,4,23.33,10.0,42.0,0.0,4.76,0.0,0.07
2004,Rusty Wallace,36,3,11,1.0,18.56,3960.0,10366.0,308.0,19,15.17,1.0,36.0,8.33,30.56,2.78,2.97
2005,Jeremy Mayfield,36,4,9,1.0,15.86,4281.0,10584.0,151.0,25,15.28,1.0,38.0,11.11,25.0,2.78,1.43
2010,Dave Blaney,29,0,0,0.0,38.17,1416.0,3707.0,4.0,2,32.03,24.0,43.0,0.0,0.0,0.0,0.11
2013,Paul Menard,36,3,9,0.0,17.83,949.0,10320.0,72.0,24,15.97,4.0,43.0,8.33,25.0,0.0,0.7
2014,Kurt Busch,36,6,11,1.0,18.94,921.0,10025.0,220.0,20,13.53,1.0,42.0,16.67,30.56,2.78,2.19
2014,Joey Gase,4,0,0,0.0,36.0,0.0,1108.0,0.0,0,42.5,33.0,37.0,0.0,0.0,0.0,0.0
2019,Erik Jones,36,10,17,1.0,16.25,884.0,9606.0,172.0,23,14.92,1.0,40.0,27.78,47.22,2.78,1.79
2022,Loris Hezemans,5,0,0,0.0,34.8,0.0,304.0,0.0,0,35.2,33.0,37.0,0.0,0.0,0.0,0.0
2025,Martin Truex Jr.,1,0,0,0.0,38.0,1.0,71.0,0.0,0,39.0,38.0,38.0,0.0,0.0,0.0,0.0
1954,Arley Scranton,1,0,0,0.0,21.0,,413.0,0.0,0,22.0,21.0,21.0,0.0,0.0,0.0,0.0
1954,Ed DeWolff,2,0,0,0.0,44.5,,95.0,0.0,0,,26.0,63.0,0.0,0.0,0.0,0.0
1955,Bill Bowman,3,0,2,0.0,16.67,356.0,675.0,0.0,0,31.0,7.0,35.0,0.0,66.67,0.0,0.0
1962,Roscoe Thompson,4,0,0,0.0,29.75,1592.0,305.0,0.0,0,19.75,14.0,44.0,0.0,0.0,0.0,0.0
1990,Tracy Leslie,3,0,0,0.0,37.67,150.0,316.0,0.0,0,37.0,36.0,39.0,0.0,0.0,0.0,0.0
1992,Mike Skinner,2,0,0,0.0,25.5,173.0,929.0,0.0,0,32.0,23.0,28.0,0.0,0.0,0.0,0.0
2006,Ted Christopher,1,0,0,0.0,41.0,40.0,123.0,0.0,0,43.0,41.0,41.0,0.0,0.0,0.0,0.0
2017,Cody Ware,5,0,0,0.0,37.8,6.0,610.0,0.0,0,38.4,35.0,39.0,0.0,0.0,0.0,0.0
1950,Morris Lamb,1,0,0,0.0,20.0,,,0.0,0,,20.0,20.0,0.0,0.0,0.0,
1951,Jerry Groh,2,0,0,0.0,15.0,,,0.0,0,,14.0,16.0,0.0,0.0,0.0,
1958,Lucky Sawyer,1,0,0,0.0,30.0,16.0,12.0,0.0,0,29.0,30.0,30.0,0.0,0.0,0.0,0.0
1960,Eddie Riker,1,0,0,0.0,17.0,220.0,61.0,0.0,0,14.0,17.0,17.0,0.0,0.0,0.0,0.0
1974,Jerry Hansen,3,0,0,0.0,29.67,,221.0,0.0,0,34.67,25.0,38.0,0.0,0.0,0.0,0.0
1949,Roy Hall,1,0,1,0.0,6.0,,196.0,0.0,0,,6.0,6.0,0.0,100.0,0.0,0.0
1956,Chuck Akerblade,1,0,0,0.0,11.0,,238.0,0.0,0,,11.0,11.0,0.0,0.0,0.0,0.0
1962,Al White,1,0,0,0.0,20.0,120.0,233.0,0.0,0,28.0,20.0,20.0,0.0,0.0,0.0,0.0
1971,A.J. Cox,1,0,0,0.0,32.0,57.0,82.0,0.0,0,39.0,32.0,32.0,0.0,0.0,0.0,0.0
1986,Howard Rose,1,0,0,0.0,30.0,73.0,241.0,0.0,0,34.0,30.0,30.0,0.0,0.0,0.0,0.0
1990,Freddie Crawford,1,0,0,0.0,36.0,0.0,6.0,0.0,0,36.0,36.0,36.0,0.0,0.0,0.0,0.0
1950,Otis Martin,1,0,1,0.0,8.0,,47.0,0.0,0,26.0,8.0,8.0,0.0,100.0,0.0,0.0
1950,Buddy Helms,3,0,0,0.0,24.67,,36.0,0.0,0,23.0,24.0,25.0,0.0,0.0,0.0,0.0
1956,John Fite,3,0,0,0.0,18.33,,388.0,0.0,0,21.67,15.0,23.0,0.0,0.0,0.0,0.0
1958,Bob Welborn,18,10,15,5.0,6.67,48.0,3915.0,579.0,8,8.56,1.0,27.0,55.56,83.33,27.78,14.79
1960,Clyde Mitchell,2,0,1,0.0,13.5,216.0,135.0,0.0,0,22.0,9.0,18.0,0.0,50.0,0.0,0.0
1965,Pee Wee Ellwanger,5,0,0,0.0,22.2,476.0,345.0,0.0,0,23.0,14.0,32.0,0.0,0.0,0.0,0.0
1974,George Follmer,13,3,5,0.0,17.62,,3086.0,27.0,0,6.92,4.0,33.0,23.08,38.46,0.0,0.87
1977,Terry Ryan,7,0,1,0.0,21.0,702.0,1142.0,0.0,0,20.57,9.0,35.0,0.0,14.29,0.0,0.0
1977,Sonny Easley,3,1,2,0.0,12.67,386.0,360.0,0.0,0,16.67,5.0,26.0,33.33,66.67,0.0,0.0
1978,Richard Petty,30,11,17,0.0,12.83,3949.0,8906.0,417.0,3,8.9,2.0,34.0,36.67,56.67,0.0,4.68
1988,Bill Elliott,29,15,22,6.0,6.59,4488.0,9647.0,1630.0,17,9.17,1.0,19.0,51.72,75.86,20.69,16.9
1993,Rusty Wallace,30,19,21,10.0,9.4,4446.0,9641.0,2860.0,23,11.87,1.0,39.0,63.33,70.0,33.33,29.66
1995,Dale Earnhardt,31,19,23,5.0,9.23,4580.0,9625.0,1583.0,22,13.81,1.0,35.0,61.29,74.19,16.13,16.45
1996,Steve Grissom,13,1,2,0.0,24.31,1188.0,3169.0,12.0,3,25.38,5.0,42.0,7.69,15.38,0.0,0.38
2000,Brett Bodine,29,0,0,0.0,29.79,2145.0,8336.0,5.0,2,23.79,14.0,42.0,0.0,0.0,0.0,0.06
2000,Carl Long,2,0,0,0.0,36.5,107.0,353.0,0.0,0,42.5,32.0,41.0,0.0,0.0,0.0,0.0
2001,Bobby Labonte,36,9,20,2.0,14.06,4561.0,10361.0,228.0,27,17.81,1.0,42.0,25.0,55.56,5.56,2.2
2005,Carl Long,9,0,0,0.0,39.78,356.0,1267.0,0.0,0,36.0,32.0,43.0,0.0,0.0,0.0,0.0
2006,Stanton Barrett,7,0,0,0.0,38.0,343.0,1861.0,0.0,0,36.71,33.0,40.0,0.0,0.0,0.0,0.0
2009,Martin Truex Jr.,36,1,6,0.0,21.86,3578.0,10133.0,184.0,20,16.39,5.0,39.0,2.78,16.67,0.0,1.82
2016,Carl Edwards,36,9,18,3.0,13.86,1004.0,10303.0,918.0,26,7.17,1.0,36.0,25.0,50.0,8.33,8.91
2017,Kyle Larson,36,15,20,4.0,13.28,1256.0,9777.0,1352.0,26,11.31,1.0,40.0,41.67,55.56,11.11,13.83
2022,Kurt Busch,20,5,8,1.0,16.9,483.0,4855.0,182.0,13,14.95,1.0,35.0,25.0,40.0,5.0,3.75
2023,Austin Dillon,36,1,7,0.0,21.78,605.0,8698.0,19.0,20,20.03,3.0,38.0,2.78,19.44,0.0,0.22
2023,Anthony Alfredo,2,0,0,0.0,34.0,0.0,786.0,0.0,0,32.5,33.0,35.0,0.0,0.0,0.0,0.0
1951,Jim Romine,3,0,1,0.0,16.33,,,0.0,0,,10.0,24.0,0.0,33.33,0.0,
1954,Charlie Cregar,5,0,0,0.0,25.8,,857.0,8.0,0,11.0,13.0,41.0,0.0,0.0,0.0,0.93
1957,Tony Moretti,1,0,0,0.0,23.0,,19.0,0.0,0,23.0,23.0,23.0,0.0,0.0,0.0,0.0
1958,Buzz Woodward,10,0,2,0.0,13.3,1076.0,1818.0,0.0,0,18.38,6.0,24.0,0.0,20.0,0.0,0.0
1958,John Dodd Sr.,1,0,0,0.0,22.0,320.0,290.0,0.0,0,21.0,22.0,22.0,0.0,0.0,0.0,0.0
1960,LeeRoy Yarbrough,1,0,0,0.0,33.0,84.0,60.0,0.0,0,18.0,33.0,33.0,0.0,0.0,0.0,0.0
1965,Bobby Isaac,4,1,1,0.0,22.25,980.0,699.0,183.0,0,5.5,2.0,34.0,25.0,25.0,0.0,26.18
1965,Red Foote,3,0,0,0.0,30.33,82.0,181.0,0.0,0,28.67,27.0,35.0,0.0,0.0,0.0,0.0
1967,Dorus Wisecraver,2,0,0,0.0,14.0,0.0,219.0,0.0,0,24.5,14.0,14.0,0.0,0.0,0.0,0.0
1972,Buck Baker,5,0,0,0.0,30.6,0.0,660.0,0.0,0,15.2,21.0,40.0,0.0,0.0,0.0,0.0
1985,Jim Sauter,3,0,0,0.0,24.67,267.0,565.0,0.0,0,34.67,20.0,31.0,0.0,0.0,0.0,0.0
1989,Bill Sedgwick,1,0,0,0.0,36.0,55.0,170.0,0.0,0,38.0,36.0,36.0,0.0,0.0,0.0,0.0
1993,Stanley Smith,1,0,0,0.0,40.0,43.0,68.0,0.0,0,35.0,40.0,40.0,0.0,0.0,0.0,0.0
1952,Dick Meyer,1,0,0,0.0,17.0,,,0.0,0,16.0,17.0,17.0,0.0,0.0,0.0,
1955,Tom Pistone,1,0,0,0.0,27.0,,28.0,0.0,0,28.0,27.0,27.0,0.0,0.0,0.0,0.0
1956,Cecil Lassiter,1,0,0,0.0,15.0,,235.0,0.0,0,29.0,15.0,15.0,0.0,0.0,0.0,0.0
1958,Dick Foley,1,0,0,0.0,19.0,160.0,34.0,0.0,0,13.0,19.0,19.0,0.0,0.0,0.0,0.0
1959,Dominic Persicketti,2,0,1,0.0,13.0,216.0,581.0,0.0,0,25.0,8.0,18.0,0.0,50.0,0.0,0.0
1967,Chuck Prickett,1,0,1,0.0,10.0,2120.0,162.0,0.0,0,41.0,10.0,10.0,0.0,100.0,0.0,0.0
1989,Bill Cooper,1,0,0,0.0,35.0,0.0,61.0,0.0,0,25.0,35.0,35.0,0.0,0.0,0.0,0.0
2014,David Reutimann,3,0,0,0.0,32.0,37.0,934.0,1.0,0,32.33,29.0,38.0,0.0,0.0,0.0,0.11
2018,Stanton Barrett,1,0,0,0.0,40.0,1.0,11.0,0.0,0,39.0,40.0,40.0,0.0,0.0,0.0,0.0
2019,Ryan Sieg,1,0,0,0.0,24.0,0.0,157.0,0.0,0,36.0,24.0,24.0,0.0,0.0,0.0,0.0
1950,Bill Burton,1,0,0,0.0,19.0,,,0.0,0,,19.0,19.0,0.0,0.0,0.0,
1964,Jimmy Lee Capps,1,0,0,0.0,19.0,112.0,50.0,0.0,0,3.0,19.0,19.0,0.0,0.0,0.0,0.0
1966,Clem Proctor,1,0,0,0.0,24.0,900.0,114.0,0.0,0,18.0,24.0,24.0,0.0,0.0,0.0,0.0
1978,Don Noel,2,0,0,0.0,30.5,79.0,180.0,0.0,0,26.0,28.0,33.0,0.0,0.0,0.0,0.0
1995,Ron Hornaday Jr.,1,0,0,0.0,27.0,82.0,307.0,0.0,0,36.0,27.0,27.0,0.0,0.0,0.0,0.0
1951,Bob Greer,4,0,0,0.0,32.0,,126.0,0.0,0,12.0,27.0,36.0,0.0,0.0,0.0,0.0
1951,Tommy Melvin,3,0,0,0.0,30.33,,459.0,0.0,0,36.33,18.0,44.0,0.0,0.0,0.0,0.0
1953,Ed Benedict,1,0,1,0.0,7.0,,189.0,0.0,0,11.0,7.0,7.0,0.0,100.0,0.0,0.0
1956,Tim Flock,22,11,14,4.0,9.32,0.0,3076.0,448.0,7,6.73,1.0,30.0,50.0,63.64,18.18,14.56
1959,Bobby Keck,18,0,0,0.0,17.44,1910.0,2484.0,0.0,0,19.06,11.0,34.0,0.0,0.0,0.0,0.0
1961,Jimmy Pardue,44,3,16,0.0,14.0,13408.0,7757.0,0.0,0,15.86,4.0,39.0,6.82,36.36,0.0,0.0
1962,Tom Cox,42,3,20,0.0,14.5,11677.0,8370.0,0.0,0,18.85,4.0,43.0,7.14,47.62,0.0,0.0
1964,Andy Buffington,1,0,1,0.0,8.0,288.0,173.0,0.0,0,10.0,8.0,8.0,0.0,100.0,0.0,0.0
1965,Don Walker,1,0,0,0.0,38.0,100.0,14.0,0.0,0,35.0,38.0,38.0,0.0,0.0,0.0,0.0
1969,David Pearson,51,42,44,11.0,5.27,4170.0,14270.0,2905.0,29,4.59,1.0,42.0,82.35,86.27,21.57,20.36
1970,Paul Feldner,2,0,1,0.0,17.0,0.0,214.0,0.0,0,21.5,10.0,24.0,0.0,50.0,0.0,0.0
1970,H.B. Bailey,1,0,0,0.0,34.0,0.0,180.0,0.0,0,31.0,34.0,34.0,0.0,0.0,0.0,0.0
1971,Bennis Listman,1,0,0,0.0,26.0,25.0,6.0,0.0,0,28.0,26.0,26.0,0.0,0.0,0.0,0.0
1972,Bobby Isaac,27,10,10,1.0,19.26,1708.0,5636.0,1325.0,5,3.44,1.0,45.0,37.04,37.04,3.7,23.51
1973,Earl Brooks,9,0,0,0.0,26.44,454.0,2267.0,0.0,0,34.78,15.0,56.0,0.0,0.0,0.0,0.0
1973,Glenn Francis,2,0,0,0.0,24.5,106.0,187.0,0.0,0,31.0,18.0,31.0,0.0,0.0,0.0,0.0
1977,Cecil Gordon,30,0,2,0.0,17.77,3294.0,8133.0,0.0,0,25.37,9.0,37.0,0.0,6.67,0.0,0.0
1980,Junior Miller,16,0,0,0.0,25.13,1402.0,3848.0,0.0,0,25.0,13.0,38.0,0.0,0.0,0.0,0.0
1980,Ernie Cline,1,0,0,0.0,30.0,0.0,74.0,0.0,0,35.0,30.0,30.0,0.0,0.0,0.0,0.0
1988,Darrell Waltrip,29,10,14,2.0,13.48,3764.0,9065.0,521.0,11,10.1,1.0,37.0,34.48,48.28,6.9,5.75
1991,Darrell Waltrip,29,5,17,2.0,13.59,3711.0,9229.0,203.0,11,12.83,1.0,32.0,17.24,58.62,6.9,2.2
2000,Brian Simo,1,0,0,0.0,36.0,55.0,95.0,0.0,0,34.0,36.0,36.0,0.0,0.0,0.0,0.0
2017,Aric Almirola,29,3,6,0.0,18.79,533.0,8509.0,2.0,19,22.38,4.0,38.0,10.34,20.69,0.0,0.02
2020,Stanton Barrett,1,0,0,0.0,38.0,1.0,49.0,0.0,0,34.0,38.0,38.0,0.0,0.0,0.0,0.0
1951,Frank Luptow,4,1,1,0.0,24.75,,161.0,0.0,0,11.5,5.0,53.0,25.0,25.0,0.0,0.0
1954,Eddie Pagan,2,0,0,0.0,16.5,,682.0,0.0,0,23.0,12.0,21.0,0.0,0.0,0.0,0.0
1954,Ed Paskovich,3,0,0,0.0,35.0,,260.0,0.0,0,,29.0,43.0,0.0,0.0,0.0,0.0
1954,Buster Whaley,1,0,0,0.0,12.0,,171.0,0.0,0,,12.0,12.0,0.0,0.0,0.0,0.0
1954,Glen Wood,1,0,0,0.0,41.0,,33.0,0.0,0,,41.0,41.0,0.0,0.0,0.0,0.0
1967,John Martin,2,0,0,0.0,28.0,0.0,154.0,0.0,0,23.0,18.0,38.0,0.0,0.0,0.0,0.0
2024,Chase Elliott,36,11,19,1.0,11.72,1150.0,9598.0,431.0,32,11.58,1.0,36.0,30.56,52.78,2.78,4.49
1976,Jerry Sisco,3,0,0,0.0,19.67,312.0,781.0,0.0,0,23.33,11.0,26.0,0.0,0.0,0.0,0.0
1983,Ron Esau,2,0,0,0.0,36.5,107.0,70.0,0.0,0,26.5,35.0,38.0,0.0,0.0,0.0,0.0
1951,Gus Linder,1,0,0,0.0,17.0,,,0.0,0,,17.0,17.0,0.0,0.0,0.0,
1954,Bobby Courtwright,1,0,0,0.0,11.0,,107.0,0.0,0,,11.0,11.0,0.0,0.0,0.0,0.0
1978,Charlie Blanton,1,0,0,0.0,32.0,0.0,52.0,0.0,0,34.0,32.0,32.0,0.0,0.0,0.0,0.0
1987,Tommy Kendall,1,0,0,0.0,38.0,0.0,26.0,0.0,0,31.0,38.0,38.0,0.0,0.0,0.0,0.0
1951,Hank Russ,1,0,0,0.0,24.0,,,0.0,0,,24.0,24.0,0.0,0.0,0.0,
1963,Gene Davis,1,0,0,0.0,24.0,192.0,95.0,0.0,0,36.0,24.0,24.0,0.0,0.0,0.0,0.0
1965,Harold Painter,1,0,0,0.0,20.0,96.0,0.0,0.0,0,12.0,20.0,20.0,0.0,0.0,0.0,
1951,Bill Stammer,4,0,2,0.0,13.75,,,0.0,0,17.0,9.0,21.0,0.0,50.0,0.0,
1951,Cotton Owens,5,1,3,0.0,11.2,,370.0,0.0,0,39.67,5.0,23.0,20.0,60.0,0.0,0.0
1952,Harvey Henderson,1,0,0,0.0,13.0,,,0.0,0,20.0,13.0,13.0,0.0,0.0,0.0,
1952,Larry Shurter,4,0,0,0.0,19.75,,138.0,0.0,0,25.67,12.0,26.0,0.0,0.0,0.0,0.0
1957,Ralph Moody,10,5,5,1.0,13.1,,1039.0,100.0,4,7.4,1.0,43.0,50.0,50.0,10.0,9.62
1960,James Norton,5,0,1,0.0,13.2,,814.0,0.0,0,16.0,10.0,18.0,0.0,20.0,0.0,0.0
1961,Bob Burdick,5,2,3,1.0,15.2,4382.0,1086.0,45.0,2,10.2,1.0,36.0,40.0,60.0,20.0,4.14
1968,Elmo Langley,48,6,28,0.0,12.63,2819.0,11149.0,0.0,0,13.63,3.0,40.0,12.5,58.33,0.0,0.0
1969,Jabe Thomas,51,0,12,0.0,14.39,3103.0,12025.0,0.0,0,17.02,7.0,29.0,0.0,23.53,0.0,0.0
1972,David Sisco,12,0,2,0.0,21.25,708.0,2067.0,0.0,0,23.42,7.0,37.0,0.0,16.67,0.0,0.0
1974,Neil Castles,14,0,0,0.0,30.14,,1422.0,0.0,0,22.71,15.0,46.0,0.0,0.0,0.0,0.0
1977,Tommy Gale,18,0,0,0.0,23.06,1689.0,4402.0,0.0,0,27.06,14.0,38.0,0.0,0.0,0.0,0.0
1979,D.K. Ulrich,31,0,5,0.0,16.74,3508.0,8995.0,0.0,0,20.23,6.0,33.0,0.0,16.13,0.0,0.0
1984,Morgan Shepherd,20,0,1,0.0,23.4,1811.0,5134.0,1.0,0,23.7,6.0,40.0,0.0,5.0,0.0,0.02
1988,Rodney Combs,19,0,0,0.0,28.58,1319.0,3693.0,0.0,0,26.89,11.0,40.0,0.0,0.0,0.0,0.0
1989,Lake Speed,24,1,5,0.0,19.42,2550.0,7028.0,11.0,3,21.67,5.0,38.0,4.17,20.83,0.0,0.16
1991,Bobby Hamilton,28,0,4,0.0,19.93,2915.0,8304.0,7.0,0,22.36,6.0,35.0,0.0,14.29,0.0,0.08
1992,Hut Stricklin,28,0,4,0.0,22.57,2689.0,7928.0,60.0,0,22.57,7.0,41.0,0.0,14.29,0.0,0.76
1992,Rick Mast,29,0,1,0.0,21.83,2830.0,8123.0,0.0,2,20.28,9.0,35.0,0.0,3.45,0.0,0.0
1994,Ron Hornaday Jr.,2,0,0,0.0,36.5,112.0,350.0,1.0,0,28.0,34.0,39.0,0.0,0.0,0.0,0.29
1997,Michael Waltrip,32,0,6,0.0,21.75,3173.0,9277.0,10.0,9,25.03,7.0,42.0,0.0,18.75,0.0,0.11
2000,Ward Burton,34,4,17,1.0,15.06,4152.0,9097.0,505.0,21,14.71,1.0,43.0,11.76,50.0,2.94,5.55
2004,Ward Burton,34,0,3,0.0,25.71,2929.0,8980.0,1.0,8,22.38,9.0,40.0,0.0,8.82,0.0,0.01
2008,Denny Hamlin,36,12,18,1.0,15.39,4439.0,10139.0,766.0,26,15.33,1.0,43.0,33.33,50.0,2.78,7.55
2013,Kasey Kahne,36,11,14,2.0,16.17,1022.0,10158.0,677.0,24,11.58,1.0,42.0,30.56,38.89,5.56,6.66
2013,David Reutimann,36,0,0,0.0,31.11,465.0,9340.0,1.0,4,33.53,16.0,43.0,0.0,0.0,0.0,0.01
2013,Ryan Truex,3,0,0,0.0,36.33,0.0,826.0,0.0,0,30.67,32.0,42.0,0.0,0.0,0.0,0.0
2017,Ty Dillon,36,0,0,0.0,20.72,591.0,10210.0,40.0,20,26.19,11.0,36.0,0.0,0.0,0.0,0.39
2021,Tyler Reddick,36,3,16,0.0,15.0,963.0,9141.0,43.0,24,15.39,2.0,39.0,8.33,44.44,0.0,0.47
1950,Bob Wilson,1,0,0,0.0,16.0,,150.0,0.0,0,,16.0,16.0,0.0,0.0,0.0,0.0
1953,Leon Lundy,1,0,0,0.0,12.0,,,0.0,0,,12.0,12.0,0.0,0.0,0.0,
1954,Pete Moxley,2,0,0,0.0,31.5,0.0,149.0,0.0,0,,25.0,38.0,0.0,0.0,0.0,0.0
1982,Blackie Wangerin,1,0,0,0.0,30.0,73.0,73.0,0.0,0,40.0,30.0,30.0,0.0,0.0,0.0,0.0
1993,Kerry Teague,2,0,0,0.0,30.0,146.0,223.0,0.0,0,38.0,26.0,34.0,0.0,0.0,0.0,0.0
2017,Ryan Sieg,5,0,0,0.0,31.6,0.0,1167.0,0.0,0,34.0,26.0,40.0,0.0,0.0,0.0,0.0
1953,John Dodd Sr.,1,0,0,0.0,26.0,,,0.0,0,,26.0,26.0,0.0,0.0,0.0,
1955,Junie Gough,1,0,0,0.0,19.0,56.0,150.0,0.0,0,26.0,19.0,19.0,0.0,0.0,0.0,0.0
1975,H.B. Bailey,1,0,0,0.0,40.0,43.0,1.0,0.0,0,40.0,40.0,40.0,0.0,0.0,0.0,0.0
1955,Floyd Chaddock,1,0,0,0.0,28.0,,35.0,0.0,0,42.0,28.0,28.0,0.0,0.0,0.0,0.0
1963,Richard Brown,1,0,0,0.0,19.0,880.0,166.0,0.0,0,43.0,19.0,19.0,0.0,0.0,0.0,0.0
1978,Bill Schmitt,3,0,1,0.0,18.0,330.0,304.0,0.0,0,10.0,8.0,32.0,0.0,33.33,0.0,0.0
1990,Bill Meacham,1,0,0,0.0,34.0,61.0,87.0,0.0,0,33.0,34.0,34.0,0.0,0.0,0.0,0.0
2017,Michael Waltrip,1,0,1,0.0,8.0,29.0,200.0,0.0,1,30.0,8.0,8.0,0.0,100.0,0.0,0.0
2017,Billy Johnson,1,0,0,0.0,22.0,15.0,110.0,0.0,1,26.0,22.0,22.0,0.0,0.0,0.0,0.0
2021,David Ragan,1,0,0,0.0,37.0,1.0,13.0,0.0,0,18.0,37.0,37.0,0.0,0.0,0.0,0.0
1950,Joe Eubanks,1,0,0,0.0,19.0,,359.0,0.0,0,21.0,19.0,19.0,0.0,0.0,0.0,0.0
1951,Al King,1,0,0,0.0,20.0,,71.0,0.0,0,,20.0,20.0,0.0,0.0,0.0,0.0
1952,George Gallup,4,0,1,0.0,25.5,,271.0,13.0,0,19.25,8.0,46.0,0.0,25.0,0.0,4.8
1953,Geoffrey Dessault,1,0,0,0.0,17.0,,,0.0,0,28.0,17.0,17.0,0.0,0.0,0.0,
1958,Reds Kagle,14,2,7,0.0,18.64,1308.0,1781.0,0.0,0,17.62,5.0,52.0,14.29,50.0,0.0,0.0
1958,Paul Aars,1,0,1,0.0,10.0,,168.0,0.0,0,45.0,10.0,10.0,0.0,100.0,0.0,0.0
1958,Dan Eames,1,0,0,0.0,27.0,,147.0,0.0,0,32.0,27.0,27.0,0.0,0.0,0.0,0.0
1959,Dick Carter,2,0,0,0.0,22.5,,269.0,0.0,0,27.0,19.0,26.0,0.0,0.0,0.0,0.0
1962,John Hamby,3,0,0,0.0,17.33,464.0,638.0,0.0,0,23.33,11.0,23.0,0.0,0.0,0.0,0.0
1965,Neil Castles,51,6,28,0.0,12.55,20848.0,9768.0,0.0,0,18.06,3.0,34.0,11.76,54.9,0.0,0.0
1968,Buck Baker,17,1,3,0.0,17.65,650.0,2675.0,0.0,0,19.06,5.0,39.0,5.88,17.65,0.0,0.0
1974,Jack McCoy,3,0,0,0.0,29.33,,175.0,4.0,0,24.33,21.0,34.0,0.0,0.0,0.0,2.29
1978,Dave Watson,1,0,0,0.0,17.0,0.0,316.0,0.0,0,22.0,17.0,17.0,0.0,0.0,0.0,0.0
1979,Earle Canavan,7,0,0,0.0,29.71,456.0,698.0,0.0,0,30.57,18.0,39.0,0.0,0.0,0.0,0.0
1991,Dorsey Schroeder,2,0,0,0.0,29.0,157.0,92.0,3.0,1,23.5,17.0,41.0,0.0,0.0,0.0,3.26
1992,Ken Schrader,29,4,11,0.0,16.21,3404.0,8425.0,83.0,10,12.28,3.0,41.0,13.79,37.93,0.0,0.99
1997,Lance Hooper,6,0,0,0.0,32.0,402.0,1380.0,0.0,1,35.5,24.0,42.0,0.0,0.0,0.0,0.0
1998,David Green,15,0,0,0.0,31.8,1014.0,3500.0,0.0,0,20.2,17.0,43.0,0.0,0.0,0.0,0.0
2000,Mike Skinner,34,1,11,0.0,17.21,3898.0,9640.0,349.0,17,14.5,2.0,43.0,2.94,32.35,0.0,3.62
2003,Jimmy Spencer,35,1,4,0.0,24.6,3147.0,9161.0,163.0,11,23.97,4.0,42.0,2.86,11.43,0.0,1.78
2004,Mario Gosselin,2,0,0,0.0,41.0,80.0,88.0,0.0,0,42.5,41.0,41.0,0.0,0.0,0.0,0.0
2005,Jeff Burton,36,3,6,0.0,19.56,3803.0,10375.0,7.0,22,25.97,2.0,43.0,8.33,16.67,0.0,0.07
2005,Joe Nemechek,36,2,9,0.0,18.61,3953.0,10473.0,147.0,23,16.22,3.0,39.0,5.56,25.0,0.0,1.4
2006,Clint Bowyer,36,4,11,0.0,19.67,3833.0,10304.0,112.0,19,20.31,3.0,41.0,11.11,30.56,0.0,1.09
2006,Michael Waltrip,33,0,0,0.0,30.85,2350.0,8620.0,5.0,5,31.88,14.0,43.0,0.0,0.0,0.0,0.06
2008,Jamie McMurray,36,4,11,0.0,20.06,3809.0,10344.0,168.0,21,20.06,3.0,43.0,11.11,30.56,0.0,1.62
2012,Stephen Leicht,15,0,0,0.0,35.6,126.0,2067.0,0.0,1,39.07,26.0,42.0,0.0,0.0,0.0,0.0
2012,Cole Whitt,5,0,0,0.0,39.4,0.0,183.0,0.0,0,37.4,37.0,42.0,0.0,0.0,0.0,0.0
2015,Kurt Busch,33,10,21,2.0,11.12,1108.0,9592.0,788.0,25,10.06,1.0,37.0,30.3,63.64,6.06,8.22
2019,Corey LaJoie,36,0,2,0.0,25.92,401.0,9541.0,0.0,9,29.67,6.0,38.0,0.0,5.56,0.0,0.0
2022,Austin Dillon,36,5,11,1.0,16.53,788.0,8625.0,24.0,23,18.94,1.0,35.0,13.89,30.56,2.78,0.28
2022,Denny Hamlin,36,10,16,2.0,15.53,977.0,8978.0,624.0,26,13.08,1.0,37.0,27.78,44.44,5.56,6.95
2022,Harrison Burton,36,1,2,0.0,22.78,565.0,8671.0,35.0,18,22.11,3.0,39.0,2.78,5.56,0.0,0.4
1952,Mel Cook,1,0,0,0.0,27.0,,38.0,0.0,0,20.0,27.0,27.0,0.0,0.0,0.0,0.0
1955,Herk Moak,1,0,0,0.0,18.0,64.0,132.0,0.0,0,24.0,18.0,18.0,0.0,0.0,0.0,0.0
1956,Hoss Kagle,1,0,0,0.0,11.0,,135.0,0.0,0,16.0,11.0,11.0,0.0,0.0,0.0,0.0
1956,Sonny Walters,1,0,0,0.0,23.0,,20.0,0.0,0,20.0,23.0,23.0,0.0,0.0,0.0,0.0
1960,Richard Riley,4,0,1,0.0,25.25,484.0,609.0,0.0,0,34.5,10.0,42.0,0.0,25.0,0.0,0.0
1973,John Hren,1,0,0,0.0,30.0,42.0,58.0,0.0,0,39.0,30.0,30.0,0.0,0.0,0.0,0.0
1976,Bill Schmitt,2,0,1,0.0,18.0,219.0,318.0,0.0,0,34.0,10.0,26.0,0.0,50.0,0.0,0.0
1976,Roy Smith,3,0,0,0.0,28.33,234.0,225.0,0.0,0,29.33,20.0,38.0,0.0,0.0,0.0,0.0
1988,Terry Petris,1,0,0,0.0,35.0,0.0,52.0,0.0,0,36.0,35.0,35.0,0.0,0.0,0.0,0.0
1956,Pat Grogan,2,0,0,0.0,41.0,,223.0,0.0,0,37.0,35.0,47.0,0.0,0.0,0.0,0.0
1980,Nestor Peles,1,0,0,0.0,28.0,79.0,207.0,0.0,0,34.0,28.0,28.0,0.0,0.0,0.0,0.0
1986,Jerry Holden,1,0,0,0.0,30.0,0.0,100.0,0.0,0,37.0,30.0,30.0,0.0,0.0,0.0,0.0
1951,Jim Metzler,1,0,0,0.0,39.0,,,0.0,0,,39.0,39.0,0.0,0.0,0.0,
1961,Ronnie Fones,2,0,0,0.0,17.5,288.0,217.0,0.0,0,17.5,13.0,22.0,0.0,0.0,0.0,0.0
1986,Bill Osborne,1,0,0,0.0,35.0,0.0,38.0,0.0,0,42.0,35.0,35.0,0.0,0.0,0.0,0.0
2007,Butch Leitzinger,1,0,0,0.0,28.0,79.0,110.0,0.0,1,30.0,28.0,28.0,0.0,0.0,0.0,0.0
1951,Leo Sigman,2,0,0,0.0,29.5,,,0.0,0,,29.0,30.0,0.0,0.0,0.0,
1952,Dutch Hoag,1,0,0,0.0,12.0,,163.0,0.0,0,3.0,12.0,12.0,0.0,0.0,0.0,0.0
1953,Jerry Earl,1,0,1,0.0,8.0,,,0.0,0,,8.0,8.0,0.0,100.0,0.0,
1956,Lloyd Dane,10,5,9,2.0,6.2,0.0,1706.0,2.0,2,13.6,1.0,15.0,50.0,90.0,20.0,0.12
1957,Neil Castles,5,0,0,0.0,31.4,,492.0,0.0,0,26.5,18.0,49.0,0.0,0.0,0.0,0.0
1958,Chuck Townsen,1,0,0,0.0,23.0,,152.0,0.0,0,26.0,23.0,23.0,0.0,0.0,0.0,0.0
1961,Darel Dieringer,7,1,2,0.0,17.86,4416.0,1008.0,0.0,0,18.14,5.0,38.0,14.29,28.57,0.0,0.0
1961,Bob Ross,2,1,1,0.0,18.0,408.0,112.0,0.0,0,1.0,2.0,34.0,50.0,50.0,0.0,0.0
1963,Joe Kelly,1,0,0,0.0,15.0,176.0,120.0,0.0,0,11.0,15.0,15.0,0.0,0.0,0.0,0.0
1967,Bill Ervin,18,0,0,0.0,18.72,2404.0,1804.0,0.0,0,22.17,11.0,29.0,0.0,0.0,0.0,0.0
1968,Sam McQuagg,5,0,2,0.0,15.6,438.0,1045.0,5.0,0,12.8,9.0,26.0,0.0,40.0,0.0,0.48
1969,Bill Seifert,50,1,15,0.0,17.84,2765.0,9728.0,0.0,0,19.48,5.0,38.0,2.0,30.0,0.0,0.0
1970,Jack McCoy,2,0,1,0.0,18.0,198.0,207.0,0.0,0,20.5,6.0,30.0,0.0,50.0,0.0,0.0
1972,Darrell Waltrip,5,1,3,0.0,16.4,224.0,1211.0,7.0,0,18.6,3.0,38.0,20.0,60.0,0.0,0.58
1973,Chuck Wahl,1,0,0,0.0,39.0,24.0,7.0,0.0,0,33.0,39.0,39.0,0.0,0.0,0.0,0.0
1974,Buddy Baker,19,11,12,0.0,13.32,,4346.0,381.0,4,5.21,2.0,37.0,57.89,63.16,0.0,8.77
1974,Pee Wee Wentz,3,0,1,0.0,21.33,,540.0,0.0,0,33.0,10.0,31.0,0.0,33.33,0.0,0.0
1980,Jim Hopkinson,1,0,0,0.0,27.0,82.0,42.0,0.0,0,36.0,27.0,27.0,0.0,0.0,0.0,0.0
1983,Travis Tiller,2,0,0,0.0,27.0,164.0,338.0,0.0,0,37.0,15.0,39.0,0.0,0.0,0.0,0.0
1985,Dave Marcis,28,0,5,0.0,20.54,2871.0,7319.0,30.0,0,21.96,8.0,38.0,0.0,17.86,0.0,0.41
1985,Bill Osborne,2,0,0,0.0,22.5,191.0,198.0,0.0,0,34.5,21.0,24.0,0.0,0.0,0.0,0.0
1992,Lake Speed,9,0,0,0.0,27.44,726.0,2248.0,0.0,0,29.67,18.0,36.0,0.0,0.0,0.0,0.0
1999,Chad Little,34,0,5,0.0,23.35,3193.0,9465.0,3.0,6,28.68,6.0,43.0,0.0,14.71,0.0,0.03
2005,Jimmy Spencer,11,0,0,0.0,34.27,667.0,3169.0,2.0,0,31.27,21.0,42.0,0.0,0.0,0.0,0.06
2007,Kasey Kahne,36,1,8,0.0,22.17,3539.0,10003.0,374.0,18,14.28,2.0,40.0,2.78,22.22,0.0,3.74
2013,Jeff Gordon,36,8,17,1.0,14.36,1087.0,9968.0,434.0,28,12.92,1.0,39.0,22.22,47.22,2.78,4.35
2015,Danica Patrick,36,0,2,0.0,23.47,741.0,9965.0,7.0,14,22.44,7.0,42.0,0.0,5.56,0.0,0.07
2015,Sam Hornish Jr.,36,0,3,0.0,24.33,709.0,10189.0,22.0,11,25.33,6.0,43.0,0.0,8.33,0.0,0.22
2018,Ricky Stenhouse Jr.,36,3,5,0.0,19.36,694.0,10076.0,133.0,17,14.75,3.0,37.0,8.33,13.89,0.0,1.32
2019,Matt Tifft,32,0,1,0.0,26.03,352.0,8502.0,1.0,6,28.19,9.0,37.0,0.0,3.13,0.0,0.01
1959,Jerry Smith,2,0,0,0.0,18.0,,644.0,0.0,0,30.5,18.0,18.0,0.0,0.0,0.0,0.0
1973,Mark Donohue,2,1,1,1.0,15.5,0.0,393.0,0.0,1,8.0,1.0,30.0,50.0,50.0,50.0,0.0
1984,Buddie Boys,1,0,0,0.0,31.0,70.0,178.0,0.0,0,26.0,31.0,31.0,0.0,0.0,0.0,0.0
1994,Bob Schacht,1,0,0,0.0,42.0,37.0,11.0,0.0,0,30.0,42.0,42.0,0.0,0.0,0.0,0.0
2005,Jorge Goeters,1,0,0,0.0,35.0,63.0,91.0,1.0,0,43.0,35.0,35.0,0.0,0.0,0.0,1.1
1951,Jess Anderson,1,0,0,0.0,21.0,,,0.0,0,20.0,21.0,21.0,0.0,0.0,0.0,
1952,Ray Janelle,1,0,0,0.0,21.0,,,0.0,0,,21.0,21.0,0.0,0.0,0.0,
1955,Gene Holcomb,2,0,0,0.0,19.5,152.0,188.0,0.0,0,26.5,14.0,25.0,0.0,0.0,0.0,0.0
1958,Paul Walton,1,0,0,0.0,11.0,,144.0,0.0,0,21.0,11.0,11.0,0.0,0.0,0.0,0.0
1960,Ernie Gahan,2,0,0,0.0,14.0,2080.0,818.0,0.0,0,40.5,13.0,15.0,0.0,0.0,0.0,0.0
1965,Jesse Samples,1,0,0,0.0,25.0,196.0,198.0,0.0,0,34.0,25.0,25.0,0.0,0.0,0.0,0.0
1981,Steve Pfeifer,2,0,0,0.0,19.0,91.0,175.0,0.0,0,35.0,14.0,24.0,0.0,0.0,0.0,0.0
1986,Buddie Boys,2,0,0,0.0,38.5,95.0,91.0,0.0,0,39.0,38.0,39.0,0.0,0.0,0.0,0.0
1951,Earl Coleman,1,0,0,0.0,48.0,,,0.0,0,36.0,48.0,48.0,0.0,0.0,0.0,
1952,Roger Attard,1,0,0,0.0,44.0,,25.0,0.0,0,22.0,44.0,44.0,0.0,0.0,0.0,0.0
1955,Floyd Curtis,1,0,0,0.0,38.0,24.0,10.0,0.0,0,36.0,38.0,38.0,0.0,0.0,0.0,0.0
1957,Bob Connor,1,0,0,0.0,24.0,,88.0,0.0,0,20.0,24.0,24.0,0.0,0.0,0.0,0.0
1961,Gene Blackburn,1,0,0,0.0,33.0,42.0,117.0,0.0,0,,33.0,33.0,0.0,0.0,0.0,0.0
1967,Al Tasnady,1,0,0,0.0,24.0,80.0,89.0,0.0,0,34.0,24.0,24.0,0.0,0.0,0.0,0.0
1968,Roy Mayne,1,0,0,0.0,38.0,45.0,77.0,0.0,0,34.0,38.0,38.0,0.0,0.0,0.0,0.0
1951,Ernie Dietzman,1,0,0,0.0,17.0,,,0.0,0,,17.0,17.0,0.0,0.0,0.0,
1952,Dick Rathman,27,14,14,5.0,12.67,0.0,3607.0,701.0,7,8.8,1.0,60.0,51.85,51.85,18.52,19.43
1952,Bill Barker,2,0,0,0.0,18.0,,376.0,0.0,0,25.5,16.0,20.0,0.0,0.0,0.0,0.0
1953,Buddy Shuman,5,0,0,0.0,31.0,,342.0,0.0,0,19.33,14.0,55.0,0.0,0.0,0.0,0.0
1955,Buck Baker,42,24,34,3.0,6.67,8850.0,6904.0,689.0,9,7.95,1.0,25.0,57.14,80.95,7.14,9.98
1955,Ted Pitcher,2,0,0,0.0,13.0,208.0,219.0,0.0,0,12.0,12.0,14.0,0.0,0.0,0.0,0.0
1956,Walt Schubert,4,0,1,0.0,19.5,,413.0,0.0,0,34.75,7.0,38.0,0.0,25.0,0.0,0.0
1959,E.J. Trivette,4,0,0,0.0,25.0,,534.0,0.0,0,20.25,18.0,32.0,0.0,0.0,0.0,0.0
1960,Bob Welborn,15,6,10,0.0,11.8,6572.0,2809.0,94.0,1,13.6,2.0,57.0,40.0,66.67,0.0,3.35
1973,Nels Miller,1,0,0,0.0,35.0,32.0,19.0,0.0,0,12.0,35.0,35.0,0.0,0.0,0.0,0.0
1974,Dick Bown,2,0,0,0.0,30.5,,68.0,0.0,0,13.0,30.0,31.0,0.0,0.0,0.0,0.0
1975,David Sisco,28,2,7,0.0,17.89,3116.0,7572.0,37.0,0,18.86,3.0,33.0,7.14,25.0,0.0,0.49
1978,Richard Childress,30,1,12,0.0,15.37,3566.0,8946.0,52.0,0,15.7,3.0,33.0,3.33,40.0,0.0,0.58
1979,Bobby Allison,31,18,22,5.0,8.61,4633.0,9885.0,1870.0,13,5.13,1.0,30.0,58.06,70.97,16.13,18.92
1988,Benny Parsons,27,0,1,0.0,22.96,2559.0,7420.0,82.0,1,23.48,8.0,39.0,0.0,3.7,0.0,1.11
1988,Jim Bown,2,0,0,0.0,41.5,77.0,86.0,0.0,0,37.5,41.0,42.0,0.0,0.0,0.0,0.0
1989,Bill Venturini,1,0,0,0.0,37.0,52.0,80.0,0.0,0,38.0,37.0,37.0,0.0,0.0,0.0,0.0
1991,Larry Pearson,11,0,0,0.0,28.64,848.0,1543.0,0.0,0,27.18,14.0,41.0,0.0,0.0,0.0,0.0
1993,Mike Skinner,1,0,0,0.0,35.0,58.0,145.0,0.0,0,36.0,35.0,35.0,0.0,0.0,0.0,0.0
1994,Harry Gant,30,0,7,0.0,24.47,2720.0,7329.0,94.0,3,23.4,7.0,42.0,0.0,23.33,0.0,1.28
2002,Derrike Cope,7,0,0,0.0,37.14,361.0,1503.0,0.0,0,38.71,34.0,41.0,0.0,0.0,0.0,0.0
2003,Dale Jarrett,36,1,7,1.0,23.81,3358.0,9760.0,49.0,15,25.83,1.0,42.0,2.78,19.44,2.78,0.5
2004,Robby Gordon,36,2,6,0.0,21.19,3646.0,10498.0,68.0,15,23.17,4.0,36.0,5.56,16.67,0.0,0.65
2005,Kyle Petty,36,0,2,0.0,24.5,3288.0,10321.0,14.0,15,32.92,8.0,43.0,0.0,5.56,0.0,0.14
2007,Ron Fellows,2,1,1,0.0,9.5,283.0,200.0,3.0,2,18.5,4.0,15.0,50.0,50.0,0.0,1.5
2011,Brad Keselowski,36,10,14,3.0,14.83,1079.0,10507.0,298.0,23,14.39,1.0,36.0,27.78,38.89,8.33,2.84
2011,Mike Skinner,21,0,0,0.0,39.48,0.0,1303.0,3.0,0,36.95,24.0,43.0,0.0,0.0,0.0,0.23
2014,Jimmie Johnson,36,11,20,4.0,15.33,1067.0,9893.0,1310.0,27,11.94,1.0,42.0,30.56,55.56,11.11,13.24
2014,Tony Stewart,33,3,7,0.0,19.97,799.0,9306.0,125.0,20,16.48,4.0,43.0,9.09,21.21,0.0,1.34
1951,Oliver Dial,2,0,0,0.0,25.5,,355.0,0.0,0,65.0,13.0,38.0,0.0,0.0,0.0,0.0
1952,Pete Vail,2,0,0,0.0,24.0,,152.0,0.0,0,23.5,20.0,28.0,0.0,0.0,0.0,0.0
1954,Jim Lacy,1,0,0,0.0,62.0,,3.0,0.0,0,,62.0,62.0,0.0,0.0,0.0,0.0
1954,Charles Merrill,1,0,0,0.0,23.0,,129.0,0.0,0,,23.0,23.0,0.0,0.0,0.0,0.0
1955,Walt Schubert,1,0,0,0.0,20.0,120.0,196.0,0.0,0,29.0,20.0,20.0,0.0,0.0,0.0,0.0
1969,Bob England,1,0,0,0.0,44.0,21.0,1.0,0.0,0,36.0,44.0,44.0,0.0,0.0,0.0,0.0
1979,Bobby Wawak,4,0,0,0.0,23.0,376.0,740.0,0.0,0,27.25,14.0,29.0,0.0,0.0,0.0,0.0
1984,Connie Saylor,8,0,0,0.0,30.0,367.0,1193.0,1.0,0,31.13,22.0,39.0,0.0,0.0,0.0,0.08
1985,Mark Stahl,1,0,0,0.0,21.0,100.0,375.0,0.0,0,40.0,21.0,21.0,0.0,0.0,0.0,0.0
1951,Johnny Grubb,1,0,0,0.0,16.0,,,0.0,0,26.0,16.0,16.0,0.0,0.0,0.0,
1952,Pat Kirkwood,4,2,2,0.0,11.75,,764.0,0.0,1,13.0,3.0,20.0,50.0,50.0,0.0,0.0
1956,Jack Tykarski,1,0,0,0.0,13.0,,250.0,0.0,0,20.0,13.0,13.0,0.0,0.0,0.0,0.0
1958,Cannonball Brown,2,0,0,0.0,30.5,,104.0,0.0,0,36.0,18.0,43.0,0.0,0.0,0.0,0.0
1984,Laurent Rioux,1,0,0,0.0,20.0,0.0,424.0,0.0,0,35.0,20.0,20.0,0.0,0.0,0.0,0.0
1992,Bill Schmitt,2,0,0,0.0,28.5,155.0,282.0,0.0,0,34.5,24.0,33.0,0.0,0.0,0.0,0.0
2025,David Starr,1,0,0,0.0,29.0,0.0,184.0,0.0,0,40.0,29.0,29.0,0.0,0.0,0.0,0.0
1949,Ellis Pearce,1,0,1,0.0,10.0,,,0.0,0,,10.0,10.0,0.0,100.0,0.0,
1954,Don Woodard,1,0,0,0.0,33.0,,0.0,0.0,0,,33.0,33.0,0.0,0.0,0.0,
1955,Jack Farris,1,0,0,0.0,34.0,,30.0,0.0,0,11.0,34.0,34.0,0.0,0.0,0.0,0.0
1961,Brownie Brown,1,0,0,0.0,36.0,24.0,6.0,0.0,0,24.0,36.0,36.0,0.0,0.0,0.0,0.0
1963,Bill Clifton,2,0,0,0.0,24.0,920.0,247.0,0.0,0,35.5,14.0,34.0,0.0,0.0,0.0,0.0
1965,Iggy Katona,1,0,1,0.0,10.0,1496.0,251.0,0.0,0,33.0,10.0,10.0,0.0,100.0,0.0,0.0
1973,Buck Baker,1,0,0,0.0,27.0,48.0,357.0,0.0,0,39.0,27.0,27.0,0.0,0.0,0.0,0.0
1987,Randy Baker,2,0,0,0.0,18.5,215.0,653.0,0.0,0,35.5,17.0,20.0,0.0,0.0,0.0,0.0
1950,Hershel McGriff,1,0,1,0.0,9.0,,374.0,0.0,0,44.0,9.0,9.0,0.0,100.0,0.0,0.0
1951,Fred Steinbroner,6,2,3,0.0,12.0,,,0.0,0,20.0,4.0,29.0,33.33,50.0,0.0,
1952,Ed Samples,8,2,4,0.0,14.38,,614.0,0.0,2,12.67,2.0,27.0,25.0,50.0,0.0,0.0
1952,Leo Richards,1,0,0,0.0,15.0,,,0.0,0,15.0,15.0,15.0,0.0,0.0,0.0,
1952,Marshall Teague,4,2,2,2.0,10.0,,317.0,236.0,2,6.0,1.0,22.0,50.0,50.0,50.0,74.45
1956,John Lindsay,5,0,1,0.0,15.0,,715.0,0.0,0,25.75,9.0,21.0,0.0,20.0,0.0,0.0
1957,Reggie Ausmus,2,0,0,0.0,16.0,,256.0,0.0,0,17.5,12.0,20.0,0.0,0.0,0.0,0.0
1959,Bob Duell,4,0,0,0.0,31.75,168.0,672.0,0.0,0,36.25,11.0,51.0,0.0,0.0,0.0,0.0
1961,Johnny Allen,22,3,11,0.0,15.32,13114.0,4508.0,3.0,0,20.82,3.0,36.0,13.64,50.0,0.0,0.07
1961,Speedy Thompson,3,0,0,0.0,23.0,1564.0,440.0,0.0,0,8.0,11.0,41.0,0.0,0.0,0.0,0.0
1964,Sam McQuagg,5,0,0,0.0,19.4,2928.0,653.0,0.0,0,21.6,12.0,26.0,0.0,0.0,0.0,0.0
1965,Joe Clark,1,0,0,0.0,30.0,100.0,41.0,0.0,0,32.0,30.0,30.0,0.0,0.0,0.0,0.0
1966,John Sears,46,11,30,0.0,12.74,21432.0,9979.0,74.0,0,13.72,2.0,38.0,23.91,65.22,0.0,0.74
1967,James Sears,1,0,0,0.0,33.0,110.0,72.0,0.0,0,29.0,33.0,33.0,0.0,0.0,0.0,0.0
1969,Walson Gardner,7,0,0,0.0,19.43,285.0,1299.0,0.0,0,24.43,12.0,31.0,0.0,0.0,0.0,0.0
1970,John Sears,40,4,7,0.0,16.98,2465.0,7777.0,10.0,0,19.23,4.0,39.0,10.0,17.5,0.0,0.13
1971,David Ray Boggs,7,0,2,0.0,19.43,527.0,1985.0,0.0,0,23.43,6.0,42.0,0.0,28.57,0.0,0.0
1977,John Kennedy,1,0,0,0.0,33.0,64.0,66.0,0.0,0,31.0,33.0,33.0,0.0,0.0,0.0,0.0
1980,Tighe Scott,10,1,2,0.0,28.4,791.0,1066.0,4.0,0,16.1,5.0,39.0,10.0,20.0,0.0,0.38
1981,Jimmy Hensley,1,0,1,0.0,7.0,0.0,487.0,0.0,0,24.0,7.0,7.0,0.0,100.0,0.0,0.0
1983,Jocko Maggiacomo,3,0,0,0.0,32.33,198.0,312.0,0.0,0,34.67,26.0,36.0,0.0,0.0,0.0,0.0
1985,Don Hume,7,0,0,0.0,24.0,637.0,2057.0,0.0,0,30.71,16.0,37.0,0.0,0.0,0.0,0.0
1987,Benny Parsons,29,6,9,0.0,18.69,3215.0,6975.0,87.0,5,11.69,2.0,38.0,20.69,31.03,0.0,1.25
1990,Bill Schmitt,2,0,0,0.0,19.0,212.0,384.0,0.0,1,34.5,18.0,20.0,0.0,0.0,0.0,0.0
1999,Rich Bickle,24,0,2,0.0,24.63,2149.0,6343.0,1.0,7,31.96,7.0,41.0,0.0,8.33,0.0,0.02
2003,Larry Foyt,20,0,0,0.0,33.95,1228.0,4587.0,5.0,2,34.95,16.0,43.0,0.0,0.0,0.0,0.11
2003,Buckshot Jones,2,0,0,0.0,28.5,160.0,248.0,19.0,1,17.5,17.0,40.0,0.0,0.0,0.0,7.66
2004,Terry Labonte,36,0,6,0.0,22.31,3519.0,10283.0,36.0,14,26.92,6.0,41.0,0.0,16.67,0.0,0.35
2004,Jeff Green,36,0,1,0.0,26.14,3054.0,9884.0,1.0,10,24.11,7.0,39.0,0.0,2.78,0.0,0.01
2005,Mike Skinner,10,0,0,0.0,38.1,487.0,1320.0,0.0,1,27.6,29.0,43.0,0.0,0.0,0.0,0.0
2007,John Andretti,15,0,0,0.0,33.73,932.0,3812.0,2.0,2,28.87,18.0,42.0,0.0,0.0,0.0,0.05
2014,Kyle Larson,36,8,17,0.0,14.17,1080.0,10142.0,53.0,28,15.58,2.0,43.0,22.22,47.22,0.0,0.52
2016,Jeffrey Earnhardt,22,0,0,0.0,33.82,159.0,6922.0,2.0,1,38.05,26.0,39.0,0.0,0.0,0.0,0.03
2016,Jeb Burton,2,0,0,0.0,32.5,0.0,275.0,0.0,0,38.0,29.0,36.0,0.0,0.0,0.0,0.0
1951,Jack Wade,2,0,0,0.0,21.0,,,0.0,0,24.0,19.0,23.0,0.0,0.0,0.0,
1954,Danny Letner,4,2,3,1.0,14.5,,1058.0,142.0,1,23.5,1.0,47.0,50.0,75.0,25.0,13.42
1954,Bud Diamond,2,0,0,0.0,24.0,,277.0,0.0,0,13.0,16.0,32.0,0.0,0.0,0.0,0.0
1954,Leland Sewell,1,0,0,0.0,35.0,,84.0,0.0,0,,35.0,35.0,0.0,0.0,0.0,0.0
1958,Billy Myers,2,0,0,0.0,27.5,0.0,125.0,0.0,0,17.5,25.0,30.0,0.0,0.0,0.0,0.0
1967,Bay Darnell,1,0,0,0.0,32.0,100.0,123.0,0.0,0,38.0,32.0,32.0,0.0,0.0,0.0,0.0
1970,Bobby Watson,1,0,0,0.0,28.0,46.0,11.0,0.0,0,12.0,28.0,28.0,0.0,0.0,0.0,0.0
1976,Gary Matthews,1,0,0,0.0,17.0,112.0,138.0,0.0,0,34.0,17.0,17.0,0.0,0.0,0.0,0.0
1980,Gary Baker,1,0,0,0.0,22.0,0.0,145.0,0.0,0,15.0,22.0,22.0,0.0,0.0,0.0,0.0
1984,Mike Potter,1,0,0,0.0,40.0,0.0,9.0,0.0,0,40.0,40.0,40.0,0.0,0.0,0.0,0.0
1987,James Hylton,2,0,0,0.0,37.5,101.0,93.0,0.0,0,41.5,37.0,38.0,0.0,0.0,0.0,0.0
1967,Walt Price,1,0,0,0.0,32.0,318.0,51.0,0.0,0,35.0,32.0,32.0,0.0,0.0,0.0,0.0
2018,Garrett Smithley,3,0,0,0.0,35.67,0.0,445.0,0.0,0,36.67,32.0,39.0,0.0,0.0,0.0,0.0
1955,Ray Platte,1,0,0,0.0,25.0,60.0,339.0,0.0,0,32.0,25.0,25.0,0.0,0.0,0.0,0.0
1959,Chuck Tombs,1,0,0,0.0,25.0,112.0,134.0,0.0,0,27.0,25.0,25.0,0.0,0.0,0.0,0.0
1961,Dick Carter,1,0,0,0.0,21.0,120.0,119.0,0.0,0,29.0,21.0,21.0,0.0,0.0,0.0,0.0
1951,Lee Petty,32,11,19,1.0,10.94,,1103.0,99.0,2,21.09,1.0,31.0,34.38,59.38,3.13,8.98
1953,Charles Barry,1,0,1,0.0,8.0,,,0.0,0,,8.0,8.0,0.0,100.0,0.0,
1955,Dink Widenhouse,15,0,6,0.0,13.2,1808.0,1928.0,0.0,0,12.0,6.0,30.0,0.0,40.0,0.0,0.0
1955,George Parrish,12,0,1,0.0,22.58,880.0,1057.0,0.0,0,24.33,10.0,69.0,0.0,8.33,0.0,0.0
1955,Buddy Shuman,2,0,2,0.0,7.5,296.0,379.0,0.0,0,9.0,6.0,9.0,0.0,100.0,0.0,0.0
1955,Cliff Richmond,2,0,0,0.0,14.0,192.0,246.0,0.0,0,18.0,11.0,17.0,0.0,0.0,0.0,0.0
1955,Chet Thomson,1,0,0,0.0,22.0,,199.0,0.0,0,26.0,22.0,22.0,0.0,0.0,0.0,0.0
1957,Eddie Gray,5,1,2,0.0,11.2,,525.0,0.0,1,12.2,5.0,21.0,20.0,40.0,0.0,0.0
1963,Rodger Ward,2,0,0,0.0,27.0,0.0,250.0,0.0,0,20.5,27.0,27.0,0.0,0.0,0.0,0.0
1965,Dana Hall,1,0,0,0.0,42.0,100.0,1.0,0.0,0,27.0,42.0,42.0,0.0,0.0,0.0,0.0
1970,G.C. Spencer,20,3,9,0.0,16.5,1410.0,4618.0,0.0,0,13.8,4.0,36.0,15.0,45.0,0.0,0.0
1971,E.J. Trivette,5,0,0,0.0,21.2,243.0,914.0,0.0,0,25.0,15.0,25.0,0.0,0.0,0.0,0.0
1974,Roy Mayne,12,0,0,0.0,24.25,,1698.0,0.0,0,32.25,13.0,39.0,0.0,0.0,0.0,0.0
1975,John Banks,3,0,0,0.0,30.33,103.0,478.0,0.0,0,35.33,20.0,50.0,0.0,0.0,0.0,0.0
1976,Lennie Pond,30,10,19,0.0,12.63,3930.0,8182.0,217.0,0,11.57,2.0,34.0,33.33,63.33,0.0,2.65
1981,Bruce Jacobi,1,0,0,0.0,30.0,0.0,117.0,0.0,0,35.0,30.0,30.0,0.0,0.0,0.0,0.0
1989,Joe Ruttman,9,0,1,0.0,23.67,469.0,1704.0,0.0,1,25.78,6.0,34.0,0.0,11.11,0.0,0.0
1990,D.K. Ulrich,1,0,0,0.0,33.0,64.0,185.0,0.0,0,36.0,33.0,33.0,0.0,0.0,0.0,0.0
1992,Bill Elliott,29,14,17,5.0,10.86,4068.0,9115.0,1273.0,13,9.69,1.0,31.0,48.28,58.62,17.24,13.97
1994,Kyle Petty,31,2,7,0.0,18.94,3339.0,9085.0,7.0,7,26.84,4.0,39.0,6.45,22.58,0.0,0.08
1997,Jimmy Spencer,32,1,4,0.0,22.88,3079.0,8665.0,70.0,9,20.88,5.0,43.0,3.13,12.5,0.0,0.81
1998,Jimmy Spencer,31,3,8,0.0,18.19,3464.0,8934.0,119.0,14,24.87,2.0,41.0,9.68,25.81,0.0,1.33
1999,Ted Christopher,1,0,0,0.0,31.0,70.0,89.0,0.0,0,33.0,31.0,31.0,0.0,0.0,0.0,0.0
2000,Jerry Nadeau,34,3,5,1.0,23.15,3273.0,8940.0,357.0,11,15.68,1.0,43.0,8.82,14.71,2.94,3.99
2006,Kurt Busch,36,7,12,1.0,19.42,3950.0,9930.0,272.0,19,10.44,1.0,43.0,19.44,33.33,2.78,2.74
2009,Tony Stewart,36,15,23,4.0,10.44,5085.0,10468.0,414.0,31,12.28,1.0,35.0,41.67,63.89,11.11,3.95
2010,Jeff Burton,36,6,15,0.0,15.08,4423.0,10556.0,539.0,30,16.61,2.0,41.0,16.67,41.67,0.0,5.11
2012,Mark Martin,24,4,10,0.0,15.21,701.0,6590.0,197.0,17,9.13,2.0,35.0,16.67,41.67,0.0,2.99
2012,Terry Labonte,4,0,0,0.0,20.75,94.0,694.0,3.0,3,34.0,16.0,29.0,0.0,0.0,0.0,0.43
2014,Regan Smith,1,0,0,0.0,37.0,0.0,81.0,0.0,0,13.0,37.0,37.0,0.0,0.0,0.0,0.0
1954,Art Dugan,1,0,0,0.0,15.0,,165.0,0.0,0,11.0,15.0,15.0,0.0,0.0,0.0,0.0
1954,Bill Cleveland,2,0,0,0.0,33.0,,224.0,0.0,0,,27.0,39.0,0.0,0.0,0.0,0.0
1955,Woody Richmond,1,0,0,0.0,18.0,64.0,33.0,0.0,0,14.0,18.0,18.0,0.0,0.0,0.0,0.0
1956,Don Oldenberg,3,0,0,0.0,32.33,,495.0,0.0,0,21.33,16.0,60.0,0.0,0.0,0.0,0.0
1958,Charlie Cregar,1,0,0,0.0,30.0,40.0,127.0,0.0,0,6.0,30.0,30.0,0.0,0.0,0.0,0.0
1968,Jim Vandiver,1,0,0,0.0,22.0,32.0,5.0,0.0,0,19.0,22.0,22.0,0.0,0.0,0.0,0.0
1976,Tighe Scott,6,0,1,0.0,23.17,566.0,697.0,0.0,0,28.33,6.0,36.0,0.0,16.67,0.0,0.0
1986,Dale Jarrett,1,0,0,0.0,29.0,76.0,69.0,0.0,0,28.0,29.0,29.0,0.0,0.0,0.0,0.0
1953,Bob Harris,1,0,0,0.0,33.0,,,0.0,0,,33.0,33.0,0.0,0.0,0.0,
1956,Pat Kirkwood,3,1,2,0.0,11.0,,715.0,0.0,0,15.33,3.0,20.0,33.33,66.67,0.0,0.0
1958,Vernon West,1,0,0,0.0,18.0,,1.0,0.0,0,16.0,18.0,18.0,0.0,0.0,0.0,0.0
1952,Bill James,1,0,0,0.0,15.0,,117.0,0.0,0,31.0,15.0,15.0,0.0,0.0,0.0,0.0
1955,Dutch Hoag,2,0,1,0.0,12.5,216.0,285.0,0.0,0,7.5,8.0,17.0,0.0,50.0,0.0,0.0
1950,Charles Tidwell,2,0,0,0.0,40.0,,300.0,0.0,0,45.0,26.0,54.0,0.0,0.0,0.0,0.0
1952,Buddy Shuman,15,3,7,1.0,13.47,,1785.0,65.0,2,16.5,1.0,39.0,20.0,46.67,6.67,3.64
1952,Ray Erickson,2,0,0,0.0,29.5,,184.0,0.0,0,15.5,29.0,30.0,0.0,0.0,0.0,0.0
1953,Bob Walden,4,0,2,0.0,11.25,,325.0,0.0,0,,8.0,18.0,0.0,50.0,0.0,0.0
1955,Don Oldenberg,2,0,2,0.0,8.5,318.0,260.0,0.0,0,6.0,7.0,10.0,0.0,100.0,0.0,0.0
1956,Bobby Johns,9,0,3,0.0,15.33,,1537.0,0.0,0,12.89,6.0,28.0,0.0,33.33,0.0,0.0
1957,Bud Emra,4,0,3,0.0,8.75,0.0,479.0,0.0,0,13.0,6.0,13.0,0.0,75.0,0.0,0.0
1958,Eddie Skinner,5,0,0,0.0,19.2,544.0,750.0,0.0,0,18.0,11.0,25.0,0.0,0.0,0.0,0.0
1960,Neil Castles,18,0,5,0.0,14.78,50.0,2293.0,0.0,0,16.06,7.0,32.0,0.0,27.78,0.0,0.0
1960,Frank Secrist,2,0,0,0.0,21.0,158.0,105.0,8.0,0,4.5,15.0,27.0,0.0,0.0,0.0,7.62
1963,Neil Castles,28,2,8,0.0,16.11,5928.0,4093.0,0.0,0,19.14,4.0,34.0,7.14,28.57,0.0,0.0
1967,Bud Moore,6,2,3,0.0,16.0,7812.0,1351.0,0.0,0,14.0,5.0,33.0,33.33,50.0,0.0,0.0
1971,Dean Dalton,20,0,1,0.0,22.6,1226.0,3487.0,0.0,0,28.15,10.0,51.0,0.0,5.0,0.0,0.0
1975,Richard Petty,30,21,24,13.0,6.63,4783.0,9082.0,3159.0,18,4.13,1.0,35.0,70.0,80.0,43.33,34.78
1976,Terry Bivins,18,1,6,0.0,15.94,2099.0,5337.0,6.0,0,17.94,5.0,32.0,5.56,33.33,0.0,0.11
1979,Dale Earnhardt,27,11,17,1.0,10.67,3749.0,8340.0,605.0,6,7.74,1.0,36.0,40.74,62.96,3.7,7.25
1980,Ricky Rudd,13,1,3,0.0,21.08,1213.0,2719.0,7.0,1,14.0,4.0,34.0,7.69,23.08,0.0,0.26
1983,Slick Johnson,10,0,0,0.0,27.4,705.0,2330.0,0.0,0,24.3,20.0,37.0,0.0,0.0,0.0,0.0
1986,Trevor Boys,14,0,0,0.0,26.07,1192.0,3210.0,2.0,0,29.07,13.0,38.0,0.0,0.0,0.0,0.06
1987,Jerry Cranmer,5,0,0,0.0,22.2,482.0,1914.0,0.0,0,27.4,20.0,24.0,0.0,0.0,0.0,0.0
1990,Jimmy Hensley,2,0,0,0.0,32.0,70.0,692.0,0.0,0,23.0,31.0,33.0,0.0,0.0,0.0,0.0
1993,Loy Allen Jr.,5,0,0,0.0,30.2,362.0,878.0,0.0,0,31.6,26.0,41.0,0.0,0.0,0.0,0.0
1999,Morgan Shepherd,1,0,0,0.0,32.0,67.0,388.0,0.0,0,39.0,32.0,32.0,0.0,0.0,0.0,0.0
2002,Dick Trickle,3,0,0,0.0,42.0,111.0,587.0,0.0,0,38.0,42.0,42.0,0.0,0.0,0.0,0.0
2002,Austin Cameron,1,0,0,0.0,42.0,37.0,24.0,0.0,0,32.0,42.0,42.0,0.0,0.0,0.0,0.0
2007,Tony Stewart,36,11,23,3.0,13.14,4774.0,10349.0,980.0,26,17.58,1.0,43.0,30.56,63.89,8.33,9.47
2009,Casey Mears,36,0,4,0.0,19.83,3759.0,10323.0,24.0,20,26.14,6.0,36.0,0.0,11.11,0.0,0.23
2009,Sam Hornish Jr.,36,2,7,0.0,25.0,3203.0,9322.0,3.0,14,23.36,4.0,40.0,5.56,19.44,0.0,0.03
2014,Austin Dillon,36,1,4,0.0,17.5,958.0,10488.0,10.0,23,19.92,5.0,38.0,2.78,11.11,0.0,0.1
2016,Kevin Harvick,36,17,27,4.0,9.92,1159.0,10215.0,1384.0,29,11.72,1.0,39.0,47.22,75.0,11.11,13.55
2022,Cole Custer,36,0,3,0.0,20.58,639.0,8693.0,15.0,21,18.69,8.0,35.0,0.0,8.33,0.0,0.17
2023,Aric Almirola,36,2,5,0.0,19.64,665.0,8977.0,173.0,25,18.36,2.0,39.0,5.56,13.89,0.0,1.93
1954,Bill Galdarisi,1,0,0,0.0,15.0,,445.0,0.0,0,30.0,15.0,15.0,0.0,0.0,0.0,0.0
1954,Hooker Hood,2,0,0,0.0,22.5,,248.0,0.0,0,,14.0,31.0,0.0,0.0,0.0,0.0
1955,Johnny Roberts,4,0,1,0.0,14.75,516.0,600.0,0.0,0,18.0,10.0,22.0,0.0,25.0,0.0,0.0
1955,Banks Simpson,7,0,0,0.0,16.29,1852.0,1103.0,0.0,0,24.86,11.0,25.0,0.0,0.0,0.0,0.0
1956,Don Porter,3,0,0,0.0,19.0,,179.0,0.0,0,13.67,16.0,21.0,0.0,0.0,0.0,0.0
1957,Ken Marriott,1,0,1,0.0,8.0,,281.0,0.0,0,27.0,8.0,8.0,0.0,100.0,0.0,0.0
1990,Jeff Purvis,5,0,0,0.0,33.2,238.0,900.0,0.0,0,28.2,28.0,38.0,0.0,0.0,0.0,0.0
1951,Willard Brooks,1,0,0,0.0,15.0,,,0.0,0,10.0,15.0,15.0,0.0,0.0,0.0,
1956,Bill Thurber,1,0,0,0.0,11.0,,173.0,0.0,0,23.0,11.0,11.0,0.0,0.0,0.0,0.0
1959,Max Berrier,2,0,0,0.0,17.5,,214.0,0.0,0,15.0,17.0,18.0,0.0,0.0,0.0,0.0
1962,Sal Tovella,2,0,0,0.0,29.0,232.0,77.0,0.0,0,29.5,19.0,39.0,0.0,0.0,0.0,0.0
1965,Bobby Wawak,1,0,0,0.0,36.0,116.0,46.0,0.0,0,27.0,36.0,36.0,0.0,0.0,0.0,0.0
1981,Rick Knoop,1,0,0,0.0,20.0,0.0,197.0,0.0,0,30.0,20.0,20.0,0.0,0.0,0.0,0.0
2003,P.J. Jones,1,0,0,0.0,24.0,91.0,90.0,0.0,1,33.0,24.0,24.0,0.0,0.0,0.0,0.0
1950,Wally Campbell,2,0,0,0.0,36.5,,309.0,0.0,0,30.5,21.0,52.0,0.0,0.0,0.0,0.0
1952,Jim Clark,1,0,0,0.0,11.0,0.0,135.0,0.0,0,12.0,11.0,11.0,0.0,0.0,0.0,0.0
1953,Tyre Rakestraw,1,0,0,0.0,22.0,,308.0,0.0,0,34.0,22.0,22.0,0.0,0.0,0.0,0.0
1953,Carl Burris,2,1,1,0.0,8.0,,194.0,0.0,0,,5.0,11.0,50.0,50.0,0.0,0.0
1957,Dick Joslin,1,0,1,0.0,10.0,,48.0,0.0,0,15.0,10.0,10.0,0.0,100.0,0.0,0.0
1957,Bernie Hentges,1,0,0,0.0,51.0,,,0.0,0,48.0,51.0,51.0,0.0,0.0,0.0,
1958,Shep Langdon,18,0,1,0.0,18.5,300.0,3344.0,0.0,0,23.47,10.0,28.0,0.0,5.56,0.0,0.0
1958,Blackie Pitt,7,0,1,0.0,21.29,320.0,397.0,0.0,0,22.0,10.0,29.0,0.0,14.29,0.0,0.0
1958,George Norton,2,0,0,0.0,17.0,,248.0,0.0,0,25.0,17.0,17.0,0.0,0.0,0.0,0.0
1960,Johnny Dollar,2,0,0,0.0,35.0,60.0,8.0,0.0,0,27.0,30.0,40.0,0.0,0.0,0.0,0.0
1960,Don Noel,3,1,1,0.0,13.0,658.0,240.0,0.0,0,10.0,5.0,21.0,33.33,33.33,0.0,0.0
1963,Larry Manning,23,1,9,0.0,15.26,6952.0,5158.0,0.0,0,18.57,4.0,37.0,4.35,39.13,0.0,0.0
1965,Eddie Gray,1,0,1,0.0,6.0,2100.0,176.0,0.0,0,36.0,6.0,6.0,0.0,100.0,0.0,0.0
1971,Richard D. Brown,13,0,2,0.0,22.92,892.0,2454.0,0.0,0,15.77,7.0,49.0,0.0,15.38,0.0,0.0
1971,Randy Hutchison,6,0,1,0.0,17.33,353.0,1233.0,0.0,0,18.5,9.0,27.0,0.0,16.67,0.0,0.0
1973,Dick Bown,2,0,0,0.0,24.5,106.0,196.0,0.0,0,18.0,17.0,32.0,0.0,0.0,0.0,0.0
1976,Skip Manning,27,0,4,0.0,18.26,2931.0,6918.0,0.0,0,21.15,8.0,35.0,0.0,14.81,0.0,0.0
1977,Ernie Stierly,2,0,0,0.0,27.5,161.0,137.0,0.0,0,35.0,20.0,35.0,0.0,0.0,0.0,0.0
1978,Donnie Allison,17,7,8,1.0,16.88,1993.0,3876.0,209.0,5,9.18,1.0,39.0,41.18,47.06,5.88,5.39
1981,David Pearson,6,0,2,0.0,22.0,154.0,1309.0,48.0,0,8.83,8.0,32.0,0.0,33.33,0.0,3.67
1985,Mike Potter,6,0,0,0.0,24.17,443.0,1434.0,0.0,0,33.33,17.0,31.0,0.0,0.0,0.0,0.0
1991,Dick Trickle,14,0,1,0.0,24.5,1258.0,3650.0,0.0,0,22.57,6.0,40.0,0.0,7.14,0.0,0.0
1994,Wally Dallenbach Jr.,14,1,3,0.0,19.21,1493.0,3568.0,1.0,3,20.93,4.0,41.0,7.14,21.43,0.0,0.03
1994,Dave Marcis,23,0,1,0.0,26.96,1910.0,5914.0,17.0,2,28.0,10.0,41.0,0.0,4.35,0.0,0.29
1999,Steve Park,34,0,5,0.0,20.62,3481.0,9575.0,166.0,10,25.0,6.0,42.0,0.0,14.71,0.0,1.73
2000,Dale Jarrett,34,15,24,2.0,11.09,4684.0,9750.0,333.0,24,13.06,1.0,40.0,44.12,70.59,5.88,3.42
2000,Jimmy Spencer,34,2,5,0.0,23.71,3188.0,9363.0,46.0,10,24.03,5.0,41.0,5.88,14.71,0.0,0.49
2015,Kevin Harvick,36,23,28,3.0,8.67,1320.0,10180.0,2294.0,29,8.36,1.0,42.0,63.89,77.78,8.33,22.53
2025,Daniel Suarez,36,2,7,0.0,20.89,611.0,8520.0,35.0,21,23.53,2.0,37.0,5.56,19.44,0.0,0.41
1949,Buck Baker,2,0,0,0.0,17.0,,,0.0,0,,11.0,23.0,0.0,0.0,0.0,
1949,John Belgard,1,0,0,0.0,34.0,,,0.0,0,32.0,34.0,34.0,0.0,0.0,0.0,
1950,Buck Barr,2,1,2,0.0,6.5,,,0.0,0,,3.0,10.0,50.0,100.0,0.0,
1954,Bill Moore,1,0,1,0.0,10.0,,183.0,0.0,0,22.0,10.0,10.0,0.0,100.0,0.0,0.0
1954,Ken Pace,2,0,0,0.0,24.0,,258.0,0.0,0,,20.0,28.0,0.0,0.0,0.0,0.0
1955,Volney Schulze,6,0,1,0.0,19.17,432.0,674.0,0.0,0,23.67,9.0,37.0,0.0,16.67,0.0,0.0
1958,Bill Wynkoop,2,0,0,0.0,17.0,112.0,153.0,0.0,0,14.0,12.0,22.0,0.0,0.0,0.0,0.0
1964,Don Tilley,2,0,0,0.0,18.5,296.0,275.0,0.0,0,18.5,15.0,22.0,0.0,0.0,0.0,0.0
1966,T.L. Blakely,1,0,0,0.0,32.0,16.0,10.0,0.0,0,33.0,32.0,32.0,0.0,0.0,0.0,0.0
1971,Freddy Fryar,2,0,0,0.0,18.5,0.0,238.0,0.0,0,25.5,15.0,22.0,0.0,0.0,0.0,0.0
1976,David Hobbs,2,0,0,0.0,25.5,66.0,255.0,2.0,0,19.0,17.0,34.0,0.0,0.0,0.0,0.78
2009,P.J. Jones,2,0,0,0.0,42.0,40.0,15.0,0.0,0,38.0,41.0,43.0,0.0,0.0,0.0,0.0
2020,David Starr,1,0,0,0.0,32.0,0.0,479.0,0.0,0,33.0,32.0,32.0,0.0,0.0,0.0,0.0
2021,Kaz Grala,3,0,1,0.0,23.0,0.0,462.0,10.0,1,38.67,6.0,35.0,0.0,33.33,0.0,2.16
2022,Austin Hill,1,0,0,0.0,18.0,0.0,200.0,0.0,1,31.0,18.0,18.0,0.0,0.0,0.0,0.0
1951,Bill Holluck,1,0,0,0.0,29.0,,,0.0,0,26.0,29.0,29.0,0.0,0.0,0.0,
1953,Doug Wells,1,0,0,0.0,44.0,,13.0,0.0,0,35.0,44.0,44.0,0.0,0.0,0.0,0.0
1953,Lyle Scott,1,0,1,0.0,10.0,,,0.0,0,,10.0,10.0,0.0,100.0,0.0,
1954,Byron King,1,0,0,0.0,14.0,,37.0,0.0,0,27.0,14.0,14.0,0.0,0.0,0.0,0.0
1956,Sal Tovella,1,0,0,0.0,16.0,,142.0,0.0,0,24.0,16.0,16.0,0.0,0.0,0.0,0.0
1967,Marvin Porter,1,0,0,0.0,38.0,106.0,15.0,0.0,0,25.0,38.0,38.0,0.0,0.0,0.0,0.0
1972,Mike James,2,0,0,0.0,32.0,76.0,180.0,0.0,0,36.5,24.0,40.0,0.0,0.0,0.0,0.0
1975,Ivan Baldwin,2,0,0,0.0,35.0,116.0,9.0,0.0,0,17.0,35.0,35.0,0.0,0.0,0.0,0.0
1988,Charlie Baker,1,0,0,0.0,38.0,49.0,136.0,0.0,0,40.0,38.0,38.0,0.0,0.0,0.0,0.0
2024,Jeb Burton,1,0,0,0.0,38.0,0.0,294.0,0.0,0,40.0,38.0,38.0,0.0,0.0,0.0,0.0
1951,Bob James,1,0,0,0.0,26.0,,55.0,0.0,0,,26.0,26.0,0.0,0.0,0.0,0.0
1952,Don Price,1,0,0,0.0,16.0,,116.0,0.0,0,23.0,16.0,16.0,0.0,0.0,0.0,0.0
1952,Pop McGinnis,1,0,1,0.0,7.0,,180.0,0.0,0,10.0,7.0,7.0,0.0,100.0,0.0,0.0
1955,Tommy Thompson,1,0,0,0.0,64.0,60.0,41.0,0.0,0,65.0,64.0,64.0,0.0,0.0,0.0,0.0
1957,Buzz Woodward,1,0,1,0.0,8.0,,87.0,0.0,0,17.0,8.0,8.0,0.0,100.0,0.0,0.0
1951,Bill Joslin,4,0,0,0.0,17.75,,108.0,0.0,0,23.5,11.0,28.0,0.0,0.0,0.0,0.0
1954,Emory Lewis,5,0,2,0.0,16.8,,422.0,0.0,0,6.0,7.0,33.0,0.0,40.0,0.0,0.0
1955,Dutch Munsinger,2,0,1,0.0,16.0,196.0,145.0,0.0,0,8.0,8.0,24.0,0.0,50.0,0.0,0.0
1956,Bill Blair,9,0,4,0.0,17.44,,1275.0,0.0,0,21.75,7.0,30.0,0.0,44.44,0.0,0.0
1957,Lem Svajian,1,0,0,0.0,29.0,,,0.0,0,32.0,29.0,29.0,0.0,0.0,0.0,
1957,Chuck Meekins,6,3,4,0.0,11.5,,563.0,0.0,1,10.0,3.0,30.0,50.0,66.67,0.0,0.0
1957,Bill Bade,2,0,0,0.0,20.5,,194.0,0.0,0,26.0,15.0,26.0,0.0,0.0,0.0,0.0
1959,Bob Tyrell,1,0,0,0.0,15.0,,406.0,0.0,0,19.0,15.0,15.0,0.0,0.0,0.0,0.0
1968,Donnie Allison,13,5,8,1.0,14.23,1307.0,3829.0,284.0,3,6.85,1.0,40.0,38.46,61.54,7.69,7.42
1970,Bob England,2,0,0,0.0,28.0,138.0,126.0,0.0,0,21.0,13.0,43.0,0.0,0.0,0.0,0.0
1971,H.B. Bailey,4,0,0,0.0,23.25,176.0,657.0,11.0,0,10.0,14.0,33.0,0.0,0.0,0.0,1.67
1972,Bill Dennis,11,2,2,0.0,23.91,444.0,2327.0,2.0,0,16.27,3.0,46.0,18.18,18.18,0.0,0.09
1972,Phil Finney,1,0,0,0.0,16.0,70.0,321.0,0.0,0,20.0,16.0,16.0,0.0,0.0,0.0,0.0
1973,Richie Panch,4,0,0,0.0,31.0,134.0,510.0,0.0,0,23.25,17.0,38.0,0.0,0.0,0.0,0.0
1975,Travis Tiller,10,0,0,0.0,23.6,922.0,1958.0,0.0,0,29.2,16.0,30.0,0.0,0.0,0.0,0.0
1976,Frank Warren,30,0,3,0.0,18.37,3240.0,8063.0,0.0,0,21.87,10.0,29.0,0.0,10.0,0.0,0.0
1981,Randy Ogden,4,0,0,0.0,23.75,367.0,577.0,0.0,0,25.75,15.0,34.0,0.0,0.0,0.0,0.0
1982,Bobby Wawak,9,0,0,0.0,20.33,923.0,2307.0,2.0,0,31.22,13.0,32.0,0.0,0.0,0.0,0.09
1984,Greg Sacks,29,0,1,0.0,25.1,2545.0,6348.0,0.0,0,24.34,9.0,39.0,0.0,3.45,0.0,0.0
1987,D.K. Ulrich,7,0,0,0.0,24.57,625.0,1876.0,0.0,0,31.43,15.0,34.0,0.0,0.0,0.0,0.0
1988,Ernie Irvan,25,0,0,0.0,23.48,2319.0,7337.0,1.0,0,29.6,11.0,37.0,0.0,0.0,0.0,0.01
1989,Dale Earnhardt,29,14,19,5.0,10.28,4164.0,9112.0,2735.0,19,8.03,1.0,42.0,48.28,65.52,17.24,30.02
1992,Wally Dallenbach Jr.,29,1,1,0.0,22.24,2799.0,8113.0,0.0,3,25.1,5.0,38.0,3.45,3.45,0.0,0.0
2003,Ryan Newman,36,17,22,8.0,13.92,4711.0,9705.0,1173.0,23,6.69,1.0,43.0,47.22,61.11,22.22,12.09
2008,Scott Speed,5,0,0,0.0,30.6,366.0,1683.0,2.0,1,28.4,16.0,40.0,0.0,0.0,0.0,0.12
2009,Regan Smith,18,0,0,0.0,27.67,1440.0,4720.0,0.0,4,30.39,12.0,40.0,0.0,0.0,0.0,0.0
2012,Denny Hamlin,36,14,17,5.0,12.81,1167.0,10274.0,1226.0,25,11.94,1.0,35.0,38.89,47.22,13.89,11.93
2012,Regan Smith,34,1,4,0.0,22.06,747.0,8819.0,2.0,11,18.18,5.0,40.0,2.94,11.76,0.0,0.02
2013,Denny Hamlin,32,4,8,1.0,21.0,753.0,8522.0,363.0,17,10.03,1.0,43.0,12.5,25.0,3.13,4.26
2014,Joey Logano,36,16,22,5.0,11.33,1216.0,10394.0,993.0,30,9.81,1.0,40.0,44.44,61.11,13.89,9.55
2014,David Ragan,36,0,1,0.0,29.42,531.0,10128.0,14.0,7,32.94,10.0,42.0,0.0,2.78,0.0,0.14
2017,David Ragan,36,0,3,0.0,24.94,446.0,10188.0,4.0,7,28.97,6.0,38.0,0.0,8.33,0.0,0.04
2022,Kaz Grala,3,0,0,0.0,24.67,0.0,665.0,0.0,1,33.33,23.0,26.0,0.0,0.0,0.0,0.0
1949,Bill Snowden,4,1,3,0.0,10.0,,182.0,0.0,0,12.0,5.0,22.0,25.0,75.0,0.0,0.0
1950,Len Brown,3,0,0,0.0,17.67,,290.0,0.0,0,2.0,12.0,25.0,0.0,0.0,0.0,0.0
1951,Mike Ernest,1,0,0,0.0,31.0,,,0.0,0,,31.0,31.0,0.0,0.0,0.0,
1954,Dominic Persicketti,1,0,0,0.0,54.0,,25.0,0.0,0,,54.0,54.0,0.0,0.0,0.0,0.0
1962,George Alsobrook,5,0,1,0.0,20.4,786.0,406.0,0.0,0,21.4,9.0,34.0,0.0,20.0,0.0,0.0
1963,Frank Graham,3,0,0,0.0,34.0,308.0,99.0,0.0,0,37.33,30.0,38.0,0.0,0.0,0.0,0.0
1997,Sean Woodside,1,0,0,0.0,33.0,64.0,69.0,0.0,0,43.0,33.0,33.0,0.0,0.0,0.0,0.0
1951,Bill Schade,2,0,0,0.0,19.0,,,0.0,0,28.5,16.0,22.0,0.0,0.0,0.0,
1956,Dick Allwine,2,0,0,0.0,23.0,,294.0,0.0,0,25.5,11.0,35.0,0.0,0.0,0.0,0.0
1962,Dan Gurney,2,1,1,0.0,15.5,472.0,174.0,0.0,1,6.5,4.0,27.0,50.0,50.0,0.0,0.0
1963,George Green,3,0,2,0.0,11.33,704.0,569.0,0.0,0,13.0,9.0,16.0,0.0,66.67,0.0,0.0
1977,Travis Tiller,3,0,0,0.0,27.33,243.0,250.0,0.0,0,29.0,21.0,32.0,0.0,0.0,0.0,0.0
2023,Conor Daly,2,0,0,0.0,32.5,0.0,222.0,0.0,0,34.5,29.0,36.0,0.0,0.0,0.0,0.0
1951,Bill Flatcher,1,0,0,0.0,15.0,,,0.0,0,,15.0,15.0,0.0,0.0,0.0,
1951,Ray Chase,6,0,0,0.0,29.83,,354.0,0.0,0,11.0,12.0,62.0,0.0,0.0,0.0,0.0
1951,Buddy Shuman,7,1,7,0.0,7.14,,391.0,0.0,0,15.0,3.0,10.0,14.29,100.0,0.0,0.0
1952,Leonard Tippett,5,0,0,0.0,16.0,,221.0,0.0,0,13.67,12.0,23.0,0.0,0.0,0.0,0.0
1953,Bob Welborn,11,2,6,0.0,12.64,,617.0,0.0,0,,4.0,29.0,18.18,54.55,0.0,0.0
1955,Bill Hyde,1,1,1,0.0,2.0,240.0,109.0,0.0,0,2.0,2.0,2.0,100.0,100.0,0.0,0.0
1959,Buck Brigance,13,0,1,0.0,18.23,152.0,1835.0,0.0,0,19.08,7.0,36.0,0.0,7.69,0.0,0.0
1964,Louis Weathersbee,4,0,0,0.0,12.25,1040.0,385.0,0.0,0,13.25,11.0,16.0,0.0,0.0,0.0,0.0
1965,Danny Byrd,4,1,1,0.0,18.0,708.0,294.0,0.0,0,18.0,5.0,31.0,25.0,25.0,0.0,0.0
1967,Friday Hassler,21,3,9,0.0,18.62,8768.0,4314.0,12.0,0,15.14,4.0,48.0,14.29,42.86,0.0,0.28
1969,Richard Childress,1,0,0,0.0,23.0,0.0,80.0,0.0,0,26.0,23.0,23.0,0.0,0.0,0.0,0.0
1970,James Hylton,47,22,39,1.0,8.11,3788.0,12712.0,199.0,1,10.13,1.0,35.0,46.81,82.98,2.13,1.57
1971,Doc Faustina,3,0,0,0.0,25.33,162.0,402.0,0.0,0,32.33,18.0,30.0,0.0,0.0,0.0,0.0
1972,Benny Parsons,31,10,19,0.0,14.52,2256.0,7922.0,19.0,0,11.23,2.0,40.0,32.26,61.29,0.0,0.24
1974,Ernie Shaw,4,0,0,0.0,20.25,,842.0,0.0,0,30.0,16.0,26.0,0.0,0.0,0.0,0.0
1975,Randy Tissot,7,0,0,0.0,26.0,595.0,1121.0,0.0,0,31.0,15.0,50.0,0.0,0.0,0.0,0.0
1977,Elmo Langley,7,0,0,0.0,24.14,634.0,1395.0,0.0,0,24.57,16.0,35.0,0.0,0.0,0.0,0.0
1979,Chuck Bown,7,0,2,0.0,20.29,523.0,1388.0,0.0,0,17.14,6.0,40.0,0.0,28.57,0.0,0.0
1980,Joe Booher,6,0,0,0.0,22.0,294.0,1273.0,0.0,0,32.5,11.0,35.0,0.0,0.0,0.0,0.0
1981,Don Satterfield,1,0,0,0.0,30.0,0.0,1.0,0.0,0,30.0,30.0,30.0,0.0,0.0,0.0,0.0
1988,Jimmy Means,27,0,0,0.0,29.33,2045.0,5172.0,12.0,1,32.11,12.0,43.0,0.0,0.0,0.0,0.23
1991,Rick Mast,29,1,3,0.0,21.1,2918.0,8901.0,32.0,2,17.07,4.0,35.0,3.45,10.34,0.0,0.36
1991,Jeff Purvis,6,0,0,0.0,32.17,399.0,888.0,0.0,0,31.0,24.0,38.0,0.0,0.0,0.0,0.0
1996,Ernie Irvan,31,12,16,2.0,17.58,3632.0,8617.0,369.0,13,17.26,1.0,42.0,38.71,51.61,6.45,4.28
1997,Bobby Hillin Jr.,10,0,0,0.0,37.3,511.0,1782.0,0.0,0,32.1,20.0,43.0,0.0,0.0,0.0,0.0
2015,Kyle Busch,25,12,16,5.0,10.76,863.0,6752.0,736.0,20,8.16,1.0,43.0,48.0,64.0,20.0,10.9
2025,Bubba Wallace,36,6,14,1.0,18.5,877.0,8870.0,378.0,21,15.44,1.0,37.0,16.67,38.89,2.78,4.26
1949,Ethel Mobley,2,0,0,0.0,27.5,,,0.0,0,42.0,11.0,44.0,0.0,0.0,0.0,
1949,Sam Marshall,1,0,0,0.0,24.0,,,0.0,0,,24.0,24.0,0.0,0.0,0.0,
1951,Jimmy Longo,1,0,0,0.0,25.0,,,0.0,0,,25.0,25.0,0.0,0.0,0.0,
1951,Paul Pettit,4,0,0,0.0,24.25,,,0.0,0,20.0,16.0,34.0,0.0,0.0,0.0,
1956,Carl Hammill,2,0,0,0.0,12.5,,321.0,0.0,0,19.0,12.0,13.0,0.0,0.0,0.0,0.0
1963,Jim Bray,2,0,0,0.0,17.0,320.0,377.0,0.0,0,22.0,16.0,18.0,0.0,0.0,0.0,0.0
1965,G.T. Nolan,8,0,1,0.0,18.13,1492.0,1018.0,0.0,0,24.88,8.0,32.0,0.0,12.5,0.0,0.0
1971,Johnny Anderson,1,0,0,0.0,29.0,66.0,34.0,0.0,0,17.0,29.0,29.0,0.0,0.0,0.0,0.0
1982,Butch Lindley,4,1,1,0.0,20.0,435.0,1020.0,165.0,0,12.75,2.0,28.0,25.0,25.0,0.0,16.18
1989,Ron Esau,3,0,0,0.0,38.0,58.0,326.0,0.0,0,34.67,35.0,41.0,0.0,0.0,0.0,0.0
1990,Charlie Baker,2,0,0,0.0,38.5,95.0,84.0,0.0,0,37.0,37.0,40.0,0.0,0.0,0.0,0.0
1957,Lee Humphers,1,0,0,0.0,16.0,,91.0,0.0,0,26.0,16.0,16.0,0.0,0.0,0.0,0.0
1964,Danny Weinberg,1,0,0,0.0,41.0,100.0,9.0,0.0,0,28.0,41.0,41.0,0.0,0.0,0.0,0.0
1964,Frank Deiny,1,0,0,0.0,42.0,0.0,9.0,0.0,0,42.0,42.0,42.0,0.0,0.0,0.0,0.0
1968,Richard Brickhouse,7,1,2,0.0,21.29,514.0,1571.0,0.0,0,27.71,4.0,40.0,14.29,28.57,0.0,0.0
1973,Robert Brown,2,0,0,0.0,26.0,100.0,353.0,0.0,0,28.0,19.0,33.0,0.0,0.0,0.0,0.0
1979,Steve Moore,1,0,0,0.0,17.0,112.0,170.0,0.0,0,39.0,17.0,17.0,0.0,0.0,0.0,0.0
1951,Dave Anderson,1,0,0,0.0,46.0,,335.0,0.0,0,76.0,46.0,46.0,0.0,0.0,0.0,0.0
1954,George Rogge,1,0,0,0.0,40.0,,64.0,0.0,0,,40.0,40.0,0.0,0.0,0.0,0.0
1955,Johnny Allen,1,0,0,0.0,17.0,216.0,169.0,0.0,0,31.0,17.0,17.0,0.0,0.0,0.0,0.0
1963,Cotton Owens,1,0,1,0.0,8.0,288.0,170.0,0.0,0,10.0,8.0,8.0,0.0,100.0,0.0,0.0
1950,J.E. Hardie,1,0,0,0.0,48.0,,317.0,0.0,0,42.0,48.0,48.0,0.0,0.0,0.0,0.0
1951,Jimmy Florian,9,2,5,0.0,13.44,,,0.0,0,,4.0,30.0,22.22,55.56,0.0,
1953,Bob Weatherly,1,0,0,0.0,24.0,,289.0,0.0,0,39.0,24.0,24.0,0.0,0.0,0.0,0.0
1954,Ralph Liguori,23,2,12,0.0,15.39,,3461.0,0.0,0,17.25,3.0,51.0,8.7,52.17,0.0,0.0
1954,Parks Surratt,4,0,0,0.0,14.0,,649.0,0.0,0,24.0,12.0,15.0,0.0,0.0,0.0,0.0
1956,Gordon Campbell,1,0,0,0.0,17.0,,74.0,0.0,0,25.0,17.0,17.0,0.0,0.0,0.0,0.0
1958,R.L. Combs,9,0,1,0.0,19.33,604.0,1062.0,0.0,0,20.43,9.0,34.0,0.0,11.11,0.0,0.0
1959,Jim McGuirk,4,0,0,0.0,22.25,928.0,314.0,0.0,0,31.0,11.0,32.0,0.0,0.0,0.0,0.0
1960,Joe Caspolich,5,0,0,0.0,18.8,1790.0,838.0,0.0,0,24.0,12.0,25.0,0.0,0.0,0.0,0.0
1961,Rex White,47,29,38,7.0,7.0,26442.0,10307.0,1224.0,13,7.57,1.0,25.0,61.7,80.85,14.89,11.88
1961,Mark Hurley,1,0,0,0.0,11.0,240.0,224.0,0.0,0,16.0,11.0,11.0,0.0,0.0,0.0,0.0
1964,Curtis Crider,59,7,30,0.0,12.41,25606.0,11443.0,0.0,0,17.0,3.0,36.0,11.86,50.85,0.0,0.0
1967,Paul Dean Holt,23,0,1,0.0,18.74,5368.0,3066.0,0.0,0,22.26,10.0,40.0,0.0,4.35,0.0,0.0
1973,Bill Champion,26,0,1,0.0,24.69,1368.0,5103.0,0.0,0,24.35,10.0,39.0,0.0,3.85,0.0,0.0
1973,D.K. Ulrich,11,0,0,0.0,27.45,518.0,2006.0,0.0,0,35.27,18.0,39.0,0.0,0.0,0.0,0.0
1981,Dick May,9,0,1,0.0,22.22,754.0,1843.0,0.0,0,32.0,9.0,36.0,0.0,11.11,0.0,0.0
1985,Jim Bown,2,0,0,0.0,22.0,194.0,185.0,0.0,0,15.0,16.0,28.0,0.0,0.0,0.0,0.0
1986,Rick Wilson,17,0,4,0.0,21.35,1698.0,3265.0,7.0,2,15.94,7.0,40.0,0.0,23.53,0.0,0.21
1988,Brad Teague,13,0,0,0.0,25.85,802.0,3408.0,0.0,0,25.46,15.0,39.0,0.0,0.0,0.0,0.0
1990,Derrike Cope,29,2,6,2.0,19.07,3140.0,7961.0,109.0,9,17.76,1.0,40.0,6.9,20.69,6.9,1.37
1990,Kenny Wallace,1,0,0,0.0,26.0,85.0,315.0,0.0,0,28.0,26.0,26.0,0.0,0.0,0.0,0.0
1991,Jimmy Spencer,29,1,6,0.0,22.97,2790.0,7627.0,330.0,5,24.52,3.0,40.0,3.45,20.69,0.0,4.33
1998,Ward Burton,33,1,5,0.0,21.15,3352.0,9551.0,127.0,9,14.33,2.0,40.0,3.03,15.15,0.0,1.33
1999,Rick Mast,34,0,2,0.0,26.62,2845.0,9487.0,25.0,6,21.91,9.0,42.0,0.0,5.88,0.0,0.26
2000,Wally Dallenbach Jr.,30,0,1,0.0,28.37,2344.0,8226.0,2.0,5,29.13,9.0,40.0,0.0,3.33,0.0,0.02
2001,Mike Skinner,23,0,1,0.0,25.17,2029.0,6717.0,46.0,6,20.91,9.0,42.0,0.0,4.35,0.0,0.68
2007,Dale Earnhardt Jr.,36,7,12,0.0,18.61,4029.0,10014.0,433.0,24,14.67,2.0,43.0,19.44,33.33,0.0,4.32
2014,Trevor Bayne,12,0,0,0.0,32.25,0.0,2533.0,8.0,2,21.25,19.0,43.0,0.0,0.0,0.0,0.32
2019,Kurt Busch,36,6,18,1.0,13.11,1021.0,10140.0,212.0,25,12.69,1.0,39.0,16.67,50.0,2.78,2.09
1960,Bill Massey,1,0,0,0.0,15.0,168.0,71.0,0.0,0,18.0,15.0,15.0,0.0,0.0,0.0,0.0
1962,Joe Jones,2,0,0,0.0,19.0,256.0,250.0,0.0,0,22.5,17.0,21.0,0.0,0.0,0.0,0.0
1962,Melvin Bradley,3,1,2,0.0,7.33,1152.0,1007.0,0.0,0,14.0,4.0,11.0,33.33,66.67,0.0,0.0
2018,Parker Kligerman,4,0,0,0.0,26.25,0.0,922.0,0.0,1,31.75,23.0,31.0,0.0,0.0,0.0,0.0
1953,Bob Pronger,1,0,0,0.0,51.0,,5.0,0.0,0,1.0,51.0,51.0,0.0,0.0,0.0,0.0
1972,Dick Guldstrand,1,0,0,0.0,32.0,38.0,28.0,0.0,0,21.0,32.0,32.0,0.0,0.0,0.0,0.0
1998,Elliott Sadler,2,0,0,0.0,33.0,128.0,705.0,0.0,0,31.5,24.0,42.0,0.0,0.0,0.0,0.0
1998,Frank Kimmel,1,0,0,0.0,31.0,70.0,197.0,0.0,0,36.0,31.0,31.0,0.0,0.0,0.0,0.0
1952,Leon Meadows,1,0,0,0.0,37.0,,67.0,0.0,0,32.0,37.0,37.0,0.0,0.0,0.0,0.0
1954,Clyde Palmer,2,1,2,0.0,6.5,,526.0,0.0,0,,4.0,9.0,50.0,100.0,0.0,0.0
1954,Bill Claren,1,1,1,0.0,4.0,,49.0,0.0,0,6.0,4.0,4.0,100.0,100.0,0.0,0.0
1953,Emory Lewis,2,0,1,0.0,26.0,,387.0,0.0,0,19.0,6.0,46.0,0.0,50.0,0.0,0.0
1955,Clyde Minter,1,0,1,0.0,9.0,136.0,178.0,0.0,0,15.0,9.0,9.0,0.0,100.0,0.0,0.0
1957,Jim Russell,4,0,0,0.0,30.25,,263.0,0.0,0,20.75,17.0,56.0,0.0,0.0,0.0,0.0
1957,Roger Baldwin,2,0,0,0.0,31.5,,337.0,0.0,0,38.5,16.0,47.0,0.0,0.0,0.0,0.0
1959,Danny Letner,1,0,0,0.0,27.0,,224.0,0.0,0,8.0,27.0,27.0,0.0,0.0,0.0,0.0
1959,Buddy Baker,12,1,5,0.0,15.42,1692.0,1639.0,0.0,0,18.17,4.0,40.0,8.33,41.67,0.0,0.0
1960,Danny Weinberg,3,1,1,0.0,14.67,354.0,216.0,0.0,0,17.5,5.0,28.0,33.33,33.33,0.0,0.0
1961,Bill Clifton,3,0,0,0.0,22.67,288.0,183.0,0.0,0,19.5,11.0,30.0,0.0,0.0,0.0,0.0
1962,Sherman Utsman,12,1,4,0.0,13.5,4896.0,3293.0,0.0,0,15.58,5.0,26.0,8.33,33.33,0.0,0.0
1964,Joe Clark,6,0,0,0.0,30.67,810.0,272.0,0.0,0,30.5,12.0,40.0,0.0,0.0,0.0,0.0
1964,Larry Frank,12,0,3,0.0,18.58,10314.0,1483.0,0.0,1,17.75,7.0,29.0,0.0,25.0,0.0,0.0
1968,Bill Ervin,5,0,0,0.0,19.8,197.0,785.0,0.0,0,23.2,15.0,29.0,0.0,0.0,0.0,0.0
1969,Jack McCoy,2,0,1,0.0,21.0,180.0,257.0,0.0,0,34.5,7.0,35.0,0.0,50.0,0.0,0.0
1970,Richard Petty,40,27,31,18.0,6.83,3447.0,10536.0,5016.0,24,4.45,1.0,39.0,67.5,77.5,45.0,47.61
1980,Bobby Allison,31,12,18,4.0,14.1,4019.0,8244.0,946.0,9,6.68,1.0,40.0,38.71,58.06,12.9,11.48
1980,Bill Elliott,11,0,4,0.0,18.0,1232.0,2106.0,4.0,0,14.18,6.0,42.0,0.0,36.36,0.0,0.19
1985,Jim Robinson,2,0,0,0.0,12.5,251.0,209.0,0.0,0,15.5,12.0,13.0,0.0,0.0,0.0,0.0
1985,Joe Booher,2,0,0,0.0,26.0,170.0,358.0,0.0,0,37.5,24.0,28.0,0.0,0.0,0.0,0.0
1990,Brett Bodine,29,5,9,1.0,16.0,3440.0,9097.0,216.0,10,14.72,1.0,41.0,17.24,31.03,3.45,2.37
1993,Dale Earnhardt,30,17,21,6.0,8.2,4526.0,9787.0,1475.0,21,9.7,1.0,29.0,56.67,70.0,20.0,15.07
1994,Bobby Hillin Jr.,9,0,0,0.0,26.78,749.0,2007.0,2.0,0,31.11,15.0,43.0,0.0,0.0,0.0,0.1
1996,Greg Sacks,9,0,0,0.0,28.22,710.0,2196.0,3.0,0,30.0,18.0,39.0,0.0,0.0,0.0,0.14
1998,Joe Nemechek,32,1,4,0.0,24.63,2897.0,8671.0,41.0,11,17.69,4.0,40.0,3.13,12.5,0.0,0.47
1999,Tony Stewart,34,12,21,3.0,10.26,4774.0,9908.0,1226.0,22,12.65,1.0,41.0,35.29,61.76,8.82,12.37
2006,Jeff Green,36,0,2,0.0,24.42,3253.0,10117.0,18.0,13,25.42,7.0,43.0,0.0,5.56,0.0,0.18
2015,Brian Scott,10,0,0,0.0,26.9,0.0,2377.0,0.0,4,22.8,12.0,43.0,0.0,0.0,0.0,0.0
2019,Garrett Smithley,14,0,0,0.0,33.5,0.0,3637.0,0.0,0,35.93,28.0,36.0,0.0,0.0,0.0,0.0
1954,Danny Curley,1,0,0,0.0,19.0,,125.0,0.0,0,19.0,19.0,19.0,0.0,0.0,0.0,0.0
1955,Jimmy Ayers,2,0,1,0.0,14.5,408.0,277.0,0.0,0,20.5,9.0,20.0,0.0,50.0,0.0,0.0
1957,George Bumgardner,1,0,0,0.0,40.0,,111.0,0.0,0,33.0,40.0,40.0,0.0,0.0,0.0,0.0
1958,Jack Lawrence,1,0,1,0.0,9.0,144.0,177.0,0.0,0,18.0,9.0,9.0,0.0,100.0,0.0,0.0
1963,Lee Reitzel,4,0,0,0.0,24.75,510.0,496.0,0.0,0,19.75,14.0,40.0,0.0,0.0,0.0,0.0
1989,Jerry O'Neil,4,0,0,0.0,32.0,268.0,1026.0,0.0,0,33.5,26.0,38.0,0.0,0.0,0.0,0.0
2005,Kenny Wallace,5,0,0,0.0,27.6,401.0,1365.0,0.0,1,29.8,16.0,40.0,0.0,0.0,0.0,0.0
1954,Jack Conley,1,0,0,0.0,15.0,,37.0,0.0,0,7.0,15.0,15.0,0.0,0.0,0.0,0.0
1958,George Alsobrook,1,0,0,0.0,15.0,120.0,54.0,0.0,0,14.0,15.0,15.0,0.0,0.0,0.0,0.0
1959,Barney Shore,6,0,2,0.0,19.83,,628.0,0.0,0,14.5,7.0,36.0,0.0,33.33,0.0,0.0
1965,Daniel Warlick,2,0,1,0.0,16.0,320.0,432.0,0.0,0,16.0,7.0,25.0,0.0,50.0,0.0,0.0
1951,Dale Williams,1,0,1,0.0,9.0,,,0.0,0,34.0,9.0,9.0,0.0,100.0,0.0,
1963,Lloyd Dane,2,0,0,0.0,31.5,600.0,139.0,0.0,0,33.5,19.0,44.0,0.0,0.0,0.0,0.0
1963,Pete Brock,1,0,0,0.0,16.0,704.0,134.0,0.0,0,26.0,16.0,16.0,0.0,0.0,0.0,0.0
1968,Jerry Oliver,1,0,0,0.0,28.0,0.0,39.0,0.0,0,39.0,28.0,28.0,0.0,0.0,0.0,0.0
1950,Ewell Weddle,3,1,1,0.0,10.0,,158.0,0.0,0,21.0,3.0,14.0,33.33,33.33,0.0,0.0
1952,Tom Gifford,3,0,0,0.0,31.33,,53.0,0.0,0,28.0,22.0,43.0,0.0,0.0,0.0,0.0
1952,Johnny Thompson,3,0,0,0.0,33.0,,,0.0,0,28.0,18.0,54.0,0.0,0.0,0.0,
1956,Tommy Thompson,1,0,0,0.0,58.0,,,0.0,0,33.0,58.0,58.0,0.0,0.0,0.0,
1957,Bill Lutz,1,0,1,0.0,6.0,,,0.0,0,27.0,6.0,6.0,0.0,100.0,0.0,
1958,Richard Petty,9,0,1,0.0,20.44,1016.0,977.0,0.0,0,14.43,9.0,35.0,0.0,11.11,0.0,0.0
1963,David Pearson,41,13,19,0.0,12.61,20780.0,8697.0,178.0,3,11.8,2.0,48.0,31.71,46.34,0.0,2.05
1966,Hank Thomas,14,3,7,0.0,12.71,4180.0,3114.0,0.0,0,17.71,3.0,30.0,21.43,50.0,0.0,0.0
1969,Lee Gordon,1,0,0,0.0,16.0,0.0,160.0,0.0,0,19.0,16.0,16.0,0.0,0.0,0.0,0.0
1970,Pete Hazelwood,3,0,0,0.0,22.33,86.0,51.0,0.0,0,22.67,20.0,27.0,0.0,0.0,0.0,0.0
1976,Neil Castles,3,0,0,0.0,29.33,137.0,350.0,0.0,0,24.0,25.0,38.0,0.0,0.0,0.0,0.0
1977,Bill Schmitt,3,0,0,0.0,30.0,219.0,144.0,0.0,0,14.33,19.0,41.0,0.0,0.0,0.0,0.0
1978,Cale Yarborough,30,23,24,10.0,6.03,4841.0,9758.0,3587.0,18,3.6,1.0,26.0,76.67,80.0,33.33,36.76
1985,Ron Esau,1,0,0,0.0,41.0,40.0,10.0,0.0,0,27.0,41.0,41.0,0.0,0.0,0.0,0.0
1988,Butch Miller,2,0,0,0.0,21.0,0.0,790.0,18.0,0,8.5,17.0,25.0,0.0,0.0,0.0,2.28
1988,Jimmy Horton,8,0,0,0.0,27.38,647.0,2007.0,0.0,0,35.13,18.0,37.0,0.0,0.0,0.0,0.0
1992,Mike Wallace,3,0,0,0.0,26.67,249.0,1042.0,0.0,0,35.67,20.0,33.0,0.0,0.0,0.0,0.0
1994,Ward Burton,26,1,2,0.0,29.58,1971.0,5230.0,74.0,1,19.5,2.0,42.0,3.85,7.69,0.0,1.41
1996,Derrike Cope,29,0,3,0.0,27.24,2374.0,7329.0,28.0,4,20.07,8.0,43.0,0.0,10.34,0.0,0.38
1998,Ricky Rudd,33,1,5,1.0,23.15,3131.0,9127.0,256.0,9,20.21,1.0,43.0,3.03,15.15,3.03,2.8
2001,Steve Park,24,5,12,1.0,16.5,2859.0,6368.0,508.0,15,21.33,1.0,43.0,20.83,50.0,4.17,7.98
2008,Matt Kenseth,36,9,20,0.0,16.44,4316.0,10322.0,604.0,25,16.47,2.0,41.0,25.0,55.56,0.0,5.85
2011,David Ragan,36,4,8,1.0,19.19,906.0,9972.0,49.0,24,15.08,1.0,39.0,11.11,22.22,2.78,0.49
2020,Josh Bilicki,22,0,0,0.0,33.0,0.0,5312.0,0.0,0,35.09,25.0,39.0,0.0,0.0,0.0,0.0
1951,Steve Dabb,1,0,0,0.0,14.0,,,0.0,0,12.0,14.0,14.0,0.0,0.0,0.0,
1954,Herschel Buchanan,1,1,1,0.0,5.0,,160.0,0.0,0,,5.0,5.0,100.0,100.0,0.0,0.0
1969,Robert Hale,1,0,0,0.0,36.0,45.0,24.0,0.0,0,38.0,36.0,36.0,0.0,0.0,0.0,0.0
1979,Bill Seifert,1,0,0,0.0,36.0,55.0,32.0,0.0,0,33.0,36.0,36.0,0.0,0.0,0.0,0.0
1984,Randy Baker,3,0,0,0.0,30.0,219.0,553.0,0.0,0,34.0,24.0,39.0,0.0,0.0,0.0,0.0
1990,Mike Skinner,1,0,0,0.0,35.0,58.0,230.0,0.0,0,33.0,35.0,35.0,0.0,0.0,0.0,0.0
1993,Trevor Boys,1,0,0,0.0,35.0,63.0,38.0,1.0,0,39.0,35.0,35.0,0.0,0.0,0.0,2.63
2009,Brandon Ash,1,0,0,0.0,41.0,40.0,94.0,0.0,0,43.0,41.0,41.0,0.0,0.0,0.0,0.0
2009,Scott Wimmer,1,0,0,0.0,29.0,76.0,496.0,0.0,0,26.0,29.0,29.0,0.0,0.0,0.0,0.0
1973,Toby Tobias,1,0,0,0.0,38.0,26.0,50.0,0.0,0,29.0,38.0,38.0,0.0,0.0,0.0,0.0
1986,Mark Stahl,3,0,0,0.0,26.0,255.0,719.0,0.0,0,39.0,16.0,32.0,0.0,0.0,0.0,0.0
1997,Dorsey Schroeder,1,0,0,0.0,31.0,70.0,89.0,0.0,0,19.0,31.0,31.0,0.0,0.0,0.0,0.0
1959,Jim Parsley,1,0,1,0.0,8.0,160.0,177.0,0.0,0,,8.0,8.0,0.0,100.0,0.0,0.0
1968,Vallie Engelauf,1,0,0,0.0,29.0,0.0,38.0,0.0,0,29.0,29.0,29.0,0.0,0.0,0.0,0.0
1975,G.T. Tallas,1,0,0,0.0,29.0,76.0,28.0,0.0,0,31.0,29.0,29.0,0.0,0.0,0.0,0.0
1985,Chet Fillip,1,0,0,0.0,25.0,88.0,308.0,0.0,0,36.0,25.0,25.0,0.0,0.0,0.0,0.0
2010,Ron Fellows,1,0,0,0.0,40.0,43.0,46.0,0.0,0,21.0,40.0,40.0,0.0,0.0,0.0,0.0
2014,Eddie MacDonald,1,0,0,0.0,35.0,9.0,300.0,0.0,0,40.0,35.0,35.0,0.0,0.0,0.0,0.0
1950,Tommy Thompson,3,0,0,0.0,33.0,,272.0,0.0,0,30.0,11.0,62.0,0.0,0.0,0.0,0.0
1951,Bill Holland,7,1,2,0.0,26.0,,224.0,0.0,0,17.4,4.0,48.0,14.29,28.57,0.0,0.0
1951,Donald Thomas,17,4,8,0.0,14.82,,479.0,0.0,0,17.4,3.0,43.0,23.53,47.06,0.0,0.0
1951,Jack Smith,7,2,2,0.0,22.0,,480.0,0.0,0,23.8,2.0,48.0,28.57,28.57,0.0,0.0
1951,Leonard Tippett,8,1,2,0.0,15.25,,359.0,19.0,0,8.75,2.0,26.0,12.5,25.0,0.0,5.29
1952,Shorty Gibbs,2,0,0,0.0,17.5,,87.0,0.0,0,16.0,13.0,22.0,0.0,0.0,0.0,0.0
1953,Paul Parks,1,0,0,0.0,25.0,,33.0,0.0,0,23.0,25.0,25.0,0.0,0.0,0.0,0.0
1956,Bobby Keck,15,0,3,0.0,15.8,,2236.0,0.0,0,23.53,7.0,27.0,0.0,20.0,0.0,0.0
1958,Johnny Mackison,11,2,3,0.0,18.64,1428.0,1423.0,0.0,1,18.27,3.0,35.0,18.18,27.27,0.0,0.0
1960,Jack Norton,1,0,0,0.0,14.0,120.0,65.0,0.0,0,21.0,14.0,14.0,0.0,0.0,0.0,0.0
1961,Al Brand,3,0,0,0.0,21.33,408.0,205.0,0.0,0,20.33,12.0,35.0,0.0,0.0,0.0,0.0
1961,Lloyd Dane,4,1,2,1.0,12.25,1032.0,396.0,1.0,1,4.0,1.0,26.0,25.0,50.0,25.0,0.25
1962,Curtis Crider,52,3,18,0.0,14.44,13048.0,10051.0,0.0,0,19.24,3.0,43.0,5.77,34.62,0.0,0.0
1962,Buck Baker,37,6,14,0.0,14.41,12838.0,6707.0,18.0,1,14.0,2.0,31.0,16.22,37.84,0.0,0.27
1965,Doug Cooper,30,1,9,0.0,16.7,12920.0,5282.0,0.0,0,16.7,4.0,40.0,3.33,30.0,0.0,0.0
1965,Lionel Johnson,8,0,2,0.0,16.75,3510.0,1663.0,0.0,0,26.5,9.0,28.0,0.0,25.0,0.0,0.0
1969,Dick Lawrence,1,0,0,0.0,19.0,0.0,108.0,0.0,0,21.0,19.0,19.0,0.0,0.0,0.0,0.0
1973,Ramo Stott,4,0,2,0.0,26.25,198.0,488.0,1.0,0,12.25,8.0,45.0,0.0,50.0,0.0,0.2
1974,Bill Dennis,3,0,2,0.0,12.0,,1118.0,0.0,0,23.0,7.0,21.0,0.0,66.67,0.0,0.0
1975,Harry Jefferson,5,0,2,0.0,19.2,455.0,1036.0,0.0,0,15.0,6.0,32.0,0.0,40.0,0.0,0.0
1976,Bruce Hill,22,0,4,0.0,24.32,1995.0,3669.0,3.0,0,19.18,7.0,39.0,0.0,18.18,0.0,0.08
1979,Jack Ingram,4,0,0,0.0,31.5,219.0,532.0,0.0,0,15.0,25.0,36.0,0.0,0.0,0.0,0.0
1981,Jimmy Means,30,0,2,0.0,19.43,3145.0,8647.0,0.0,0,28.73,9.0,38.0,0.0,6.67,0.0,0.0
1983,Joe Millikan,1,0,0,0.0,18.0,0.0,384.0,0.0,0,22.0,18.0,18.0,0.0,0.0,0.0,0.0
1986,Hershel McGriff,2,0,0,0.0,27.0,164.0,170.0,0.0,0,21.5,26.0,28.0,0.0,0.0,0.0,0.0
1987,Ronnie Thomas,4,0,0,0.0,27.75,319.0,874.0,0.0,0,29.5,25.0,30.0,0.0,0.0,0.0,0.0
1995,Bobby Hamilton,31,4,10,0.0,16.81,3576.0,9421.0,131.0,13,16.65,2.0,40.0,12.9,32.26,0.0,1.39
1998,Chad Little,32,1,7,0.0,19.41,3423.0,9081.0,69.0,12,27.06,2.0,40.0,3.13,21.88,0.0,0.76
2002,Johnny Benson Jr.,31,3,7,1.0,21.48,3132.0,8310.0,116.0,12,21.32,1.0,43.0,9.68,22.58,3.23,1.4
2002,John Andretti,36,0,1,0.0,25.31,3161.0,9743.0,22.0,11,24.83,10.0,43.0,0.0,2.78,0.0,0.23
2006,Joe Nemechek,36,0,2,0.0,24.42,3255.0,10432.0,10.0,14,18.03,9.0,42.0,0.0,5.56,0.0,0.1
2008,Clint Bowyer,36,7,17,1.0,14.06,4487.0,10655.0,188.0,29,20.83,1.0,39.0,19.44,47.22,2.78,1.76
2009,Ryan Newman,36,5,15,0.0,14.67,4447.0,10468.0,214.0,26,14.31,2.0,36.0,13.89,41.67,0.0,2.04
2012,Brian Vickers,8,3,5,0.0,13.25,250.0,2726.0,158.0,6,16.0,4.0,43.0,37.5,62.5,0.0,5.8
2017,Brendan Gaughan,4,0,1,0.0,15.75,0.0,723.0,6.0,2,34.5,7.0,26.0,0.0,25.0,0.0,0.83
2024,Joey Logano,36,7,13,4.0,17.11,907.0,9435.0,414.0,25,12.03,1.0,34.0,19.44,36.11,11.11,4.39
1952,Hank Carruthers,1,0,0,0.0,18.0,,18.0,0.0,0,16.0,18.0,18.0,0.0,0.0,0.0,0.0
1953,Gene Parry,1,0,0,0.0,33.0,,,0.0,0,,33.0,33.0,0.0,0.0,0.0,
1959,Erwin Carpenter,1,0,0,0.0,31.0,,299.0,0.0,0,25.0,31.0,31.0,0.0,0.0,0.0,0.0
1963,H.G. Rosier,3,1,1,0.0,17.67,522.0,228.0,0.0,0,17.67,4.0,26.0,33.33,33.33,0.0,0.0
1964,Ken Spikes,6,0,1,0.0,17.33,4934.0,1018.0,0.0,0,22.83,10.0,22.0,0.0,16.67,0.0,0.0
1965,Buren Skeen,8,1,3,0.0,20.25,1804.0,1321.0,0.0,0,13.25,5.0,42.0,12.5,37.5,0.0,0.0
1971,Blackie Wangerin,1,0,0,0.0,29.0,0.0,16.0,0.0,0,25.0,29.0,29.0,0.0,0.0,0.0,0.0
1976,Ron Esau,2,0,0,0.0,24.5,179.0,160.0,0.0,0,28.5,14.0,35.0,0.0,0.0,0.0,0.0
2018,Ray Black Jr.,1,0,0,0.0,16.0,0.0,167.0,0.0,0,39.0,16.0,16.0,0.0,0.0,0.0,0.0
1951,Ted Tedrow,1,0,0,0.0,15.0,,,0.0,0,,15.0,15.0,0.0,0.0,0.0,
1955,C.H. Dingler,1,0,0,0.0,24.0,,8.0,0.0,0,19.0,24.0,24.0,0.0,0.0,0.0,0.0
1961,Jim Bennett,2,0,0,0.0,22.5,870.0,170.0,0.0,0,14.5,11.0,34.0,0.0,0.0,0.0,0.0
1962,Wally Dallenbach Sr.,2,0,1,0.0,21.5,440.0,92.0,0.0,0,15.0,6.0,37.0,0.0,50.0,0.0,0.0
1964,Graham Shaw,2,0,0,0.0,16.5,1564.0,127.0,0.0,0,10.0,11.0,22.0,0.0,0.0,0.0,0.0
1973,Jimmy Hensley,1,0,1,0.0,7.0,88.0,485.0,0.0,0,15.0,7.0,7.0,0.0,100.0,0.0,0.0
1979,Don Puskarich,1,0,0,0.0,28.0,79.0,47.0,0.0,0,32.0,28.0,28.0,0.0,0.0,0.0,0.0
1987,Rick McCray,2,0,0,0.0,30.5,143.0,151.0,0.0,0,26.5,26.0,35.0,0.0,0.0,0.0,0.0
1963,Jim Cook,2,0,0,0.0,22.0,928.0,274.0,0.0,0,31.0,18.0,26.0,0.0,0.0,0.0,0.0
1956,Frank Mundy,9,3,5,0.0,15.11,,1589.0,13.0,2,13.89,2.0,43.0,33.33,55.56,0.0,0.82
1958,Jug Pierce,1,0,0,0.0,19.0,,53.0,0.0,0,18.0,19.0,19.0,0.0,0.0,0.0,0.0
1959,Herman Beam,30,1,12,0.0,13.07,4972.0,6034.0,0.0,0,23.0,5.0,22.0,3.33,40.0,0.0,0.0
1960,Junior Johnson,34,14,18,3.0,14.18,9772.0,5096.0,320.0,7,9.65,1.0,59.0,41.18,52.94,8.82,6.28
1960,Dick Joslin,3,0,0,0.0,22.33,630.0,302.0,0.0,0,20.67,15.0,35.0,0.0,0.0,0.0,0.0
1962,Johnny Allen,20,5,8,1.0,16.65,7602.0,4094.0,288.0,1,9.15,1.0,44.0,25.0,40.0,5.0,7.03
1963,Stick Elliott,28,0,7,0.0,17.32,8598.0,4693.0,0.0,0,18.29,6.0,36.0,0.0,25.0,0.0,0.0
1963,Jim Paschal,32,15,18,5.0,12.28,12052.0,6915.0,400.0,7,9.69,1.0,42.0,46.88,56.25,15.63,5.78
1965,Robert Vaughn,6,0,1,0.0,23.33,1060.0,169.0,0.0,0,21.17,10.0,43.0,0.0,16.67,0.0,0.0
1969,Coo Coo Marlin,7,0,2,0.0,21.71,375.0,993.0,0.0,0,18.29,7.0,39.0,0.0,28.57,0.0,0.0
1970,Dick Bown,6,0,1,0.0,19.5,366.0,836.0,0.0,0,18.5,6.0,25.0,0.0,16.67,0.0,0.0
1970,Paul Dorrity,2,0,0,0.0,29.5,129.0,144.0,0.0,0,37.5,19.0,40.0,0.0,0.0,0.0,0.0
1971,Frank Sessoms,2,0,2,0.0,8.5,96.0,852.0,0.0,0,14.5,8.0,9.0,0.0,100.0,0.0,0.0
1972,Dave Marcis,27,5,11,0.0,17.52,1808.0,6708.0,4.0,0,14.52,3.0,46.0,18.52,40.74,0.0,0.06
1973,Raymond Williams,22,0,3,0.0,24.73,1230.0,4684.0,0.0,0,27.18,7.0,46.0,0.0,13.64,0.0,0.0
1977,Dean Dalton,8,0,0,0.0,28.5,620.0,1100.0,0.0,0,27.75,19.0,37.0,0.0,0.0,0.0,0.0
1977,Jim Hurtubise,4,0,0,0.0,32.75,259.0,235.0,0.0,0,32.75,15.0,42.0,0.0,0.0,0.0,0.0
1981,Terry Labonte,31,8,17,0.0,12.71,4052.0,9074.0,114.0,6,8.52,2.0,40.0,25.81,54.84,0.0,1.26
1985,Buddy Arrington,26,0,1,0.0,18.77,2780.0,7809.0,1.0,0,25.81,10.0,31.0,0.0,3.85,0.0,0.01
1986,Glen Steurer,2,0,1,0.0,13.0,249.0,210.0,0.0,0,27.5,10.0,16.0,0.0,50.0,0.0,0.0
1989,Dick Trickle,28,6,9,0.0,17.46,3079.0,8604.0,80.0,7,19.75,3.0,35.0,21.43,32.14,0.0,0.93
1992,Dave Mader III,5,0,0,0.0,25.6,436.0,1387.0,7.0,1,20.6,16.0,39.0,0.0,0.0,0.0,0.5
2004,Joe Nemechek,36,3,9,1.0,19.42,3878.0,9494.0,129.0,17,14.78,1.0,42.0,8.33,25.0,2.78,1.36
2004,Andy Hillenburg,5,0,0,0.0,40.6,206.0,425.0,0.0,0,42.6,34.0,43.0,0.0,0.0,0.0,0.0
2004,Ricky Craven,26,0,0,0.0,27.65,2086.0,6401.0,1.0,4,29.85,16.0,43.0,0.0,0.0,0.0,0.02
2007,Jeff Burton,36,9,18,1.0,13.78,4549.0,10135.0,79.0,27,18.89,1.0,43.0,25.0,50.0,2.78,0.78
2007,David Ragan,36,2,3,0.0,24.5,3251.0,9845.0,2.0,16,29.14,3.0,41.0,5.56,8.33,0.0,0.02
2009,Mike Bliss,13,0,0,0.0,39.54,577.0,1183.0,0.0,0,25.23,24.0,43.0,0.0,0.0,0.0,0.0
2010,Aric Almirola,9,1,1,0.0,28.78,704.0,1756.0,2.0,3,27.67,4.0,43.0,11.11,11.11,0.0,0.11
2017,Matt DiBenedetto,36,0,2,0.0,27.06,363.0,9617.0,12.0,9,28.89,8.0,39.0,0.0,5.56,0.0,0.12
2023,John Hunter Nemechek,1,0,0,0.0,32.0,0.0,218.0,0.0,0,24.0,32.0,32.0,0.0,0.0,0.0,0.0
2025,Kyle Busch,36,3,10,0.0,17.97,735.0,9352.0,88.0,25,17.53,5.0,37.0,8.33,27.78,0.0,0.94
1953,Virgil Stockton,1,0,0,0.0,15.0,,,0.0,0,,15.0,15.0,0.0,0.0,0.0,
1954,Jimmy Ayers,2,0,0,0.0,27.0,,219.0,0.0,0,,17.0,37.0,0.0,0.0,0.0,0.0
1969,Don White,1,0,0,0.0,33.0,0.0,41.0,0.0,0,13.0,33.0,33.0,0.0,0.0,0.0,0.0
1951,Bob Carpenter,1,0,0,0.0,15.0,,,0.0,0,10.0,15.0,15.0,0.0,0.0,0.0,
1958,Charlie Stone,1,0,0,0.0,15.0,240.0,35.0,0.0,0,39.0,15.0,15.0,0.0,0.0,0.0,0.0
1962,Tubby Gonzales,4,0,0,0.0,29.25,904.0,422.0,0.0,0,33.75,19.0,46.0,0.0,0.0,0.0,0.0
1967,Jackie Fox,2,0,0,0.0,26.0,64.0,57.0,0.0,0,24.0,23.0,29.0,0.0,0.0,0.0,0.0
1974,Charlie Blanton,1,0,0,0.0,28.0,,231.0,0.0,0,27.0,28.0,28.0,0.0,0.0,0.0,0.0
2016,Ryan Reed,1,0,0,0.0,26.0,0.0,192.0,0.0,1,18.0,26.0,26.0,0.0,0.0,0.0,0.0
2022,Conor Daly,1,0,0,0.0,34.0,3.0,109.0,0.0,0,39.0,34.0,34.0,0.0,0.0,0.0,0.0
1951,Red Harvey,1,0,1,0.0,10.0,,,0.0,0,,10.0,10.0,0.0,100.0,0.0,
1964,Nelson Stacy,1,0,0,0.0,39.0,126.0,5.0,0.0,0,13.0,39.0,39.0,0.0,0.0,0.0,0.0
1981,Roger Hamby,1,0,0,0.0,27.0,82.0,72.0,0.0,0,34.0,27.0,27.0,0.0,0.0,0.0,0.0
2011,Ricky Stenhouse Jr.,1,0,0,0.0,11.0,0.0,402.0,0.0,1,9.0,11.0,11.0,0.0,0.0,0.0,0.0
1950,Larry Shurter,1,0,0,0.0,25.0,,37.0,0.0,0,27.0,25.0,25.0,0.0,0.0,0.0,0.0
1954,Cotton Hodges,1,0,0,0.0,18.0,,164.0,0.0,0,,18.0,18.0,0.0,0.0,0.0,0.0
1955,Emory Mahon,2,0,1,0.0,13.5,214.0,256.0,0.0,0,14.0,8.0,19.0,0.0,50.0,0.0,0.0
1955,Hal Prentice,1,0,0,0.0,25.0,20.0,197.0,0.0,0,28.0,25.0,25.0,0.0,0.0,0.0,0.0
1956,Jim Paschal,42,17,27,1.0,10.52,,6626.0,172.0,6,12.34,1.0,33.0,40.48,64.29,2.38,2.6
1961,Dick Getty,4,0,0,0.0,16.5,728.0,310.0,0.0,0,24.67,13.0,21.0,0.0,0.0,0.0,0.0
1973,Johnny Anderson,2,0,0,0.0,24.5,106.0,186.0,0.0,0,31.5,21.0,28.0,0.0,0.0,0.0,0.0
1974,Jimmy Hailey,1,0,0,0.0,14.0,,421.0,0.0,0,25.0,14.0,14.0,0.0,0.0,0.0,0.0
1984,David Simko,1,0,0,0.0,27.0,0.0,189.0,0.0,0,40.0,27.0,27.0,0.0,0.0,0.0,0.0
1985,Rick Newsom,6,0,0,0.0,29.33,450.0,834.0,0.0,0,33.33,21.0,38.0,0.0,0.0,0.0,0.0
1990,Sarel Van Der Merwe,1,0,0,0.0,24.0,91.0,77.0,0.0,0,20.0,24.0,24.0,0.0,0.0,0.0,0.0
1991,Oma Kimbrough,1,0,0,0.0,24.0,91.0,80.0,0.0,0,39.0,24.0,24.0,0.0,0.0,0.0,0.0
1993,Dorsey Schroeder,2,0,0,0.0,35.5,113.0,69.0,0.0,0,20.0,33.0,38.0,0.0,0.0,0.0,0.0
1996,Darrell Waltrip,31,0,2,0.0,25.9,2657.0,7766.0,2.0,6,26.58,9.0,42.0,0.0,6.45,0.0,0.03
2000,David Green,2,0,0,0.0,30.5,143.0,740.0,0.0,0,33.0,25.0,36.0,0.0,0.0,0.0,0.0
2006,Dave Blaney,36,1,2,0.0,24.44,3259.0,10480.0,9.0,12,28.31,4.0,40.0,2.78,5.56,0.0,0.09
2008,Carl Edwards,36,19,27,9.0,9.5,5336.0,10603.0,1282.0,30,12.28,1.0,42.0,52.78,75.0,25.0,12.09
2008,David Gilliland,36,1,2,0.0,26.19,3064.0,10108.0,3.0,9,29.81,2.0,42.0,2.78,5.56,0.0,0.03
2016,Landon Cassill,36,0,0,0.0,26.31,530.0,10286.0,20.0,10,31.61,11.0,39.0,0.0,0.0,0.0,0.19
2018,Joey Logano,36,13,26,3.0,10.67,1223.0,9826.0,930.0,30,9.81,1.0,39.0,36.11,72.22,8.33,9.46
2022,Kyle Busch,36,8,17,1.0,16.72,930.0,8479.0,627.0,27,14.06,1.0,36.0,22.22,47.22,2.78,7.39
2023,Kyle Busch,36,10,17,3.0,15.0,940.0,8560.0,241.0,25,13.44,1.0,37.0,27.78,47.22,8.33,2.82
1952,Scott Gow,1,0,0,0.0,22.0,,46.0,0.0,0,15.0,22.0,22.0,0.0,0.0,0.0,0.0
1955,Slim Brown,1,0,0,0.0,12.0,112.0,169.0,0.0,0,11.0,12.0,12.0,0.0,0.0,0.0,0.0
1955,Bobby Waddell,7,0,0,0.0,17.29,584.0,992.0,0.0,0,23.29,11.0,27.0,0.0,0.0,0.0,0.0
1958,Gus Wilson,3,0,0,0.0,18.0,120.0,359.0,0.0,0,20.5,17.0,20.0,0.0,0.0,0.0,0.0
1962,David Pearson,12,1,7,0.0,13.67,14404.0,2690.0,280.0,1,8.17,4.0,37.0,8.33,58.33,0.0,10.41
1965,John Sears,2,0,1,0.0,26.0,360.0,281.0,0.0,0,21.5,10.0,42.0,0.0,50.0,0.0,0.0
1967,Johnny Allen,2,0,0,0.0,37.5,308.0,137.0,0.0,0,29.5,35.0,40.0,0.0,0.0,0.0,0.0
1980,Coo Coo Marlin,3,0,0,0.0,20.67,303.0,377.0,0.0,0,31.0,11.0,37.0,0.0,0.0,0.0,0.0
1981,Bill Schmitt,3,0,0,0.0,20.0,314.0,257.0,1.0,0,15.0,14.0,24.0,0.0,0.0,0.0,0.39
1982,Hershel McGriff,2,0,0,0.0,30.5,143.0,115.0,0.0,0,14.0,28.0,33.0,0.0,0.0,0.0,0.0
1985,Tommy Houston,1,0,0,0.0,36.0,55.0,47.0,0.0,0,28.0,36.0,36.0,0.0,0.0,0.0,0.0
2009,Tony Ave,1,0,0,0.0,43.0,34.0,8.0,0.0,0,43.0,43.0,43.0,0.0,0.0,0.0,0.0
1952,Bob Apperson,1,0,0,0.0,36.0,,,0.0,0,,36.0,36.0,0.0,0.0,0.0,
1956,Gene Goodman,1,0,0,0.0,16.0,,130.0,0.0,0,26.0,16.0,16.0,0.0,0.0,0.0,0.0
1963,Pedro Rodriguez,1,0,0,0.0,25.0,0.0,54.0,0.0,0,9.0,25.0,25.0,0.0,0.0,0.0,0.0
1967,Carl Cardey,1,0,0,0.0,44.0,0.0,0.0,0.0,0,26.0,44.0,44.0,0.0,0.0,0.0,
1968,Dexter Gainey,2,0,0,0.0,33.5,33.0,142.0,0.0,0,25.0,24.0,43.0,0.0,0.0,0.0,0.0
1978,Johnny Halford,1,0,0,0.0,30.0,0.0,84.0,0.0,0,32.0,30.0,30.0,0.0,0.0,0.0,0.0
1990,Stanley Smith,1,0,0,0.0,37.0,52.0,54.0,0.0,0,12.0,37.0,37.0,0.0,0.0,0.0,0.0
1992,Rick Scribner,2,0,0,0.0,38.5,95.0,75.0,0.0,0,42.0,36.0,41.0,0.0,0.0,0.0,0.0
2008,Max Papis,2,0,0,0.0,39.0,92.0,192.0,0.0,0,35.0,35.0,43.0,0.0,0.0,0.0,0.0
2023,Travis Pastrana,1,0,0,0.0,11.0,26.0,212.0,2.0,1,40.0,11.0,11.0,0.0,0.0,0.0,0.94
1954,Bill Weiman,1,0,0,0.0,26.0,,20.0,0.0,0,,26.0,26.0,0.0,0.0,0.0,0.0
1956,Chub Williams,1,0,0,0.0,13.0,,225.0,0.0,0,16.0,13.0,13.0,0.0,0.0,0.0,0.0
1957,Carl Joiner,1,0,0,0.0,16.0,,18.0,0.0,0,,16.0,16.0,0.0,0.0,0.0,0.0
1951,Billy Carden,11,2,5,0.0,14.82,,519.0,58.0,0,9.2,3.0,32.0,18.18,45.45,0.0,11.18
1954,Artie Mitchell,1,0,0,0.0,21.0,,9.0,0.0,0,,21.0,21.0,0.0,0.0,0.0,0.0
1957,Danny Graves,7,3,4,1.0,10.29,,787.0,1.0,1,3.86,1.0,23.0,42.86,57.14,14.29,0.13
1959,Shep Langdon,21,0,6,0.0,14.62,3620.0,3976.0,0.0,0,16.81,6.0,25.0,0.0,28.57,0.0,0.0
1960,Herb Tillman,9,0,0,0.0,25.0,3504.0,1705.0,0.0,0,28.0,11.0,49.0,0.0,0.0,0.0,0.0
1961,Jim Reed,8,3,4,0.0,14.25,4708.0,1735.0,32.0,1,15.0,2.0,49.0,37.5,50.0,0.0,1.84
1961,Joe Jones,9,0,0,0.0,21.67,1350.0,895.0,0.0,0,21.88,15.0,35.0,0.0,0.0,0.0,0.0
1961,Herb Tillman,5,0,0,0.0,29.0,1172.0,609.0,0.0,0,20.6,14.0,42.0,0.0,0.0,0.0,0.0
1965,Buddy Baker,42,12,17,0.0,14.12,20672.0,6969.0,0.0,1,13.76,2.0,40.0,28.57,40.48,0.0,0.0
1971,Wendell Scott,37,0,4,0.0,18.41,2181.0,7791.0,0.0,0,25.19,6.0,41.0,0.0,10.81,0.0,0.0
1972,Jackie Oliver,7,1,1,0.0,29.0,0.0,1034.0,0.0,0,18.43,4.0,44.0,14.29,14.29,0.0,0.0
1972,Donnie Allison,10,2,3,0.0,23.7,546.0,1385.0,35.0,0,12.4,3.0,38.0,20.0,30.0,0.0,2.53
1974,Benny Parsons,30,11,14,0.0,14.57,,8120.0,88.0,2,8.6,2.0,35.0,36.67,46.67,0.0,1.08
1981,Bill Elswick,3,0,0,0.0,16.0,91.0,662.0,0.0,0,24.33,11.0,24.0,0.0,0.0,0.0,0.0
1981,Bob Riley,3,0,0,0.0,31.67,131.0,139.0,0.0,0,27.67,30.0,33.0,0.0,0.0,0.0,0.0
1982,Tim Richmond,26,7,12,2.0,14.62,2497.0,6834.0,321.0,6,12.19,1.0,40.0,26.92,46.15,7.69,4.7
1995,Rusty Wallace,31,15,19,2.0,11.84,4240.0,9497.0,1066.0,20,13.9,1.0,34.0,48.39,61.29,6.45,11.22
1996,Dick Trickle,26,0,1,0.0,27.12,2131.0,6694.0,2.0,1,21.54,8.0,43.0,0.0,3.85,0.0,0.03
1997,Sterling Marlin,32,2,6,0.0,24.19,2954.0,8584.0,70.0,8,20.69,3.0,43.0,6.25,18.75,0.0,0.82
2002,Ricky Craven,36,3,9,0.0,19.25,3888.0,10054.0,382.0,17,16.72,3.0,41.0,8.33,25.0,0.0,3.8
2003,Bobby Labonte,36,12,17,2.0,16.14,4377.0,9974.0,497.0,22,11.89,1.0,41.0,33.33,47.22,5.56,4.98
2004,Dale Earnhardt Jr.,36,16,21,6.0,12.11,4919.0,10588.0,1131.0,27,10.94,1.0,35.0,44.44,58.33,16.67,10.68
2009,Kurt Busch,36,10,21,2.0,12.81,4758.0,10334.0,738.0,29,13.39,1.0,38.0,27.78,58.33,5.56,7.14
2025,Ty Dillon,36,0,1,0.0,24.58,469.0,9349.0,19.0,17,25.94,8.0,37.0,0.0,2.78,0.0,0.2
1951,Bud Farrell,5,1,2,0.0,12.4,,373.0,0.0,0,30.5,4.0,21.0,20.0,40.0,0.0,0.0
1951,Dawson Lechlider,4,0,0,0.0,31.0,,49.0,0.0,0,24.0,12.0,50.0,0.0,0.0,0.0,0.0
1952,Ernie Boost,3,0,1,0.0,14.33,,381.0,0.0,0,23.33,10.0,19.0,0.0,33.33,0.0,0.0
1982,Robin McCall,2,0,0,0.0,31.0,140.0,154.0,0.0,0,32.0,29.0,33.0,0.0,0.0,0.0,0.0
1959,Scott Sandman,1,0,0,0.0,21.0,64.0,20.0,0.0,0,20.0,21.0,21.0,0.0,0.0,0.0,0.0
1961,Buzz McCann,1,0,0,0.0,33.0,10.0,1.0,0.0,0,17.0,33.0,33.0,0.0,0.0,0.0,0.0
1961,Jack Hart,1,0,0,0.0,18.0,,52.0,0.0,0,21.0,18.0,18.0,0.0,0.0,0.0,0.0
1973,Sonny Hutchins,1,0,0,0.0,21.0,60.0,254.0,0.0,0,12.0,21.0,21.0,0.0,0.0,0.0,0.0
1989,Ronnie Sanders,1,0,0,0.0,28.0,79.0,184.0,0.0,0,27.0,28.0,28.0,0.0,0.0,0.0,0.0
2015,Matt Crafton,1,0,0,0.0,18.0,0.0,203.0,0.0,1,4.0,18.0,18.0,0.0,0.0,0.0,0.0
1966,Eddie Gray,1,0,0,0.0,32.0,200.0,43.0,0.0,0,21.0,32.0,32.0,0.0,0.0,0.0,0.0
1950,Fonty Flock,7,2,3,1.0,14.57,,951.0,369.0,1,7.17,1.0,28.0,28.57,42.86,14.29,38.8
1950,Jack Carr,2,0,0,0.0,49.5,,52.0,0.0,0,66.0,25.0,74.0,0.0,0.0,0.0,0.0
1954,Bob Flock,2,0,0,0.0,21.5,,167.0,0.0,0,,12.0,31.0,0.0,0.0,0.0,0.0
1955,George Combs,1,0,0,0.0,13.0,104.0,27.0,0.0,0,14.0,13.0,13.0,0.0,0.0,0.0,0.0
1956,Jimmie Lewallen,11,1,1,0.0,22.82,,742.0,0.0,0,16.73,4.0,40.0,9.09,9.09,0.0,0.0
1958,Carl Tyler,10,0,0,0.0,20.8,436.0,1016.0,0.0,0,25.78,11.0,34.0,0.0,0.0,0.0,0.0
1959,Raul Cilloniz,2,0,0,0.0,15.0,1272.0,229.0,0.0,0,32.5,12.0,18.0,0.0,0.0,0.0,0.0
1960,Parnelli Jones,3,0,1,0.0,27.33,320.0,204.0,25.0,0,39.5,6.0,54.0,0.0,33.33,0.0,12.25
1960,Dick Foley,2,0,0,0.0,36.5,140.0,69.0,0.0,0,27.0,12.0,61.0,0.0,0.0,0.0,0.0
1967,Jack Harden,10,0,0,0.0,22.2,5254.0,1393.0,0.0,0,26.7,11.0,33.0,0.0,0.0,0.0,0.0
1968,G.C. Spencer,26,1,6,0.0,21.88,1398.0,4380.0,0.0,0,13.0,4.0,43.0,3.85,23.08,0.0,0.0
1969,Jack Etheridge,1,0,0,0.0,24.0,27.0,7.0,0.0,0,24.0,24.0,24.0,0.0,0.0,0.0,0.0
1969,Bill Dennis,3,0,0,0.0,30.33,133.0,276.0,0.0,0,22.67,23.0,42.0,0.0,0.0,0.0,0.0
1970,Tiny Lund,5,2,2,0.0,19.0,0.0,819.0,7.0,0,12.8,4.0,39.0,40.0,40.0,0.0,0.85
1971,John Soares Jr.,4,0,1,0.0,20.5,264.0,764.0,0.0,0,26.25,6.0,38.0,0.0,25.0,0.0,0.0
1971,Buck Baker,6,1,2,0.0,12.33,374.0,1775.0,0.0,0,14.0,4.0,18.0,16.67,33.33,0.0,0.0
1973,Ron Hornaday,1,0,0,0.0,30.0,42.0,62.0,0.0,0,39.0,30.0,30.0,0.0,0.0,0.0,0.0
1976,Cale Yarborough,30,22,23,9.0,8.2,4644.0,9269.0,3777.0,15,5.07,1.0,42.0,73.33,76.67,30.0,40.75
1981,Tommy Houston,7,0,0,0.0,17.29,315.0,2219.0,0.0,0,27.57,11.0,27.0,0.0,0.0,0.0,0.0
1983,Cale Yarborough,16,4,8,4.0,16.56,1960.0,3783.0,608.0,4,8.0,1.0,40.0,25.0,50.0,25.0,16.07
1983,Philip Duffie,4,0,0,0.0,32.25,265.0,750.0,0.0,0,32.75,27.0,38.0,0.0,0.0,0.0,0.0
1987,Hut Stricklin,3,0,0,0.0,24.33,270.0,912.0,0.0,0,26.67,16.0,29.0,0.0,0.0,0.0,0.0
1988,Ricky Rudd,29,6,11,1.0,15.66,3547.0,8867.0,695.0,10,14.86,1.0,41.0,20.69,37.93,3.45,7.84
1989,Phil Parsons,29,2,3,0.0,21.07,2933.0,7735.0,39.0,5,23.1,3.0,42.0,6.9,10.34,0.0,0.5
1989,Geoff Bodine,29,9,11,1.0,15.0,3600.0,9051.0,511.0,10,7.86,1.0,35.0,31.03,37.93,3.45,5.65
1990,Bill Elliott,29,12,16,1.0,10.97,3999.0,9349.0,1185.0,18,7.93,1.0,33.0,41.38,55.17,3.45,12.68
1991,Kenny Wallace,5,0,0,0.0,27.2,412.0,1544.0,1.0,0,27.0,13.0,43.0,0.0,0.0,0.0,0.06
1997,Bobby Hamilton,32,6,8,1.0,19.63,3450.0,9535.0,416.0,11,23.19,1.0,39.0,18.75,25.0,3.13,4.36
1999,Todd Bodine,7,0,0,0.0,29.14,529.0,2008.0,0.0,0,22.43,15.0,43.0,0.0,0.0,0.0,0.0
2000,Chad Little,27,0,1,0.0,22.19,2634.0,7178.0,7.0,12,31.67,6.0,42.0,0.0,3.7,0.0,0.1
2000,Sterling Marlin,34,1,7,0.0,21.91,3363.0,9459.0,82.0,12,26.71,2.0,42.0,2.94,20.59,0.0,0.87
2001,Kenny Wallace,24,1,2,0.0,26.33,2054.0,7334.0,104.0,4,25.33,2.0,42.0,4.17,8.33,0.0,1.42
2002,Jeremy Mayfield,36,2,4,0.0,24.14,3309.0,10117.0,30.0,11,20.42,2.0,39.0,5.56,11.11,0.0,0.3
2002,Randy Renfrow,1,0,0,0.0,43.0,34.0,58.0,0.0,0,43.0,43.0,43.0,0.0,0.0,0.0,0.0
2006,Jeremy Mayfield,22,0,0,0.0,28.59,1709.0,5816.0,15.0,9,24.27,13.0,42.0,0.0,0.0,0.0,0.26
2008,Kurt Busch,36,5,10,1.0,21.89,3635.0,10272.0,164.0,18,20.39,1.0,43.0,13.89,27.78,2.78,1.6
2013,Justin Allgaier,4,0,0,0.0,30.25,0.0,898.0,0.0,1,29.25,24.0,39.0,0.0,0.0,0.0,0.0
1949,Johnny Rogers,1,0,0,0.0,36.0,,,0.0,0,7.0,36.0,36.0,0.0,0.0,0.0,
1954,E.J. Turner,1,0,0,0.0,28.0,,199.0,0.0,0,,28.0,28.0,0.0,0.0,0.0,0.0
1955,Glen Wood,1,0,0,0.0,26.0,8.0,55.0,0.0,0,23.0,26.0,26.0,0.0,0.0,0.0,0.0
1959,John Paschall,1,0,0,0.0,30.0,,67.0,0.0,0,9.0,30.0,30.0,0.0,0.0,0.0,0.0
1974,L.D. Ottinger,4,0,0,0.0,29.0,,290.0,0.0,0,24.0,25.0,37.0,0.0,0.0,0.0,0.0
1984,Scott Miller,2,0,0,0.0,34.5,119.0,98.0,0.0,0,23.0,33.0,36.0,0.0,0.0,0.0,0.0
2009,Patrick Carpentier,6,0,0,0.0,34.83,351.0,293.0,0.0,1,36.33,11.0,43.0,0.0,0.0,0.0,0.0
2009,Andy Lally,1,0,0,0.0,27.0,82.0,90.0,0.0,1,15.0,27.0,27.0,0.0,0.0,0.0,0.0
1957,Bobby Johns,1,0,0,0.0,16.0,,335.0,0.0,0,23.0,16.0,16.0,0.0,0.0,0.0,0.0
1990,Brian Ross,1,0,0,0.0,27.0,82.0,175.0,0.0,0,35.0,27.0,27.0,0.0,0.0,0.0,0.0
2008,P.J. Jones,1,0,0,0.0,37.0,52.0,89.0,0.0,0,38.0,37.0,37.0,0.0,0.0,0.0,0.0
1952,Banjo Matthews,3,1,1,0.0,12.0,,667.0,0.0,0,26.0,5.0,16.0,33.33,33.33,0.0,0.0
1976,Bill Hollar,1,0,0,0.0,39.0,46.0,2.0,0.0,0,29.0,39.0,39.0,0.0,0.0,0.0,0.0
1976,Bill Dennis,1,0,0,0.0,21.0,100.0,313.0,0.0,0,21.0,21.0,21.0,0.0,0.0,0.0,0.0
1994,Mike Skinner,1,0,0,0.0,31.0,70.0,469.0,0.0,0,38.0,31.0,31.0,0.0,0.0,0.0,0.0
2013,Justin Marks,1,0,0,0.0,30.0,14.0,110.0,0.0,1,36.0,30.0,30.0,0.0,0.0,0.0,0.0
1954,Laird Bruner,24,2,6,0.0,16.88,,3052.0,0.0,0,21.5,5.0,40.0,8.33,25.0,0.0,0.0
1957,Al Tasnady,1,0,0,0.0,52.0,,,0.0,0,40.0,52.0,52.0,0.0,0.0,0.0,
1959,Tiny Lund,27,5,10,0.0,13.11,2158.0,4837.0,0.0,1,11.63,2.0,40.0,18.52,37.04,0.0,0.0
1960,Emanuel Zervakis,14,2,10,0.0,12.43,9720.0,3382.0,0.0,1,11.0,3.0,33.0,14.29,71.43,0.0,0.0
1961,Darrell Dake,2,0,0,0.0,39.5,130.0,54.0,0.0,0,28.5,33.0,46.0,0.0,0.0,0.0,0.0
1961,Joe Clark,2,0,0,0.0,24.0,112.0,56.0,0.0,0,24.0,23.0,25.0,0.0,0.0,0.0,0.0
1963,Len Sutton,4,0,0,0.0,34.75,0.0,274.0,0.0,0,17.0,30.0,40.0,0.0,0.0,0.0,0.0
1963,Emanuel Zervakis,3,0,0,0.0,27.0,1882.0,436.0,0.0,0,26.33,16.0,41.0,0.0,0.0,0.0,0.0
1965,Bunkie Blackburn,6,0,1,0.0,26.0,1194.0,371.0,0.0,0,16.67,6.0,37.0,0.0,16.67,0.0,0.0
1967,Tom Pistone,9,1,5,0.0,17.89,2366.0,1455.0,0.0,0,11.67,3.0,36.0,11.11,55.56,0.0,0.0
1971,Glenn Francis,1,0,0,0.0,34.0,51.0,27.0,0.0,0,39.0,34.0,34.0,0.0,0.0,0.0,0.0
1971,Jabe Thomas,43,2,15,0.0,14.98,3086.0,11360.0,0.0,0,19.72,4.0,38.0,4.65,34.88,0.0,0.0
1971,Jimmy Finger,1,0,0,0.0,47.0,12.0,18.0,0.0,0,48.0,47.0,47.0,0.0,0.0,0.0,0.0
1973,Henley Gray,24,0,4,0.0,18.58,1556.0,7517.0,0.0,0,27.13,9.0,34.0,0.0,16.67,0.0,0.0
1974,David Sisco,28,2,9,0.0,15.39,,7484.0,42.0,0,22.29,3.0,39.0,7.14,32.14,0.0,0.56
1977,Skip Manning,28,1,8,0.0,17.61,3120.0,7529.0,13.0,1,14.61,3.0,38.0,3.57,28.57,0.0,0.17
1978,Sam Sommers,2,0,0,0.0,19.5,127.0,512.0,0.0,0,28.0,12.0,27.0,0.0,0.0,0.0,0.0
1985,Lake Speed,28,2,14,0.0,13.43,3507.0,8572.0,8.0,2,16.0,2.0,40.0,7.14,50.0,0.0,0.09
1985,Joe Ruttman,16,1,4,0.0,22.56,1410.0,3378.0,5.0,0,15.5,5.0,40.0,6.25,25.0,0.0,0.15
1987,Rodney Combs,14,0,0,0.0,24.71,1098.0,2752.0,0.0,0,31.5,16.0,37.0,0.0,0.0,0.0,0.0
1988,Rick Wilson,28,2,5,0.0,21.86,2782.0,6870.0,151.0,6,17.36,2.0,41.0,7.14,17.86,0.0,2.2
1989,Rick Mast,13,0,1,0.0,21.0,1315.0,4160.0,14.0,1,21.08,6.0,34.0,0.0,7.69,0.0,0.34
1992,Dorsey Schroeder,2,0,0,0.0,27.0,164.0,372.0,0.0,0,36.0,19.0,35.0,0.0,0.0,0.0,0.0
1993,Mark Martin,30,12,19,5.0,11.57,4150.0,9381.0,1349.0,18,8.77,1.0,40.0,40.0,63.33,16.67,14.38
1994,Butch Miller,2,0,0,0.0,19.0,212.0,842.0,0.0,0,39.5,18.0,20.0,0.0,0.0,0.0,0.0
1999,Jeff Burton,34,18,23,6.0,11.29,4733.0,9878.0,1064.0,24,18.35,1.0,37.0,52.94,67.65,17.65,10.77
2001,Rusty Wallace,36,8,14,1.0,14.44,4481.0,10138.0,1104.0,26,15.14,1.0,43.0,22.22,38.89,2.78,10.89
2004,Jeff Burton,36,2,6,0.0,18.72,3902.0,9732.0,56.0,21,23.75,4.0,42.0,5.56,16.67,0.0,0.58
2008,Terry Labonte,10,0,0,0.0,27.3,811.0,1968.0,0.0,5,31.1,16.0,38.0,0.0,0.0,0.0,0.0
2013,Austin Dillon,11,0,0,0.0,23.09,0.0,2829.0,0.0,3,19.55,11.0,33.0,0.0,0.0,0.0,0.0
2014,Johnny Sauter,1,0,0,0.0,43.0,0.0,11.0,0.0,0,43.0,43.0,43.0,0.0,0.0,0.0,0.0
2014,Ty Dillon,2,0,0,0.0,26.0,0.0,642.0,0.0,0,27.5,25.0,27.0,0.0,0.0,0.0,0.0
2016,Paul Menard,36,0,3,0.0,22.03,688.0,9769.0,20.0,18,19.53,8.0,40.0,0.0,8.33,0.0,0.2
2023,Brad Keselowski,36,7,16,0.0,14.44,1026.0,9054.0,341.0,31,14.5,2.0,35.0,19.44,44.44,0.0,3.77
1950,Lee Hough,2,0,0,0.0,26.5,,60.0,0.0,0,,25.0,28.0,0.0,0.0,0.0,0.0
1951,Fuzzy Anderson,2,0,0,0.0,15.5,,0.0,0.0,0,6.0,13.0,18.0,0.0,0.0,0.0,
1958,Buzz Wilson,4,0,0,0.0,18.75,168.0,386.0,0.0,0,14.75,11.0,23.0,0.0,0.0,0.0,0.0
1965,Curtis Turner,7,3,3,1.0,19.0,5542.0,1360.0,256.0,2,5.86,1.0,36.0,42.86,42.86,14.29,18.82
1968,Bob Moore,4,0,1,0.0,15.0,240.0,1033.0,0.0,0,27.25,10.0,26.0,0.0,25.0,0.0,0.0
1971,Gordon Birkett,2,0,0,0.0,25.5,82.0,263.0,0.0,0,32.0,21.0,30.0,0.0,0.0,0.0,0.0
1974,Dan Daughtry,8,0,1,0.0,33.13,,772.0,6.0,0,15.5,10.0,48.0,0.0,12.5,0.0,0.78
1976,Jack Donohue,3,0,0,0.0,25.33,261.0,888.0,0.0,0,25.0,19.0,36.0,0.0,0.0,0.0,0.0
1989,Mark Gibson,1,0,0,0.0,33.0,64.0,100.0,0.0,0,40.0,33.0,33.0,0.0,0.0,0.0,0.0
1989,Mike Potter,1,0,0,0.0,34.0,61.0,137.0,0.0,0,38.0,34.0,34.0,0.0,0.0,0.0,0.0
1989,Roy Smith,2,0,0,0.0,40.0,40.0,86.0,0.0,0,37.0,39.0,41.0,0.0,0.0,0.0,0.0
2013,Johnny Sauter,2,0,0,0.0,42.0,0.0,137.0,0.0,0,41.0,42.0,42.0,0.0,0.0,0.0,0.0
1954,Joe Bossard,2,0,0,0.0,20.0,,206.0,0.0,0,,19.0,21.0,0.0,0.0,0.0,0.0
1959,Possum Jones,1,0,0,0.0,38.0,80.0,74.0,0.0,0,13.0,38.0,38.0,0.0,0.0,0.0,0.0
1966,Scotty Cain,1,0,0,0.0,36.0,100.0,20.0,0.0,0,20.0,36.0,36.0,0.0,0.0,0.0,0.0
1982,L.W. Wright,1,0,0,0.0,39.0,0.0,13.0,0.0,0,36.0,39.0,39.0,0.0,0.0,0.0,0.0
1953,Junior Johnson,1,0,0,0.0,38.0,,222.0,0.0,0,26.0,38.0,38.0,0.0,0.0,0.0,0.0
1955,Bill West,3,1,2,0.0,12.33,618.0,374.0,0.0,0,8.33,3.0,27.0,33.33,66.67,0.0,0.0
1956,Bob Welborn,6,0,2,0.0,21.33,,973.0,0.0,0,13.5,6.0,65.0,0.0,33.33,0.0,0.0
1957,Ed Negre,6,1,3,0.0,14.33,,519.0,0.0,0,12.0,5.0,33.0,16.67,50.0,0.0,0.0
1959,Eddie Gray,2,1,1,1.0,14.5,,317.0,1.0,1,10.5,1.0,28.0,50.0,50.0,50.0,0.32
1961,Roscoe Thompson,6,0,2,0.0,25.5,3602.0,721.0,0.0,0,15.33,8.0,50.0,0.0,33.33,0.0,0.0
1961,Bruce Worrell,4,0,2,0.0,13.25,856.0,391.0,0.0,0,10.0,6.0,27.0,0.0,50.0,0.0,0.0
1961,Gus Newman,2,0,0,0.0,18.0,272.0,40.0,0.0,0,18.5,14.0,22.0,0.0,0.0,0.0,0.0
1964,Fireball Roberts,10,5,6,1.0,14.3,9900.0,1702.0,17.0,4,8.2,1.0,37.0,50.0,60.0,10.0,1.0
1967,Clyde Lynn,44,5,22,0.0,13.89,19964.0,9556.0,0.0,0,19.39,4.0,39.0,11.36,50.0,0.0,0.0
1978,Connie Saylor,3,0,1,0.0,19.33,318.0,820.0,0.0,0,27.33,8.0,34.0,0.0,33.33,0.0,0.0
1980,John Borneman,2,0,0,0.0,32.5,131.0,84.0,0.0,0,21.0,31.0,34.0,0.0,0.0,0.0,0.0
1982,Roy Smith,3,0,2,0.0,13.33,375.0,394.0,0.0,0,21.0,6.0,24.0,0.0,66.67,0.0,0.0
1987,Ken Schrader,29,1,10,0.0,16.21,3405.0,8162.0,154.0,6,11.9,5.0,35.0,3.45,34.48,0.0,1.89
1994,Derrike Cope,30,0,2,0.0,25.5,2612.0,8506.0,11.0,1,20.6,7.0,43.0,0.0,6.67,0.0,0.13
1996,Morgan Shepherd,31,1,5,0.0,21.1,3133.0,8976.0,50.0,9,24.45,5.0,43.0,3.23,16.13,0.0,0.56
1996,Tommy Kendall,1,0,0,0.0,28.0,84.0,73.0,4.0,0,32.0,28.0,28.0,0.0,0.0,0.0,5.48
1997,David Green,26,0,0,0.0,28.27,2038.0,7282.0,1.0,4,25.04,16.0,41.0,0.0,0.0,0.0,0.01
2003,Boris Said,2,0,1,0.0,22.5,201.0,190.0,1.0,1,5.5,6.0,39.0,0.0,50.0,0.0,0.53
2005,Stuart Kirby,7,0,0,0.0,37.57,352.0,1286.0,0.0,0,35.14,31.0,43.0,0.0,0.0,0.0,0.0
2006,Derrike Cope,9,0,0,0.0,41.11,317.0,848.0,0.0,0,36.33,34.0,43.0,0.0,0.0,0.0,0.0
2013,Bobby Labonte,28,0,0,0.0,29.36,412.0,6943.0,7.0,7,29.07,15.0,43.0,0.0,0.0,0.0,0.1
2014,Denny Hamlin,35,7,18,1.0,14.26,1061.0,9710.0,363.0,28,14.49,1.0,42.0,20.0,51.43,2.86,3.74
1950,Bill Bonner,1,0,0,0.0,15.0,,,0.0,0,,15.0,15.0,0.0,0.0,0.0,
1956,Wally Gervais,3,0,0,0.0,24.0,0.0,110.0,0.0,0,24.5,19.0,34.0,0.0,0.0,0.0,0.0
1962,H.G. Rosier,5,0,1,0.0,22.4,1634.0,772.0,0.0,0,20.0,6.0,41.0,0.0,20.0,0.0,0.0
1962,George Fox,1,0,0,0.0,31.0,20.0,3.0,0.0,0,29.0,31.0,31.0,0.0,0.0,0.0,0.0
1969,Cliff Garner,1,0,0,0.0,30.0,63.0,48.0,0.0,0,17.0,30.0,30.0,0.0,0.0,0.0,0.0
1973,Gordon Johncock,6,1,1,0.0,23.5,0.0,1307.0,0.0,0,9.33,4.0,38.0,16.67,16.67,0.0,0.0
1979,Connie Saylor,2,0,0,0.0,26.0,170.0,262.0,0.0,0,13.5,18.0,34.0,0.0,0.0,0.0,0.0
1949,Al Wagoner,1,0,1,0.0,8.0,,178.0,0.0,0,13.0,8.0,8.0,0.0,100.0,0.0,0.0
1953,Gene Darragh,1,0,0,0.0,38.0,,,0.0,0,,38.0,38.0,0.0,0.0,0.0,
1961,Gene Stokes,2,0,0,0.0,33.5,272.0,96.0,0.0,0,35.5,19.0,48.0,0.0,0.0,0.0,0.0
1974,Neil Bonnett,2,0,0,0.0,42.0,,97.0,0.0,0,29.5,39.0,45.0,0.0,0.0,0.0,0.0
1982,Don Puskarich,1,0,0,0.0,20.0,103.0,87.0,0.0,0,36.0,20.0,20.0,0.0,0.0,0.0,0.0
1986,Jim Hull,1,0,0,0.0,23.0,94.0,191.0,0.0,0,41.0,23.0,23.0,0.0,0.0,0.0,0.0
2012,Stacy Compton,1,0,0,0.0,39.0,5.0,24.0,0.0,0,39.0,39.0,39.0,0.0,0.0,0.0,0.0
2013,Parker Kligerman,2,0,0,0.0,21.5,0.0,599.0,0.0,1,26.5,18.0,25.0,0.0,0.0,0.0,0.0
1951,Nick Nicolette,1,0,0,0.0,31.0,,,0.0,0,,31.0,31.0,0.0,0.0,0.0,
1955,Marvin Copple,1,0,0,0.0,14.0,,37.0,0.0,0,21.0,14.0,14.0,0.0,0.0,0.0,0.0
1950,Billy Carden,3,0,0,0.0,25.67,,368.0,0.0,0,11.0,13.0,36.0,0.0,0.0,0.0,0.0
1951,Iggy Katona,5,0,0,0.0,22.8,,559.0,0.0,0,54.0,11.0,44.0,0.0,0.0,0.0,0.0
1951,Augie Walackas,4,1,3,0.0,13.5,,,0.0,0,11.0,3.0,31.0,25.0,75.0,0.0,
1955,Allen Adkins,4,2,2,0.0,8.75,740.0,601.0,79.0,0,5.75,2.0,16.0,50.0,50.0,0.0,13.14
1958,G.C. Spencer,1,0,0,0.0,16.0,1040.0,343.0,0.0,0,12.0,16.0,16.0,0.0,0.0,0.0,0.0
1964,Cale Yarborough,26,2,9,0.0,14.81,12618.0,4990.0,10.0,0,13.23,5.0,28.0,7.69,34.62,0.0,0.2
1964,Bunkie Blackburn,14,1,4,0.0,21.43,7264.0,2295.0,0.0,0,18.36,4.0,43.0,7.14,28.57,0.0,0.0
1965,Bob Connor,1,0,0,0.0,16.0,1300.0,115.0,0.0,0,37.0,16.0,16.0,0.0,0.0,0.0,0.0
1966,Joe Holder,1,0,0,0.0,30.0,16.0,2.0,0.0,0,30.0,30.0,30.0,0.0,0.0,0.0,0.0
1968,Bob Cooper,14,0,1,0.0,23.14,664.0,2170.0,0.0,0,20.21,9.0,40.0,0.0,7.14,0.0,0.0
1968,John Winger,3,0,0,0.0,19.0,57.0,381.0,0.0,0,12.67,12.0,24.0,0.0,0.0,0.0,0.0
1969,Joe Leonard,1,0,0,0.0,31.0,0.0,47.0,0.0,0,12.0,31.0,31.0,0.0,0.0,0.0,0.0
1970,Joe Phipps,7,0,0,0.0,19.43,325.0,1506.0,0.0,0,29.29,11.0,28.0,0.0,0.0,0.0,0.0
1970,Charlie Roberts,3,0,0,0.0,32.33,98.0,95.0,0.0,0,26.67,25.0,43.0,0.0,0.0,0.0,0.0
1972,George Altheide,11,0,0,0.0,25.55,558.0,1578.0,0.0,0,25.45,15.0,40.0,0.0,0.0,0.0,0.0
1975,Don Puskarich,3,0,0,0.0,27.0,246.0,184.0,0.0,0,31.67,12.0,37.0,0.0,0.0,0.0,0.0
1976,Rick Newsom,7,0,0,0.0,25.43,607.0,1604.0,0.0,0,31.14,18.0,38.0,0.0,0.0,0.0,0.0
1982,Tighe Scott,1,0,0,0.0,29.0,0.0,81.0,0.0,0,30.0,29.0,29.0,0.0,0.0,0.0,0.0
1983,Morgan Shepherd,25,3,13,0.0,15.92,2733.0,6309.0,5.0,3,19.32,2.0,37.0,12.0,52.0,0.0,0.08
1988,Hershel McGriff,3,0,0,0.0,31.67,204.0,316.0,0.0,0,30.67,25.0,36.0,0.0,0.0,0.0,0.0
1993,Kenny Wallace,30,0,3,0.0,22.3,2893.0,8806.0,1.0,2,28.07,9.0,37.0,0.0,10.0,0.0,0.01
1994,Dale Earnhardt,31,20,25,4.0,8.03,4694.0,9546.0,1015.0,22,15.32,1.0,40.0,64.52,80.65,12.9,10.63
1996,Bill Elliott,24,0,6,0.0,18.46,2627.0,7439.0,109.0,6,18.88,8.0,41.0,0.0,25.0,0.0,1.47
1997,Jeff Burton,32,13,18,3.0,12.41,4285.0,9275.0,696.0,24,20.69,1.0,42.0,40.63,56.25,9.38,7.5
2004,Kurt Busch,36,10,21,3.0,12.47,4795.0,10215.0,746.0,25,15.03,1.0,42.0,27.78,58.33,8.33,7.3
2005,Rusty Wallace,36,8,17,0.0,13.78,4512.0,10603.0,259.0,28,19.28,2.0,37.0,22.22,47.22,0.0,2.44
2009,David Ragan,36,0,2,0.0,24.44,3252.0,9919.0,4.0,16,26.86,6.0,42.0,0.0,5.56,0.0,0.04
2011,Scott Wimmer,4,0,0,0.0,35.0,0.0,518.0,1.0,0,40.25,27.0,38.0,0.0,0.0,0.0,0.19
2018,B.J. McLeod,14,0,0,0.0,33.5,0.0,3443.0,0.0,0,35.14,28.0,40.0,0.0,0.0,0.0,0.0
2023,Austin Cindric,36,1,5,0.0,21.64,617.0,9137.0,33.0,20,18.28,5.0,37.0,2.78,13.89,0.0,0.36
2024,Harrison Burton,36,1,2,1.0,25.72,433.0,9126.0,13.0,18,24.47,1.0,39.0,2.78,5.56,2.78,0.14
1954,Junior Johnson,4,1,1,0.0,26.0,,535.0,0.0,0,1.0,5.0,51.0,25.0,25.0,0.0,0.0
1954,John Lindsay,1,0,0,0.0,31.0,,197.0,0.0,0,,31.0,31.0,0.0,0.0,0.0,0.0
1954,Joe Guide,2,0,0,0.0,25.5,,160.0,0.0,0,,25.0,26.0,0.0,0.0,0.0,0.0
1956,Al Pombo,2,0,0,0.0,21.5,,334.0,0.0,0,9.0,20.0,23.0,0.0,0.0,0.0,0.0
1956,James Jones,1,0,0,0.0,15.0,,169.0,0.0,0,21.0,15.0,15.0,0.0,0.0,0.0,0.0
1957,Pee Wee Jones,1,0,0,0.0,15.0,,262.0,0.0,0,13.0,15.0,15.0,0.0,0.0,0.0,0.0
1969,John Kenney,2,0,0,0.0,35.5,24.0,5.0,0.0,0,27.5,28.0,43.0,0.0,0.0,0.0,0.0
1971,Tru Cheek,1,0,0,0.0,24.0,81.0,57.0,0.0,0,32.0,24.0,24.0,0.0,0.0,0.0,0.0
1974,Glenn Francis,2,0,0,0.0,17.5,,258.0,0.0,0,25.5,13.0,22.0,0.0,0.0,0.0,0.0
1983,John Krebs,1,0,0,0.0,32.0,67.0,60.0,0.0,0,36.0,32.0,32.0,0.0,0.0,0.0,0.0
1986,Rodney Combs,5,0,0,0.0,26.6,421.0,909.0,4.0,0,22.6,16.0,37.0,0.0,0.0,0.0,0.44
1997,Jeff Davis,1,0,0,0.0,37.0,52.0,60.0,0.0,0,42.0,37.0,37.0,0.0,0.0,0.0,0.0
2005,Johnny Miller,1,0,0,0.0,29.0,76.0,92.0,0.0,1,40.0,29.0,29.0,0.0,0.0,0.0,0.0
2025,Jesse Love,5,0,0,0.0,29.6,0.0,1539.0,0.0,0,31.2,24.0,33.0,0.0,0.0,0.0,0.0
1951,Norm McCarthy,3,0,1,0.0,23.33,,,0.0,0,,8.0,32.0,0.0,33.33,0.0,
1961,Charlie Chapman,6,0,0,0.0,20.0,874.0,702.0,0.0,0,22.5,12.0,30.0,0.0,0.0,0.0,0.0
1971,Ernie Shaw,2,0,1,0.0,15.0,142.0,578.0,0.0,0,25.0,8.0,22.0,0.0,50.0,0.0,0.0
1972,Johnny Halford,5,0,1,0.0,19.0,320.0,1032.0,0.0,0,23.0,10.0,28.0,0.0,20.0,0.0,0.0
2012,David Mayhew,1,0,0,0.0,40.0,4.0,25.0,0.0,0,33.0,40.0,40.0,0.0,0.0,0.0,0.0
1953,Nero Steptoe,1,0,0,0.0,11.0,,,0.0,0,,11.0,11.0,0.0,0.0,0.0,
1974,Jim Lee,1,0,0,0.0,32.0,,21.0,0.0,0,24.0,32.0,32.0,0.0,0.0,0.0,0.0
1991,Andy Hillenburg,2,0,0,0.0,36.0,110.0,320.0,0.0,0,34.5,32.0,40.0,0.0,0.0,0.0,0.0
1951,Bob Prince,1,0,0,0.0,24.0,,199.0,0.0,0,41.0,24.0,24.0,0.0,0.0,0.0,0.0
1953,Ewell Weddle,4,0,1,0.0,13.75,,,0.0,0,28.0,10.0,19.0,0.0,25.0,0.0,
1953,Ned Jarrett,2,0,0,0.0,35.0,,8.0,0.0,0,52.0,11.0,59.0,0.0,0.0,0.0,0.0
1960,Lee Petty,39,21,30,5.0,8.64,14350.0,7518.0,514.0,13,7.74,1.0,56.0,53.85,76.92,12.82,6.84
1961,Harry Leake,15,0,7,0.0,13.6,3092.0,2375.0,0.0,0,17.07,8.0,28.0,0.0,46.67,0.0,0.0
1961,Bill Foster,1,0,0,0.0,21.0,80.0,61.0,0.0,0,,21.0,21.0,0.0,0.0,0.0,0.0
1962,Ray Hughes,6,0,2,0.0,14.0,1296.0,1289.0,0.0,0,18.0,9.0,23.0,0.0,33.33,0.0,0.0
1966,Richard Petty,39,20,22,8.0,10.97,22952.0,8737.0,2924.0,14,3.62,1.0,38.0,51.28,56.41,20.51,33.47
1966,Roy Hallquist,4,2,2,0.0,11.0,1048.0,547.0,0.0,0,15.25,4.0,22.0,50.0,50.0,0.0,0.0
1967,Elmer Gilliam,3,0,0,0.0,31.0,72.0,9.0,0.0,0,26.33,29.0,35.0,0.0,0.0,0.0,0.0
1969,Wendell Scott,51,0,11,0.0,15.98,3013.0,11856.0,0.0,0,22.51,6.0,39.0,0.0,21.57,0.0,0.0
1972,Red Farmer,5,1,1,0.0,29.0,220.0,474.0,0.0,0,15.4,4.0,41.0,20.0,20.0,0.0,0.0
1974,Don Pruitt,1,0,0,0.0,32.0,,28.0,0.0,0,30.0,32.0,32.0,0.0,0.0,0.0,0.0
1980,Richard Petty,31,15,19,2.0,11.71,4255.0,9314.0,714.0,10,9.1,1.0,33.0,48.39,61.29,6.45,7.67
1984,Dean Combs,12,0,0,0.0,29.25,903.0,2399.0,0.0,0,25.83,18.0,38.0,0.0,0.0,0.0,0.0
1986,Rick McCray,2,0,0,0.0,32.5,131.0,123.0,0.0,0,35.0,28.0,37.0,0.0,0.0,0.0,0.0
1988,Richard Petty,29,1,5,0.0,24.45,2644.0,6207.0,11.0,3,23.79,3.0,41.0,3.45,17.24,0.0,0.18
1988,J.D. McDuffie,2,0,0,0.0,30.5,148.0,516.0,1.0,0,37.0,25.0,36.0,0.0,0.0,0.0,0.19
1989,Terry Labonte,29,9,11,2.0,15.14,3569.0,8236.0,105.0,10,13.21,1.0,40.0,31.03,37.93,6.9,1.27
1993,Dave Marcis,23,0,0,0.0,26.0,1970.0,6233.0,14.0,0,33.57,15.0,39.0,0.0,0.0,0.0,0.22
1995,John Andretti,31,1,5,0.0,21.26,3140.0,8412.0,77.0,7,21.55,4.0,41.0,3.23,16.13,0.0,0.92
1995,Jeremy Mayfield,27,0,1,0.0,22.0,2637.0,7943.0,79.0,3,23.74,8.0,36.0,0.0,3.7,0.0,0.99
1995,Rich Bickle,8,0,0,0.0,32.13,538.0,1995.0,2.0,0,28.75,21.0,38.0,0.0,0.0,0.0,0.1
1998,Ken Schrader,33,3,11,0.0,17.88,3675.0,9238.0,60.0,12,17.24,4.0,43.0,9.09,33.33,0.0,0.65
2013,David Stremme,25,0,0,0.0,29.56,362.0,6840.0,1.0,5,33.08,12.0,40.0,0.0,0.0,0.0,0.01
2017,Austin Dillon,36,3,4,1.0,18.61,701.0,10146.0,12.0,21,19.06,1.0,39.0,8.33,11.11,2.78,0.12
2017,Reed Sorenson,28,0,0,0.0,32.07,150.0,7959.0,1.0,1,34.79,25.0,40.0,0.0,0.0,0.0,0.01
2017,Derrike Cope,15,0,0,0.0,35.07,42.0,3681.0,0.0,0,37.2,31.0,40.0,0.0,0.0,0.0,0.0
2018,Kyle Larson,36,12,19,0.0,12.56,1136.0,9768.0,782.0,29,12.78,2.0,40.0,33.33,52.78,0.0,8.01
2018,A.J. Allmendinger,36,1,5,0.0,21.25,602.0,9214.0,19.0,12,22.11,3.0,39.0,2.78,13.89,0.0,0.21
2020,B.J. McLeod,16,0,0,0.0,34.56,0.0,3024.0,0.0,0,37.63,22.0,40.0,0.0,0.0,0.0,0.0
2021,Cody Ware,32,0,0,0.0,31.13,0.0,6910.0,5.0,4,32.41,21.0,40.0,0.0,0.0,0.0,0.07
2023,Justin Haley,36,1,6,0.0,21.0,593.0,9025.0,24.0,21,24.36,2.0,38.0,2.78,16.67,0.0,0.27
1951,George Cavana,1,0,0,0.0,13.0,,,0.0,0,31.0,13.0,13.0,0.0,0.0,0.0,
1955,Ed Paskovich,5,0,1,0.0,25.6,288.0,333.0,0.0,0,27.6,10.0,40.0,0.0,20.0,0.0,0.0
1971,Mike James,1,0,0,0.0,40.0,33.0,1.0,0.0,0,16.0,40.0,40.0,0.0,0.0,0.0,0.0
1982,Bobby Hillin Jr.,5,0,0,0.0,22.4,379.0,917.0,0.0,0,27.6,16.0,36.0,0.0,0.0,0.0,0.0
1999,Tom Hubert,2,0,0,0.0,30.5,143.0,373.0,0.0,0,17.0,28.0,33.0,0.0,0.0,0.0,0.0
2010,P.J. Jones,5,0,0,0.0,38.2,242.0,393.0,0.0,0,39.8,35.0,41.0,0.0,0.0,0.0,0.0
2021,Joey Hand,1,0,0,0.0,27.0,10.0,109.0,0.0,1,36.0,27.0,27.0,0.0,0.0,0.0,0.0
1968,Tommy Gale,1,0,0,0.0,30.0,0.0,172.0,0.0,0,26.0,30.0,30.0,0.0,0.0,0.0,0.0
2013,Elliott Sadler,5,0,0,0.0,24.6,0.0,1493.0,6.0,1,23.2,14.0,40.0,0.0,0.0,0.0,0.4
1951,Jim Mayes,1,0,0,0.0,13.0,,,0.0,0,,13.0,13.0,0.0,0.0,0.0,
1954,Al Neves,2,0,0,0.0,22.5,,455.0,0.0,0,,19.0,26.0,0.0,0.0,0.0,0.0
1984,Johnny Coy Jr.,1,0,0,0.0,23.0,0.0,416.0,0.0,0,33.0,23.0,23.0,0.0,0.0,0.0,0.0
2013,Brian Scott,1,0,0,0.0,27.0,0.0,330.0,0.0,0,19.0,27.0,27.0,0.0,0.0,0.0,0.0
1950,Harold Kite,3,1,1,1.0,17.0,,382.0,38.0,1,12.5,1.0,38.0,33.33,33.33,33.33,9.95
1951,C.H. Dingler,3,0,0,0.0,18.0,,,0.0,0,,12.0,25.0,0.0,0.0,0.0,
1951,Tom Suligoy,1,0,0,0.0,39.0,,115.0,0.0,0,11.0,39.0,39.0,0.0,0.0,0.0,0.0
1955,Herb Crawford,3,0,1,0.0,14.67,170.0,338.0,0.0,0,22.0,10.0,21.0,0.0,33.33,0.0,0.0
1955,Cliff Wright,1,0,0,0.0,27.0,20.0,178.0,0.0,0,33.0,27.0,27.0,0.0,0.0,0.0,0.0
1956,Dink Widenhouse,7,1,3,0.0,21.43,,734.0,0.0,0,19.29,4.0,54.0,14.29,42.86,0.0,0.0
1956,Clyde Palmer,11,4,6,0.0,15.27,,1730.0,0.0,3,15.9,2.0,48.0,36.36,54.55,0.0,0.0
1956,Charlie Scott,1,0,0,0.0,19.0,,,0.0,0,14.0,19.0,19.0,0.0,0.0,0.0,
1956,Bud Palmer,1,0,0,0.0,45.0,,,0.0,0,69.0,45.0,45.0,0.0,0.0,0.0,
1960,L.D. Austin,27,1,10,0.0,15.41,5920.0,4822.0,0.0,0,22.74,5.0,47.0,3.7,37.04,0.0,0.0
1961,Buddy Baker,14,1,3,0.0,18.57,3668.0,2370.0,0.0,0,18.21,5.0,40.0,7.14,21.43,0.0,0.0
1961,Jack Norton,4,0,1,0.0,14.0,864.0,352.0,0.0,0,22.0,10.0,16.0,0.0,25.0,0.0,0.0
1962,G.C. Spencer,42,6,13,0.0,15.81,9788.0,7300.0,0.0,0,14.32,4.0,45.0,14.29,30.95,0.0,0.0
1963,Bud Harless,5,0,1,0.0,16.8,2156.0,1508.0,0.0,0,22.2,9.0,31.0,0.0,20.0,0.0,0.0
1964,Maurice Petty,6,2,5,0.0,8.5,1772.0,1130.0,0.0,0,8.67,4.0,22.0,33.33,83.33,0.0,0.0
1971,John Sears,37,0,3,0.0,20.78,2168.0,7512.0,0.0,0,21.41,8.0,36.0,0.0,8.11,0.0,0.0
1971,Ronnie Chumley,2,0,0,0.0,19.5,111.0,291.0,0.0,0,20.5,12.0,27.0,0.0,0.0,0.0,0.0
1977,Dick Brooks,29,7,20,0.0,12.66,3742.0,8191.0,8.0,1,13.66,2.0,39.0,24.14,68.97,0.0,0.1
1979,Tighe Scott,17,1,7,0.0,18.0,1879.0,3834.0,0.0,0,18.65,4.0,37.0,5.88,41.18,0.0,0.0
1981,Joe Millikan,23,3,10,0.0,16.35,2682.0,6735.0,15.0,1,15.43,3.0,38.0,13.04,43.48,0.0,0.22
1986,Pancho Carter,9,0,0,0.0,28.56,706.0,1423.0,3.0,0,26.33,17.0,40.0,0.0,0.0,0.0,0.21
1996,Dale Jarrett,31,17,21,4.0,8.84,4568.0,9307.0,755.0,23,12.06,1.0,38.0,54.84,67.74,12.9,8.11
1998,Jeff Gordon,33,26,28,13.0,5.7,5328.0,9818.0,1717.0,28,6.97,1.0,37.0,78.79,84.85,39.39,17.49
2000,Andy Houston,5,0,0,0.0,33.4,314.0,1209.0,0.0,0,31.8,26.0,42.0,0.0,0.0,0.0,0.0
2005,Carl Edwards,36,13,18,4.0,13.97,4597.0,10358.0,434.0,26,18.92,1.0,39.0,36.11,50.0,11.11,4.19
2019,Michael McDowell,36,2,2,0.0,24.17,485.0,9366.0,18.0,11,20.86,5.0,40.0,5.56,5.56,0.0,0.19
2020,Timmy Hill,36,0,0,0.0,33.17,0.0,7825.0,1.0,3,35.97,15.0,39.0,0.0,0.0,0.0,0.01
2024,Austin Hill,4,0,0,0.0,31.75,0.0,582.0,1.0,1,31.25,25.0,38.0,0.0,0.0,0.0,0.17
1949,Ed Tyson,1,0,0,0.0,21.0,,169.0,0.0,0,12.0,21.0,21.0,0.0,0.0,0.0,0.0
1952,Bob Welborn,3,0,0,0.0,17.67,,324.0,0.0,0,19.0,12.0,21.0,0.0,0.0,0.0,0.0
1972,D.K. Ulrich,4,0,0,0.0,20.5,244.0,1001.0,0.0,0,30.0,11.0,38.0,0.0,0.0,0.0,0.0
1974,Ron Keselowski,4,0,0,0.0,24.25,,456.0,0.0,0,14.25,16.0,29.0,0.0,0.0,0.0,0.0
1992,Phil Barkdoll,2,0,0,0.0,22.5,191.0,354.0,0.0,0,30.0,17.0,28.0,0.0,0.0,0.0,0.0
1957,Bobby Myers,2,0,0,0.0,31.0,,53.0,1.0,0,4.0,19.0,43.0,0.0,0.0,0.0,1.89
1957,Pete Diviney,1,0,0,0.0,26.0,,13.0,0.0,0,22.0,26.0,26.0,0.0,0.0,0.0,0.0
1962,Jim Street,1,0,0,0.0,24.0,0.0,8.0,0.0,0,17.0,24.0,24.0,0.0,0.0,0.0,0.0
1966,Harold Dunnaway,1,0,0,0.0,40.0,104.0,14.0,0.0,0,36.0,40.0,40.0,0.0,0.0,0.0,0.0
2025,Will Brown,1,0,0,0.0,39.0,1.0,2.0,0.0,0,19.0,39.0,39.0,0.0,0.0,0.0,0.0
1949,John Riggi,1,0,0,0.0,22.0,,33.0,0.0,0,,22.0,22.0,0.0,0.0,0.0,0.0
1952,John Scarfo,1,0,0,0.0,28.0,,135.0,0.0,0,12.0,28.0,28.0,0.0,0.0,0.0,0.0
1954,Harry LaVois,1,0,1,0.0,6.0,,49.0,0.0,0,5.0,6.0,6.0,0.0,100.0,0.0,0.0
1959,George Dunn,1,0,0,0.0,11.0,0.0,145.0,0.0,0,10.0,11.0,11.0,0.0,0.0,0.0,0.0
1959,John Findlay,1,0,0,0.0,17.0,112.0,116.0,0.0,0,,17.0,17.0,0.0,0.0,0.0,0.0
1962,Frank Graham,1,0,1,0.0,8.0,288.0,178.0,0.0,0,15.0,8.0,8.0,0.0,100.0,0.0,0.0
1978,John Borneman,3,0,0,0.0,25.0,264.0,305.0,0.0,0,17.67,23.0,27.0,0.0,0.0,0.0,0.0
1984,Tommie Crozier,1,0,0,0.0,27.0,82.0,277.0,0.0,0,40.0,27.0,27.0,0.0,0.0,0.0,0.0
2005,Tom Hubert,1,0,0,0.0,43.0,34.0,33.0,0.0,0,35.0,43.0,43.0,0.0,0.0,0.0,0.0
2021,Jamie McMurray,1,0,1,0.0,8.0,29.0,200.0,0.0,1,19.0,8.0,8.0,0.0,100.0,0.0,0.0
1950,Gene Comstock,1,0,0,0.0,23.0,,355.0,0.0,0,48.0,23.0,23.0,0.0,0.0,0.0,0.0
1956,Wayne Fielden,2,0,1,0.0,11.0,,361.0,0.0,0,14.0,9.0,13.0,0.0,50.0,0.0,0.0
1958,Marv Thorpe,1,0,0,0.0,17.0,,67.0,0.0,0,14.0,17.0,17.0,0.0,0.0,0.0,0.0
1959,Bob Said,1,0,0,0.0,50.0,800.0,42.0,0.0,0,20.0,50.0,50.0,0.0,0.0,0.0,0.0
1959,Bob Hogle,2,0,0,0.0,18.0,,429.0,0.0,0,11.0,13.0,23.0,0.0,0.0,0.0,0.0
1959,Jim Paschal,6,3,4,0.0,10.33,1792.0,1485.0,0.0,0,16.0,2.0,26.0,50.0,66.67,0.0,0.0
1959,Curtis Crider,4,0,1,0.0,14.25,,453.0,0.0,0,16.0,10.0,21.0,0.0,25.0,0.0,0.0
1961,Doug Yates,32,2,10,0.0,16.72,5878.0,5058.0,0.0,0,16.0,5.0,36.0,6.25,31.25,0.0,0.0
1961,Danny Weinberg,4,2,3,0.0,8.75,1128.0,446.0,0.0,0,7.33,3.0,23.0,50.0,75.0,0.0,0.0
1963,J.D. McDuffie,12,0,3,0.0,14.58,2190.0,1918.0,0.0,0,16.58,8.0,29.0,0.0,25.0,0.0,0.0
1963,Roy Tyner,8,0,0,0.0,24.13,758.0,381.0,0.0,0,25.5,17.0,35.0,0.0,0.0,0.0,0.0
1965,G.C. Spencer,47,14,25,0.0,11.91,24314.0,9093.0,90.0,1,8.74,2.0,37.0,29.79,53.19,0.0,0.99
1966,Edgar Wallen,3,0,0,0.0,14.0,576.0,524.0,0.0,0,19.67,13.0,15.0,0.0,0.0,0.0,0.0
1967,Neil Castles,35,4,15,0.0,14.69,22572.0,6763.0,0.0,0,20.43,4.0,36.0,11.43,42.86,0.0,0.0
1967,Henley Gray,43,0,10,0.0,16.6,17450.0,7841.0,0.0,0,22.19,6.0,37.0,0.0,23.26,0.0,0.0
1967,Jack Bowsher,2,0,0,0.0,34.0,0.0,207.0,11.0,0,11.0,26.0,42.0,0.0,0.0,0.0,5.31
1977,Jimmy Insolo,2,1,1,0.0,19.0,61.0,97.0,0.0,0,11.0,4.0,34.0,50.0,50.0,0.0,0.0
1979,Cecil Gordon,28,0,0,0.0,21.75,2737.0,7419.0,0.0,0,29.07,11.0,40.0,0.0,0.0,0.0,0.0
1980,Chuck Bown,8,0,0,0.0,29.63,329.0,1060.0,0.0,0,18.25,11.0,37.0,0.0,0.0,0.0,0.0
1980,Rick Wilson,3,0,0,0.0,29.33,225.0,262.0,0.0,0,17.33,15.0,37.0,0.0,0.0,0.0,0.0
1984,Bill Elliott,30,13,24,3.0,8.6,4377.0,9848.0,570.0,12,5.23,1.0,32.0,43.33,80.0,10.0,5.79
1985,Jonathan Edwards,2,0,0,0.0,28.5,155.0,633.0,0.0,0,38.5,21.0,36.0,0.0,0.0,0.0,0.0
1986,Bill Schmitt,2,0,0,0.0,16.0,230.0,207.0,0.0,0,25.0,14.0,18.0,0.0,0.0,0.0,0.0
1988,Kyle Petty,29,2,8,0.0,17.03,3296.0,8883.0,67.0,5,17.14,5.0,40.0,6.9,27.59,0.0,0.75
1993,Bill Schmitt,1,0,0,0.0,31.0,70.0,71.0,0.0,0,28.0,31.0,31.0,0.0,0.0,0.0,0.0
1993,Scott Lagasse,1,0,0,0.0,13.0,124.0,90.0,0.0,1,28.0,13.0,13.0,0.0,0.0,0.0,0.0
2002,Jeff Gordon,36,13,20,3.0,14.06,4607.0,10201.0,989.0,27,12.61,1.0,42.0,36.11,55.56,8.33,9.7
2003,David Green,2,0,0,0.0,33.5,125.0,307.0,0.0,0,21.0,32.0,35.0,0.0,0.0,0.0,0.0
2007,Kyle Busch,36,11,20,1.0,14.08,4610.0,10280.0,637.0,27,15.0,1.0,41.0,30.56,55.56,2.78,6.2
2012,David Ragan,36,1,2,0.0,26.97,622.0,9685.0,13.0,6,29.86,4.0,43.0,2.78,5.56,0.0,0.13
2012,David Reutimann,25,0,0,0.0,29.08,373.0,6132.0,0.0,2,31.92,11.0,40.0,0.0,0.0,0.0,0.0
2018,Ryan Newman,36,0,9,0.0,17.25,764.0,10077.0,57.0,21,15.36,6.0,37.0,0.0,25.0,0.0,0.57
2018,Cole Whitt,13,0,0,0.0,26.85,132.0,3389.0,0.0,2,33.54,19.0,35.0,0.0,0.0,0.0,0.0
2019,Bubba Wallace,36,1,1,0.0,23.94,482.0,9939.0,1.0,9,24.33,3.0,39.0,2.78,2.78,0.0,0.01
1954,Hank Chaffee,1,0,0,0.0,21.0,,157.0,0.0,0,,21.0,21.0,0.0,0.0,0.0,0.0
1963,Bob Perry,5,0,0,0.0,19.0,2478.0,668.0,0.0,0,26.4,13.0,24.0,0.0,0.0,0.0,0.0
1972,Jimmy Crawford,1,0,0,0.0,16.0,70.0,181.0,0.0,0,11.0,16.0,16.0,0.0,0.0,0.0,0.0
1983,Jim Robinson,2,0,0,0.0,16.0,230.0,204.0,0.0,0,19.0,11.0,21.0,0.0,0.0,0.0,0.0
1984,Sumner McKnight,2,0,0,0.0,22.0,194.0,192.0,0.0,0,32.0,19.0,25.0,0.0,0.0,0.0,0.0
1988,Lennie Pond,1,0,0,0.0,22.0,0.0,383.0,0.0,0,31.0,22.0,22.0,0.0,0.0,0.0,0.0
1988,Tommy Kendall,1,0,0,0.0,18.0,114.0,94.0,1.0,0,24.0,18.0,18.0,0.0,0.0,0.0,1.06
2005,Scott Pruett,2,1,1,0.0,17.5,230.0,202.0,0.0,2,17.0,4.0,31.0,50.0,50.0,0.0,0.0
1953,Wimpy Ervin,2,0,1,0.0,15.5,,,0.0,0,,9.0,22.0,0.0,50.0,0.0,
1966,Al DeAngelo,1,0,0,0.0,27.0,16.0,23.0,0.0,0,26.0,27.0,27.0,0.0,0.0,0.0,0.0
1972,Bob Greeley,1,0,0,0.0,13.0,76.0,182.0,0.0,0,28.0,13.0,13.0,0.0,0.0,0.0,0.0
1974,Wally Dallenbach Sr.,1,0,0,0.0,29.0,,125.0,0.0,0,20.0,29.0,29.0,0.0,0.0,0.0,0.0
1977,Ronnie Thomas,4,0,0,0.0,26.75,331.0,821.0,0.0,0,28.0,19.0,33.0,0.0,0.0,0.0,0.0
2019,Andy Seuss,1,0,0,0.0,28.0,9.0,291.0,0.0,0,35.0,28.0,28.0,0.0,0.0,0.0,0.0
2024,Juan Pablo Montoya,1,0,0,0.0,32.0,5.0,91.0,0.0,0,34.0,32.0,32.0,0.0,0.0,0.0,0.0
1954,Arnold Ladd,1,0,0,0.0,25.0,,41.0,0.0,0,,25.0,25.0,0.0,0.0,0.0,0.0
1957,Walt Mortz,1,0,0,0.0,16.0,,15.0,0.0,0,20.0,16.0,16.0,0.0,0.0,0.0,0.0
1965,Harvey Jones,1,1,1,0.0,5.0,336.0,195.0,0.0,0,21.0,5.0,5.0,100.0,100.0,0.0,0.0
1966,Arley Scranton,1,0,0,0.0,43.0,100.0,3.0,0.0,0,39.0,43.0,43.0,0.0,0.0,0.0,0.0
2006,Scott Pruett,2,0,1,0.0,18.0,223.0,200.0,0.0,2,20.0,6.0,30.0,0.0,50.0,0.0,0.0
1950,Frank Luptow,1,0,0,0.0,18.0,,43.0,0.0,0,11.0,18.0,18.0,0.0,0.0,0.0,0.0
1951,Tim Flock,30,19,21,7.0,7.73,0.0,2259.0,621.0,7,5.32,1.0,37.0,63.33,70.0,23.33,27.49
1953,Joe Bill O'Dell,5,0,1,0.0,15.6,,183.0,0.0,0,,10.0,25.0,0.0,20.0,0.0,0.0
1953,Ray Sherman,1,0,0,0.0,33.0,,,0.0,0,29.0,33.0,33.0,0.0,0.0,0.0,
1954,Jim Clark,6,0,1,0.0,15.0,,721.0,0.0,0,,6.0,30.0,0.0,16.67,0.0,0.0
1956,Joe Lee Johnson,1,0,0,0.0,22.0,,0.0,0.0,0,0.0,22.0,22.0,0.0,0.0,0.0,
1957,Herb Thomas,2,0,0,0.0,37.0,,146.0,0.0,0,13.5,28.0,46.0,0.0,0.0,0.0,0.0
1958,Lloyd Dane,5,1,2,0.0,15.0,1120.0,1084.0,0.0,1,20.2,2.0,29.0,20.0,40.0,0.0,0.0
1959,Junior Johnson,28,14,15,5.0,10.86,4524.0,4433.0,166.0,6,13.15,1.0,35.0,50.0,53.57,17.86,3.74
1960,Dick Freeman,2,0,0,0.0,46.0,30.0,41.0,0.0,0,40.5,24.0,68.0,0.0,0.0,0.0,0.0
1960,Curtis Crider,24,0,2,0.0,17.5,4720.0,3985.0,0.0,0,22.83,9.0,38.0,0.0,8.33,0.0,0.0
1961,Elmo Langley,15,1,5,0.0,15.6,5376.0,2826.0,0.0,0,22.2,5.0,31.0,6.67,33.33,0.0,0.0
1963,Jimmy Pardue,52,7,20,1.0,13.33,21902.0,9921.0,74.0,1,12.13,1.0,35.0,13.46,38.46,1.92,0.75
1966,Bill Champion,9,0,0,0.0,25.89,2276.0,1120.0,0.0,0,22.44,15.0,38.0,0.0,0.0,0.0,0.0
1967,Herbert Estes,1,0,0,0.0,18.0,128.0,99.0,0.0,0,12.0,18.0,18.0,0.0,0.0,0.0,0.0
1968,Rod Eulenfeld,2,0,0,0.0,25.5,154.0,229.0,0.0,0,30.5,21.0,30.0,0.0,0.0,0.0,0.0
1968,Frog Fagan,12,0,1,0.0,20.33,531.0,1808.0,0.0,0,24.5,8.0,36.0,0.0,8.33,0.0,0.0
1970,Hoss Ellington,3,0,0,0.0,26.0,225.0,728.0,0.0,0,26.33,13.0,38.0,0.0,0.0,0.0,0.0
1977,Marty Robbins,2,0,0,0.0,25.5,173.0,229.0,0.0,0,30.5,13.0,38.0,0.0,0.0,0.0,0.0
1977,Bobby Wawak,8,0,0,0.0,23.13,522.0,1633.0,0.0,0,28.75,11.0,42.0,0.0,0.0,0.0,0.0
1978,Lennie Pond,28,11,19,1.0,11.57,3794.0,8443.0,319.0,2,7.71,1.0,39.0,39.29,67.86,3.57,3.78
1978,Joe Booher,3,0,0,0.0,24.0,273.0,595.0,0.0,0,32.33,16.0,34.0,0.0,0.0,0.0,0.0
1983,Ronnie Thomas,26,0,0,0.0,22.15,2515.0,7141.0,1.0,0,28.88,12.0,35.0,0.0,0.0,0.0,0.01
1986,Al Unser Sr.,2,0,0,0.0,24.5,76.0,171.0,0.0,0,15.5,20.0,29.0,0.0,0.0,0.0,0.0
1990,Butch Gilliland,1,0,0,0.0,28.0,79.0,71.0,0.0,0,43.0,28.0,28.0,0.0,0.0,0.0,0.0
1991,John Paul Jr.,2,0,0,0.0,24.0,182.0,167.0,0.0,1,31.5,16.0,32.0,0.0,0.0,0.0,0.0
2007,Kenny Wallace,15,0,0,0.0,30.87,1066.0,4268.0,3.0,3,29.27,21.0,42.0,0.0,0.0,0.0,0.07
2013,Alex Kennedy,3,0,0,0.0,37.0,21.0,142.0,0.0,1,39.33,29.0,42.0,0.0,0.0,0.0,0.0
2018,Brad Keselowski,36,12,20,3.0,13.36,1152.0,9788.0,705.0,27,10.33,1.0,38.0,33.33,55.56,8.33,7.2
2018,Brendan Gaughan,4,0,0,0.0,18.5,0.0,747.0,2.0,3,24.75,12.0,28.0,0.0,0.0,0.0,0.27
2023,Daniel Suarez,36,3,10,0.0,19.0,756.0,8390.0,48.0,28,16.56,2.0,36.0,8.33,27.78,0.0,0.57
2025,John Hunter Nemechek,36,2,8,0.0,20.31,662.0,9248.0,37.0,22,25.31,4.0,36.0,5.56,22.22,0.0,0.4
1954,Bob Tyrell,1,0,0,0.0,14.0,,450.0,0.0,0,28.0,14.0,14.0,0.0,0.0,0.0,0.0
1955,Jack Choquette,4,1,1,0.0,10.0,400.0,469.0,0.0,1,13.0,2.0,13.0,25.0,25.0,0.0,0.0
1957,Jimmy Massey,2,1,2,0.0,6.0,,652.0,7.0,1,10.5,2.0,10.0,50.0,100.0,0.0,1.07
1958,Ken Love,3,0,0,0.0,26.0,108.0,301.0,0.0,0,23.33,17.0,34.0,0.0,0.0,0.0,0.0
1958,Harvey Henderson,2,0,0,0.0,20.5,64.0,169.0,0.0,0,13.0,18.0,23.0,0.0,0.0,0.0,0.0
1967,J.D. McDuffie,1,0,0,0.0,18.0,160.0,137.0,0.0,0,16.0,18.0,18.0,0.0,0.0,0.0,0.0
2010,Patrick Carpentier,6,0,0,0.0,28.83,474.0,1428.0,12.0,1,30.83,21.0,37.0,0.0,0.0,0.0,0.84
1951,Jim Harris,1,0,1,0.0,10.0,,,0.0,0,,10.0,10.0,0.0,100.0,0.0,
1951,Don Oldenberg,3,1,2,0.0,14.33,,,0.0,0,,5.0,28.0,33.33,66.67,0.0,
1958,Bill Wimble,2,0,0,0.0,18.0,152.0,241.0,0.0,0,17.5,18.0,18.0,0.0,0.0,0.0,0.0
1986,Howard Mark,1,0,0,0.0,36.0,55.0,14.0,0.0,0,36.0,36.0,36.0,0.0,0.0,0.0,0.0
1989,Lee Raymond,1,0,0,0.0,26.0,0.0,189.0,0.0,0,21.0,26.0,26.0,0.0,0.0,0.0,0.0
1953,Bill Mann,1,0,0,0.0,11.0,,,0.0,0,,11.0,11.0,0.0,0.0,0.0,
1957,Ted Hauser,1,0,0,0.0,16.0,,43.0,0.0,0,14.0,16.0,16.0,0.0,0.0,0.0,0.0
1978,Chuck Wahl,2,0,0,0.0,32.0,134.0,102.0,0.0,0,32.0,28.0,36.0,0.0,0.0,0.0,0.0
2000,Scott Wimmer,1,0,0,0.0,22.0,0.0,322.0,9.0,0,31.0,22.0,22.0,0.0,0.0,0.0,2.8
2003,Jason Jarrett,1,0,0,0.0,29.0,76.0,184.0,0.0,0,25.0,29.0,29.0,0.0,0.0,0.0,0.0
1950,Kenneth Wagner,3,0,1,0.0,32.33,,274.0,0.0,0,31.0,10.0,70.0,0.0,33.33,0.0,0.0
1951,Jim Paschal,16,4,7,0.0,15.5,,767.0,33.0,0,22.25,3.0,39.0,25.0,43.75,0.0,4.3
1952,Slick Smith,5,0,3,0.0,23.0,,613.0,2.0,0,12.8,6.0,64.0,0.0,60.0,0.0,0.33
1956,Lyle Matlock,2,0,0,0.0,21.0,,142.0,0.0,0,11.5,17.0,25.0,0.0,0.0,0.0,0.0
1957,Herb Gibson,1,0,0,0.0,19.0,,0.0,0.0,0,13.0,19.0,19.0,0.0,0.0,0.0,
1958,Otis Skinner,1,0,1,0.0,7.0,,178.0,0.0,0,15.0,7.0,7.0,0.0,100.0,0.0,0.0
1961,Joe Weatherly,25,14,18,9.0,7.44,17894.0,5790.0,691.0,10,4.04,1.0,28.0,56.0,72.0,36.0,11.93
1964,Ned Jarrett,60,40,45,15.0,7.32,34950.0,13325.0,3304.0,19,5.88,1.0,33.0,66.67,75.0,25.0,24.8
1964,Wendell Scott,56,8,25,1.0,12.86,19574.0,10750.0,27.0,1,17.43,1.0,38.0,14.29,44.64,1.79,0.25
1969,Charlie Glotzbach,12,5,6,0.0,14.17,935.0,2823.0,171.0,3,5.0,2.0,33.0,41.67,50.0,0.0,6.06
1970,Bob Ashbrook,1,0,0,0.0,20.0,31.0,44.0,0.0,0,29.0,20.0,20.0,0.0,0.0,0.0,0.0
1971,Paul Tyler,10,0,0,0.0,26.7,561.0,1521.0,0.0,0,23.5,12.0,45.0,0.0,0.0,0.0,0.0
1971,Coo Coo Marlin,12,0,0,0.0,27.67,527.0,1494.0,0.0,0,25.5,13.0,42.0,0.0,0.0,0.0,0.0
1971,Ernest Eury,1,0,0,0.0,29.0,0.0,1.0,0.0,0,29.0,29.0,29.0,0.0,0.0,0.0,0.0
1973,Lennie Pond,23,1,9,0.0,21.09,1376.0,5850.0,0.0,0,13.17,4.0,47.0,4.35,39.13,0.0,0.0
1977,Ricky Rudd,25,1,10,0.0,17.52,2810.0,6233.0,13.0,0,16.6,4.0,36.0,4.0,40.0,0.0,0.21
1986,Ron Esau,2,0,0,0.0,24.5,64.0,168.0,0.0,0,34.5,16.0,33.0,0.0,0.0,0.0,0.0
1990,Chuck Bown,3,0,0,0.0,23.67,276.0,951.0,0.0,0,25.33,23.0,24.0,0.0,0.0,0.0,0.0
1998,Dale Jarrett,33,19,22,3.0,11.18,4619.0,9475.0,812.0,25,8.73,1.0,42.0,57.58,66.67,9.09,8.57
1998,Bobby Labonte,33,11,18,2.0,14.21,4180.0,9512.0,181.0,19,12.58,1.0,43.0,33.33,54.55,6.06,1.9
1999,Stanton Barrett,2,0,0,0.0,30.5,143.0,454.0,0.0,0,36.0,30.0,31.0,0.0,0.0,0.0,0.0
2001,Mike Wallace,29,1,6,0.0,23.9,2693.0,8684.0,61.0,10,31.21,2.0,42.0,3.45,20.69,0.0,0.7
2001,Dorsey Schroeder,1,0,0,0.0,25.0,88.0,112.0,0.0,1,36.0,25.0,25.0,0.0,0.0,0.0,0.0
2009,Scott Riggs,8,0,0,0.0,35.88,448.0,1582.0,3.0,1,33.75,25.0,42.0,0.0,0.0,0.0,0.19
2010,Kyle Busch,36,10,18,3.0,14.0,4647.0,10607.0,1270.0,29,15.81,1.0,40.0,27.78,50.0,8.33,11.97
2012,Ryan Newman,36,6,14,1.0,15.03,1051.0,9767.0,39.0,23,10.89,1.0,36.0,16.67,38.89,2.78,0.4
2014,J.J. Yeley,18,0,0,0.0,36.17,0.0,4669.0,0.0,0,37.61,29.0,43.0,0.0,0.0,0.0,0.0
2015,J.J. Yeley,34,0,0,0.0,34.53,0.0,8896.0,3.0,2,37.12,14.0,43.0,0.0,0.0,0.0,0.03
2017,Kevin Harvick,36,14,23,2.0,11.08,1263.0,10155.0,850.0,29,8.81,1.0,38.0,38.89,63.89,5.56,8.37
2018,Clint Bowyer,36,9,16,2.0,13.75,1089.0,9911.0,490.0,23,13.72,1.0,36.0,25.0,44.44,5.56,4.94
2018,Kyle Weatherman,7,0,0,0.0,32.29,33.0,1774.0,0.0,0,32.71,26.0,36.0,0.0,0.0,0.0,0.0
2020,Garrett Smithley,26,0,0,0.0,33.62,0.0,6028.0,1.0,0,34.0,24.0,40.0,0.0,0.0,0.0,0.02
2022,Aric Almirola,36,2,7,0.0,17.81,760.0,9117.0,81.0,26,19.44,5.0,38.0,5.56,19.44,0.0,0.89
2023,Alex Bowman,33,4,10,0.0,17.15,761.0,8059.0,89.0,26,17.21,3.0,37.0,12.12,30.3,0.0,1.1
1954,Charlie Mincey,1,0,1,0.0,9.0,,184.0,0.0,0,,9.0,9.0,0.0,100.0,0.0,0.0
1955,Woodie Wilson,1,0,0,0.0,26.0,,18.0,0.0,0,22.0,26.0,26.0,0.0,0.0,0.0,0.0
1966,Ed Jordan,3,0,0,0.0,25.0,316.0,147.0,0.0,0,24.67,13.0,40.0,0.0,0.0,0.0,0.0
1972,Kevin Terris,3,0,1,0.0,15.0,216.0,454.0,0.0,0,18.33,6.0,22.0,0.0,33.33,0.0,0.0
1976,Budd Hagelin,2,0,0,0.0,28.0,158.0,412.0,0.0,0,37.5,19.0,37.0,0.0,0.0,0.0,0.0
1979,Mike Kempton,2,0,0,0.0,23.5,185.0,499.0,0.0,0,30.5,18.0,29.0,0.0,0.0,0.0,0.0
1990,Lake Speed,6,0,0,0.0,28.0,479.0,835.0,3.0,0,30.17,11.0,38.0,0.0,0.0,0.0,0.36
1952,Art Plas,1,0,0,0.0,25.0,,46.0,0.0,0,26.0,25.0,25.0,0.0,0.0,0.0,0.0
1958,Darel Dieringer,2,0,0,0.0,27.0,104.0,125.0,0.0,0,32.5,14.0,40.0,0.0,0.0,0.0,0.0
1961,Bill Whitley,1,0,0,0.0,20.0,,39.0,0.0,0,10.0,20.0,20.0,0.0,0.0,0.0,0.0
1975,Glen McDuffie,1,0,0,0.0,19.0,0.0,431.0,0.0,0,26.0,19.0,19.0,0.0,0.0,0.0,0.0
1976,Richie Panch,1,0,0,0.0,21.0,100.0,252.0,0.0,0,20.0,21.0,21.0,0.0,0.0,0.0,0.0
1991,Randy Baker,2,0,0,0.0,27.0,164.0,689.0,0.0,0,36.0,26.0,28.0,0.0,0.0,0.0,0.0
1994,Gary Bradberry,1,0,0,0.0,30.0,73.0,276.0,0.0,0,12.0,30.0,30.0,0.0,0.0,0.0,0.0
1952,Ray Chase,1,0,0,0.0,23.0,,173.0,0.0,0,5.0,23.0,23.0,0.0,0.0,0.0,0.0
1968,Harold Hardesty,1,0,0,0.0,24.0,0.0,67.0,0.0,0,25.0,24.0,24.0,0.0,0.0,0.0,0.0
1989,Mark Stahl,1,0,0,0.0,27.0,82.0,176.0,0.0,0,31.0,27.0,27.0,0.0,0.0,0.0,0.0
2017,Alon Day,1,0,0,0.0,32.0,5.0,108.0,0.0,0,32.0,32.0,32.0,0.0,0.0,0.0,0.0
1951,Chuck Meekins,5,1,1,0.0,19.6,,202.0,0.0,1,16.33,2.0,30.0,20.0,20.0,0.0,0.0
1951,Jack Goodwin,3,0,1,0.0,15.67,,617.0,0.0,0,49.5,6.0,28.0,0.0,33.33,0.0,0.0
1955,Ken Pace,2,0,0,0.0,19.0,128.0,160.0,0.0,0,22.0,11.0,27.0,0.0,0.0,0.0,0.0
1956,Jimmy Massey,7,3,4,0.0,9.14,,1140.0,0.0,0,15.86,4.0,19.0,42.86,57.14,0.0,0.0
1957,Jack D. McCoy,5,1,1,0.0,15.0,,553.0,0.0,0,15.5,5.0,26.0,20.0,20.0,0.0,0.0
1957,Possum Jones,6,0,4,0.0,13.17,,1443.0,0.0,0,17.6,8.0,23.0,0.0,66.67,0.0,0.0
1958,Barney Shore,12,1,3,0.0,20.92,24.0,1872.0,0.0,0,20.36,5.0,42.0,8.33,25.0,0.0,0.0
1959,Ken Rush,12,2,3,0.0,16.83,1440.0,2388.0,0.0,1,12.5,2.0,38.0,16.67,25.0,0.0,0.0
1959,Richard Riley,10,0,2,0.0,15.2,440.0,1433.0,0.0,0,19.1,6.0,25.0,0.0,20.0,0.0,0.0
1961,Sal Tovella,4,0,0,0.0,25.75,1624.0,393.0,0.0,0,29.5,14.0,38.0,0.0,0.0,0.0,0.0
1961,Glen Wood,6,3,3,0.0,11.17,1540.0,1101.0,138.0,2,4.5,2.0,22.0,50.0,50.0,0.0,12.53
1963,T.C. Hunt,3,0,0,0.0,20.0,316.0,754.0,0.0,0,27.67,16.0,27.0,0.0,0.0,0.0,0.0
1968,David Pearson,48,36,38,16.0,5.83,3345.0,13097.0,3950.0,29,3.4,1.0,31.0,75.0,79.17,33.33,30.16
1972,G.C. Spencer,10,0,1,0.0,28.9,445.0,1492.0,0.0,0,21.0,9.0,40.0,0.0,10.0,0.0,0.0
1972,Charlie Roberts,26,0,1,0.0,20.42,1590.0,6437.0,0.0,0,29.88,10.0,43.0,0.0,3.85,0.0,0.0
1973,Ed Sczech,4,0,0,0.0,28.75,178.0,558.0,0.0,0,19.5,20.0,34.0,0.0,0.0,0.0,0.0
1974,Chuck Bown,3,0,0,0.0,31.33,,114.0,0.0,0,15.0,20.0,39.0,0.0,0.0,0.0,0.0
1974,Richard Childress,29,0,3,0.0,21.52,,5138.0,0.0,0,17.52,6.0,41.0,0.0,10.34,0.0,0.0
1976,Jabe Thomas,6,0,0,0.0,18.33,648.0,1944.0,0.0,0,25.17,13.0,27.0,0.0,0.0,0.0,0.0
1978,Claude Ballot-Lena,4,0,0,0.0,28.0,0.0,460.0,0.0,0,25.75,18.0,37.0,0.0,0.0,0.0,0.0
1979,H.B. Bailey,4,0,0,0.0,24.5,255.0,738.0,0.0,0,29.0,16.0,35.0,0.0,0.0,0.0,0.0
1981,Mike Potter,6,0,0,0.0,26.17,79.0,1051.0,0.0,0,31.83,15.0,35.0,0.0,0.0,0.0,0.0
1982,Mike Potter,2,0,0,0.0,26.5,64.0,322.0,0.0,0,34.5,20.0,33.0,0.0,0.0,0.0,0.0
1988,Greg Sacks,15,0,3,0.0,24.27,1237.0,3543.0,1.0,0,21.13,10.0,42.0,0.0,20.0,0.0,0.03
1990,Michael Waltrip,29,5,10,0.0,17.83,3251.0,8226.0,17.0,7,20.31,3.0,43.0,17.24,34.48,0.0,0.21
1991,Dale Jarrett,29,3,8,1.0,19.38,3124.0,7767.0,47.0,9,16.41,1.0,41.0,10.34,27.59,3.45,0.61
1992,Dick Trickle,29,3,9,0.0,19.28,3097.0,8259.0,5.0,7,19.1,5.0,40.0,10.34,31.03,0.0,0.06
1996,Ricky Craven,31,3,5,0.0,22.1,3078.0,8551.0,136.0,6,20.81,3.0,42.0,9.68,16.13,0.0,1.59
1999,Dick Trickle,9,0,0,0.0,34.78,528.0,2357.0,0.0,0,28.67,26.0,43.0,0.0,0.0,0.0,0.0
2001,Robby Gordon,17,2,3,1.0,24.82,1552.0,4401.0,50.0,5,32.41,1.0,40.0,11.76,17.65,5.88,1.14
2007,Carl Edwards,36,11,15,3.0,13.92,4599.0,9976.0,515.0,29,16.78,1.0,42.0,30.56,41.67,8.33,5.16
2010,Bobby Labonte,36,0,0,0.0,30.56,2583.0,8584.0,8.0,8,31.67,16.0,43.0,0.0,0.0,0.0,0.09
2012,A.J. Allmendinger,21,1,3,0.0,22.57,453.0,5816.0,99.0,7,16.29,2.0,37.0,4.76,14.29,0.0,1.7
2015,Paul Menard,36,2,5,0.0,17.08,972.0,10287.0,10.0,25,17.78,3.0,41.0,5.56,13.89,0.0,0.1
2018,Alex Bowman,36,3,11,0.0,17.0,794.0,9977.0,71.0,21,13.14,3.0,39.0,8.33,30.56,0.0,0.71
2018,Joey Gase,8,0,0,0.0,31.13,0.0,2077.0,0.0,1,35.88,18.0,40.0,0.0,0.0,0.0,0.0
1951,Ray Pruitt,2,0,0,0.0,28.0,,93.0,0.0,0,32.0,23.0,33.0,0.0,0.0,0.0,0.0
1951,Charles Gattalia,6,1,1,0.0,15.0,,,0.0,0,28.0,2.0,26.0,16.67,16.67,0.0,
1951,Coleman Lawrence,6,0,2,0.0,14.5,,130.0,0.0,0,29.2,7.0,20.0,0.0,33.33,0.0,0.0
1954,Walter Milczarski,1,0,0,0.0,25.0,,142.0,0.0,0,,25.0,25.0,0.0,0.0,0.0,0.0
1954,Bill Widenhouse,6,0,0,0.0,23.17,,987.0,0.0,0,28.0,11.0,43.0,0.0,0.0,0.0,0.0
1969,Johnny Steele,1,0,0,0.0,43.0,24.0,3.0,0.0,0,41.0,43.0,43.0,0.0,0.0,0.0,0.0
1959,Eddie Pagan,1,0,1,0.0,10.0,,439.0,0.0,0,15.0,10.0,10.0,0.0,100.0,0.0,0.0
2011,Johnny Sauter,1,0,0,0.0,36.0,0.0,101.0,0.0,0,41.0,36.0,36.0,0.0,0.0,0.0,0.0
2011,Erik Darnell,2,0,0,0.0,40.5,2.0,80.0,0.0,0,37.5,39.0,42.0,0.0,0.0,0.0,0.0
1952,Jerry Wimbish,4,1,1,0.0,17.5,,222.0,0.0,0,10.75,5.0,23.0,25.0,25.0,0.0,0.0
1958,Cecil Wray,1,0,0,0.0,18.0,180.0,34.0,0.0,0,38.0,18.0,18.0,0.0,0.0,0.0,0.0
1971,Jimmy Watson,1,0,0,0.0,31.0,0.0,29.0,0.0,0,30.0,31.0,31.0,0.0,0.0,0.0,0.0
1972,Butch Hartman,1,1,1,0.0,5.0,0.0,326.0,0.0,0,26.0,5.0,5.0,100.0,100.0,0.0,0.0
1973,Bill Dennis,4,0,2,0.0,17.0,272.0,1430.0,0.0,0,18.0,6.0,35.0,0.0,50.0,0.0,0.0
1975,Dale Earnhardt,1,0,0,0.0,22.0,0.0,355.0,0.0,0,33.0,22.0,22.0,0.0,0.0,0.0,0.0
1975,Terry Bivins,2,0,1,0.0,15.0,138.0,562.0,0.0,0,20.5,9.0,21.0,0.0,50.0,0.0,0.0
1987,Larry Pearson,4,0,1,0.0,21.75,401.0,1162.0,1.0,0,22.75,6.0,31.0,0.0,25.0,0.0,0.09
1987,Rick Hendrick,1,0,0,0.0,33.0,0.0,75.0,0.0,0,21.0,33.0,33.0,0.0,0.0,0.0,0.0
1995,Butch Leitzinger,1,0,0,0.0,12.0,127.0,90.0,0.0,1,21.0,12.0,12.0,0.0,0.0,0.0,0.0
2022,Mike Rockenfeller,2,0,0,0.0,29.5,15.0,201.0,0.0,1,33.5,29.0,30.0,0.0,0.0,0.0,0.0
1973,Bill Hollar,1,0,0,0.0,15.0,72.0,419.0,0.0,0,35.0,15.0,15.0,0.0,0.0,0.0,0.0
1950,Tex Keene,2,0,0,0.0,45.0,,229.0,0.0,0,44.0,26.0,64.0,0.0,0.0,0.0,0.0
1951,Wade Fields,6,0,0,0.0,27.83,,268.0,0.0,0,40.0,11.0,58.0,0.0,0.0,0.0,0.0
1953,Marvin Panch,2,0,0,0.0,23.0,,275.0,0.0,0,15.0,18.0,28.0,0.0,0.0,0.0,0.0
1956,Freddy Fryar,1,0,0,0.0,14.0,,183.0,0.0,0,15.0,14.0,14.0,0.0,0.0,0.0,0.0
1959,Tom Pistone,22,12,18,2.0,9.05,4498.0,3902.0,180.0,5,11.67,1.0,36.0,54.55,81.82,9.09,4.61
1964,Don Branson,8,0,0,0.0,23.88,618.0,271.0,0.0,0,23.5,13.0,34.0,0.0,0.0,0.0,0.0
1965,Bob Cooper,5,0,1,0.0,15.8,740.0,697.0,0.0,0,16.0,9.0,21.0,0.0,20.0,0.0,0.0
1969,H.B. Bailey,6,0,1,0.0,26.0,372.0,638.0,0.0,0,25.33,10.0,47.0,0.0,16.67,0.0,0.0
1969,Bob Ashbrook,2,0,0,0.0,26.5,147.0,200.0,0.0,0,33.0,17.0,36.0,0.0,0.0,0.0,0.0
1969,Les Snow,1,0,0,0.0,33.0,0.0,2.0,0.0,0,10.0,33.0,33.0,0.0,0.0,0.0,0.0
1972,Henley Gray,28,0,2,0.0,23.11,1558.0,6121.0,0.0,0,29.71,7.0,39.0,0.0,7.14,0.0,0.0
1978,Tighe Scott,29,0,7,0.0,18.79,3110.0,6626.0,3.0,0,20.9,7.0,34.0,0.0,24.14,0.0,0.05
1979,Ralph Jones,6,0,0,0.0,27.83,477.0,728.0,0.0,0,30.5,15.0,37.0,0.0,0.0,0.0,0.0
1980,Terry Labonte,31,6,16,1.0,15.13,3766.0,8760.0,46.0,2,11.39,1.0,33.0,19.35,51.61,3.23,0.53
1980,Rusty Wallace,2,1,1,0.0,8.0,291.0,653.0,0.0,1,16.0,2.0,14.0,50.0,50.0,0.0,0.0
1983,Mark Martin,16,1,3,0.0,21.0,1621.0,4130.0,1.0,2,15.63,3.0,36.0,6.25,18.75,0.0,0.02
1990,Butch Miller,23,0,1,0.0,20.22,2377.0,6891.0,4.0,2,27.91,8.0,34.0,0.0,4.35,0.0,0.06
1992,Richard Petty,29,0,0,0.0,23.0,2731.0,7977.0,5.0,2,22.59,15.0,41.0,0.0,0.0,0.0,0.06
1994,Todd Bodine,30,2,7,0.0,21.13,3048.0,8475.0,60.0,8,21.1,3.0,38.0,6.67,23.33,0.0,0.71
1997,Morgan Shepherd,23,1,3,0.0,25.22,2033.0,6398.0,12.0,7,27.61,3.0,43.0,4.35,13.04,0.0,0.19
1998,Ted Musgrave,32,2,5,0.0,22.09,3124.0,8798.0,0.0,10,24.03,2.0,43.0,6.25,15.63,0.0,0.0
2000,Dale Earnhardt Jr.,34,3,5,2.0,20.85,3516.0,9645.0,426.0,13,14.56,1.0,42.0,8.82,14.71,5.88,4.42
2003,Mike Skinner,26,0,0,0.0,29.46,1960.0,7210.0,8.0,2,23.23,11.0,41.0,0.0,0.0,0.0,0.11
2003,Kevin Harvick,36,11,18,1.0,12.33,4770.0,10621.0,569.0,20,17.69,1.0,36.0,30.56,50.0,2.78,5.36
2011,Jeff Gordon,36,13,18,3.0,13.03,1150.0,10421.0,922.0,27,14.39,1.0,39.0,36.11,50.0,8.33,8.85
2012,Dave Blaney,34,0,0,0.0,31.79,417.0,6607.0,7.0,3,35.24,15.0,43.0,0.0,0.0,0.0,0.11
2018,Cole Custer,3,0,0,0.0,25.67,0.0,820.0,0.0,1,22.67,25.0,26.0,0.0,0.0,0.0,0.0
2020,Brennan Poole,35,0,1,0.0,29.49,269.0,8566.0,4.0,4,30.97,9.0,38.0,0.0,2.86,0.0,0.05
2024,Todd Gilliland,36,0,4,0.0,20.86,630.0,9556.0,130.0,24,22.11,6.0,36.0,0.0,11.11,0.0,1.36
2024,Joey Hand,1,1,1,0.0,4.0,43.0,58.0,7.0,1,38.0,4.0,4.0,100.0,100.0,0.0,12.07
2025,Jimmie Johnson,2,1,1,0.0,21.5,35.0,312.0,0.0,1,28.5,3.0,40.0,50.0,50.0,0.0,0.0
1956,Fred Johnson,1,0,1,0.0,9.0,,60.0,0.0,0,15.0,9.0,9.0,0.0,100.0,0.0,0.0
1968,Lennie Waldo,4,0,0,0.0,25.0,234.0,671.0,0.0,0,30.0,18.0,37.0,0.0,0.0,0.0,0.0
1969,Robert Link,1,0,0,0.0,28.0,69.0,62.0,0.0,0,37.0,28.0,28.0,0.0,0.0,0.0,0.0
1969,J.C. Spradley,1,0,0,0.0,22.0,87.0,203.0,0.0,0,38.0,22.0,22.0,0.0,0.0,0.0,0.0
1972,Lem Blankenship,1,0,0,0.0,39.0,24.0,50.0,0.0,0,21.0,39.0,39.0,0.0,0.0,0.0,0.0
1979,John Haver,1,0,0,0.0,33.0,0.0,36.0,0.0,0,34.0,33.0,33.0,0.0,0.0,0.0,0.0
1983,Doug Wheeler,2,0,0,0.0,19.5,209.0,203.0,0.0,0,32.0,18.0,21.0,0.0,0.0,0.0,0.0
1991,Gary Brooks,1,0,0,0.0,39.0,46.0,11.0,0.0,0,40.0,39.0,39.0,0.0,0.0,0.0,0.0
1993,Robby Gordon,1,0,0,0.0,42.0,37.0,55.0,0.0,0,14.0,42.0,42.0,0.0,0.0,0.0,0.0
2005,Chad Chaffin,1,0,0,0.0,43.0,34.0,14.0,0.0,0,35.0,43.0,43.0,0.0,0.0,0.0,0.0
2016,Bobby Labonte,4,0,0,0.0,26.25,61.0,740.0,3.0,3,32.25,19.0,31.0,0.0,0.0,0.0,0.41
1952,Mike Klapak,1,0,0,0.0,47.0,,,0.0,0,13.0,47.0,47.0,0.0,0.0,0.0,
1952,Weldon Adams,6,0,2,0.0,18.83,,708.0,0.0,0,22.33,7.0,56.0,0.0,33.33,0.0,0.0
1953,J.W. Gentry,1,0,0,0.0,12.0,,,0.0,0,,12.0,12.0,0.0,0.0,0.0,
1953,Wayne Niedecken,1,0,0,0.0,12.0,,,0.0,0,,12.0,12.0,0.0,0.0,0.0,
1963,Frank Warren,2,0,1,0.0,11.0,480.0,373.0,0.0,0,19.0,9.0,13.0,0.0,50.0,0.0,0.0
1964,Henley Gray,1,0,0,0.0,20.0,120.0,126.0,0.0,0,27.0,20.0,20.0,0.0,0.0,0.0,0.0
1991,Mike Skinner,2,0,0,0.0,36.0,110.0,350.0,0.0,0,38.5,32.0,40.0,0.0,0.0,0.0,0.0
1954,Phillips Bell,1,0,0,0.0,13.0,,45.0,0.0,0,,13.0,13.0,0.0,0.0,0.0,0.0
1957,Bob Wood,1,0,0,0.0,17.0,,18.0,0.0,0,,17.0,17.0,0.0,0.0,0.0,0.0
1957,Spook Crawford,1,0,0,0.0,12.0,,34.0,0.0,0,14.0,12.0,12.0,0.0,0.0,0.0,0.0
1959,Gus Wilson,1,0,0,0.0,18.0,,100.0,0.0,0,,18.0,18.0,0.0,0.0,0.0,0.0
1965,Red Farmer,1,0,0,0.0,36.0,208.0,3.0,0.0,0,42.0,36.0,36.0,0.0,0.0,0.0,0.0
1979,Glenn Jarrett,2,0,0,0.0,30.5,67.0,330.0,0.0,0,19.5,29.0,32.0,0.0,0.0,0.0,0.0
1952,Stew Hayes,1,0,0,0.0,15.0,,156.0,0.0,0,5.0,15.0,15.0,0.0,0.0,0.0,0.0
1955,Joe Eubanks,14,0,4,0.0,16.79,1748.0,1789.0,0.0,1,13.21,6.0,28.0,0.0,28.57,0.0,0.0
1956,Scotty Cain,4,1,4,0.0,7.0,,701.0,0.0,0,14.5,5.0,10.0,25.0,100.0,0.0,0.0
1956,Johnny Zeke,1,0,0,0.0,27.0,,49.0,0.0,0,20.0,27.0,27.0,0.0,0.0,0.0,0.0
1957,Fireball Roberts,42,21,27,8.0,9.19,,6891.0,1415.0,16,5.79,1.0,37.0,50.0,64.29,19.05,20.53
1961,Fred Lorenzen,15,6,6,3.0,17.27,9316.0,2657.0,803.0,5,5.87,1.0,36.0,40.0,40.0,20.0,30.22
1961,Ron Hornaday,4,1,1,0.0,20.0,504.0,283.0,0.0,0,9.67,5.0,31.0,25.0,25.0,0.0,0.0
1963,Rex White,25,5,14,0.0,12.24,19096.0,5598.0,171.0,3,7.72,2.0,37.0,20.0,56.0,0.0,3.05
1963,Parnelli Jones,4,0,1,0.0,24.0,0.0,444.0,39.0,0,15.5,8.0,37.0,0.0,25.0,0.0,8.78
1964,J.T. Putney,17,1,6,0.0,13.59,10744.0,4216.0,0.0,0,19.0,3.0,22.0,5.88,35.29,0.0,0.0
1966,E.J. Trivette,3,0,0,0.0,31.0,748.0,187.0,0.0,0,33.0,20.0,41.0,0.0,0.0,0.0,0.0
1971,Joe Frasson,17,1,4,0.0,17.06,1619.0,3752.0,0.0,0,18.71,5.0,35.0,5.88,23.53,0.0,0.0
1975,John Ray,4,0,0,0.0,35.5,226.0,247.0,0.0,0,21.25,24.0,48.0,0.0,0.0,0.0,0.0
1975,Dean Dalton,15,0,3,0.0,21.4,1486.0,3333.0,0.0,0,24.47,9.0,39.0,0.0,20.0,0.0,0.0
1976,Junior Miller,2,0,0,0.0,14.5,239.0,744.0,0.0,0,18.5,14.0,15.0,0.0,0.0,0.0,0.0
1976,Bruce Jacobi,3,0,0,0.0,30.67,213.0,621.0,0.0,0,37.67,27.0,37.0,0.0,0.0,0.0,0.0
1980,Rick McCray,3,0,0,0.0,28.67,231.0,238.0,0.0,0,30.0,19.0,35.0,0.0,0.0,0.0,0.0
1980,Bruce Jacobi,1,0,0,0.0,23.0,94.0,189.0,0.0,0,36.0,23.0,23.0,0.0,0.0,0.0,0.0
1991,J.D. McDuffie,5,0,0,0.0,32.0,335.0,732.0,0.0,0,37.2,25.0,40.0,0.0,0.0,0.0,0.0
1995,Derrike Cope,31,2,8,0.0,18.58,3384.0,9335.0,70.0,9,21.74,2.0,42.0,6.45,25.81,0.0,0.75
1995,Ricky Craven,31,0,4,0.0,23.65,2883.0,8711.0,6.0,6,22.16,7.0,42.0,0.0,12.9,0.0,0.07
1997,Dick Trickle,28,2,2,0.0,23.25,2629.0,8476.0,0.0,4,21.25,3.0,42.0,7.14,7.14,0.0,0.0
1997,Jerry Nadeau,5,0,0,0.0,35.2,287.0,997.0,0.0,0,30.0,30.0,39.0,0.0,0.0,0.0,0.0
2008,Jeff Burton,36,7,18,2.0,12.47,4709.0,10388.0,140.0,30,20.75,1.0,42.0,19.44,50.0,5.56,1.35
2008,Kenny Wallace,2,0,0,0.0,27.5,166.0,331.0,3.0,1,15.5,12.0,43.0,0.0,0.0,0.0,0.91
2009,Kyle Busch,36,9,13,4.0,15.36,4482.0,10272.0,1157.0,24,12.25,1.0,41.0,25.0,36.11,11.11,11.26
2010,Matt Kenseth,36,6,15,0.0,12.78,4640.0,10770.0,108.0,32,19.39,2.0,30.0,16.67,41.67,0.0,1.0
2013,Matt Kenseth,36,12,20,7.0,12.11,1204.0,10141.0,1783.0,30,8.72,1.0,40.0,33.33,55.56,19.44,17.58
2013,Joe Nemechek,33,0,0,0.0,36.21,0.0,7168.0,0.0,2,39.64,25.0,43.0,0.0,0.0,0.0,0.0
2015,Jeffrey Earnhardt,2,0,0,0.0,37.5,0.0,679.0,0.0,0,42.0,35.0,40.0,0.0,0.0,0.0,0.0
2018,Kasey Kahne,25,1,1,0.0,22.84,368.0,6584.0,30.0,7,26.0,4.0,36.0,4.0,4.0,0.0,0.46
2022,Joey Logano,36,11,17,4.0,13.47,1132.0,9293.0,784.0,26,10.42,1.0,32.0,30.56,47.22,11.11,8.44
1949,Chick DiNatale,1,0,0,0.0,37.0,,96.0,0.0,0,36.0,37.0,37.0,0.0,0.0,0.0,0.0
1950,Neil Cole,2,1,1,0.0,11.5,,,0.0,0,,5.0,18.0,50.0,50.0,0.0,
1954,Cliff Roberts,2,0,0,0.0,17.0,,616.0,0.0,0,24.0,15.0,19.0,0.0,0.0,0.0,0.0
1954,Legs Whitcomb,1,0,0,0.0,21.0,,97.0,0.0,0,13.0,21.0,21.0,0.0,0.0,0.0,0.0
1956,Benny Rakestraw,1,0,1,0.0,9.0,,156.0,0.0,0,18.0,9.0,9.0,0.0,100.0,0.0,0.0
1964,Stick Elliott,7,0,0,0.0,25.71,646.0,211.0,0.0,0,20.71,19.0,43.0,0.0,0.0,0.0,0.0
1972,Don Noel,2,0,0,0.0,32.0,76.0,159.0,0.0,0,18.5,16.0,48.0,0.0,0.0,0.0,0.0
1979,Larry Isley,1,0,0,0.0,22.0,97.0,256.0,0.0,0,22.0,22.0,22.0,0.0,0.0,0.0,0.0
1981,Roy Smith,3,0,1,0.0,23.0,285.0,178.0,0.0,1,15.0,8.0,31.0,0.0,33.33,0.0,0.0
2010,Jan Magnussen,1,0,0,0.0,12.0,127.0,110.0,0.0,1,32.0,12.0,12.0,0.0,0.0,0.0,0.0
2011,Steve Wallace,1,0,0,0.0,20.0,0.0,208.0,0.0,1,36.0,20.0,20.0,0.0,0.0,0.0,0.0
1954,Ernest Palmer,1,0,0,0.0,52.0,,20.0,0.0,0,58.0,52.0,52.0,0.0,0.0,0.0,0.0
1954,George Osborne,1,0,0,0.0,55.0,,16.0,0.0,0,34.0,55.0,55.0,0.0,0.0,0.0,0.0
1964,Rodney Bottinger,3,0,0,0.0,22.67,168.0,17.0,0.0,0,21.33,21.0,24.0,0.0,0.0,0.0,0.0
1979,Steve Peles,2,0,0,0.0,20.5,203.0,641.0,0.0,0,30.0,20.0,21.0,0.0,0.0,0.0,0.0
1951,Fred Thompson,1,0,0,0.0,27.0,,,0.0,0,26.0,27.0,27.0,0.0,0.0,0.0,
1959,John Seeley,1,0,0,0.0,11.0,152.0,160.0,0.0,0,,11.0,11.0,0.0,0.0,0.0,0.0
1979,Jeff Halverson,1,0,0,0.0,36.0,55.0,1.0,0.0,0,34.0,36.0,36.0,0.0,0.0,0.0,0.0
1952,Bub King,10,2,5,0.0,12.3,0.0,1743.0,0.0,0,13.8,3.0,25.0,20.0,50.0,0.0,0.0
1954,Chuck Neale,1,0,0,0.0,12.0,,170.0,0.0,0,,12.0,12.0,0.0,0.0,0.0,0.0
1957,Ralph Earnhardt,9,0,3,0.0,12.44,,1465.0,0.0,0,10.78,7.0,19.0,0.0,33.33,0.0,0.0
1958,Bill Poor,24,1,7,0.0,14.42,2384.0,4047.0,0.0,0,20.23,5.0,23.0,4.17,29.17,0.0,0.0
1958,Lucky Long,2,0,0,0.0,15.5,,252.0,0.0,0,20.0,11.0,20.0,0.0,0.0,0.0,0.0
1958,John Hamby,2,0,1,0.0,13.5,,237.0,0.0,0,16.0,8.0,19.0,0.0,50.0,0.0,0.0
1961,Wendell Scott,23,0,5,0.0,15.52,4726.0,4364.0,0.0,0,16.74,7.0,28.0,0.0,21.74,0.0,0.0
1961,Kuzie Kuzmanich,1,0,1,0.0,8.0,288.0,97.0,0.0,0,,8.0,8.0,0.0,100.0,0.0,0.0
1961,Carl Jaemar,1,0,1,0.0,9.0,272.0,95.0,0.0,0,,9.0,9.0,0.0,100.0,0.0,0.0
1966,Jabe Thomas,13,0,0,0.0,24.54,3820.0,1559.0,0.0,0,22.62,14.0,39.0,0.0,0.0,0.0,0.0
1967,Sonny Hutchins,7,0,2,0.0,20.57,8448.0,998.0,0.0,0,18.71,7.0,33.0,0.0,28.57,0.0,0.0
1968,Niles Gage,1,0,0,0.0,13.0,38.0,274.0,0.0,0,22.0,13.0,13.0,0.0,0.0,0.0,0.0
1970,Jimmy Crawford,3,0,0,0.0,24.0,127.0,292.0,0.0,0,25.0,22.0,28.0,0.0,0.0,0.0,0.0
1971,Robert Brown,5,0,0,0.0,23.0,178.0,462.0,0.0,0,24.4,18.0,28.0,0.0,0.0,0.0,0.0
1973,Earle Canavan,5,0,0,0.0,20.8,302.0,1223.0,0.0,0,27.4,12.0,34.0,0.0,0.0,0.0,0.0
1983,Dave Dion,1,0,0,0.0,30.0,73.0,50.0,0.0,0,14.0,30.0,30.0,0.0,0.0,0.0,0.0
1986,Dale Earnhardt,29,16,23,5.0,7.38,4468.0,9212.0,2127.0,15,6.9,1.0,27.0,55.17,79.31,17.24,23.09
1986,Wayne Slark,1,0,0,0.0,36.0,55.0,96.0,0.0,0,39.0,36.0,36.0,0.0,0.0,0.0,0.0
1987,Bobby Gerhart,2,0,0,0.0,33.5,125.0,169.0,0.0,0,38.0,28.0,39.0,0.0,0.0,0.0,0.0
1989,Rick Wilson,29,2,7,0.0,19.17,3119.0,8004.0,29.0,6,14.55,4.0,41.0,6.9,24.14,0.0,0.36
1989,Bobby Gerhart,1,0,0,0.0,23.0,94.0,193.0,0.0,0,37.0,23.0,23.0,0.0,0.0,0.0,0.0
1998,Jeff Burton,33,18,23,2.0,12.58,4415.0,9488.0,978.0,25,18.12,1.0,43.0,54.55,69.7,6.06,10.31
2002,Jimmie Johnson,36,6,21,3.0,13.5,4625.0,10521.0,838.0,25,14.33,1.0,37.0,16.67,58.33,8.33,7.97
2007,Joe Nemechek,28,0,1,0.0,29.21,2117.0,6837.0,1.0,7,26.82,9.0,43.0,0.0,3.57,0.0,0.01
2009,Paul Menard,36,0,0,0.0,26.89,2979.0,10113.0,7.0,12,31.03,13.0,42.0,0.0,0.0,0.0,0.07
2020,Tyler Reddick,36,3,9,0.0,17.5,779.0,9446.0,30.0,22,18.58,2.0,38.0,8.33,25.0,0.0,0.32
1949,Red Byron,6,4,4,2.0,7.67,,633.0,103.0,2,2.25,1.0,22.0,66.67,66.67,33.33,16.27
1952,Bob Moore,5,1,3,0.0,16.2,,524.0,0.0,0,16.25,3.0,46.0,20.0,60.0,0.0,0.0
1954,John Dodd Jr.,1,0,1,0.0,8.0,,161.0,0.0,0,,8.0,8.0,0.0,100.0,0.0,0.0
1955,Frank Douglas,1,0,0,0.0,15.0,0.0,89.0,0.0,0,19.0,15.0,15.0,0.0,0.0,0.0,0.0
1962,Harold Carmac,2,0,1,0.0,14.0,496.0,172.0,0.0,0,21.5,6.0,22.0,0.0,50.0,0.0,0.0
1974,Jerry Schild,5,0,1,0.0,22.2,,1142.0,0.0,0,25.8,8.0,40.0,0.0,20.0,0.0,0.0
1978,Ron Hutcherson,3,1,1,0.0,25.67,221.0,388.0,0.0,0,9.0,4.0,39.0,33.33,33.33,0.0,0.0
1981,Dean Combs,2,0,0,0.0,31.0,0.0,183.0,0.0,0,9.0,28.0,34.0,0.0,0.0,0.0,0.0
1952,Jimmy Ayers,3,0,0,0.0,26.33,,179.0,0.0,0,11.0,18.0,40.0,0.0,0.0,0.0,0.0
1954,Virgil Livengood,1,0,0,0.0,34.0,,35.0,0.0,0,41.0,34.0,34.0,0.0,0.0,0.0,0.0
1956,Dick Burns,1,0,0,0.0,14.0,,148.0,0.0,0,19.0,14.0,14.0,0.0,0.0,0.0,0.0
1956,Herb Gibson,1,0,0,0.0,27.0,,21.0,0.0,0,18.0,27.0,27.0,0.0,0.0,0.0,0.0
1957,Bob Rose,2,0,0,0.0,13.5,,195.0,0.0,0,21.5,12.0,15.0,0.0,0.0,0.0,0.0
1975,Kenny Brightbill,1,0,1,0.0,7.0,146.0,480.0,0.0,0,13.0,7.0,7.0,0.0,100.0,0.0,0.0
1979,Joey Arrington,1,0,0,0.0,26.0,85.0,42.0,0.0,0,29.0,26.0,26.0,0.0,0.0,0.0,0.0
1954,Fred Cole,1,0,0,0.0,19.0,,44.0,0.0,0,,19.0,19.0,0.0,0.0,0.0,0.0
1955,Curley Hatfield,1,0,0,0.0,31.0,60.0,319.0,0.0,0,61.0,31.0,31.0,0.0,0.0,0.0,0.0
1958,James Jones,1,0,0,0.0,29.0,,212.0,0.0,0,51.0,29.0,29.0,0.0,0.0,0.0,0.0
1961,Larry Flynn,1,0,0,0.0,19.0,532.0,195.0,0.0,0,25.0,19.0,19.0,0.0,0.0,0.0,0.0
1971,Bill Chevalier,1,0,1,0.0,10.0,0.0,188.0,0.0,0,36.0,10.0,10.0,0.0,100.0,0.0,0.0
1994,John Krebs,1,0,0,0.0,42.0,42.0,18.0,1.0,0,34.0,42.0,42.0,0.0,0.0,0.0,5.56
2010,Steve Park,1,0,0,0.0,13.0,129.0,166.0,1.0,1,39.0,13.0,13.0,0.0,0.0,0.0,0.6
2021,Derrike Cope,1,0,0,0.0,40.0,1.0,3.0,0.0,0,32.0,40.0,40.0,0.0,0.0,0.0,0.0
1950,Bob Flock,4,1,3,0.0,11.25,,595.0,5.0,1,8.5,2.0,27.0,25.0,75.0,0.0,0.84
1953,Bub King,14,0,5,0.0,16.21,0.0,1029.0,0.0,0,24.8,6.0,38.0,0.0,35.71,0.0,0.0
1956,Ray Chaike,3,0,0,0.0,15.0,,554.0,0.0,0,34.0,14.0,17.0,0.0,0.0,0.0,0.0
1957,Joe Lee Johnson,2,0,0,0.0,28.5,,63.0,0.0,0,20.0,24.0,33.0,0.0,0.0,0.0,0.0
1957,Carl Anderson,1,0,0,0.0,25.0,,56.0,0.0,0,20.0,25.0,25.0,0.0,0.0,0.0,0.0
1958,Bob Walden,14,1,9,0.0,12.5,580.0,2437.0,0.0,0,22.46,4.0,28.0,7.14,64.29,0.0,0.0
1958,Harvey Hege,13,0,2,0.0,20.23,340.0,1498.0,0.0,0,21.58,6.0,47.0,0.0,15.38,0.0,0.0
1966,Gene Cline,12,0,2,0.0,21.17,2284.0,1834.0,0.0,0,27.92,10.0,42.0,0.0,16.67,0.0,0.0
1966,Johnny Allen,3,0,0,0.0,19.0,1746.0,598.0,0.0,0,26.33,13.0,23.0,0.0,0.0,0.0,0.0
1966,Junior Johnson,7,1,1,0.0,16.0,3750.0,1813.0,467.0,0,5.71,5.0,28.0,14.29,14.29,0.0,25.76
1968,Dub Simpson,4,1,1,0.0,25.75,237.0,721.0,0.0,0,31.5,5.0,50.0,25.0,25.0,0.0,0.0
1968,Buddy Baker,38,16,18,1.0,14.68,2211.0,7907.0,564.0,2,6.66,1.0,43.0,42.11,47.37,2.63,7.13
1970,Ken Spikes,1,0,0,0.0,37.0,42.0,116.0,0.0,0,49.0,37.0,37.0,0.0,0.0,0.0,0.0
1971,Bob Kauf,2,0,0,0.0,32.0,114.0,64.0,0.0,0,30.0,27.0,37.0,0.0,0.0,0.0,0.0
1978,Butch Mock,2,0,0,0.0,25.0,85.0,564.0,0.0,0,32.5,24.0,26.0,0.0,0.0,0.0,0.0
1980,Steve Pfeifer,2,0,0,0.0,24.0,182.0,157.0,0.0,0,35.0,21.0,27.0,0.0,0.0,0.0,0.0
1983,Bill Elliott,30,12,22,1.0,9.47,4279.0,9536.0,173.0,10,9.57,1.0,30.0,40.0,73.33,3.33,1.81
1990,Terry Fisher,1,0,0,0.0,15.0,118.0,74.0,0.0,1,37.0,15.0,15.0,0.0,0.0,0.0,0.0
1991,Ken Schrader,29,10,18,2.0,14.34,3690.0,8331.0,440.0,15,10.41,1.0,40.0,34.48,62.07,6.9,5.28
1996,Gary Bradberry,9,0,0,0.0,32.44,591.0,2512.0,0.0,0,28.44,23.0,38.0,0.0,0.0,0.0,0.0
1997,Chad Little,27,0,1,0.0,28.74,2081.0,7733.0,7.0,1,29.15,8.0,42.0,0.0,3.7,0.0,0.09
1997,Kevin Lepage,3,0,0,0.0,28.67,231.0,624.0,0.0,1,25.33,17.0,40.0,0.0,0.0,0.0,0.0
2008,Brian Vickers,36,3,6,0.0,20.72,3730.0,10040.0,232.0,16,21.72,2.0,42.0,8.33,16.67,0.0,2.31
2019,Kevin Harvick,36,15,26,4.0,10.03,1302.0,9804.0,953.0,30,8.5,1.0,39.0,41.67,72.22,11.11,9.72
2022,Ty Gibbs,15,0,1,0.0,22.93,0.0,3097.0,2.0,9,17.0,10.0,37.0,0.0,6.67,0.0,0.06
1950,Harland Holmes,3,0,0,0.0,17.67,,177.0,0.0,0,,15.0,23.0,0.0,0.0,0.0,0.0
1951,Billy Tibbett,2,0,0,0.0,32.0,,318.0,0.0,0,57.0,15.0,49.0,0.0,0.0,0.0,0.0
1954,Bob Haden,1,0,0,0.0,31.0,,23.0,0.0,0,,31.0,31.0,0.0,0.0,0.0,0.0
1962,Nelson Stacy,15,5,7,3.0,17.87,10934.0,3484.0,371.0,4,8.07,1.0,45.0,33.33,46.67,20.0,10.65
1971,Jim McElreath,1,0,0,0.0,36.0,0.0,88.0,0.0,0,25.0,36.0,36.0,0.0,0.0,0.0,0.0
1971,Bill Osborne,2,0,0,0.0,36.0,90.0,61.0,0.0,0,35.0,26.0,46.0,0.0,0.0,0.0,0.0
1971,Pee Wee Wentz,1,0,0,0.0,28.0,38.0,100.0,0.0,0,20.0,28.0,28.0,0.0,0.0,0.0,0.0
1973,Yvon DuHamel,1,0,1,0.0,10.0,82.0,381.0,0.0,0,15.0,10.0,10.0,0.0,100.0,0.0,0.0
1977,Elliott Forbes-Robinson,3,0,0,0.0,32.0,201.0,571.0,0.0,0,20.33,20.0,40.0,0.0,0.0,0.0,0.0
1989,Allan Grice,1,0,0,0.0,34.0,61.0,294.0,0.0,0,32.0,34.0,34.0,0.0,0.0,0.0,0.0
1968,Jack Marlin,1,0,1,0.0,10.0,0.0,237.0,0.0,0,14.0,10.0,10.0,0.0,100.0,0.0,0.0
1972,Ronnie Chumley,1,0,0,0.0,25.0,52.0,200.0,0.0,0,44.0,25.0,25.0,0.0,0.0,0.0,0.0
1977,Salt Walther,1,0,0,0.0,24.0,0.0,114.0,0.0,0,25.0,24.0,24.0,0.0,0.0,0.0,0.0
1981,Don Sprouse,2,0,0,0.0,17.5,221.0,570.0,0.0,0,25.0,15.0,20.0,0.0,0.0,0.0,0.0
1986,David Pearson,2,0,1,0.0,23.0,134.0,337.0,0.0,0,11.0,10.0,36.0,0.0,50.0,0.0,0.0
1949,John Wright,1,0,1,0.0,7.0,,179.0,0.0,0,,7.0,7.0,0.0,100.0,0.0,0.0
1956,Reitzel Darner,1,0,0,0.0,14.0,,441.0,0.0,0,34.0,14.0,14.0,0.0,0.0,0.0,0.0
1960,George Tet,1,0,0,0.0,38.0,160.0,171.0,0.0,0,47.0,38.0,38.0,0.0,0.0,0.0,0.0
1968,Parnelli Jones,1,1,1,0.0,3.0,0.0,186.0,49.0,1,3.0,3.0,3.0,100.0,100.0,0.0,26.34
1981,Rick Baldwin,1,0,0,0.0,21.0,0.0,149.0,0.0,0,29.0,21.0,21.0,0.0,0.0,0.0,0.0
2006,Tom Hubert,1,0,0,0.0,43.0,34.0,0.0,0.0,0,30.0,43.0,43.0,0.0,0.0,0.0,
1952,J.O. Staton,7,0,1,0.0,22.71,,331.0,0.0,0,19.0,8.0,35.0,0.0,14.29,0.0,0.0
1955,Lee Petty,42,20,30,6.0,8.33,6858.0,6524.0,769.0,11,9.1,1.0,28.0,47.62,71.43,14.29,11.79
1955,Owen Loggins,3,0,0,0.0,17.67,296.0,341.0,0.0,0,17.67,16.0,19.0,0.0,0.0,0.0,0.0
1955,Dick Walters,1,0,0,0.0,17.0,90.0,78.0,0.0,0,19.0,17.0,17.0,0.0,0.0,0.0,0.0
1955,Sherman Clark,2,1,1,0.0,17.5,240.0,214.0,0.0,0,10.0,4.0,31.0,50.0,50.0,0.0,0.0
1956,Gwyn Staley,22,5,13,0.0,13.0,,3503.0,0.0,1,12.14,4.0,65.0,22.73,59.09,0.0,0.0
1956,Dick Beaty,15,0,3,0.0,20.07,,1513.0,0.0,0,25.13,7.0,40.0,0.0,20.0,0.0,0.0
1957,Jack Goodwin,1,0,0,0.0,21.0,,,0.0,0,45.0,21.0,21.0,0.0,0.0,0.0,
1957,Ken Love,1,0,0,0.0,25.0,,,0.0,0,51.0,25.0,25.0,0.0,0.0,0.0,
1957,Clyde Palmer,6,1,1,0.0,16.5,,578.0,0.0,0,5.67,3.0,25.0,16.67,16.67,0.0,0.0
1958,Marvin Panch,11,5,5,0.0,14.0,3424.0,1833.0,157.0,2,8.18,2.0,31.0,45.45,45.45,0.0,8.57
1959,Paul Bass,1,0,0,0.0,46.0,960.0,52.0,0.0,0,40.0,46.0,46.0,0.0,0.0,0.0,0.0
1960,Shorty York,2,0,0,0.0,20.0,296.0,434.0,0.0,0,33.5,11.0,29.0,0.0,0.0,0.0,0.0
1962,Stick Elliott,21,0,2,0.0,21.0,4254.0,3028.0,0.0,0,23.4,7.0,42.0,0.0,9.52,0.0,0.0
1963,Jim Reed,1,0,0,0.0,19.0,112.0,29.0,0.0,0,8.0,19.0,19.0,0.0,0.0,0.0,0.0
1972,Dean Dalton,29,0,4,0.0,18.62,1872.0,7533.0,0.0,0,27.62,8.0,37.0,0.0,13.79,0.0,0.0
1976,Baxter Price,5,0,0,0.0,22.4,479.0,1311.0,0.0,0,30.2,16.0,28.0,0.0,0.0,0.0,0.0
1977,Sumner McKnight,1,0,0,0.0,31.0,70.0,15.0,0.0,0,24.0,31.0,31.0,0.0,0.0,0.0,0.0
1978,Buddy Baker,19,4,8,0.0,19.0,2130.0,4319.0,353.0,1,9.37,2.0,37.0,21.05,42.11,0.0,8.17
1992,Jeff Fuller,1,0,0,0.0,29.0,76.0,386.0,0.0,0,30.0,29.0,29.0,0.0,0.0,0.0,0.0
1998,Hut Stricklin,13,0,0,0.0,36.38,700.0,2690.0,0.0,0,29.15,27.0,43.0,0.0,0.0,0.0,0.0
1999,Jeff Green,1,0,0,0.0,21.0,100.0,199.0,0.0,0,26.0,21.0,21.0,0.0,0.0,0.0,0.0
2000,Jeff Burton,34,15,22,4.0,10.24,4836.0,9656.0,1129.0,27,19.15,1.0,43.0,44.12,64.71,11.76,11.69
2005,Sterling Marlin,35,1,5,0.0,24.6,3183.0,9553.0,20.0,15,26.51,5.0,41.0,2.86,14.29,0.0,0.21
2005,Casey Mears,36,3,9,0.0,21.44,3637.0,9692.0,145.0,15,24.0,4.0,43.0,8.33,25.0,0.0,1.5
2006,Bill Lester,2,0,0,0.0,35.0,67.0,448.0,0.0,1,26.5,32.0,38.0,0.0,0.0,0.0,0.0
2007,Chad McCumbee,2,0,0,0.0,33.0,128.0,240.0,0.0,1,38.5,25.0,41.0,0.0,0.0,0.0,0.0
2009,Marcos Ambrose,36,4,7,0.0,19.61,3830.0,10130.0,19.0,21,19.25,2.0,41.0,11.11,19.44,0.0,0.19
2013,Dave Blaney,35,0,0,0.0,29.03,526.0,9518.0,4.0,11,35.69,16.0,43.0,0.0,0.0,0.0,0.04
2020,Ryan Blaney,36,11,17,1.0,13.83,1191.0,9219.0,668.0,24,11.36,1.0,40.0,30.56,47.22,2.78,7.25
1949,Jim Delaney,1,0,0,0.0,40.0,,,0.0,0,43.0,40.0,40.0,0.0,0.0,0.0,
1951,Fred Faber,1,0,0,0.0,22.0,,,0.0,0,,22.0,22.0,0.0,0.0,0.0,
1951,Nelson Applegate,3,0,0,0.0,19.67,,,0.0,0,,12.0,34.0,0.0,0.0,0.0,
1953,Bill Hammersley,1,0,0,0.0,32.0,,,0.0,0,,32.0,32.0,0.0,0.0,0.0,
1954,Lloyd Dane,4,3,4,0.0,5.0,,1268.0,180.0,0,4.0,2.0,8.0,75.0,100.0,0.0,14.2
1963,Bubba Farr,2,0,0,0.0,34.5,250.0,34.0,0.0,0,21.5,26.0,43.0,0.0,0.0,0.0,0.0
1966,Bud Moore,1,0,0,0.0,16.0,160.0,35.0,0.0,0,15.0,16.0,16.0,0.0,0.0,0.0,0.0
1973,Jerry Grant,1,0,0,0.0,39.0,0.0,4.0,0.0,0,31.0,39.0,39.0,0.0,0.0,0.0,0.0
1982,Glenn Francis,1,0,0,0.0,14.0,121.0,113.0,0.0,0,37.0,14.0,14.0,0.0,0.0,0.0,0.0
1983,Pat Mintey,2,0,0,0.0,33.0,128.0,76.0,0.0,0,39.0,29.0,37.0,0.0,0.0,0.0,0.0
1997,Butch Gilliland,1,0,0,0.0,24.0,91.0,74.0,0.0,1,28.0,24.0,24.0,0.0,0.0,0.0,0.0
2021,Andy Lally,1,0,0,0.0,39.0,0.0,55.0,0.0,0,35.0,39.0,39.0,0.0,0.0,0.0,0.0
2021,Landon Cassill,2,0,0,0.0,30.0,0.0,263.0,0.0,1,39.5,24.0,36.0,0.0,0.0,0.0,0.0
2022,David Ragan,4,0,2,0.0,14.75,89.0,872.0,0.0,3,34.75,8.0,24.0,0.0,50.0,0.0,0.0
1950,F. Weichman,1,0,0,0.0,17.0,,,0.0,0,,17.0,17.0,0.0,0.0,0.0,
1950,John Meekins,1,0,0,0.0,47.0,,,0.0,0,,47.0,47.0,0.0,0.0,0.0,
1956,Hank Trice,1,0,0,0.0,13.0,,73.0,0.0,0,13.0,13.0,13.0,0.0,0.0,0.0,0.0
1959,Ralph Moody,1,0,1,0.0,6.0,,197.0,0.0,0,3.0,6.0,6.0,0.0,100.0,0.0,0.0
1968,Hoss Ellington,3,0,0,0.0,27.33,222.0,494.0,0.0,0,26.0,17.0,34.0,0.0,0.0,0.0,0.0
1985,Butch Lindley,1,0,0,0.0,19.0,0.0,352.0,0.0,0,17.0,19.0,19.0,0.0,0.0,0.0,0.0
1991,Brad Teague,1,0,0,0.0,21.0,100.0,322.0,0.0,0,38.0,21.0,21.0,0.0,0.0,0.0,0.0
2018,Chris Cook,1,0,0,0.0,31.0,6.0,109.0,0.0,0,36.0,31.0,31.0,0.0,0.0,0.0,0.0
1950,Jack Reynolds,2,1,1,0.0,14.5,,,0.0,0,17.0,5.0,24.0,50.0,50.0,0.0,
1951,Tommy Stenger,1,0,0,0.0,21.0,,,0.0,0,,21.0,21.0,0.0,0.0,0.0,
1959,Pedro Rodriguez,1,0,1,0.0,6.0,240.0,144.0,0.0,0,10.0,6.0,6.0,0.0,100.0,0.0,0.0
1959,Bill Champion,1,0,0,0.0,12.0,1120.0,343.0,0.0,0,25.0,12.0,12.0,0.0,0.0,0.0,0.0
1961,Brownie King,1,0,0,0.0,18.0,336.0,442.0,0.0,0,28.0,18.0,18.0,0.0,0.0,0.0,0.0
1962,Eddie Pagan,1,0,0,0.0,15.0,308.0,354.0,0.0,0,24.0,15.0,15.0,0.0,0.0,0.0,0.0
1987,Delma Cowart,1,0,0,0.0,24.0,0.0,180.0,0.0,0,38.0,24.0,24.0,0.0,0.0,0.0,0.0
2001,Stuart Kirby,1,0,0,0.0,42.0,37.0,46.0,0.0,0,23.0,42.0,42.0,0.0,0.0,0.0,0.0
1953,Joe Eubanks,24,7,15,0.0,13.71,,718.0,153.0,0,4.8,2.0,56.0,29.17,62.5,0.0,21.31
1953,John Meggers,5,0,3,0.0,9.6,,,0.0,0,,7.0,13.0,0.0,60.0,0.0,
1956,Curley Barker,4,3,4,0.0,5.0,,840.0,0.0,1,13.67,3.0,9.0,75.0,100.0,0.0,0.0
1956,Larry Flynn,2,0,0,0.0,27.5,,402.0,0.0,0,34.5,11.0,44.0,0.0,0.0,0.0,0.0
1957,Doug Cox,3,1,1,0.0,13.33,,230.0,0.0,0,15.0,5.0,24.0,33.33,33.33,0.0,0.0
1957,Volney Schulze,3,0,1,0.0,18.0,,530.0,0.0,0,25.67,9.0,25.0,0.0,33.33,0.0,0.0
1957,Art Binkley,3,0,0,0.0,24.67,,690.0,0.0,0,31.0,21.0,28.0,0.0,0.0,0.0,0.0
1961,Eddie Gray,4,3,3,2.0,5.0,1552.0,509.0,76.0,2,2.0,1.0,16.0,75.0,75.0,50.0,14.93
1961,Tubby Gonzales,5,1,1,0.0,27.0,862.0,598.0,0.0,0,26.6,4.0,38.0,20.0,20.0,0.0,0.0
1968,Jabe Thomas,48,1,15,0.0,14.94,2683.0,11194.0,0.0,0,20.08,5.0,36.0,2.08,31.25,0.0,0.0
1968,Don Biederman,2,0,0,0.0,23.5,125.0,252.0,0.0,0,37.0,19.0,28.0,0.0,0.0,0.0,0.0
1968,Worth McMillion,3,1,1,0.0,16.33,0.0,772.0,0.0,0,28.33,5.0,26.0,33.33,33.33,0.0,0.0
1969,Bill Ervin,1,0,0,0.0,15.0,36.0,161.0,0.0,0,20.0,15.0,15.0,0.0,0.0,0.0,0.0
1969,Donnie Allison,16,10,11,1.0,12.0,1662.0,3893.0,402.0,2,7.5,1.0,34.0,62.5,68.75,6.25,10.33
1971,Tommy Andrews,2,0,0,0.0,17.0,86.0,251.0,0.0,0,13.0,16.0,18.0,0.0,0.0,0.0,0.0
1973,Ray Elder,3,1,1,0.0,19.0,192.0,381.0,0.0,0,15.67,3.0,36.0,33.33,33.33,0.0,0.0
1974,Richard Petty,30,22,23,10.0,6.8,,9097.0,3099.0,19,4.03,1.0,35.0,73.33,76.67,33.33,34.07
1984,Tommy Ellis,20,0,1,0.0,22.6,1738.0,5010.0,1.0,1,18.5,9.0,38.0,0.0,5.0,0.0,0.02
1990,Jerry O'Neil,4,0,0,0.0,32.75,259.0,423.0,0.0,0,35.75,26.0,40.0,0.0,0.0,0.0,0.0
1991,Greg Sacks,11,0,0,0.0,30.36,791.0,2101.0,0.0,0,27.45,17.0,42.0,0.0,0.0,0.0,0.0
1992,Sterling Marlin,29,6,13,0.0,14.38,3603.0,8462.0,218.0,10,13.03,2.0,35.0,20.69,44.83,0.0,2.58
1997,Terry Labonte,32,8,20,1.0,12.91,4177.0,9605.0,256.0,19,19.16,1.0,41.0,25.0,62.5,3.13,2.67
2002,Tony Stewart,36,15,21,3.0,12.61,4800.0,10181.0,745.0,26,13.25,1.0,43.0,41.67,58.33,8.33,7.32
2004,Elliott Sadler,36,8,14,2.0,15.92,4315.0,10517.0,254.0,22,11.67,1.0,38.0,22.22,38.89,5.56,2.42
2009,Matt Kenseth,36,7,12,2.0,15.39,4389.0,10070.0,245.0,29,21.42,1.0,43.0,19.44,33.33,5.56,2.43
2020,Gray Gaulding,9,0,0,0.0,29.11,0.0,2637.0,0.0,1,31.22,25.0,32.0,0.0,0.0,0.0,0.0
2023,Todd Gilliland,36,0,4,0.0,21.97,550.0,8884.0,0.0,17,25.83,8.0,37.0,0.0,11.11,0.0,0.0
2023,Bubba Wallace,36,5,10,0.0,15.89,895.0,9188.0,285.0,28,12.44,3.0,37.0,13.89,27.78,0.0,3.1
1951,Rod Therrian,1,0,0,0.0,17.0,,,0.0,0,,17.0,17.0,0.0,0.0,0.0,
1954,Ed Massey,1,0,0,0.0,25.0,,127.0,0.0,0,,25.0,25.0,0.0,0.0,0.0,0.0
1955,John Capps,1,0,0,0.0,19.0,,17.0,0.0,0,20.0,19.0,19.0,0.0,0.0,0.0,0.0
1955,John Soares,1,0,0,0.0,20.0,48.0,86.0,0.0,0,18.0,20.0,20.0,0.0,0.0,0.0,0.0
1961,Sammy Packard,1,0,1,0.0,9.0,380.0,444.0,0.0,0,13.0,9.0,9.0,0.0,100.0,0.0,0.0
1967,Innes Ireland,2,0,1,0.0,18.5,0.0,165.0,0.0,0,15.5,10.0,27.0,0.0,50.0,0.0,0.0
1976,Hershel McGriff,2,0,0,0.0,31.0,73.0,179.0,0.0,0,20.5,30.0,32.0,0.0,0.0,0.0,0.0
1951,Bill Lillenthal,1,0,0,0.0,11.0,,,0.0,0,,11.0,11.0,0.0,0.0,0.0,
1958,Bob Malzahn,1,0,0,0.0,48.0,,33.0,0.0,0,35.0,48.0,48.0,0.0,0.0,0.0,0.0
1963,Chuck Shove,1,0,0,0.0,27.0,64.0,74.0,0.0,0,41.0,27.0,27.0,0.0,0.0,0.0,0.0
2011,Hermie Sadler,3,0,0,0.0,29.0,0.0,1303.0,0.0,0,39.67,26.0,33.0,0.0,0.0,0.0,0.0
1952,Leon Sales,2,0,0,0.0,41.5,,,0.0,0,11.0,26.0,57.0,0.0,0.0,0.0,
1955,Chick Norris,1,0,0,0.0,15.0,88.0,10.0,0.0,0,11.0,15.0,15.0,0.0,0.0,0.0,0.0
1957,Lloyd Dane,10,7,10,1.0,3.8,,1296.0,1.0,4,4.8,1.0,10.0,70.0,100.0,10.0,0.08
1957,Harold Hardesty,4,0,0,0.0,20.75,,303.0,0.0,0,16.75,13.0,28.0,0.0,0.0,0.0,0.0
1957,Barry Knowlton,1,0,0,0.0,22.0,,73.0,0.0,0,28.0,22.0,22.0,0.0,0.0,0.0,0.0
1958,Jimmy Thompson,8,2,3,0.0,17.0,2540.0,1300.0,6.0,0,12.86,4.0,40.0,25.0,37.5,0.0,0.46
1959,Roy Tyner,28,7,14,0.0,12.54,976.0,5234.0,0.0,0,16.5,2.0,33.0,25.0,50.0,0.0,0.0
1959,Scotty Cain,2,1,1,0.0,10.5,,467.0,0.0,1,11.0,2.0,19.0,50.0,50.0,0.0,0.0
1961,Emanuel Zervakis,38,19,28,2.0,7.84,22322.0,9198.0,386.0,2,10.74,1.0,29.0,50.0,73.68,5.26,4.2
1963,Bobby Johns,12,3,6,0.0,15.5,10490.0,2435.0,84.0,0,13.83,3.0,33.0,25.0,50.0,0.0,3.45
1963,Dominic Persicketti,1,0,0,0.0,20.0,96.0,16.0,0.0,0,19.0,20.0,20.0,0.0,0.0,0.0,0.0
1968,Wendell Scott,48,0,10,0.0,15.69,2681.0,10231.0,0.0,0,22.25,8.0,27.0,0.0,20.83,0.0,0.0
1970,Dick May,16,0,0,0.0,23.13,595.0,1028.0,0.0,0,23.63,15.0,32.0,0.0,0.0,0.0,0.0
1970,Ranny Dodd,2,0,0,0.0,24.5,159.0,183.0,0.0,0,23.5,23.0,26.0,0.0,0.0,0.0,0.0
1971,Richard Petty,46,38,41,21.0,4.22,4435.0,13739.0,4967.0,32,3.72,1.0,38.0,82.61,89.13,45.65,36.15
1971,Bill Shirey,27,0,2,0.0,22.33,1246.0,3667.0,0.0,0,21.37,9.0,32.0,0.0,7.41,0.0,0.0
1973,Baxter Price,1,0,0,0.0,34.0,34.0,3.0,0.0,0,34.0,34.0,34.0,0.0,0.0,0.0,0.0
1974,Satch Worley,1,0,1,0.0,9.0,,431.0,0.0,0,15.0,9.0,9.0,0.0,100.0,0.0,0.0
1980,Benny Parsons,31,16,21,3.0,11.42,4278.0,8676.0,672.0,11,5.77,1.0,33.0,51.61,67.74,9.68,7.75
1983,Rick Newsom,6,0,0,0.0,22.5,573.0,2097.0,0.0,0,32.33,14.0,31.0,0.0,0.0,0.0,0.0
1987,Jim Sauter,3,0,1,0.0,19.0,320.0,781.0,0.0,0,26.67,9.0,24.0,0.0,33.33,0.0,0.0
1989,Bill Elliott,29,8,14,3.0,12.97,3774.0,9037.0,380.0,12,8.86,1.0,39.0,27.59,48.28,10.34,4.2
1997,Dave Marcis,19,0,0,0.0,29.68,1405.0,5245.0,0.0,3,32.53,15.0,41.0,0.0,0.0,0.0,0.0
2002,Casey Atwood,35,0,0,0.0,29.37,2621.0,9474.0,0.0,6,29.54,11.0,42.0,0.0,0.0,0.0,0.0
2005,Dale Jarrett,36,4,7,1.0,18.25,3960.0,10589.0,4.0,23,20.44,1.0,39.0,11.11,19.44,2.78,0.04
2023,Ryan Preece,36,1,2,0.0,20.83,636.0,9106.0,149.0,20,22.94,5.0,36.0,2.78,5.56,0.0,1.64
1951,Jim Delaney,7,1,2,0.0,20.0,,494.0,0.0,1,53.0,5.0,53.0,14.29,28.57,0.0,0.0
1954,Lou Figaro,3,0,2,0.0,10.0,,461.0,0.0,0,,8.0,13.0,0.0,66.67,0.0,0.0
1955,George Gregory,1,0,0,0.0,25.0,8.0,82.0,0.0,0,,25.0,25.0,0.0,0.0,0.0,0.0
2002,Jack Sprague,3,0,0,0.0,33.33,189.0,747.0,0.0,0,27.67,30.0,35.0,0.0,0.0,0.0,0.0
2021,Scott Heckert,3,0,0,0.0,28.33,26.0,271.0,0.0,3,32.67,26.0,31.0,0.0,0.0,0.0,0.0
1956,Robert Slensby,1,0,0,0.0,12.0,,117.0,0.0,0,14.0,12.0,12.0,0.0,0.0,0.0,0.0
1971,Johnny Barnes,1,0,0,0.0,46.0,18.0,23.0,0.0,0,47.0,46.0,46.0,0.0,0.0,0.0,0.0
1975,Marty Robbins,2,0,0,0.0,35.0,121.0,65.0,2.0,0,22.5,31.0,39.0,0.0,0.0,0.0,3.08
1986,Mike Potter,3,0,0,0.0,33.0,192.0,470.0,0.0,0,33.0,26.0,40.0,0.0,0.0,0.0,0.0
2008,Brad Coleman,1,0,0,0.0,38.0,49.0,197.0,0.0,0,43.0,38.0,38.0,0.0,0.0,0.0,0.0
2018,Jeb Burton,1,0,0,0.0,33.0,0.0,489.0,0.0,0,39.0,33.0,33.0,0.0,0.0,0.0,0.0
1950,Jack Russell,1,0,0,0.0,16.0,,,0.0,0,,16.0,16.0,0.0,0.0,0.0,
1951,Bill Braun,1,0,1,0.0,10.0,,,0.0,0,,10.0,10.0,0.0,100.0,0.0,
1954,Robert Caswell,3,0,1,0.0,18.33,,751.0,0.0,1,,9.0,32.0,0.0,33.33,0.0,0.0
1959,Dave Marburger,1,0,0,0.0,25.0,64.0,22.0,0.0,0,,25.0,25.0,0.0,0.0,0.0,0.0
1959,Layman Utsman,2,0,0,0.0,23.0,,235.0,0.0,0,19.5,20.0,26.0,0.0,0.0,0.0,0.0
1995,Shane Hall,1,0,0,0.0,36.0,55.0,205.0,0.0,0,40.0,36.0,36.0,0.0,0.0,0.0,0.0
1952,Fred Dove,8,0,3,0.0,16.13,,919.0,0.0,0,18.25,8.0,38.0,0.0,37.5,0.0,0.0
1956,Elgin Holmes,1,0,0,0.0,24.0,,71.0,0.0,0,35.0,24.0,24.0,0.0,0.0,0.0,0.0
1956,Charlie Jackson,5,0,2,0.0,15.6,,635.0,0.0,0,20.6,9.0,25.0,0.0,40.0,0.0,0.0
1960,Maurice Petty,2,0,2,0.0,8.5,304.0,375.0,0.0,0,9.0,8.0,9.0,0.0,100.0,0.0,0.0
1961,Frank Secrist,3,1,1,0.0,16.33,650.0,249.0,0.0,0,18.0,4.0,31.0,33.33,33.33,0.0,0.0
1963,Possum Jones,7,0,1,0.0,24.29,1278.0,922.0,0.0,0,23.86,7.0,36.0,0.0,14.29,0.0,0.0
1964,Marvin Panch,31,18,21,3.0,8.87,21480.0,6499.0,648.0,7,6.52,1.0,31.0,58.06,67.74,9.68,9.97
1969,Buddy Young,21,1,6,0.0,17.33,981.0,4510.0,0.0,0,16.57,5.0,35.0,4.76,28.57,0.0,0.0
1970,Charlie Glotzbach,19,7,8,2.0,16.42,1358.0,3396.0,417.0,3,5.63,1.0,38.0,36.84,42.11,10.53,12.28
1975,A.J. Reno,1,0,0,0.0,21.0,100.0,170.0,0.0,0,44.0,21.0,21.0,0.0,0.0,0.0,0.0
1977,John Dineen,1,0,0,0.0,13.0,124.0,89.0,0.0,0,29.0,13.0,13.0,0.0,0.0,0.0,0.0
1982,A.J. Foyt,2,0,0,0.0,30.0,146.0,162.0,0.0,0,9.0,21.0,39.0,0.0,0.0,0.0,0.0
1985,Craig Spetman,1,0,0,0.0,37.0,52.0,188.0,0.0,0,32.0,37.0,37.0,0.0,0.0,0.0,0.0
1987,Bobby Wawak,8,0,0,0.0,27.75,638.0,1648.0,0.0,0,35.0,19.0,36.0,0.0,0.0,0.0,0.0
1991,Ricky Rudd,29,9,17,1.0,9.48,4092.0,9561.0,425.0,11,12.03,1.0,32.0,31.03,58.62,3.45,4.45
1991,Phil Barkdoll,4,0,0,0.0,24.0,364.0,646.0,0.0,0,31.25,19.0,35.0,0.0,0.0,0.0,0.0
1994,Bill Elliott,31,6,12,1.0,16.81,3617.0,9173.0,62.0,13,15.68,1.0,39.0,19.35,38.71,3.23,0.68
1995,Terry Labonte,31,14,17,3.0,12.16,4146.0,9076.0,438.0,20,15.58,1.0,37.0,45.16,54.84,9.68,4.83
2002,Greg Biffle,7,0,0,0.0,27.43,570.0,1914.0,12.0,0,17.43,13.0,36.0,0.0,0.0,0.0,0.63
2002,Mike Bliss,1,0,0,0.0,14.0,121.0,500.0,0.0,1,27.0,14.0,14.0,0.0,0.0,0.0,0.0
2004,Boris Said,3,0,1,0.0,21.33,302.0,625.0,0.0,1,29.0,6.0,30.0,0.0,33.33,0.0,0.0
2011,Dale Earnhardt Jr.,36,4,12,0.0,14.5,1071.0,10570.0,52.0,29,19.61,2.0,41.0,11.11,33.33,0.0,0.49
2011,Paul Menard,36,4,8,1.0,18.0,947.0,10272.0,82.0,22,12.0,1.0,38.0,11.11,22.22,2.78,0.8
2012,Jimmie Johnson,36,18,24,5.0,11.17,1231.0,9924.0,1745.0,27,10.56,1.0,42.0,50.0,66.67,13.89,17.58
2023,Tyler Reddick,36,10,16,2.0,15.67,1038.0,9014.0,470.0,28,10.19,1.0,39.0,27.78,44.44,5.56,5.21
2023,Denny Hamlin,36,14,19,3.0,12.36,1210.0,9001.0,998.0,30,10.19,1.0,37.0,38.89,52.78,8.33,11.09
1949,Louise Smith,3,0,0,0.0,21.0,,175.0,0.0,0,38.0,16.0,27.0,0.0,0.0,0.0,0.0
1950,F.L. Denney,1,0,0,0.0,14.0,,,0.0,0,,14.0,14.0,0.0,0.0,0.0,
1951,Jim Miller,1,0,0,0.0,33.0,,,0.0,0,29.0,33.0,33.0,0.0,0.0,0.0,
1954,Fred Bince,2,0,0,0.0,23.0,,426.0,0.0,0,3.0,19.0,27.0,0.0,0.0,0.0,0.0
1956,Parnelli Jones,3,1,1,0.0,21.67,,591.0,0.0,1,9.33,2.0,50.0,33.33,33.33,0.0,0.0
1958,Bob Pronger,2,0,0,0.0,32.0,52.0,103.0,0.0,0,28.5,27.0,37.0,0.0,0.0,0.0,0.0
1961,Jimmy Mairs,3,0,2,0.0,11.0,812.0,293.0,0.0,0,12.33,7.0,18.0,0.0,66.67,0.0,0.0
1979,Ernie Shaw,1,0,0,0.0,16.0,115.0,368.0,0.0,0,26.0,16.0,16.0,0.0,0.0,0.0,0.0
1988,Lee Faulk,3,0,0,0.0,25.0,103.0,841.0,0.0,0,27.0,20.0,32.0,0.0,0.0,0.0,0.0
1993,Neil Bonnett,2,0,0,0.0,38.0,98.0,134.0,0.0,0,27.5,34.0,42.0,0.0,0.0,0.0,0.0
1953,Lamar Crabtree,1,0,0,0.0,11.0,,,0.0,0,,11.0,11.0,0.0,0.0,0.0,
1956,Sherman Utsman,5,0,1,0.0,24.2,,948.0,0.0,0,19.8,7.0,32.0,0.0,20.0,0.0,0.0
1956,Tom Lupo,1,0,0,0.0,35.0,,313.0,0.0,0,43.0,35.0,35.0,0.0,0.0,0.0,0.0
1957,Gene Glover,1,0,0,0.0,18.0,,104.0,0.0,0,16.0,18.0,18.0,0.0,0.0,0.0,0.0
1964,Benny Parsons,1,0,0,0.0,21.0,130.0,258.0,0.0,0,9.0,21.0,21.0,0.0,0.0,0.0,0.0
1964,Frank Weathers,2,0,0,0.0,33.0,120.0,53.0,0.0,0,14.0,24.0,42.0,0.0,0.0,0.0,0.0
1986,Joe Fields,1,0,0,0.0,37.0,0.0,0.0,0.0,0,30.0,37.0,37.0,0.0,0.0,0.0,
1990,Rich Vogler,1,0,0,0.0,40.0,0.0,0.0,0.0,0,40.0,40.0,40.0,0.0,0.0,0.0,
1992,Jack Sellers,1,0,0,0.0,40.0,43.0,48.0,0.0,0,43.0,40.0,40.0,0.0,0.0,0.0,0.0
2002,Jason Hedlesky,1,0,0,0.0,43.0,34.0,31.0,0.0,0,41.0,43.0,43.0,0.0,0.0,0.0,0.0
1962,Bill Dennis,1,0,0,0.0,15.0,220.0,268.0,0.0,0,21.0,15.0,15.0,0.0,0.0,0.0,0.0
1968,Dave James,1,0,1,0.0,8.0,0.0,171.0,0.0,0,16.0,8.0,8.0,0.0,100.0,0.0,0.0
1969,Ray Hendrick,1,0,0,0.0,13.0,76.0,351.0,0.0,0,26.0,13.0,13.0,0.0,0.0,0.0,0.0
1974,Richard D. Brown,1,0,0,0.0,35.0,,51.0,0.0,0,33.0,35.0,35.0,0.0,0.0,0.0,0.0
1998,Ron Hornaday Jr.,1,0,0,0.0,14.0,121.0,112.0,0.0,1,33.0,14.0,14.0,0.0,0.0,0.0,0.0
1950,Buck Baker,9,2,5,0.0,16.44,,587.0,10.0,0,13.43,2.0,69.0,22.22,55.56,0.0,1.7
1954,Sam Smith,1,0,0,0.0,13.0,,137.0,0.0,0,,13.0,13.0,0.0,0.0,0.0,0.0
1956,Jim Blomgren,6,0,1,0.0,11.83,,841.0,0.0,0,18.17,10.0,14.0,0.0,16.67,0.0,0.0
1957,Speedy Thompson,38,16,22,2.0,10.18,0.0,6301.0,648.0,8,7.11,1.0,31.0,42.11,57.89,5.26,10.28
1958,Buck Baker,44,23,35,3.0,7.77,9032.0,7846.0,364.0,10,8.54,1.0,35.0,52.27,79.55,6.82,4.64
1959,Bob Rose,3,0,0,0.0,29.33,480.0,182.0,0.0,0,34.67,22.0,36.0,0.0,0.0,0.0,0.0
1960,Jim Blomgren,3,0,2,0.0,13.0,444.0,288.0,0.0,0,23.5,8.0,23.0,0.0,66.67,0.0,0.0
1963,Herman Beam,25,0,6,0.0,15.04,7648.0,5061.0,0.0,0,18.32,6.0,30.0,0.0,24.0,0.0,0.0
1965,Sonny Hutchins,11,1,2,0.0,19.73,3118.0,2272.0,0.0,0,12.91,5.0,41.0,9.09,18.18,0.0,0.0
1966,Paul Lewis,21,9,14,1.0,11.0,15352.0,6260.0,67.0,2,12.95,1.0,36.0,42.86,66.67,4.76,1.07
1966,Darel Dieringer,25,7,9,3.0,15.76,18214.0,4818.0,515.0,6,10.4,1.0,39.0,28.0,36.0,12.0,10.69
1968,Tony Tantarelli,1,0,0,0.0,29.0,69.0,74.0,0.0,0,33.0,29.0,29.0,0.0,0.0,0.0,0.0
1981,Ron Bouchard,22,5,12,1.0,14.59,2597.0,6155.0,12.0,1,14.45,1.0,39.0,22.73,54.55,4.55,0.19
1981,Tommy Ellis,4,1,1,0.0,23.25,227.0,651.0,2.0,0,12.5,4.0,33.0,25.0,25.0,0.0,0.31
1982,Joe Fields,3,0,0,0.0,24.67,79.0,738.0,0.0,0,27.0,22.0,28.0,0.0,0.0,0.0,0.0
1983,Dave Marcis,30,0,7,0.0,17.5,3361.0,7771.0,24.0,1,22.1,7.0,34.0,0.0,23.33,0.0,0.31
1984,Ronnie Thomas,21,0,0,0.0,26.24,1775.0,4979.0,2.0,0,28.62,15.0,40.0,0.0,0.0,0.0,0.04
1986,Rusty Wallace,29,4,16,2.0,12.66,3762.0,8486.0,428.0,8,10.72,1.0,35.0,13.79,55.17,6.9,5.04
1992,Mark Martin,29,10,17,2.0,12.38,3887.0,8954.0,533.0,16,8.1,1.0,33.0,34.48,58.62,6.9,5.95
1994,Robert Pressley,3,0,0,0.0,35.33,171.0,587.0,0.0,0,31.33,31.0,40.0,0.0,0.0,0.0,0.0
1997,Ricky Craven,30,4,7,0.0,20.87,3108.0,7806.0,280.0,13,22.37,3.0,43.0,13.33,23.33,0.0,3.59
1997,Wally Dallenbach Jr.,22,0,1,0.0,32.23,1475.0,4598.0,21.0,3,18.23,10.0,42.0,0.0,4.55,0.0,0.46
1998,Wally Dallenbach Jr.,23,0,3,0.0,28.04,1832.0,5940.0,13.0,4,25.78,7.0,43.0,0.0,13.04,0.0,0.22
2002,Ward Burton,36,3,8,2.0,24.06,3387.0,8931.0,371.0,16,23.17,1.0,43.0,8.33,22.22,5.56,4.15
2006,Ryan Newman,36,2,7,0.0,20.56,3748.0,10021.0,125.0,19,11.61,2.0,43.0,5.56,19.44,0.0,1.25
2014,Danica Patrick,36,0,3,0.0,23.67,735.0,10220.0,15.0,19,22.28,6.0,42.0,0.0,8.33,0.0,0.15
2017,Stephen Leicht,1,0,0,0.0,32.0,0.0,153.0,0.0,0,36.0,32.0,32.0,0.0,0.0,0.0,0.0
2019,Ryan Blaney,36,11,18,1.0,13.72,1080.0,10001.0,422.0,23,12.28,1.0,37.0,30.56,50.0,2.78,4.22
2020,Joey Gase,33,0,0,0.0,33.03,0.0,8190.0,0.0,1,34.36,17.0,40.0,0.0,0.0,0.0,0.0
2020,James Davison,15,0,0,0.0,33.93,56.0,3170.0,0.0,2,35.13,29.0,39.0,0.0,0.0,0.0,0.0
1953,Charlie Causey,3,0,0,0.0,20.67,,35.0,0.0,0,40.0,16.0,24.0,0.0,0.0,0.0,0.0
1954,Bill Lone,1,0,0,0.0,21.0,,209.0,0.0,0,,21.0,21.0,0.0,0.0,0.0,0.0
1956,Fred Hunt,2,0,0,0.0,18.0,,118.0,0.0,0,7.5,17.0,19.0,0.0,0.0,0.0,0.0
1957,Ray Franklin,1,0,0,0.0,23.0,,42.0,0.0,0,32.0,23.0,23.0,0.0,0.0,0.0,0.0
1982,Randy Becker,2,0,0,0.0,29.5,49.0,116.0,0.0,0,36.5,21.0,38.0,0.0,0.0,0.0,0.0
2024,Timmy Hill,2,0,0,0.0,35.5,0.0,344.0,0.0,0,37.0,35.0,36.0,0.0,0.0,0.0,0.0
1973,Eddie Pettyjohn,2,0,1,0.0,25.0,104.0,491.0,0.0,0,21.5,10.0,40.0,0.0,50.0,0.0,0.0
1975,Bill Osborne,2,0,0,0.0,21.0,200.0,187.0,0.0,0,20.5,16.0,26.0,0.0,0.0,0.0,0.0
1976,John Dineen,1,0,0,0.0,22.0,97.0,73.0,0.0,0,34.0,22.0,22.0,0.0,0.0,0.0,0.0
2013,Kevin Swindell,1,0,0,0.0,38.0,0.0,244.0,0.0,0,33.0,38.0,38.0,0.0,0.0,0.0,0.0
1950,Tommy Melvin,1,0,0,0.0,13.0,,,0.0,0,4.0,13.0,13.0,0.0,0.0,0.0,
1951,Furman Lancaster,1,0,1,0.0,7.0,,140.0,0.0,0,,7.0,7.0,0.0,100.0,0.0,0.0
1961,Mike Saathoff,1,0,0,0.0,19.0,168.0,129.0,0.0,0,31.0,19.0,19.0,0.0,0.0,0.0,0.0
1963,Jack McCoy,1,0,0,0.0,38.0,64.0,1.0,0.0,0,28.0,38.0,38.0,0.0,0.0,0.0,0.0
1995,Ed Berrier,1,0,0,0.0,20.0,103.0,358.0,0.0,0,42.0,20.0,20.0,0.0,0.0,0.0,0.0
1953,Curtis Estes,1,0,0,0.0,12.0,,,0.0,0,,12.0,12.0,0.0,0.0,0.0,
1953,Merritt Brown,1,0,0,0.0,58.0,,20.0,0.0,0,46.0,58.0,58.0,0.0,0.0,0.0,0.0
1957,Lucky Sawyer,2,0,0,0.0,24.0,,81.0,0.0,0,22.5,23.0,25.0,0.0,0.0,0.0,0.0
1958,Jack D. McCoy,2,0,1,0.0,15.5,,198.0,0.0,0,25.0,6.0,25.0,0.0,50.0,0.0,0.0
1960,Tommy Irwin,16,4,11,0.0,12.25,1406.0,2659.0,0.0,0,12.44,4.0,37.0,25.0,68.75,0.0,0.0
1964,Junior Johnson,29,12,15,3.0,12.1,17066.0,6298.0,1116.0,4,5.31,1.0,34.0,41.38,51.72,10.34,17.72
1966,Bill Seifert,15,0,4,0.0,16.8,4128.0,3322.0,0.0,0,23.4,6.0,33.0,0.0,26.67,0.0,0.0
1971,Fred Lorenzen,14,7,9,0.0,12.71,795.0,3239.0,152.0,1,7.36,2.0,35.0,50.0,64.29,0.0,4.69
1975,A.J. Foyt,7,1,1,0.0,20.0,0.0,1420.0,186.0,0,6.14,5.0,35.0,14.29,14.29,0.0,13.1
1977,Gary Myers,10,0,0,0.0,20.5,888.0,2648.0,0.0,0,29.6,11.0,34.0,0.0,0.0,0.0,0.0
1979,Claude Ballot-Lena,2,0,0,0.0,29.0,0.0,251.0,0.0,0,33.0,27.0,31.0,0.0,0.0,0.0,0.0
1981,Lowell Cowell,4,0,0,0.0,23.75,288.0,812.0,0.0,0,27.25,17.0,28.0,0.0,0.0,0.0,0.0
1983,Clark Dwyer,5,0,1,0.0,27.0,411.0,851.0,0.0,0,31.2,10.0,40.0,0.0,20.0,0.0,0.0
1986,Terry Labonte,29,5,10,1.0,15.93,3473.0,8284.0,565.0,5,9.48,1.0,38.0,17.24,34.48,3.45,6.82
1986,Jim Sauter,8,0,0,0.0,22.88,666.0,1285.0,2.0,0,28.75,12.0,41.0,0.0,0.0,0.0,0.16
1987,Brett Bodine,14,0,0,0.0,24.43,1271.0,2908.0,20.0,1,18.07,11.0,41.0,0.0,0.0,0.0,0.69
1993,Bill Sedgwick,1,0,0,0.0,26.0,85.0,73.0,0.0,0,34.0,26.0,26.0,0.0,0.0,0.0,0.0
1997,Billy Standridge,6,0,0,0.0,34.0,366.0,1199.0,0.0,0,24.83,21.0,42.0,0.0,0.0,0.0,0.0
2010,Johnny Sauter,4,0,0,0.0,41.5,154.0,310.0,0.0,0,35.25,41.0,43.0,0.0,0.0,0.0,0.0
2011,David Reutimann,36,1,3,0.0,22.33,782.0,10291.0,8.0,18,20.53,2.0,36.0,2.78,8.33,0.0,0.08
2011,Joe Nemechek,36,0,0,0.0,40.33,0.0,1259.0,4.0,0,35.36,30.0,43.0,0.0,0.0,0.0,0.32
2012,Brad Keselowski,36,13,23,5.0,10.08,1259.0,10328.0,735.0,29,16.17,1.0,36.0,36.11,63.89,13.89,7.12
2016,Clint Bowyer,36,0,3,0.0,23.61,628.0,10252.0,3.0,15,30.69,7.0,40.0,0.0,8.33,0.0,0.03
2019,Denny Hamlin,36,19,24,6.0,9.47,1274.0,10124.0,922.0,30,11.0,1.0,36.0,52.78,66.67,16.67,9.11
1951,Marvin Burke,1,1,1,1.0,1.0,,250.0,156.0,1,4.0,1.0,1.0,100.0,100.0,100.0,62.4
1954,Joe Valente,4,0,1,0.0,16.25,,1066.0,0.0,0,10.0,9.0,28.0,0.0,25.0,0.0,0.0
1957,Bob Rauscher,3,1,2,0.0,13.33,,329.0,0.0,0,16.5,5.0,25.0,33.33,66.67,0.0,0.0
1960,Hubert Johnson,1,0,0,0.0,18.0,,105.0,0.0,0,10.0,18.0,18.0,0.0,0.0,0.0,0.0
1964,Rex White,6,2,3,0.0,13.67,8222.0,1444.0,27.0,0,11.17,3.0,26.0,33.33,50.0,0.0,1.87
1968,Ray Hill,1,0,0,0.0,24.0,0.0,1.0,0.0,0,19.0,24.0,24.0,0.0,0.0,0.0,0.0
1992,Jeff McClure,1,0,0,0.0,31.0,70.0,173.0,0.0,0,39.0,31.0,31.0,0.0,0.0,0.0,0.0
1953,Red Duvall,1,0,0,0.0,14.0,,37.0,0.0,0,20.0,14.0,14.0,0.0,0.0,0.0,0.0
1954,Gary Mathieson,1,0,1,0.0,10.0,,114.0,0.0,0,,10.0,10.0,0.0,100.0,0.0,0.0
1966,Iggy Katona,1,0,0,0.0,21.0,990.0,286.0,0.0,0,37.0,21.0,21.0,0.0,0.0,0.0,0.0
1989,John Krebs,1,0,0,0.0,33.0,0.0,65.0,0.0,0,42.0,33.0,33.0,0.0,0.0,0.0,0.0
2007,Scott Wimmer,1,0,0,0.0,31.0,70.0,145.0,0.0,0,22.0,31.0,31.0,0.0,0.0,0.0,0.0
1954,G. McBride,1,0,0,0.0,33.0,,35.0,0.0,0,,33.0,33.0,0.0,0.0,0.0,0.0
1960,Nook Walters,1,1,1,0.0,4.0,0.0,179.0,0.0,0,9.0,4.0,4.0,100.0,100.0,0.0,0.0
1963,Charley Griffith,1,0,0,0.0,18.0,128.0,182.0,0.0,0,19.0,18.0,18.0,0.0,0.0,0.0,0.0
1986,Rick Lach,1,0,0,0.0,40.0,43.0,20.0,0.0,0,39.0,40.0,40.0,0.0,0.0,0.0,0.0
1956,Donald Thomas,3,0,1,0.0,18.67,,165.0,0.0,0,28.67,9.0,29.0,0.0,33.33,0.0,0.0
1957,Lucky Long,1,0,0,0.0,27.0,,24.0,0.0,0,22.0,27.0,27.0,0.0,0.0,0.0,0.0
1958,John McDaniel,3,0,0,0.0,22.0,304.0,279.0,0.0,0,23.0,13.0,27.0,0.0,0.0,0.0,0.0
1960,Sal Tovella,2,0,0,0.0,41.5,100.0,43.0,0.0,0,27.0,16.0,67.0,0.0,0.0,0.0,0.0
1961,Charlie Glotzbach,4,0,0,0.0,21.0,1648.0,344.0,0.0,0,19.5,11.0,43.0,0.0,0.0,0.0,0.0
1966,Sonny Hutchins,4,0,0,0.0,29.5,580.0,222.0,0.0,0,23.25,22.0,47.0,0.0,0.0,0.0,0.0
1967,Bobby Allison,45,21,27,6.0,10.67,30760.0,10157.0,1554.0,10,7.96,1.0,40.0,46.67,60.0,13.33,15.3
1968,Wayne Smith,18,0,1,0.0,24.22,898.0,2456.0,0.0,0,25.5,7.0,38.0,0.0,5.56,0.0,0.0
1969,Sherral Pruitt,1,0,0,0.0,22.0,29.0,10.0,0.0,0,22.0,22.0,22.0,0.0,0.0,0.0,0.0
1970,Morgan Shepherd,3,0,0,0.0,17.67,69.0,522.0,0.0,0,14.67,14.0,20.0,0.0,0.0,0.0,0.0
1972,Cecil Gordon,31,4,16,0.0,14.52,2262.0,9033.0,3.0,0,12.48,4.0,43.0,12.9,51.61,0.0,0.03
1982,Tommy Houston,1,0,0,0.0,25.0,88.0,238.0,0.0,0,29.0,25.0,25.0,0.0,0.0,0.0,0.0
1989,Dick Johnson (Australia),4,0,0,0.0,27.5,322.0,497.0,0.0,0,25.0,22.0,32.0,0.0,0.0,0.0,0.0
1990,Jimmy Means,27,0,0,0.0,26.3,2271.0,7419.0,0.0,0,30.48,12.0,39.0,0.0,0.0,0.0,0.0
1991,Eddie Bierschwale,5,0,0,0.0,25.6,431.0,1112.0,0.0,0,39.0,12.0,38.0,0.0,0.0,0.0,0.0
1997,Jeff Gordon,32,22,23,10.0,9.56,4710.0,9276.0,1645.0,22,9.44,1.0,42.0,68.75,71.88,31.25,17.73
1997,Rick Wilson,3,0,0,0.0,20.33,306.0,690.0,0.0,1,33.0,19.0,21.0,0.0,0.0,0.0,0.0
1999,Darrell Waltrip,27,0,0,0.0,27.81,2158.0,7204.0,3.0,3,30.89,12.0,43.0,0.0,0.0,0.0,0.04
1999,Dale Earnhardt Jr.,5,0,1,0.0,21.4,500.0,1363.0,1.0,0,14.4,10.0,43.0,0.0,20.0,0.0,0.07
2000,Steve Grissom,5,0,0,0.0,26.4,419.0,1569.0,0.0,1,38.4,16.0,36.0,0.0,0.0,0.0,0.0
2005,Robby Gordon,29,1,2,0.0,30.07,2167.0,7047.0,20.0,6,27.03,2.0,42.0,3.45,6.9,0.0,0.28
2007,Elliott Sadler,36,0,2,0.0,25.47,3165.0,10103.0,62.0,11,17.31,6.0,41.0,0.0,5.56,0.0,0.61
2011,Brian Vickers,36,3,7,0.0,20.58,845.0,10050.0,7.0,17,19.83,5.0,39.0,8.33,19.44,0.0,0.07
2013,Landon Cassill,33,0,0,0.0,32.33,0.0,8798.0,2.0,3,36.12,22.0,42.0,0.0,0.0,0.0,0.02
2013,Clint Bowyer,36,10,19,0.0,11.94,1165.0,10400.0,354.0,32,14.17,2.0,39.0,27.78,52.78,0.0,3.4
2023,Ricky Stenhouse Jr.,36,2,9,1.0,17.83,732.0,9170.0,39.0,25,21.83,1.0,35.0,5.56,25.0,2.78,0.43
1949,Woodie Wilson,1,0,0,0.0,17.0,,,0.0,0,,17.0,17.0,0.0,0.0,0.0,
1949,Curtis Turner,6,1,4,1.0,12.17,,564.0,78.0,1,6.0,1.0,25.0,16.67,66.67,16.67,13.83
1949,Bill Bennett,1,0,0,0.0,11.0,,181.0,0.0,0,41.0,11.0,11.0,0.0,0.0,0.0,0.0
1951,Hully Bunn,1,0,0,0.0,11.0,,,0.0,0,,11.0,11.0,0.0,0.0,0.0,
1954,Gene Holcomb,2,0,0,0.0,27.0,,369.0,0.0,0,,24.0,30.0,0.0,0.0,0.0,0.0
1954,Sam Pearson,1,0,0,0.0,17.0,,150.0,0.0,0,23.0,17.0,17.0,0.0,0.0,0.0,0.0
1959,Bobby Waddell,7,0,0,0.0,19.71,152.0,512.0,0.0,0,13.57,12.0,31.0,0.0,0.0,0.0,0.0
1959,Runt Harris,1,1,1,0.0,5.0,,193.0,0.0,0,5.0,5.0,5.0,100.0,100.0,0.0,0.0
1960,Barney Shore,1,0,0,0.0,20.0,,93.0,0.0,0,25.0,20.0,20.0,0.0,0.0,0.0,0.0
1962,Doug Yates,7,0,2,0.0,24.14,904.0,883.0,0.0,0,21.43,6.0,40.0,0.0,28.57,0.0,0.0
1962,Speedy Thompson,3,0,1,0.0,16.33,2522.0,443.0,0.0,0,20.67,9.0,23.0,0.0,33.33,0.0,0.0
1965,Ken White,1,0,0,0.0,40.0,94.0,0.0,0.0,0,34.0,40.0,40.0,0.0,0.0,0.0,
1976,Larry Esau,1,0,0,0.0,13.0,124.0,169.0,0.0,0,19.0,13.0,13.0,0.0,0.0,0.0,0.0
1982,Bob Jarvis,2,0,0,0.0,31.5,79.0,192.0,0.0,0,31.0,28.0,35.0,0.0,0.0,0.0,0.0
1984,Kevin Terris,1,0,0,0.0,24.0,0.0,78.0,0.0,0,34.0,24.0,24.0,0.0,0.0,0.0,0.0
1984,Joe Millikan,2,0,0,0.0,27.5,112.0,512.0,0.0,0,31.5,17.0,38.0,0.0,0.0,0.0,0.0
2023,Riley Herbst,4,0,2,0.0,19.25,0.0,690.0,10.0,3,21.5,9.0,38.0,0.0,50.0,0.0,1.45
1951,Charles Kleber,1,0,0,0.0,16.0,,,0.0,0,,16.0,16.0,0.0,0.0,0.0,
1956,Jack Williams,1,0,0,0.0,17.0,,94.0,0.0,0,25.0,17.0,17.0,0.0,0.0,0.0,0.0
1964,Oren Prosser,1,0,0,0.0,28.0,200.0,87.0,0.0,0,29.0,28.0,28.0,0.0,0.0,0.0,0.0
1992,Scott Gaylord,1,0,0,0.0,37.0,52.0,124.0,0.0,0,34.0,37.0,37.0,0.0,0.0,0.0,0.0
1964,Paul Lewis,1,0,0,0.0,26.0,30.0,27.0,0.0,0,23.0,26.0,26.0,0.0,0.0,0.0,0.0
1978,Gary Johnson,1,0,0,0.0,35.0,58.0,3.0,0.0,0,14.0,35.0,35.0,0.0,0.0,0.0,0.0
1990,Mark Reed,1,0,0,0.0,34.0,61.0,269.0,0.0,0,33.0,34.0,34.0,0.0,0.0,0.0,0.0
2004,Eric McClure,1,0,0,0.0,26.0,90.0,188.0,1.0,1,35.0,26.0,26.0,0.0,0.0,0.0,0.53
1951,Slick Smith,4,0,0,0.0,15.5,,529.0,0.0,0,21.5,12.0,22.0,0.0,0.0,0.0,0.0
1951,Elmer Wilson,3,0,0,0.0,36.0,,80.0,0.0,0,48.0,26.0,49.0,0.0,0.0,0.0,0.0
1955,Harvey Henderson,17,1,6,0.0,13.65,1930.0,2284.0,0.0,0,17.18,5.0,30.0,5.88,35.29,0.0,0.0
1956,John Dodd Jr.,4,0,1,0.0,20.5,,372.0,0.0,0,16.67,10.0,25.0,0.0,25.0,0.0,0.0
1961,Bill Ferrier,2,0,0,0.0,15.0,352.0,214.0,0.0,0,21.0,14.0,16.0,0.0,0.0,0.0,0.0
1968,Cale Yarborough,21,12,12,6.0,11.76,1660.0,5661.0,1065.0,6,3.57,1.0,44.0,57.14,57.14,28.57,18.81
1968,Glenn Luce,1,0,0,0.0,17.0,34.0,223.0,0.0,0,19.0,17.0,17.0,0.0,0.0,0.0,0.0
1968,G.T. Nolan,1,0,0,0.0,19.0,33.0,123.0,0.0,0,22.0,19.0,19.0,0.0,0.0,0.0,0.0
1971,Charlie Glotzbach,20,7,10,1.0,16.15,699.0,4735.0,804.0,3,6.0,1.0,37.0,35.0,50.0,5.0,16.98
1973,David Sisco,23,2,6,0.0,17.83,1526.0,6552.0,4.0,0,22.74,4.0,36.0,8.7,26.09,0.0,0.06
1974,Elmo Langley,23,0,3,0.0,20.13,,5548.0,0.0,0,26.96,6.0,38.0,0.0,13.04,0.0,0.0
1976,Jimmy Lee Capps,4,0,1,0.0,22.0,389.0,505.0,0.0,0,27.75,10.0,33.0,0.0,25.0,0.0,0.0
1978,John Kennedy,5,0,0,0.0,31.0,350.0,296.0,0.0,0,30.4,27.0,40.0,0.0,0.0,0.0,0.0
1982,Richard Brickhouse,2,0,0,0.0,24.0,82.0,557.0,0.0,0,36.5,21.0,27.0,0.0,0.0,0.0,0.0
1985,J.D. McDuffie,23,0,0,0.0,27.48,1853.0,4694.0,0.0,0,32.13,15.0,42.0,0.0,0.0,0.0,0.0
1986,Jimmy Means,26,0,0,0.0,22.15,2525.0,6472.0,5.0,0,32.77,11.0,41.0,0.0,0.0,0.0,0.08
1987,Sterling Marlin,29,4,8,0.0,16.28,3381.0,8356.0,67.0,5,17.34,3.0,32.0,13.79,27.59,0.0,0.8
1987,Steve Christman,20,0,0,0.0,25.55,1727.0,4404.0,0.0,0,31.95,11.0,41.0,0.0,0.0,0.0,0.0
1999,Dave Blaney,5,0,0,0.0,32.2,332.0,996.0,0.0,0,17.2,23.0,40.0,0.0,0.0,0.0,0.0
2002,Christian Fittipaldi,1,0,0,0.0,41.0,40.0,252.0,0.0,0,17.0,41.0,41.0,0.0,0.0,0.0,0.0
2011,P.J. Jones,1,0,0,0.0,43.0,0.0,5.0,0.0,0,35.0,43.0,43.0,0.0,0.0,0.0,0.0
2017,Jimmie Johnson,36,4,11,3.0,16.83,925.0,9955.0,217.0,25,16.86,1.0,40.0,11.11,30.56,8.33,2.18
2020,Corey LaJoie,36,0,1,0.0,25.58,418.0,9244.0,13.0,11,28.47,8.0,39.0,0.0,2.78,0.0,0.14
2021,Josh Bilicki,36,0,1,0.0,31.06,0.0,8780.0,0.0,7,33.69,10.0,39.0,0.0,2.78,0.0,0.0
1950,Bobby Courtwright,1,0,1,0.0,8.0,,189.0,0.0,0,,8.0,8.0,0.0,100.0,0.0,0.0
1951,Leon Sales,4,0,2,0.0,10.75,,452.0,0.0,0,20.67,7.0,17.0,0.0,50.0,0.0,0.0
1954,Jack Clarke,3,0,0,0.0,15.67,,401.0,0.0,0,,11.0,21.0,0.0,0.0,0.0,0.0
1954,Tim Flock,5,1,3,0.0,20.6,,800.0,180.0,2,4.0,2.0,62.0,20.0,60.0,0.0,22.5
1955,Ben Gregory,1,0,1,0.0,7.0,152.0,96.0,0.0,0,6.0,7.0,7.0,0.0,100.0,0.0,0.0
1963,Tommy Irwin,7,2,5,0.0,10.0,5176.0,1528.0,0.0,0,9.57,3.0,19.0,28.57,71.43,0.0,0.0
1972,John Soares Jr.,3,0,0,0.0,19.67,188.0,337.0,0.0,0,25.33,11.0,35.0,0.0,0.0,0.0,0.0
1974,Chuck Wahl,2,0,1,0.0,14.0,,275.0,0.0,0,20.5,8.0,20.0,0.0,50.0,0.0,0.0
1981,Pat Mintey,1,0,0,0.0,34.0,61.0,40.0,0.0,0,38.0,34.0,34.0,0.0,0.0,0.0,0.0
1950,Bud Boone,1,0,1,0.0,9.0,,,0.0,0,,9.0,9.0,0.0,100.0,0.0,
1953,Ray Erickson,1,0,0,0.0,21.0,,,0.0,0,,21.0,21.0,0.0,0.0,0.0,
1957,Ron Hornaday,1,0,0,0.0,11.0,,95.0,0.0,0,12.0,11.0,11.0,0.0,0.0,0.0,0.0
1962,Ray Hendrick,2,0,0,0.0,16.5,428.0,714.0,0.0,0,20.0,11.0,22.0,0.0,0.0,0.0,0.0
1992,Jeff Davis,1,0,0,0.0,26.0,85.0,299.0,0.0,0,39.0,26.0,26.0,0.0,0.0,0.0,0.0
1955,Glenn Blackman,1,0,0,0.0,21.0,40.0,53.0,0.0,0,16.0,21.0,21.0,0.0,0.0,0.0,0.0
1955,Richard Brownlee,7,0,0,0.0,17.14,568.0,681.0,0.0,0,18.86,11.0,28.0,0.0,0.0,0.0,0.0
1959,Ken Marriott,1,0,0,0.0,59.0,400.0,1.0,0.0,0,56.0,59.0,59.0,0.0,0.0,0.0,0.0
1959,Jim Blomgren,1,0,0,0.0,16.0,,49.0,0.0,0,9.0,16.0,16.0,0.0,0.0,0.0,0.0
1960,Joe Weatherly,24,7,11,3.0,15.88,6380.0,4294.0,263.0,6,8.71,1.0,45.0,29.17,45.83,12.5,6.12
1960,Bill Lutz,2,0,0,0.0,42.0,130.0,88.0,0.0,0,43.0,31.0,53.0,0.0,0.0,0.0,0.0
1963,Tiny Lund,22,5,12,1.0,10.91,17650.0,5093.0,127.0,2,9.45,1.0,27.0,22.73,54.55,4.55,2.49
1965,Bobby Johns,13,5,5,0.0,15.23,12837.0,2696.0,37.0,3,11.23,2.0,37.0,38.46,38.46,0.0,1.37
1965,Gene Hobby,16,1,2,0.0,16.88,2966.0,1970.0,0.0,0,21.0,4.0,33.0,6.25,12.5,0.0,0.0
1967,Richard Petty,48,38,40,27.0,5.02,42362.0,12739.0,5537.0,34,2.42,1.0,34.0,79.17,83.33,56.25,43.46
1967,Don Schissler,2,0,0,0.0,27.0,520.0,176.0,0.0,0,24.0,14.0,40.0,0.0,0.0,0.0,0.0
1968,Ben Arnold,10,0,0,0.0,18.3,390.0,1413.0,0.0,0,24.6,13.0,24.0,0.0,0.0,0.0,0.0
1969,Doug Easton,1,0,0,0.0,35.0,0.0,0.0,0.0,0,33.0,35.0,35.0,0.0,0.0,0.0,
1970,Jerry Oliver,2,0,1,0.0,15.5,213.0,268.0,0.0,0,18.0,9.0,22.0,0.0,50.0,0.0,0.0
1972,Dub Simpson,5,0,0,0.0,28.6,224.0,563.0,0.0,0,29.4,11.0,39.0,0.0,0.0,0.0,0.0
1973,Richard D. Brown,13,0,0,0.0,33.85,466.0,1260.0,0.0,0,28.54,16.0,60.0,0.0,0.0,0.0,0.0
1973,Paul Tyler,6,0,0,0.0,32.83,170.0,702.0,0.0,0,16.33,23.0,50.0,0.0,0.0,0.0,0.0
1977,Janet Guthrie,19,0,4,0.0,17.68,2037.0,5031.0,5.0,0,17.89,6.0,40.0,0.0,21.05,0.0,0.1
1979,Al Rudd Jr.,1,0,0,0.0,32.0,0.0,39.0,0.0,0,23.0,32.0,32.0,0.0,0.0,0.0,0.0
1983,Rodney Combs,1,0,0,0.0,22.0,97.0,320.0,0.0,0,33.0,22.0,22.0,0.0,0.0,0.0,0.0
1984,Bobby Hillin Jr.,16,0,0,0.0,23.56,1477.0,3452.0,0.0,1,21.5,11.0,37.0,0.0,0.0,0.0,0.0
1985,Benny Parsons,14,1,6,0.0,21.29,1427.0,2230.0,8.0,1,10.36,5.0,42.0,7.14,42.86,0.0,0.36
1987,Ron Bouchard,5,0,1,0.0,25.2,440.0,917.0,0.0,0,23.6,8.0,38.0,0.0,20.0,0.0,0.0
1987,Donny Paul,1,0,0,0.0,35.0,58.0,104.0,0.0,0,30.0,35.0,35.0,0.0,0.0,0.0,0.0
1989,Jimmy Means,22,0,0,0.0,28.68,1698.0,4868.0,4.0,1,30.68,12.0,41.0,0.0,0.0,0.0,0.08
1990,Davey Allison,29,5,10,2.0,16.28,3423.0,9154.0,222.0,10,13.55,1.0,36.0,17.24,34.48,6.9,2.43
1997,Dale Jarrett,32,20,23,7.0,9.56,4696.0,9769.0,2076.0,24,7.19,1.0,38.0,62.5,71.88,21.88,21.25
2003,Greg Biffle,35,3,6,1.0,19.77,3696.0,10080.0,136.0,14,20.11,1.0,43.0,8.57,17.14,2.86,1.35
2004,Ryan Newman,36,11,14,2.0,16.47,4361.0,10271.0,957.0,21,7.53,1.0,39.0,30.56,38.89,5.56,9.32
2004,Kevin Harvick,36,5,14,0.0,16.28,4228.0,10405.0,177.0,22,17.67,2.0,36.0,13.89,38.89,0.0,1.7
2006,Jimmie Johnson,36,13,24,5.0,9.67,5158.0,10577.0,854.0,31,10.83,1.0,39.0,36.11,66.67,13.89,8.07
2006,Greg Biffle,36,8,15,2.0,18.78,4075.0,9851.0,993.0,23,14.39,1.0,42.0,22.22,41.67,5.56,10.08
2008,Greg Biffle,36,12,17,2.0,12.86,4747.0,10456.0,465.0,31,13.75,1.0,43.0,33.33,47.22,5.56,4.45
2009,Reed Sorenson,36,0,1,0.0,25.31,3147.0,9823.0,5.0,15,26.33,9.0,40.0,0.0,2.78,0.0,0.05
2009,Kasey Kahne,36,7,14,2.0,15.28,4388.0,10180.0,248.0,27,11.78,1.0,38.0,19.44,38.89,5.56,2.44
2012,Chris Cook,2,0,0,0.0,41.5,0.0,18.0,0.0,0,38.5,41.0,42.0,0.0,0.0,0.0,0.0
2014,Bobby Labonte,3,0,0,0.0,26.0,54.0,455.0,0.0,1,24.33,15.0,37.0,0.0,0.0,0.0,0.0
2019,Justin Haley,3,1,1,1.0,22.33,0.0,395.0,1.0,1,35.0,1.0,34.0,33.33,33.33,33.33,0.25
2024,Kyle Larson,35,15,18,6.0,12.91,1183.0,9052.0,1699.0,28,8.77,1.0,39.0,42.86,51.43,17.14,18.77
1950,Nix Beard,1,0,0,0.0,18.0,,,0.0,0,,18.0,18.0,0.0,0.0,0.0,
1954,John Dodd Sr.,2,0,1,0.0,22.5,,302.0,0.0,0,,9.0,36.0,0.0,50.0,0.0,0.0
1956,Larry Odo,1,0,0,0.0,19.0,,361.0,0.0,0,18.0,19.0,19.0,0.0,0.0,0.0,0.0
1958,Banjo Matthews,3,0,0,0.0,24.33,228.0,90.0,0.0,0,16.5,14.0,36.0,0.0,0.0,0.0,0.0
1980,Joe Ruttman,1,0,0,0.0,40.0,0.0,29.0,0.0,0,40.0,40.0,40.0,0.0,0.0,0.0,0.0
1986,Mike Laws,2,0,0,0.0,27.5,161.0,422.0,0.0,0,34.5,24.0,31.0,0.0,0.0,0.0,0.0
1997,Ed Berrier,3,0,0,0.0,26.0,255.0,1119.0,0.0,0,27.0,23.0,28.0,0.0,0.0,0.0,0.0
2021,Harrison Burton,1,0,0,0.0,20.0,0.0,191.0,0.0,1,39.0,20.0,20.0,0.0,0.0,0.0,0.0
1950,Fred Dagavar,1,0,0,0.0,17.0,,,0.0,0,,17.0,17.0,0.0,0.0,0.0,
1951,Lamar Crabtree,1,0,1,0.0,6.0,,,0.0,0,6.0,6.0,6.0,0.0,100.0,0.0,
1955,Walt Regan,1,0,0,0.0,18.0,64.0,162.0,0.0,0,27.0,18.0,18.0,0.0,0.0,0.0,0.0
1983,Don Satterfield,3,0,0,0.0,24.33,0.0,645.0,0.0,0,27.67,19.0,29.0,0.0,0.0,0.0,0.0
2016,Gray Gaulding,2,0,0,0.0,38.0,6.0,656.0,0.0,0,36.5,37.0,39.0,0.0,0.0,0.0,0.0
1955,Lloyd Moore,2,0,0,0.0,18.0,288.0,439.0,0.0,0,36.0,12.0,24.0,0.0,0.0,0.0,0.0
2004,Tom Hubert,2,0,0,0.0,36.0,110.0,94.0,0.0,0,36.0,29.0,43.0,0.0,0.0,0.0,0.0
2017,Hermie Sadler,1,0,0,0.0,34.0,3.0,494.0,0.0,0,40.0,34.0,34.0,0.0,0.0,0.0,0.0
1951,Red Byron,5,1,2,0.0,15.2,,609.0,0.0,0,23.75,4.0,30.0,20.0,40.0,0.0,0.0
1952,Leo Caldwell,2,0,0,0.0,17.0,,,0.0,0,32.0,14.0,20.0,0.0,0.0,0.0,
1953,Larry Schultz,2,0,0,0.0,26.5,,,0.0,0,25.0,25.0,28.0,0.0,0.0,0.0,
1955,Tom Francis,1,0,0,0.0,11.0,150.0,95.0,0.0,0,25.0,11.0,11.0,0.0,0.0,0.0,0.0
1956,Ernie Young,5,0,0,0.0,21.6,,419.0,0.0,0,21.0,11.0,34.0,0.0,0.0,0.0,0.0
1956,Ed Negre,5,2,4,0.0,8.0,,936.0,0.0,0,8.25,4.0,15.0,40.0,80.0,0.0,0.0
1956,Larry Marx,1,0,0,0.0,16.0,,78.0,39.0,0,13.0,16.0,16.0,0.0,0.0,0.0,50.0
1958,Jimmy Massey,9,1,3,0.0,19.56,880.0,1612.0,0.0,0,7.56,5.0,47.0,11.11,33.33,0.0,0.0
1958,Benny Rakestraw,5,0,1,0.0,27.8,260.0,573.0,0.0,0,23.8,8.0,49.0,0.0,20.0,0.0,0.0
1963,Bill Whitley,2,0,0,0.0,22.5,16.0,5.0,0.0,0,22.5,19.0,26.0,0.0,0.0,0.0,0.0
1965,Doug Moore,5,0,0,0.0,18.6,1456.0,664.0,0.0,0,19.4,12.0,25.0,0.0,0.0,0.0,0.0
1965,Jim Paschal,10,4,4,0.0,16.1,6046.0,2403.0,99.0,0,12.9,3.0,33.0,40.0,40.0,0.0,4.12
1973,Jack Simpson,1,0,0,0.0,26.0,50.0,104.0,0.0,0,36.0,26.0,26.0,0.0,0.0,0.0,0.0
1974,Ross Surgenor,2,0,0,0.0,22.5,,134.0,0.0,0,28.0,12.0,33.0,0.0,0.0,0.0,0.0
1975,John Kieper,2,0,0,0.0,22.0,103.0,191.0,0.0,0,27.5,20.0,24.0,0.0,0.0,0.0,0.0
1980,James Hylton,31,0,4,0.0,17.39,3449.0,9229.0,26.0,0,26.19,7.0,39.0,0.0,12.9,0.0,0.28
1980,Buddy Arrington,31,0,7,0.0,17.26,3461.0,8765.0,0.0,0,23.97,6.0,41.0,0.0,22.58,0.0,0.0
1982,Lennie Pond,13,0,2,0.0,23.38,756.0,2490.0,1.0,0,29.54,9.0,40.0,0.0,15.38,0.0,0.04
1983,Trevor Boys,22,0,1,0.0,20.32,2181.0,5746.0,3.0,0,23.68,9.0,32.0,0.0,4.55,0.0,0.05
1984,Ken Ragan,10,0,0,0.0,25.4,873.0,1839.0,1.0,1,31.3,11.0,40.0,0.0,0.0,0.0,0.05
1990,Ernie Irvan,29,6,13,1.0,14.69,3593.0,8991.0,280.0,12,9.86,1.0,35.0,20.69,44.83,3.45,3.11
1990,John Krebs,2,0,0,0.0,27.0,164.0,366.0,0.0,0,39.0,23.0,31.0,0.0,0.0,0.0,0.0
1992,Delma Cowart,3,0,0,0.0,32.33,198.0,498.0,0.0,0,33.67,25.0,37.0,0.0,0.0,0.0,0.0
1998,Greg Sacks,7,0,0,0.0,35.29,400.0,1821.0,0.0,0,23.57,25.0,42.0,0.0,0.0,0.0,0.0
2003,Matt Kenseth,36,11,25,1.0,10.25,5022.0,10350.0,354.0,31,21.31,1.0,43.0,30.56,69.44,2.78,3.42
2011,Carl Edwards,36,19,26,1.0,9.31,1278.0,10393.0,903.0,31,9.39,1.0,37.0,52.78,72.22,2.78,8.69
2016,Alex Bowman,10,0,3,0.0,19.7,0.0,2470.0,200.0,7,12.3,6.0,39.0,0.0,30.0,0.0,8.1
2021,Austin Dillon,36,1,8,0.0,14.44,925.0,9105.0,27.0,27,15.5,3.0,36.0,2.78,22.22,0.0,0.3
2021,B.J. McLeod,28,0,1,0.0,29.14,0.0,7862.0,0.0,4,32.21,9.0,37.0,0.0,3.57,0.0,0.0
2023,Erik Jones,36,1,7,0.0,20.42,638.0,9089.0,24.0,21,23.25,3.0,37.0,2.78,19.44,0.0,0.26
1949,Ken Schroeder,1,0,0,0.0,22.0,,168.0,0.0,0,37.0,22.0,22.0,0.0,0.0,0.0,0.0
1950,Ann Slaasted,1,0,0,0.0,22.0,,,0.0,0,,22.0,22.0,0.0,0.0,0.0,
1951,Don Black,1,0,0,0.0,21.0,,,0.0,0,,21.0,21.0,0.0,0.0,0.0,
1954,Bud Harless,5,0,0,0.0,22.6,,482.0,0.0,0,,14.0,41.0,0.0,0.0,0.0,0.0
1955,Al Weber,2,0,1,0.0,13.0,208.0,201.0,0.0,0,19.5,9.0,17.0,0.0,50.0,0.0,0.0
1957,Max Berrier,2,0,0,0.0,27.5,,0.0,0.0,0,21.0,24.0,31.0,0.0,0.0,0.0,
1960,Bob Barron,1,0,0,0.0,30.0,76.0,186.0,0.0,0,46.0,30.0,30.0,0.0,0.0,0.0,0.0
1971,Al Straub,1,0,0,0.0,30.0,37.0,48.0,0.0,0,19.0,30.0,30.0,0.0,0.0,0.0,0.0
1974,Gary Myers,2,0,0,0.0,35.0,,35.0,0.0,0,35.5,34.0,36.0,0.0,0.0,0.0,0.0
1979,Norm Palmer,1,0,1,0.0,8.0,142.0,91.0,0.0,0,16.0,8.0,8.0,0.0,100.0,0.0,0.0
1984,Ron Esau,2,0,0,0.0,27.0,164.0,170.0,0.0,0,23.5,27.0,27.0,0.0,0.0,0.0,0.0
1950,George Masker,1,0,0,0.0,33.0,,,0.0,0,,33.0,33.0,0.0,0.0,0.0,
1950,Chuck James,1,1,1,0.0,4.0,,,0.0,0,,4.0,4.0,100.0,100.0,0.0,
1951,Harry Scott,1,0,1,0.0,9.0,,,0.0,0,,9.0,9.0,0.0,100.0,0.0,
1970,Lothar Motschenbacher,1,0,0,0.0,40.0,0.0,7.0,0.0,0,31.0,40.0,40.0,0.0,0.0,0.0,0.0
1971,Bill Ward,2,0,0,0.0,23.0,102.0,281.0,0.0,0,29.5,17.0,29.0,0.0,0.0,0.0,0.0
1949,Jack White,1,1,1,1.0,1.0,,200.0,66.0,1,,1.0,1.0,100.0,100.0,100.0,33.0
1951,Pete Page,1,0,0,0.0,26.0,,,0.0,0,,26.0,26.0,0.0,0.0,0.0,
1957,Rick Simon,1,0,0,0.0,15.0,,23.0,0.0,0,,15.0,15.0,0.0,0.0,0.0,0.0
1959,Carl Burris,1,0,0,0.0,50.0,80.0,2.0,0.0,0,37.0,50.0,50.0,0.0,0.0,0.0,0.0
1961,Johnny Roberts,1,0,0,0.0,21.0,96.0,113.0,0.0,0,15.0,21.0,21.0,0.0,0.0,0.0,0.0
1963,Scotty Cain,2,0,0,0.0,24.5,768.0,229.0,0.0,0,30.5,21.0,28.0,0.0,0.0,0.0,0.0
1965,T.C. Hunt,1,0,0,0.0,18.0,900.0,214.0,0.0,0,35.0,18.0,18.0,0.0,0.0,0.0,0.0
1995,Terry Fisher,1,0,0,0.0,38.0,49.0,57.0,0.0,0,36.0,38.0,38.0,0.0,0.0,0.0,0.0
1953,Curtis Turner,19,3,5,1.0,14.84,0.0,1396.0,191.0,1,5.8,1.0,30.0,15.79,26.32,5.26,13.68
1956,Bobby Myers,8,0,2,0.0,27.13,,980.0,0.0,0,21.38,7.0,61.0,0.0,25.0,0.0,0.0
1957,Chuck Hobbs,1,0,0,0.0,32.0,,,0.0,0,55.0,32.0,32.0,0.0,0.0,0.0,
1957,Don Johns,2,0,1,0.0,15.5,,255.0,0.0,0,24.0,8.0,23.0,0.0,50.0,0.0,0.0
1958,Jack Rounds,1,0,0,0.0,12.0,,167.0,0.0,0,46.0,12.0,12.0,0.0,0.0,0.0,0.0
1965,David Pearson,14,8,11,2.0,8.71,5464.0,3243.0,576.0,4,4.07,1.0,36.0,57.14,78.57,14.29,17.76
1970,Friday Hassler,26,1,6,0.0,16.73,1831.0,5439.0,56.0,0,17.23,5.0,36.0,3.85,23.08,0.0,1.03
1970,Sonny Hutchins,2,1,1,0.0,15.5,92.0,722.0,0.0,0,14.5,5.0,26.0,50.0,50.0,0.0,0.0
1971,Ken Rush,1,0,0,0.0,14.0,0.0,117.0,0.0,0,5.0,14.0,14.0,0.0,0.0,0.0,0.0
1973,Randy Tissot,3,0,0,0.0,17.0,204.0,816.0,0.0,0,36.33,15.0,20.0,0.0,0.0,0.0,0.0
1974,Sonny Hutchins,1,0,0,0.0,21.0,,150.0,79.0,0,2.0,21.0,21.0,0.0,0.0,0.0,52.67
1980,Hershel McGriff,3,0,0,0.0,24.33,270.0,307.0,0.0,0,16.0,23.0,26.0,0.0,0.0,0.0,0.0
1981,Bruce Hill,8,0,0,0.0,29.5,596.0,880.0,0.0,0,29.75,16.0,41.0,0.0,0.0,0.0,0.0
1984,Terry Labonte,30,17,24,2.0,8.33,4508.0,9886.0,880.0,15,5.83,1.0,31.0,56.67,80.0,6.67,8.9
1987,Jocko Maggiacomo,3,0,0,0.0,32.0,201.0,233.0,0.0,0,29.33,24.0,37.0,0.0,0.0,0.0,0.0
1991,Kim Campbell,1,0,0,0.0,31.0,70.0,64.0,0.0,0,37.0,31.0,31.0,0.0,0.0,0.0,0.0
1992,Dave Marcis,29,0,0,0.0,27.34,2348.0,6739.0,0.0,1,28.55,15.0,39.0,0.0,0.0,0.0,0.0
1993,Sterling Marlin,30,1,8,0.0,17.97,3355.0,9153.0,345.0,9,19.23,2.0,33.0,3.33,26.67,0.0,3.77
1995,Jeff Gordon,31,17,23,7.0,9.52,4614.0,9405.0,2600.0,23,5.0,1.0,36.0,54.84,74.19,22.58,27.64
1999,Mark Martin,34,19,26,2.0,9.35,4943.0,9903.0,700.0,26,8.24,1.0,38.0,55.88,76.47,5.88,7.07
2002,Kurt Busch,36,12,20,4.0,14.06,4641.0,10259.0,933.0,25,14.08,1.0,41.0,33.33,55.56,11.11,9.09
2003,Jeremy Mayfield,36,4,12,0.0,20.58,3736.0,9670.0,156.0,17,18.92,2.0,43.0,11.11,33.33,0.0,1.61
2005,P.J. Jones,4,0,0,0.0,39.0,189.0,358.0,1.0,1,34.75,32.0,42.0,0.0,0.0,0.0,0.28
2008,A.J. Allmendinger,27,0,2,0.0,24.67,2436.0,7011.0,9.0,12,25.26,9.0,43.0,0.0,7.41,0.0,0.13
2009,Jeremy Mayfield,5,0,0,0.0,35.8,288.0,1362.0,2.0,0,32.8,32.0,40.0,0.0,0.0,0.0,0.15
2022,Austin Cindric,36,5,9,1.0,16.25,825.0,8578.0,86.0,25,12.61,1.0,37.0,13.89,25.0,2.78,1.0
2024,Cody Ware,9,1,1,0.0,21.0,146.0,1825.0,1.0,7,34.33,4.0,33.0,11.11,11.11,0.0,0.05
2025,Austin Hill,5,0,1,0.0,23.4,0.0,1216.0,0.0,2,33.8,9.0,31.0,0.0,20.0,0.0,0.0
1952,Roscoe Thompson,7,0,0,0.0,19.71,,332.0,11.0,0,7.83,13.0,28.0,0.0,0.0,0.0,3.31
1954,Jim McLain,1,0,0,0.0,29.0,,112.0,0.0,0,,29.0,29.0,0.0,0.0,0.0,0.0
1958,Harry Leake,2,0,0,0.0,24.5,,336.0,0.0,0,28.5,17.0,32.0,0.0,0.0,0.0,0.0
1961,Marvin Porter,8,1,1,0.0,22.25,2326.0,1096.0,0.0,0,20.5,5.0,45.0,12.5,12.5,0.0,0.0
1962,Red Foote,4,0,0,0.0,26.0,2274.0,939.0,0.0,0,32.5,17.0,38.0,0.0,0.0,0.0,0.0
1967,H.B. Bailey,3,0,0,0.0,21.33,3482.0,322.0,0.0,0,19.67,15.0,31.0,0.0,0.0,0.0,0.0
1974,Bobby Isaac,11,1,5,0.0,20.36,,1907.0,11.0,0,11.73,2.0,37.0,9.09,45.45,0.0,0.58
1989,Stan Barrett,4,0,0,0.0,32.0,155.0,391.0,0.0,0,34.5,26.0,37.0,0.0,0.0,0.0,0.0
1990,Tommy Ellis,1,0,0,0.0,31.0,0.0,285.0,0.0,0,32.0,31.0,31.0,0.0,0.0,0.0,0.0
1959,Ermon Rush,1,0,0,0.0,13.0,,188.0,0.0,0,18.0,13.0,13.0,0.0,0.0,0.0,0.0
1971,Ed Hessert,2,0,0,0.0,32.0,51.0,108.0,0.0,0,24.0,26.0,38.0,0.0,0.0,0.0,0.0
1973,Bobby Poole,1,0,0,0.0,28.0,0.0,2.0,0.0,0,24.0,28.0,28.0,0.0,0.0,0.0,0.0
2021,Kyle Tilley,3,0,0,0.0,32.0,0.0,203.0,0.0,1,34.0,30.0,35.0,0.0,0.0,0.0,0.0
1951,Harold Strapp,1,0,0,0.0,38.0,,,0.0,0,,38.0,38.0,0.0,0.0,0.0,
1963,Joe Ruttman,1,0,1,0.0,10.0,1584.0,176.0,0.0,0,30.0,10.0,10.0,0.0,100.0,0.0,0.0
1951,Jimmie Lewallen,12,4,8,0.0,9.17,,613.0,0.0,0,27.2,3.0,28.0,33.33,66.67,0.0,0.0
1952,Bill Davis,1,0,1,0.0,8.0,,,0.0,0,16.0,8.0,8.0,0.0,100.0,0.0,
1953,Ed DeWolff,3,0,1,0.0,19.0,,,0.0,0,,10.0,30.0,0.0,33.33,0.0,
1957,Eddie Skinner,4,0,0,0.0,22.0,,833.0,0.0,0,31.75,21.0,23.0,0.0,0.0,0.0,0.0
1959,Harold Smith,2,0,0,0.0,26.0,368.0,194.0,0.0,0,36.0,21.0,31.0,0.0,0.0,0.0,0.0
1960,Whitey Gerkin,2,0,0,0.0,16.5,1180.0,233.0,0.0,0,25.0,16.0,17.0,0.0,0.0,0.0,0.0
1963,Fred Lorenzen,29,21,23,6.0,7.21,27334.0,7484.0,2419.0,15,3.83,1.0,32.0,72.41,79.31,20.69,32.32
1964,Jim Bray,4,0,0,0.0,28.25,1474.0,167.0,0.0,0,33.75,18.0,42.0,0.0,0.0,0.0,0.0
1968,Friday Hassler,20,3,8,0.0,15.35,1265.0,5011.0,0.0,0,15.7,4.0,43.0,15.0,40.0,0.0,0.0
1968,Bobby Johns,7,0,0,0.0,32.0,452.0,750.0,0.0,0,17.0,13.0,44.0,0.0,0.0,0.0,0.0
1970,Henley Gray,34,0,2,0.0,21.44,1871.0,6134.0,0.0,0,25.59,7.0,40.0,0.0,5.88,0.0,0.0
1972,Bill Shirey,13,0,0,0.0,30.08,538.0,1786.0,0.0,0,30.38,18.0,47.0,0.0,0.0,0.0,0.0
1972,Les Covey,7,0,0,0.0,25.0,364.0,1347.0,0.0,0,34.57,21.0,33.0,0.0,0.0,0.0,0.0
1975,James Hylton,30,2,16,0.0,11.7,3914.0,9650.0,11.0,0,18.7,4.0,33.0,6.67,53.33,0.0,0.11
1979,Terry Labonte,31,2,13,0.0,16.26,3615.0,8766.0,8.0,0,12.77,3.0,35.0,6.45,41.94,0.0,0.09
1981,Butch Lindley,3,0,0,0.0,25.33,271.0,559.0,28.0,0,10.33,24.0,27.0,0.0,0.0,0.0,5.01
1983,Jimmy Means,28,0,3,0.0,18.96,2983.0,8269.0,2.0,1,29.64,7.0,38.0,0.0,10.71,0.0,0.02
1985,John Krebs,1,0,0,0.0,26.0,85.0,73.0,0.0,0,41.0,26.0,26.0,0.0,0.0,0.0,0.0
1987,Chet Fillip,6,0,0,0.0,27.67,377.0,895.0,0.0,0,31.67,20.0,41.0,0.0,0.0,0.0,0.0
1994,Dick Trickle,25,0,1,0.0,27.52,2019.0,6422.0,1.0,1,25.52,8.0,41.0,0.0,4.0,0.0,0.02
1996,Rich Woodland Jr.,1,0,0,0.0,37.0,52.0,68.0,0.0,0,44.0,37.0,37.0,0.0,0.0,0.0,0.0
2005,Johnny Sauter,10,0,1,0.0,28.8,722.0,1902.0,0.0,3,31.1,9.0,41.0,0.0,10.0,0.0,0.0
2009,Erik Darnell,7,0,0,0.0,31.86,472.0,1936.0,0.0,0,37.0,29.0,37.0,0.0,0.0,0.0,0.0
2012,Joe Nemechek,31,0,0,0.0,39.03,0.0,1507.0,0.0,0,37.0,28.0,43.0,0.0,0.0,0.0,0.0
2014,Nelson Piquet Jr.,1,0,0,0.0,26.0,18.0,90.0,0.0,1,32.0,26.0,26.0,0.0,0.0,0.0,0.0
2023,Gray Gaulding,1,0,0,0.0,29.0,0.0,242.0,0.0,0,35.0,29.0,29.0,0.0,0.0,0.0,0.0
1951,Ray Throckmorton,1,0,0,0.0,12.0,,,0.0,0,,12.0,12.0,0.0,0.0,0.0,
1951,Al Jacobs,4,0,0,0.0,19.5,,,0.0,0,17.0,12.0,34.0,0.0,0.0,0.0,
1952,Dick Martin,2,0,0,0.0,18.5,,72.0,0.0,0,18.0,15.0,22.0,0.0,0.0,0.0,0.0
1954,Harold Lutz,1,0,0,0.0,50.0,,11.0,0.0,0,,50.0,50.0,0.0,0.0,0.0,0.0
1955,Chick Dawson,1,0,0,0.0,27.0,8.0,11.0,0.0,0,28.0,27.0,27.0,0.0,0.0,0.0,0.0
1956,Jim Graham,3,1,1,0.0,11.67,,317.0,0.0,1,9.0,3.0,21.0,33.33,33.33,0.0,0.0
1956,Paul Goldsmith,9,4,6,1.0,9.22,,2192.0,182.0,2,8.11,1.0,23.0,44.44,66.67,11.11,8.3
1959,Cliff Timberman,1,0,0,0.0,25.0,,2.0,0.0,0,24.0,25.0,25.0,0.0,0.0,0.0,0.0
1969,Wendell Parnell,1,0,0,0.0,23.0,84.0,87.0,0.0,0,32.0,23.0,23.0,0.0,0.0,0.0,0.0
1980,Kevin Housby,3,0,0,0.0,24.33,185.0,524.0,0.0,0,26.67,17.0,30.0,0.0,0.0,0.0,0.0
1984,Gary Mayeda,1,0,0,0.0,37.0,0.0,21.0,0.0,0,37.0,37.0,37.0,0.0,0.0,0.0,0.0
2016,Ryan Ellis,4,0,0,0.0,36.0,0.0,1112.0,0.0,0,37.0,32.0,38.0,0.0,0.0,0.0,0.0
1956,Corey Benjamin,1,0,0,0.0,41.0,,34.0,0.0,0,43.0,41.0,41.0,0.0,0.0,0.0,0.0
1962,Bill Wimble,2,0,0,0.0,14.0,1944.0,231.0,0.0,0,22.0,11.0,17.0,0.0,0.0,0.0,0.0
1967,Bruce Worrell,1,0,1,0.0,6.0,2438.0,174.0,0.0,0,29.0,6.0,6.0,0.0,100.0,0.0,0.0
1975,Carl Joiner,1,0,0,0.0,22.0,97.0,87.0,0.0,0,12.0,22.0,22.0,0.0,0.0,0.0,0.0
2019,Gray Gaulding,1,0,0,0.0,36.0,0.0,142.0,0.0,0,33.0,36.0,36.0,0.0,0.0,0.0,0.0
1952,Smokey Yunick,1,0,0,0.0,18.0,,7.0,0.0,0,19.0,18.0,18.0,0.0,0.0,0.0,0.0
1953,Marvin Copple,1,1,1,0.0,5.0,,,0.0,0,,5.0,5.0,100.0,100.0,0.0,
1955,Allan Clarke,1,0,0,0.0,12.0,112.0,179.0,0.0,0,16.0,12.0,12.0,0.0,0.0,0.0,0.0
1962,Roy Hallquist,1,0,1,0.0,8.0,288.0,183.0,0.0,0,7.0,8.0,8.0,0.0,100.0,0.0,0.0
1966,Buster Sexton,1,0,0,0.0,14.0,192.0,183.0,0.0,0,12.0,14.0,14.0,0.0,0.0,0.0,0.0
1975,Clyde Dagit,1,0,0,0.0,15.0,118.0,418.0,0.0,0,29.0,15.0,15.0,0.0,0.0,0.0,0.0
1979,Butch Mock,1,0,0,0.0,39.0,46.0,38.0,0.0,0,34.0,39.0,39.0,0.0,0.0,0.0,0.0
1987,Phil Good,1,0,0,0.0,39.0,46.0,10.0,0.0,0,38.0,39.0,39.0,0.0,0.0,0.0,0.0
1955,Ray Clark,2,0,0,0.0,14.0,192.0,193.0,0.0,0,15.0,13.0,15.0,0.0,0.0,0.0,0.0
1955,Ed Negre,1,0,1,0.0,9.0,340.0,239.0,0.0,0,10.0,9.0,9.0,0.0,100.0,0.0,0.0
1956,Dick Denise,1,0,0,0.0,19.0,,41.0,0.0,0,19.0,19.0,19.0,0.0,0.0,0.0,0.0
1956,Fred Frazier,2,0,1,0.0,11.0,,288.0,0.0,0,12.5,9.0,13.0,0.0,50.0,0.0,0.0
1961,Charles Williamson,1,0,0,0.0,19.0,112.0,107.0,0.0,0,6.0,19.0,19.0,0.0,0.0,0.0,0.0
1964,Earl Balmer,10,2,4,0.0,15.3,6169.0,2771.0,1.0,0,13.0,4.0,32.0,20.0,40.0,0.0,0.04
1966,Tom Pistone,28,6,6,0.0,18.39,5788.0,4090.0,385.0,2,10.57,2.0,41.0,21.43,21.43,0.0,9.41
1969,LeeRoy Yarbrough,30,16,21,7.0,8.93,2709.0,8190.0,1098.0,9,5.53,1.0,38.0,53.33,70.0,23.33,13.41
1972,Frank Warren,30,0,2,0.0,22.7,1696.0,7091.0,0.0,0,23.67,9.0,43.0,0.0,6.67,0.0,0.0
1972,Richard Childress,15,0,0,0.0,26.87,724.0,1681.0,0.0,0,26.53,16.0,37.0,0.0,0.0,0.0,0.0
1973,Jack McCoy,3,1,3,0.0,6.67,266.0,797.0,0.0,0,18.33,5.0,9.0,33.33,100.0,0.0,0.0
1974,Henley Gray,5,0,1,0.0,18.0,,1342.0,0.0,0,20.8,9.0,32.0,0.0,20.0,0.0,0.0
1975,Donnie Allison,14,3,6,0.0,19.79,1376.0,2819.0,33.0,1,5.79,3.0,42.0,21.43,42.86,0.0,1.17
1975,Carl Adams,20,0,4,0.0,18.2,2182.0,5332.0,0.0,0,24.1,6.0,44.0,0.0,20.0,0.0,0.0
1988,Roy Smith,2,0,0,0.0,28.5,160.0,303.0,1.0,0,27.5,27.0,30.0,0.0,0.0,0.0,0.33
1991,Morgan Shepherd,29,4,14,0.0,15.86,3438.0,9021.0,86.0,6,21.03,3.0,42.0,13.79,48.28,0.0,0.95
1992,Mike Potter,11,0,0,0.0,29.91,806.0,1869.0,0.0,0,34.73,20.0,39.0,0.0,0.0,0.0,0.0
1993,Wally Dallenbach Jr.,30,1,4,0.0,21.57,2978.0,8411.0,3.0,4,26.47,2.0,40.0,3.33,13.33,0.0,0.04
1996,Ricky Rudd,31,5,16,1.0,14.65,3845.0,9281.0,150.0,13,20.55,1.0,37.0,16.13,51.61,3.23,1.62
1997,Rusty Wallace,32,8,12,1.0,18.69,3598.0,8747.0,779.0,14,18.63,1.0,43.0,25.0,37.5,3.13,8.91
1998,Bill Elliott,32,0,5,0.0,20.5,3305.0,8865.0,38.0,10,22.53,6.0,43.0,0.0,15.63,0.0,0.43
2005,Tony Stewart,36,17,25,5.0,9.92,5199.0,10670.0,1845.0,28,12.0,1.0,33.0,47.22,69.44,13.89,17.29
2017,Danica Patrick,36,0,1,0.0,23.83,506.0,9888.0,7.0,13,22.06,10.0,38.0,0.0,2.78,0.0,0.07
2020,Jimmie Johnson,35,5,10,0.0,17.29,827.0,9304.0,107.0,24,17.31,3.0,40.0,14.29,28.57,0.0,1.15
2022,Michael McDowell,36,2,12,0.0,16.69,754.0,9380.0,67.0,24,17.03,3.0,32.0,5.56,33.33,0.0,0.71
2023,Matt Crafton,1,0,0,0.0,34.0,0.0,185.0,0.0,0,24.0,34.0,34.0,0.0,0.0,0.0,0.0
1955,E.J. Turner,1,0,0,0.0,21.0,100.0,194.0,0.0,0,38.0,21.0,21.0,0.0,0.0,0.0,0.0
1956,Frank Secrist,1,0,0,0.0,24.0,,207.0,0.0,0,23.0,24.0,24.0,0.0,0.0,0.0,0.0
1958,George Green,12,0,0,0.0,21.17,900.0,1304.0,0.0,0,21.92,14.0,38.0,0.0,0.0,0.0,0.0
1961,Tommy Wells,4,1,1,0.0,19.75,586.0,727.0,0.0,0,24.75,5.0,31.0,25.0,25.0,0.0,0.0
1964,Bob Gray,1,0,0,0.0,33.0,92.0,2.0,0.0,0,32.0,33.0,33.0,0.0,0.0,0.0,0.0
1965,Bert Robbins,5,0,2,0.0,22.4,892.0,479.0,0.0,0,20.8,6.0,41.0,0.0,40.0,0.0,0.0
1967,Eldon Yarbrough,1,0,0,0.0,37.0,100.0,46.0,0.0,0,35.0,37.0,37.0,0.0,0.0,0.0,0.0
1982,Jim Reich,2,0,1,0.0,14.5,240.0,202.0,0.0,0,20.0,10.0,19.0,0.0,50.0,0.0,0.0
1991,Jerry Hill,2,0,0,0.0,38.0,98.0,52.0,0.0,0,37.5,38.0,38.0,0.0,0.0,0.0,0.0
1953,Red Douglass,1,0,0,0.0,24.0,,33.0,0.0,0,37.0,24.0,24.0,0.0,0.0,0.0,0.0
1958,Dick Bailey,1,0,0,0.0,20.0,140.0,33.0,0.0,0,9.0,20.0,20.0,0.0,0.0,0.0,0.0
1979,Vince Giamformaggio,2,0,0,0.0,25.0,176.0,139.0,0.0,0,33.0,13.0,37.0,0.0,0.0,0.0,0.0
2000,Ron Fellows,1,0,0,0.0,43.0,34.0,21.0,0.0,0,40.0,43.0,43.0,0.0,0.0,0.0,0.0
2011,Steve Park,1,0,0,0.0,42.0,2.0,4.0,0.0,0,33.0,42.0,42.0,0.0,0.0,0.0,0.0
1949,Sam Rider,1,0,0,0.0,12.0,,,0.0,0,,12.0,12.0,0.0,0.0,0.0,
1954,Ed Normi,2,0,0,0.0,28.0,,313.0,0.0,0,,15.0,41.0,0.0,0.0,0.0,0.0
1963,Dick Mitchell,1,0,0,0.0,21.0,384.0,126.0,0.0,0,31.0,21.0,21.0,0.0,0.0,0.0,0.0
1975,Don Reynolds,1,0,0,0.0,20.0,103.0,110.0,0.0,0,32.0,20.0,20.0,0.0,0.0,0.0,0.0
1978,Ray Elder,3,0,1,0.0,26.67,254.0,108.0,0.0,0,22.67,6.0,40.0,0.0,33.33,0.0,0.0
1984,Charles Poalillo,1,0,0,0.0,23.0,0.0,159.0,0.0,0,38.0,23.0,23.0,0.0,0.0,0.0,0.0
1951,Johnny Mantz,6,2,4,0.0,21.17,,332.0,28.0,0,16.0,2.0,76.0,33.33,66.67,0.0,8.43
1952,Neil Cole,10,1,6,0.0,10.4,,1409.0,0.0,0,13.89,3.0,21.0,10.0,60.0,0.0,0.0
1953,Russ Truelove,1,0,1,0.0,9.0,,,0.0,0,,9.0,9.0,0.0,100.0,0.0,
1954,Joel Million,9,0,1,0.0,20.22,,1298.0,0.0,0,40.0,9.0,34.0,0.0,11.11,0.0,0.0
1955,Clyde Palmer,2,1,1,0.0,13.0,214.0,154.0,0.0,0,18.0,3.0,23.0,50.0,50.0,0.0,0.0
1956,Bill Moore,6,0,2,0.0,20.33,,633.0,0.0,0,10.33,6.0,33.0,0.0,33.33,0.0,0.0
1956,Nolan Swift,2,0,1,0.0,15.0,,174.0,0.0,0,16.0,10.0,20.0,0.0,50.0,0.0,0.0
1957,Hank Chapman,1,0,0,0.0,35.0,,,0.0,0,37.0,35.0,35.0,0.0,0.0,0.0,
1958,Shorty Rollins,29,12,22,1.0,9.45,6380.0,5324.0,87.0,4,7.81,1.0,33.0,41.38,75.86,3.45,1.63
1958,Neil Haight,2,0,0,0.0,17.0,152.0,132.0,0.0,0,15.0,16.0,18.0,0.0,0.0,0.0,0.0
1960,Brownie King,3,0,1,0.0,18.33,190.0,410.0,0.0,0,26.67,6.0,30.0,0.0,33.33,0.0,0.0
1963,Gary Sain,7,0,1,0.0,16.0,1252.0,995.0,0.0,0,14.29,9.0,22.0,0.0,14.29,0.0,0.0
1964,Smokey Boutwell,2,0,0,0.0,17.0,1760.0,217.0,0.0,0,21.5,14.0,20.0,0.0,0.0,0.0,0.0
1965,Bruce Worrell,1,0,0,0.0,41.0,100.0,1.0,0.0,0,29.0,41.0,41.0,0.0,0.0,0.0,0.0
1966,Marvin Panch,14,4,6,1.0,14.21,15308.0,2812.0,183.0,2,8.36,1.0,30.0,28.57,42.86,7.14,6.51
1968,Phil Wendt,3,0,0,0.0,28.0,147.0,402.0,0.0,0,32.0,15.0,42.0,0.0,0.0,0.0,0.0
1969,Wayne Gillette,16,0,0,0.0,26.0,509.0,887.0,0.0,0,21.13,19.0,41.0,0.0,0.0,0.0,0.0
1969,Dave Alonzo,2,0,0,0.0,22.0,87.0,486.0,0.0,0,32.0,22.0,22.0,0.0,0.0,0.0,0.0
1973,Joe Frasson,14,2,4,0.0,23.64,766.0,2732.0,0.0,0,14.14,3.0,43.0,14.29,28.57,0.0,0.0
1973,Rick Newsom,12,0,0,0.0,21.17,716.0,3209.0,0.0,0,29.42,11.0,39.0,0.0,0.0,0.0,0.0
1974,Tony Bettenhausen,27,0,1,0.0,22.11,,5548.0,0.0,0,26.63,7.0,36.0,0.0,3.7,0.0,0.0
1975,Tommy Gale,5,0,0,0.0,25.2,437.0,585.0,0.0,0,28.0,18.0,35.0,0.0,0.0,0.0,0.0
1975,Charlie Griffin,2,0,0,0.0,27.0,164.0,79.0,0.0,0,28.0,26.0,28.0,0.0,0.0,0.0,0.0
1976,Dale Earnhardt,2,0,0,0.0,25.0,70.0,416.0,0.0,0,20.5,19.0,31.0,0.0,0.0,0.0,0.0
1976,Coo Coo Marlin,12,0,6,0.0,15.67,1412.0,3074.0,0.0,0,16.83,6.0,34.0,0.0,50.0,0.0,0.0
1978,J.D. McDuffie,30,1,6,0.0,18.63,3255.0,7300.0,15.0,0,17.73,5.0,40.0,3.33,20.0,0.0,0.21
1979,Ed Negre,3,0,0,0.0,17.0,336.0,849.0,0.0,0,34.67,13.0,20.0,0.0,0.0,0.0,0.0
1980,Slick Johnson,18,0,5,0.0,20.44,1851.0,4724.0,7.0,0,24.11,8.0,40.0,0.0,27.78,0.0,0.15
1980,Henry Jones,4,0,0,0.0,29.25,52.0,376.0,0.0,0,35.75,21.0,37.0,0.0,0.0,0.0,0.0
1981,Kyle Petty,31,1,10,0.0,19.1,3335.0,7402.0,20.0,3,16.87,5.0,41.0,3.23,32.26,0.0,0.27
1982,Jeff McDuffie,1,0,0,0.0,16.0,115.0,377.0,0.0,0,30.0,16.0,16.0,0.0,0.0,0.0,0.0
1986,Greg Sacks,8,0,1,0.0,30.25,579.0,1181.0,0.0,1,22.38,10.0,39.0,0.0,12.5,0.0,0.0
1989,Kyle Petty,19,1,5,0.0,17.95,2099.0,5207.0,16.0,2,22.42,4.0,32.0,5.26,26.32,0.0,0.31
1990,Rodney Combs,5,0,0,0.0,32.8,323.0,988.0,0.0,0,34.2,27.0,40.0,0.0,0.0,0.0,0.0
1990,Phil Parsons,9,0,0,0.0,26.89,632.0,2240.0,0.0,0,21.44,14.0,42.0,0.0,0.0,0.0,0.0
1995,Jeff Burton,29,1,2,0.0,25.17,2556.0,8050.0,4.0,4,23.76,5.0,40.0,3.45,6.9,0.0,0.05
1995,Jimmy Hensley,9,0,0,0.0,33.67,558.0,1512.0,0.0,0,29.44,22.0,41.0,0.0,0.0,0.0,0.0
1996,Hermie Sadler,1,0,0,0.0,37.0,52.0,349.0,0.0,0,30.0,37.0,37.0,0.0,0.0,0.0,0.0
1997,Darrell Waltrip,31,1,4,0.0,23.23,2942.0,8427.0,18.0,9,25.68,5.0,43.0,3.23,12.9,0.0,0.21
1999,Ken Schrader,34,0,6,0.0,20.56,3479.0,9676.0,8.0,9,14.97,6.0,43.0,0.0,17.65,0.0,0.08
2007,Paul Menard,30,0,0,0.0,26.77,2496.0,8017.0,3.0,8,29.2,12.0,43.0,0.0,0.0,0.0,0.04
2011,David Stremme,18,0,0,0.0,39.17,80.0,1532.0,0.0,0,33.17,32.0,42.0,0.0,0.0,0.0,0.0
2015,Ryan Newman,36,5,15,0.0,13.53,1102.0,10374.0,20.0,28,15.25,3.0,39.0,13.89,41.67,0.0,0.19
2015,Tony Stewart,36,0,3,0.0,24.78,695.0,9853.0,24.0,15,18.33,6.0,43.0,0.0,8.33,0.0,0.24
2018,Reed Sorenson,14,0,0,0.0,32.57,0.0,3297.0,0.0,0,34.71,27.0,38.0,0.0,0.0,0.0,0.0
2023,J.J. Yeley,26,0,1,0.0,26.96,0.0,7050.0,6.0,7,30.62,7.0,36.0,0.0,3.85,0.0,0.09
2023,Jimmie Johnson,3,0,0,0.0,35.33,12.0,318.0,0.0,0,35.67,31.0,38.0,0.0,0.0,0.0,0.0
1958,Jim Linke,3,0,0,0.0,30.67,280.0,397.0,0.0,0,29.0,15.0,50.0,0.0,0.0,0.0,0.0
1958,Barney Hatchell,2,0,0,0.0,16.5,184.0,281.0,0.0,0,21.0,12.0,21.0,0.0,0.0,0.0,0.0
1959,George Alsobrook,4,0,1,0.0,14.0,,936.0,0.0,0,26.0,10.0,19.0,0.0,25.0,0.0,0.0
1972,Larry Esau,1,0,0,0.0,24.0,54.0,118.0,0.0,0,15.0,24.0,24.0,0.0,0.0,0.0,0.0
1972,Johnny Rutherford,1,0,0,0.0,26.0,0.0,224.0,0.0,0,9.0,26.0,26.0,0.0,0.0,0.0,0.0
1976,Glenn Francis,1,0,0,0.0,28.0,79.0,125.0,0.0,0,35.0,28.0,28.0,0.0,0.0,0.0,0.0
1981,Chuck Pittinger,1,0,0,0.0,28.0,0.0,80.0,0.0,0,14.0,28.0,28.0,0.0,0.0,0.0,0.0
1981,Scott Miller,1,0,0,0.0,29.0,76.0,69.0,0.0,0,23.0,29.0,29.0,0.0,0.0,0.0,0.0
1989,Oma Kimbrough,1,0,0,0.0,30.0,73.0,64.0,0.0,0,38.0,30.0,30.0,0.0,0.0,0.0,0.0
1993,Norm Benning,1,0,0,0.0,39.0,46.0,1.0,0.0,0,39.0,39.0,39.0,0.0,0.0,0.0,0.0
1954,Tommy Moon,1,0,1,0.0,10.0,,179.0,0.0,0,14.0,10.0,10.0,0.0,100.0,0.0,0.0
1954,Marshall Harless,1,0,0,0.0,20.0,,82.0,0.0,0,,20.0,20.0,0.0,0.0,0.0,0.0
1961,Earl Wilcox,1,0,0,0.0,35.0,28.0,81.0,0.0,0,38.0,35.0,35.0,0.0,0.0,0.0,0.0
1962,Herbert Scott,1,0,0,0.0,17.0,0.0,79.0,0.0,0,18.0,17.0,17.0,0.0,0.0,0.0,0.0
1977,Jimmy Hensley,2,0,1,0.0,14.0,247.0,812.0,0.0,0,12.5,6.0,22.0,0.0,50.0,0.0,0.0
2018,David Starr,2,0,0,0.0,39.0,0.0,344.0,0.0,0,38.0,39.0,39.0,0.0,0.0,0.0,0.0
1949,Mike Eagan,1,1,1,0.0,4.0,,,0.0,0,,4.0,4.0,100.0,100.0,0.0,
1949,Joe Merola,1,0,0,0.0,12.0,,161.0,0.0,0,,12.0,12.0,0.0,0.0,0.0,0.0
1950,Ted Swaim,1,1,1,0.0,2.0,,200.0,0.0,1,,2.0,2.0,100.0,100.0,0.0,0.0
2004,Jim Inglebright,1,0,0,0.0,19.0,106.0,110.0,0.0,1,28.0,19.0,19.0,0.0,0.0,0.0,0.0
1951,Gober Sosebee,10,4,5,0.0,16.4,,717.0,7.0,0,13.0,2.0,52.0,40.0,50.0,0.0,0.98
1952,Ronnie Kohler,2,1,1,0.0,13.5,,253.0,0.0,0,15.5,5.0,22.0,50.0,50.0,0.0,0.0
1953,Ralph Dyer,6,0,3,0.0,11.5,,480.0,0.0,0,11.5,6.0,22.0,0.0,50.0,0.0,0.0
1953,Ralph Rose,2,0,2,0.0,9.0,,,0.0,0,,9.0,9.0,0.0,100.0,0.0,
1954,Joe Bill O'Dell,4,0,0,0.0,22.25,,556.0,0.0,0,,19.0,25.0,0.0,0.0,0.0,0.0
1955,Jimmy Roland,2,0,1,0.0,33.5,188.0,324.0,0.0,0,33.0,10.0,57.0,0.0,50.0,0.0,0.0
1956,Tom Pistone,3,0,0,0.0,29.0,,355.0,0.0,0,13.33,22.0,34.0,0.0,0.0,0.0,0.0
1956,Don Stanyer,1,0,0,0.0,25.0,,70.0,0.0,0,26.0,25.0,25.0,0.0,0.0,0.0,0.0
1956,Doug Cox,3,1,2,0.0,13.33,,511.0,0.0,0,6.33,5.0,25.0,33.33,66.67,0.0,0.0
1958,George Parrish,1,0,0,0.0,21.0,88.0,7.0,0.0,0,19.0,21.0,21.0,0.0,0.0,0.0,0.0
1961,Bill Amick,1,0,0,0.0,28.0,16.0,25.0,25.0,0,1.0,28.0,28.0,0.0,0.0,0.0,100.0
1961,Bill Morton,6,0,3,0.0,15.17,1832.0,1879.0,0.0,0,21.83,9.0,26.0,0.0,50.0,0.0,0.0
1962,Jim Cushman,4,0,1,0.0,14.75,1954.0,782.0,0.0,0,28.25,9.0,18.0,0.0,25.0,0.0,0.0
1962,Bill Foster,5,0,1,0.0,21.0,814.0,1230.0,0.0,0,24.4,8.0,37.0,0.0,20.0,0.0,0.0
1963,Wendell Scott,47,1,15,0.0,13.91,14814.0,9409.0,0.0,0,18.43,5.0,26.0,2.13,31.91,0.0,0.0
1964,Gene Hobby,18,0,3,0.0,14.61,4054.0,4013.0,0.0,0,20.06,8.0,36.0,0.0,16.67,0.0,0.0
1965,Al White,4,0,1,0.0,15.0,796.0,348.0,0.0,0,20.5,8.0,20.0,0.0,25.0,0.0,0.0
1967,Whitey Gerkin,2,0,0,0.0,29.5,0.0,407.0,2.0,0,16.5,15.0,44.0,0.0,0.0,0.0,0.49
1973,John Sears,17,0,0,0.0,25.47,868.0,3568.0,0.0,0,29.53,11.0,38.0,0.0,0.0,0.0,0.0
1973,Leon Fox,1,0,0,0.0,14.0,74.0,139.0,0.0,0,40.0,14.0,14.0,0.0,0.0,0.0,0.0
1974,Charlie Roberts,3,0,0,0.0,30.33,,226.0,0.0,0,36.67,16.0,40.0,0.0,0.0,0.0,0.0
1975,Ed Negre,29,0,4,0.0,20.21,2982.0,7191.0,2.0,0,27.24,7.0,40.0,0.0,13.79,0.0,0.03
1977,G.C. Spencer,8,0,1,0.0,21.75,785.0,1817.0,0.0,0,23.0,8.0,37.0,0.0,12.5,0.0,0.0
1978,Roger Hamby,26,0,2,0.0,20.81,2617.0,7181.0,0.0,0,22.38,10.0,37.0,0.0,7.69,0.0,0.0
1980,Tim Richmond,5,0,0,0.0,19.2,527.0,1359.0,0.0,0,22.6,12.0,31.0,0.0,0.0,0.0,0.0
1987,Connie Saylor,10,0,0,0.0,29.2,617.0,1775.0,0.0,0,32.7,16.0,41.0,0.0,0.0,0.0,0.0
1987,Tony Spanos,1,0,0,0.0,18.0,0.0,386.0,0.0,0,30.0,18.0,18.0,0.0,0.0,0.0,0.0
1999,Gary Bradberry,1,0,0,0.0,35.0,58.0,233.0,0.0,0,9.0,35.0,35.0,0.0,0.0,0.0,0.0
2002,Robby Gordon,36,1,5,0.0,21.11,3632.0,10294.0,44.0,12,18.44,3.0,41.0,2.78,13.89,0.0,0.43
2004,Randy LaJoie,3,0,0,0.0,40.33,126.0,403.0,0.0,0,41.0,36.0,43.0,0.0,0.0,0.0,0.0
2010,Jamie McMurray,36,9,12,3.0,16.39,4325.0,10603.0,346.0,24,13.39,1.0,39.0,25.0,33.33,8.33,3.26
2012,Scott Speed,17,0,0,0.0,36.71,124.0,1411.0,0.0,1,30.65,17.0,43.0,0.0,0.0,0.0,0.0
2015,Brad Keselowski,36,9,25,1.0,11.06,1217.0,10347.0,1184.0,31,10.0,1.0,41.0,25.0,69.44,2.78,11.44
2019,Joey Logano,36,12,21,2.0,10.75,1311.0,10221.0,899.0,29,10.33,1.0,34.0,33.33,58.33,5.56,8.8
2020,Denny Hamlin,36,18,21,7.0,9.31,1304.0,9891.0,1083.0,30,8.86,1.0,29.0,50.0,58.33,19.44,10.95
2020,Michael McDowell,36,0,4,0.0,20.92,588.0,9627.0,6.0,23,24.28,7.0,40.0,0.0,11.11,0.0,0.06
2021,Matt DiBenedetto,36,3,9,0.0,16.86,775.0,8985.0,68.0,22,18.19,4.0,37.0,8.33,25.0,0.0,0.76
2024,Ryan Blaney,36,12,18,3.0,15.22,1080.0,8910.0,567.0,26,13.22,1.0,39.0,33.33,50.0,8.33,6.36
1949,B.E. Renfro,2,0,0,0.0,20.5,,,0.0,0,,17.0,24.0,0.0,0.0,0.0,
1951,Dick Moffitt,4,0,2,0.0,12.5,,142.0,0.0,0,,7.0,18.0,0.0,50.0,0.0,0.0
1951,Marvin Panch,3,1,2,0.0,8.0,,,0.0,0,13.0,2.0,16.0,33.33,66.67,0.0,
1955,Johnny Gouveia,4,0,1,0.0,15.25,344.0,614.0,0.0,0,21.67,9.0,20.0,0.0,25.0,0.0,0.0
1962,Bubba Farr,1,0,0,0.0,16.0,160.0,22.0,0.0,0,8.0,16.0,16.0,0.0,0.0,0.0,0.0
1968,Bryant Wallace,1,0,0,0.0,14.0,0.0,118.0,0.0,0,9.0,14.0,14.0,0.0,0.0,0.0,0.0
1977,Junior Miller,5,0,0,0.0,23.2,467.0,1028.0,0.0,0,26.6,17.0,31.0,0.0,0.0,0.0,0.0
1993,Graham Taylor,1,0,0,0.0,40.0,43.0,3.0,0.0,0,40.0,40.0,40.0,0.0,0.0,0.0,0.0
2023,Brodie Kostecki,1,0,0,0.0,22.0,15.0,82.0,0.0,1,11.0,22.0,22.0,0.0,0.0,0.0,0.0
1950,Buck McCardell,1,0,0,0.0,39.0,,,0.0,0,,39.0,39.0,0.0,0.0,0.0,
1956,Ronnie Herra,1,0,0,0.0,40.0,,34.0,0.0,0,30.0,40.0,40.0,0.0,0.0,0.0,0.0
1964,Weldon Adams,1,0,0,0.0,36.0,100.0,2.0,0.0,0,34.0,36.0,36.0,0.0,0.0,0.0,0.0
1974,Grant Adcox,4,0,0,0.0,24.75,,979.0,8.0,0,25.5,18.0,38.0,0.0,0.0,0.0,0.82
1992,Rick Wilson,1,0,0,0.0,23.0,94.0,195.0,0.0,0,38.0,23.0,23.0,0.0,0.0,0.0,0.0
2003,Ted Musgrave,1,0,0,0.0,31.0,70.0,430.0,0.0,0,7.0,31.0,31.0,0.0,0.0,0.0,0.0
2019,John Hunter Nemechek,3,0,0,0.0,23.67,0.0,904.0,0.0,0,28.33,21.0,27.0,0.0,0.0,0.0,0.0
1950,Jim Wesley,1,0,0,0.0,17.0,,,0.0,0,,17.0,17.0,0.0,0.0,0.0,
1951,Bob Green,1,0,0,0.0,16.0,,,0.0,0,,16.0,16.0,0.0,0.0,0.0,
1955,Fireball Roberts,2,0,0,0.0,57.0,60.0,69.0,4.0,1,2.5,48.0,66.0,0.0,0.0,0.0,5.8
1968,Swede Savage,2,1,1,0.0,8.0,114.0,941.0,0.0,0,6.5,3.0,13.0,50.0,50.0,0.0,0.0
1993,Jeremy Mayfield,1,0,0,0.0,29.0,76.0,324.0,0.0,0,30.0,29.0,29.0,0.0,0.0,0.0,0.0
2006,P.J. Jones,1,0,0,0.0,36.0,55.0,101.0,0.0,0,15.0,36.0,36.0,0.0,0.0,0.0,0.0
1950,Bob Apperson,7,0,0,0.0,25.43,,573.0,0.0,0,35.0,11.0,61.0,0.0,0.0,0.0,0.0
1952,Chuck Mahoney,1,0,0,0.0,25.0,,,0.0,0,12.0,25.0,25.0,0.0,0.0,0.0,
1954,Speedy Thompson,7,1,3,0.0,15.57,,949.0,0.0,0,42.5,4.0,27.0,14.29,42.86,0.0,0.0
1957,George Seeger,6,5,5,0.0,4.83,,764.0,19.0,2,5.83,2.0,14.0,83.33,83.33,0.0,2.49
1957,Jim Cook,5,0,0,0.0,19.4,,371.0,0.0,0,14.8,15.0,31.0,0.0,0.0,0.0,0.0
1960,Curtis Turner,9,0,1,0.0,22.67,3300.0,1090.0,106.0,0,16.56,7.0,39.0,0.0,11.11,0.0,9.72
1960,Bruce Worrell,3,0,2,0.0,9.67,658.0,333.0,0.0,0,14.0,7.0,13.0,0.0,66.67,0.0,0.0
1961,Gerald Duke,1,0,0,0.0,20.0,48.0,39.0,0.0,0,11.0,20.0,20.0,0.0,0.0,0.0,0.0
1966,Johnny Wynn,21,0,5,0.0,17.52,5644.0,3247.0,0.0,0,16.76,6.0,35.0,0.0,23.81,0.0,0.0
1967,James Hylton,46,26,39,0.0,8.3,36392.0,11526.0,109.0,0,9.98,2.0,43.0,56.52,84.78,0.0,0.95
1971,Neil Castles,38,1,10,0.0,22.5,2034.0,6946.0,10.0,0,19.42,4.0,50.0,2.63,26.32,0.0,0.14
1971,Earle Canavan,5,0,0,0.0,31.0,215.0,400.0,0.0,0,24.2,29.0,34.0,0.0,0.0,0.0,0.0
1974,Alton Jones,5,1,2,0.0,22.8,,1163.0,0.0,0,30.8,5.0,47.0,20.0,40.0,0.0,0.0
1980,J.D. McDuffie,31,0,3,0.0,22.48,2968.0,6044.0,0.0,0,23.23,9.0,41.0,0.0,9.68,0.0,0.0
1980,Richard Childress,31,0,10,0.0,14.77,3742.0,8693.0,21.0,0,18.23,6.0,37.0,0.0,32.26,0.0,0.24
1981,Tim Richmond,29,0,6,0.0,17.62,3094.0,8266.0,24.0,0,18.72,6.0,34.0,0.0,20.69,0.0,0.29
1982,Bill Elliott,21,8,9,0.0,13.38,2553.0,5540.0,151.0,8,10.71,2.0,30.0,38.1,42.86,0.0,2.73
1992,Geoff Bodine,29,7,11,2.0,16.17,3437.0,8222.0,474.0,10,14.76,1.0,40.0,24.14,37.93,6.9,5.77
1996,Hut Stricklin,31,1,1,0.0,24.0,2854.0,8620.0,163.0,5,23.68,2.0,39.0,3.23,3.23,0.0,1.89
1999,Hut Stricklin,10,0,1,0.0,23.8,918.0,3091.0,0.0,2,31.3,9.0,39.0,0.0,10.0,0.0,0.0
2006,Bobby Labonte,36,3,8,0.0,21.97,3567.0,9954.0,63.0,17,21.64,3.0,43.0,8.33,22.22,0.0,0.63
2008,Bill Elliott,20,0,0,0.0,28.95,1528.0,6517.0,1.0,3,29.95,12.0,38.0,0.0,0.0,0.0,0.02
2009,Dave Blaney,30,0,0,0.0,41.07,1204.0,1130.0,3.0,0,31.6,28.0,43.0,0.0,0.0,0.0,0.27
2010,J.J. Yeley,17,0,0,0.0,37.06,891.0,2021.0,2.0,1,35.18,19.0,43.0,0.0,0.0,0.0,0.1
2011,Landon Cassill,32,0,0,0.0,28.84,0.0,7915.0,13.0,7,29.16,12.0,43.0,0.0,0.0,0.0,0.16
2016,Michael McDowell,31,0,2,0.0,24.55,510.0,8965.0,0.0,11,28.81,10.0,39.0,0.0,6.45,0.0,0.0
1952,Tommy Moon,6,2,3,0.0,16.83,,487.0,0.0,1,16.17,2.0,43.0,33.33,50.0,0.0,0.0
1974,Hugh Pearson,2,0,0,0.0,28.0,,116.0,0.0,0,24.0,19.0,37.0,0.0,0.0,0.0,0.0
1981,Rusty Wallace,4,0,1,0.0,21.5,323.0,838.0,0.0,0,22.5,6.0,30.0,0.0,25.0,0.0,0.0
1984,Terry Schoonover,2,0,0,0.0,27.5,61.0,543.0,0.0,0,37.5,21.0,34.0,0.0,0.0,0.0,0.0
1985,H.B. Bailey,2,0,0,0.0,34.5,119.0,206.0,0.0,0,33.0,34.0,35.0,0.0,0.0,0.0,0.0
2024,Kamui Kobayashi,1,0,0,0.0,29.0,8.0,68.0,0.0,1,25.0,29.0,29.0,0.0,0.0,0.0,0.0
1953,Johnny Roberts,2,0,0,0.0,28.5,,33.0,0.0,0,49.0,25.0,32.0,0.0,0.0,0.0,0.0
1959,Pee Wee Jones,1,0,0,0.0,19.0,,150.0,0.0,0,8.0,19.0,19.0,0.0,0.0,0.0,0.0
1962,Paul Lyons,1,0,0,0.0,23.0,0.0,9.0,0.0,0,19.0,23.0,23.0,0.0,0.0,0.0,0.0
1970,Sam Rose,1,0,0,0.0,15.0,108.0,157.0,0.0,0,43.0,15.0,15.0,0.0,0.0,0.0,0.0
2005,Derrike Cope,1,0,0,0.0,33.0,64.0,488.0,0.0,0,38.0,33.0,33.0,0.0,0.0,0.0,0.0
2010,Jason Leffler,2,0,0,0.0,43.0,68.0,53.0,0.0,0,34.0,43.0,43.0,0.0,0.0,0.0,0.0
2023,Sheldon Creed,1,0,0,0.0,29.0,0.0,266.0,0.0,0,34.0,29.0,29.0,0.0,0.0,0.0,0.0
1949,Don Rogala,1,0,1,0.0,10.0,,167.0,0.0,0,,10.0,10.0,0.0,100.0,0.0,0.0
1951,Neil Roberts,1,0,0,0.0,13.0,,,0.0,0,,13.0,13.0,0.0,0.0,0.0,
1959,Ernie Gesell,1,0,1,0.0,9.0,204.0,115.0,0.0,0,17.0,9.0,9.0,0.0,100.0,0.0,0.0
1960,Bob Reuther,1,0,0,0.0,14.0,280.0,285.0,0.0,0,14.0,14.0,14.0,0.0,0.0,0.0,0.0
1962,Runt Harris,2,0,0,0.0,21.0,212.0,130.0,0.0,0,20.5,14.0,28.0,0.0,0.0,0.0,0.0
2017,Gary Klutt,1,0,0,0.0,31.0,6.0,89.0,0.0,0,34.0,31.0,31.0,0.0,0.0,0.0,0.0
1950,Jack White,7,1,2,0.0,18.57,,712.0,0.0,0,22.0,5.0,27.0,14.29,28.57,0.0,0.0
1951,Bob Flock,17,4,9,1.0,13.29,,978.0,133.0,1,8.0,1.0,30.0,23.53,52.94,5.88,13.6
1953,C.H. Dingler,5,0,3,0.0,10.8,,119.0,0.0,0,,8.0,15.0,0.0,60.0,0.0,0.0
1955,Pappy Hough,3,0,0,0.0,13.33,332.0,422.0,0.0,0,20.0,12.0,15.0,0.0,0.0,0.0,0.0
1956,Emanuel Zervakis,6,0,0,0.0,26.67,,772.0,0.0,0,25.8,13.0,76.0,0.0,0.0,0.0,0.0
1960,Dick Dixon,2,0,0,0.0,32.0,170.0,181.0,0.0,0,32.0,22.0,42.0,0.0,0.0,0.0,0.0
1961,Richard Petty,42,18,23,2.0,11.05,14984.0,7866.0,703.0,5,8.9,1.0,32.0,42.86,54.76,4.76,8.94
1961,Roy Tyner,10,0,1,0.0,21.9,1644.0,1480.0,0.0,0,26.7,10.0,36.0,0.0,10.0,0.0,0.0
1965,Johnny Steele,1,0,0,0.0,37.0,100.0,16.0,0.0,0,26.0,37.0,37.0,0.0,0.0,0.0,0.0
1967,Fred Lorenzen,5,2,2,1.0,12.2,9216.0,895.0,23.0,2,4.0,1.0,28.0,40.0,40.0,20.0,2.57
1969,Don Biederman,4,0,1,0.0,17.25,43.0,566.0,0.0,0,21.75,8.0,25.0,0.0,25.0,0.0,0.0
1969,Clyde Lynn,3,0,1,0.0,22.67,97.0,688.0,0.0,0,24.0,7.0,36.0,0.0,33.33,0.0,0.0
1970,Benny Parsons,45,12,23,0.0,13.73,2993.0,9165.0,86.0,1,9.98,2.0,39.0,26.67,51.11,0.0,0.94
1973,Bill Ward,2,0,0,0.0,34.5,68.0,188.0,0.0,0,14.0,18.0,51.0,0.0,0.0,0.0,0.0
1979,Ronnie Thomas,30,0,3,0.0,22.13,2912.0,6928.0,1.0,0,24.03,7.0,38.0,0.0,10.0,0.0,0.01
1979,Richard Childress,31,1,11,0.0,14.68,3735.0,9109.0,13.0,0,19.55,5.0,37.0,3.23,35.48,0.0,0.14
1980,Don Whittington,7,0,1,0.0,27.43,429.0,659.0,0.0,0,21.29,9.0,38.0,0.0,14.29,0.0,0.0
1982,Bosco Lowe,1,0,0,0.0,16.0,0.0,381.0,0.0,0,40.0,16.0,16.0,0.0,0.0,0.0,0.0
1990,Edward Cooper,2,0,0,0.0,38.0,98.0,94.0,0.0,0,38.0,35.0,41.0,0.0,0.0,0.0,0.0
1995,Ted Musgrave,31,7,13,0.0,13.19,3949.0,9580.0,43.0,14,17.58,2.0,33.0,22.58,41.94,0.0,0.45
1998,Rusty Wallace,33,15,21,1.0,11.7,4501.0,9603.0,945.0,23,8.91,1.0,42.0,45.45,63.64,3.03,9.84
2002,Bobby Labonte,36,5,7,1.0,19.83,3810.0,10135.0,123.0,18,19.69,1.0,41.0,13.89,19.44,2.78,1.21
2003,Tony Stewart,36,12,18,2.0,14.58,4549.0,10201.0,882.0,25,13.89,1.0,41.0,33.33,50.0,5.56,8.65
2006,Sterling Marlin,36,0,1,0.0,28.25,2854.0,9944.0,17.0,9,23.94,9.0,42.0,0.0,2.78,0.0,0.17
2006,Kirk Shelmerdine,3,0,0,0.0,34.67,177.0,240.0,0.0,1,30.33,20.0,43.0,0.0,0.0,0.0,0.0
2007,Martin Truex Jr.,36,7,14,1.0,16.36,4314.0,10134.0,581.0,24,15.17,1.0,42.0,19.44,38.89,2.78,5.73
2011,J.J. Yeley,31,0,0,0.0,38.0,192.0,2997.0,24.0,1,34.71,22.0,43.0,0.0,0.0,0.0,0.8
2012,J.J. Yeley,24,0,0,0.0,37.13,166.0,3134.0,1.0,0,37.21,26.0,43.0,0.0,0.0,0.0,0.03
2014,Dave Blaney,7,0,0,0.0,37.43,46.0,1252.0,0.0,0,38.29,26.0,43.0,0.0,0.0,0.0,0.0
2021,Austin Cindric,7,0,1,0.0,22.71,0.0,1369.0,8.0,3,25.0,9.0,38.0,0.0,14.29,0.0,0.58
1951,Tommie Elliott,2,0,0,0.0,13.5,,,0.0,0,,12.0,15.0,0.0,0.0,0.0,
1960,Bill Gazaway,1,0,0,0.0,45.0,84.0,1.0,0.0,0,44.0,45.0,45.0,0.0,0.0,0.0,0.0
1965,Jabe Thomas,10,0,1,0.0,22.5,2914.0,2151.0,0.0,0,24.2,8.0,34.0,0.0,10.0,0.0,0.0
1965,Walson Gardner,2,0,0,0.0,20.5,192.0,61.0,0.0,0,14.0,20.0,21.0,0.0,0.0,0.0,0.0
1967,Gary Bettenhausen,3,0,1,0.0,24.67,0.0,124.0,0.0,0,26.0,10.0,33.0,0.0,33.33,0.0,0.0
1971,Johnny Steele,1,0,0,0.0,37.0,42.0,79.0,0.0,0,48.0,37.0,37.0,0.0,0.0,0.0,0.0
1981,Gene Thonesen,1,0,0,0.0,22.0,97.0,110.0,0.0,0,40.0,22.0,22.0,0.0,0.0,0.0,0.0
2011,David Starr,4,0,0,0.0,32.5,0.0,1225.0,2.0,0,36.25,27.0,38.0,0.0,0.0,0.0,0.16
2019,Austin Theriault,5,0,0,0.0,33.6,17.0,1090.0,1.0,0,33.4,32.0,35.0,0.0,0.0,0.0,0.09
1951,Whitey Worton,1,0,0,0.0,14.0,,,0.0,0,,14.0,14.0,0.0,0.0,0.0,
1953,Mickey Rorer,2,0,0,0.0,22.5,,,0.0,0,,11.0,34.0,0.0,0.0,0.0,
1955,Sonny Black,1,0,0,0.0,13.0,104.0,181.0,0.0,0,14.0,13.0,13.0,0.0,0.0,0.0,0.0
1973,Johnny Rutherford,1,0,0,0.0,13.0,0.0,471.0,0.0,0,22.0,13.0,13.0,0.0,0.0,0.0,0.0
1986,Brett Bodine,1,0,0,0.0,18.0,109.0,394.0,0.0,0,32.0,18.0,18.0,0.0,0.0,0.0,0.0
1978,Ernie Stierly,2,0,0,0.0,25.0,176.0,141.0,0.0,0,27.5,19.0,31.0,0.0,0.0,0.0,0.0
1952,Dick Eagan,2,0,1,0.0,13.5,,,0.0,0,17.0,9.0,18.0,0.0,50.0,0.0,
1953,George Osborne,2,0,0,0.0,16.5,,477.0,0.0,0,25.0,16.0,17.0,0.0,0.0,0.0,0.0
1956,Reds Kagle,2,0,0,0.0,19.0,,202.0,0.0,0,23.0,12.0,26.0,0.0,0.0,0.0,0.0
1956,Dave Terrell,5,0,1,0.0,21.6,,363.0,0.0,0,17.8,8.0,35.0,0.0,20.0,0.0,0.0
1956,Jesse James Taylor,3,0,0,0.0,32.67,,269.0,0.0,0,37.0,14.0,69.0,0.0,0.0,0.0,0.0
1958,Lee Petty,50,28,43,7.0,6.32,9552.0,9315.0,439.0,14,5.53,1.0,25.0,56.0,86.0,14.0,4.71
1959,Billy Carden,3,0,1,0.0,19.67,1200.0,364.0,0.0,0,19.67,7.0,36.0,0.0,33.33,0.0,0.0
1960,Fred Lorenzen,10,3,5,0.0,17.8,6764.0,2086.0,93.0,1,12.5,3.0,50.0,30.0,50.0,0.0,4.46
1960,Arnold Gardner,4,0,0,0.0,31.5,290.0,614.0,0.0,0,35.5,27.0,38.0,0.0,0.0,0.0,0.0
1960,Bob Perry,3,0,1,0.0,14.0,520.0,256.0,0.0,0,12.5,10.0,17.0,0.0,33.33,0.0,0.0
1963,Smokey Cook,1,0,0,0.0,17.0,0.0,12.0,0.0,0,18.0,17.0,17.0,0.0,0.0,0.0,0.0
1964,Bob Derrington,18,0,2,0.0,17.44,5896.0,1897.0,1.0,0,19.89,10.0,35.0,0.0,11.11,0.0,0.05
1965,Gene Davis,1,1,1,0.0,5.0,2200.0,177.0,0.0,0,15.0,5.0,5.0,100.0,100.0,0.0,0.0
1965,Scotty Cain,1,0,1,0.0,7.0,2000.0,172.0,0.0,0,8.0,7.0,7.0,0.0,100.0,0.0,0.0
1966,Gene Black,12,0,2,0.0,21.08,2886.0,1713.0,0.0,0,26.17,6.0,42.0,0.0,16.67,0.0,0.0
1966,Al White,2,0,0,0.0,12.5,432.0,449.0,0.0,0,20.0,11.0,14.0,0.0,0.0,0.0,0.0
1967,Bill Seifert,41,0,12,0.0,15.24,14676.0,8171.0,0.0,0,21.61,6.0,43.0,0.0,29.27,0.0,0.0
1969,Ed Negre,31,0,4,0.0,22.77,1527.0,4556.0,0.0,0,21.42,6.0,44.0,0.0,12.9,0.0,0.0
1969,Red Farmer,1,0,0,0.0,20.0,31.0,101.0,0.0,0,5.0,20.0,20.0,0.0,0.0,0.0,0.0
1970,Wendell Scott,41,0,9,0.0,17.56,2425.0,8276.0,0.0,0,22.1,6.0,36.0,0.0,21.95,0.0,0.0
1972,Richard D. Brown,16,1,1,0.0,22.44,914.0,3403.0,0.0,0,17.44,5.0,41.0,6.25,6.25,0.0,0.0
1973,Richard White,2,0,2,0.0,7.0,176.0,329.0,0.0,0,24.0,6.0,8.0,0.0,100.0,0.0,0.0
1974,Buddy Arrington,16,0,4,0.0,17.19,,4781.0,0.0,0,22.88,8.0,46.0,0.0,25.0,0.0,0.0
1979,Ferrel Harris,1,0,0,0.0,40.0,0.0,2.0,0.0,0,34.0,40.0,40.0,0.0,0.0,0.0,0.0
1981,Donnie Allison,6,1,1,0.0,21.5,527.0,1306.0,2.0,0,23.83,5.0,38.0,16.67,16.67,0.0,0.15
1981,Joe Booher,4,0,0,0.0,27.0,97.0,581.0,0.0,0,33.5,20.0,42.0,0.0,0.0,0.0,0.0
1984,Jody Ridley,14,0,3,0.0,22.21,1288.0,2891.0,4.0,0,17.36,7.0,36.0,0.0,21.43,0.0,0.14
1986,Jonathan Edwards,4,0,0,0.0,27.5,322.0,1117.0,0.0,0,35.0,24.0,30.0,0.0,0.0,0.0,0.0
1989,A.J. Foyt,7,0,0,0.0,29.71,527.0,860.0,6.0,1,23.0,16.0,38.0,0.0,0.0,0.0,0.7
1990,Dick Trickle,29,2,4,0.0,21.93,2863.0,8311.0,82.0,3,14.52,3.0,40.0,6.9,13.79,0.0,0.99
1995,Loy Allen Jr.,11,0,1,0.0,27.55,890.0,2707.0,18.0,2,28.0,10.0,39.0,0.0,9.09,0.0,0.66
1996,Michael Waltrip,31,1,11,0.0,16.94,3535.0,9279.0,18.0,11,22.45,5.0,42.0,3.23,35.48,0.0,0.19
1996,John Andretti,30,2,3,0.0,25.67,2621.0,7850.0,32.0,7,20.73,5.0,40.0,6.67,10.0,0.0,0.41
1996,Joe Nemechek,29,0,2,0.0,26.97,2391.0,8110.0,2.0,4,22.1,8.0,41.0,0.0,6.9,0.0,0.02
1998,Johnny Benson Jr.,32,3,10,0.0,22.34,3160.0,8565.0,93.0,10,25.22,4.0,41.0,9.38,31.25,0.0,1.09
1999,Wally Dallenbach Jr.,34,1,6,0.0,21.74,3367.0,9751.0,13.0,9,22.56,5.0,41.0,2.94,17.65,0.0,0.13
1999,David Murry,1,0,0,0.0,39.0,46.0,78.0,0.0,0,31.0,39.0,39.0,0.0,0.0,0.0,0.0
2006,Dale Jarrett,36,1,4,0.0,22.67,3463.0,9855.0,8.0,18,28.22,4.0,43.0,2.78,11.11,0.0,0.08
2008,Paul Menard,36,1,1,0.0,25.42,3151.0,10383.0,28.0,10,24.44,2.0,42.0,2.78,2.78,0.0,0.27
2008,J.J. Yeley,17,1,1,0.0,29.88,1263.0,4931.0,1.0,4,32.94,3.0,42.0,5.88,5.88,0.0,0.02
2016,Chris Buescher,36,2,2,1.0,26.08,541.0,9992.0,12.0,11,26.25,1.0,40.0,5.56,5.56,2.78,0.12
2017,Joey Gase,9,0,0,0.0,30.22,0.0,1948.0,0.0,1,35.22,21.0,39.0,0.0,0.0,0.0,0.0
2025,Cody Ware,36,0,0,0.0,30.47,242.0,8643.0,32.0,10,34.94,13.0,37.0,0.0,0.0,0.0,0.37
2025,A.J. Allmendinger,36,2,7,0.0,21.36,644.0,8402.0,42.0,21,16.75,4.0,41.0,5.56,19.44,0.0,0.5
1951,Jack Flynn,2,0,1,0.0,13.0,,,0.0,0,,6.0,20.0,0.0,50.0,0.0,
1954,Kenneth Bridge,1,0,0,0.0,57.0,,5.0,0.0,0,,57.0,57.0,0.0,0.0,0.0,0.0
1955,Jimmy Pardue,1,0,0,0.0,28.0,8.0,10.0,0.0,0,16.0,28.0,28.0,0.0,0.0,0.0,0.0
1956,Bob Ross,3,0,2,0.0,9.67,,601.0,0.0,0,10.0,7.0,14.0,0.0,66.67,0.0,0.0
1980,Bill Whittington,2,0,1,0.0,20.0,67.0,183.0,0.0,0,35.0,8.0,32.0,0.0,50.0,0.0,0.0
1981,Terry Herman,2,0,0,0.0,22.5,0.0,238.0,0.0,0,26.0,14.0,31.0,0.0,0.0,0.0,0.0
1985,A.J. Foyt,7,1,1,0.0,28.0,410.0,966.0,2.0,0,19.57,5.0,38.0,14.29,14.29,0.0,0.21
1986,Ken Ragan,7,0,0,0.0,24.71,627.0,1284.0,1.0,0,32.14,17.0,41.0,0.0,0.0,0.0,0.08
1962,Kelly Ryan,1,0,0,0.0,21.0,0.0,34.0,0.0,0,23.0,21.0,21.0,0.0,0.0,0.0,0.0
1969,Tommy Gale,1,0,0,0.0,12.0,39.0,46.0,0.0,0,13.0,12.0,12.0,0.0,0.0,0.0,0.0
1970,Dave Alonzo,2,0,0,0.0,27.5,141.0,160.0,0.0,0,24.5,16.0,39.0,0.0,0.0,0.0,0.0
1986,David Simko,1,0,0,0.0,27.0,82.0,170.0,0.0,0,35.0,27.0,27.0,0.0,0.0,0.0,0.0
1951,Ed Rooney,1,0,0,0.0,37.0,,,0.0,0,41.0,37.0,37.0,0.0,0.0,0.0,
1954,Dick Sanford,1,0,0,0.0,12.0,,180.0,0.0,0,,12.0,12.0,0.0,0.0,0.0,0.0
1966,Clyde Prickett,1,0,0,0.0,39.0,100.0,11.0,0.0,0,33.0,39.0,39.0,0.0,0.0,0.0,0.0
1982,Rodney Combs,1,0,1,0.0,9.0,143.0,325.0,5.0,0,28.0,9.0,9.0,0.0,100.0,0.0,1.54
1994,Scott Lagasse,1,0,0,0.0,36.0,55.0,65.0,0.0,0,26.0,36.0,36.0,0.0,0.0,0.0,0.0
1974,Clyde Dagit,1,0,0,0.0,18.0,,183.0,0.0,0,31.0,18.0,18.0,0.0,0.0,0.0,0.0
1952,Eddie Van Horn,3,0,1,0.0,16.33,,501.0,0.0,0,24.33,10.0,23.0,0.0,33.33,0.0,0.0
1953,Ralph Liguori,12,2,3,0.0,18.92,,407.0,0.0,0,12.5,5.0,54.0,16.67,25.0,0.0,0.0
1953,Ben Dixon,1,0,0,0.0,48.0,,187.0,0.0,0,49.0,48.0,48.0,0.0,0.0,0.0,0.0
1955,Junior Johnson,36,12,18,5.0,12.22,4796.0,4815.0,790.0,6,7.4,1.0,36.0,33.33,50.0,13.89,16.41
1955,Carl Hammill,1,0,0,0.0,30.0,20.0,144.0,0.0,0,25.0,30.0,30.0,0.0,0.0,0.0,0.0
1956,Jim Cook,6,1,1,0.0,19.0,,663.0,0.0,0,15.0,5.0,28.0,16.67,16.67,0.0,0.0
1956,Harold Beal,5,1,3,0.0,11.6,,781.0,0.0,0,11.5,4.0,20.0,20.0,60.0,0.0,0.0
1957,Roy Tyner,10,0,2,0.0,17.1,,1705.0,0.0,0,22.56,9.0,27.0,0.0,20.0,0.0,0.0
1959,Chuck Webb,1,0,0,0.0,13.0,,63.0,0.0,0,17.0,13.0,13.0,0.0,0.0,0.0,0.0
1960,Buddy Baker,15,0,1,0.0,18.93,3070.0,2149.0,0.0,0,21.2,9.0,34.0,0.0,6.67,0.0,0.0
1964,Junior Spencer,3,0,0,0.0,15.0,892.0,1172.0,0.0,0,24.33,11.0,19.0,0.0,0.0,0.0,0.0
1965,Frank Weathers,5,0,1,0.0,18.2,688.0,620.0,0.0,0,20.6,10.0,26.0,0.0,20.0,0.0,0.0
1967,Paul Radford,1,0,0,0.0,18.0,352.0,279.0,0.0,0,15.0,18.0,18.0,0.0,0.0,0.0,0.0
1973,Don Noel,1,0,0,0.0,23.0,56.0,119.0,0.0,0,35.0,23.0,23.0,0.0,0.0,0.0,0.0
1975,Roy Smith,1,0,0,0.0,29.0,76.0,62.0,0.0,0,18.0,29.0,29.0,0.0,0.0,0.0,0.0
1976,Buck Baker,8,0,1,0.0,22.13,513.0,1977.0,0.0,0,27.25,6.0,36.0,0.0,12.5,0.0,0.0
1977,Bobby Allison,30,5,15,0.0,17.2,3467.0,7023.0,101.0,1,9.77,2.0,41.0,16.67,50.0,0.0,1.44
1978,Darrell Waltrip,30,19,20,6.0,10.37,4362.0,9445.0,2173.0,12,5.93,1.0,35.0,63.33,66.67,20.0,23.01
1980,Cecil Gordon,29,0,3,0.0,20.0,2993.0,7864.0,0.0,0,28.41,8.0,37.0,0.0,10.34,0.0,0.0
1980,Wayne Watercutter,2,0,0,0.0,20.0,206.0,378.0,0.0,0,33.5,16.0,24.0,0.0,0.0,0.0,0.0
1981,Bob McElwee,2,0,1,0.0,12.0,0.0,803.0,0.0,0,27.0,8.0,16.0,0.0,50.0,0.0,0.0
1990,Eddie Bierschwale,3,0,0,0.0,27.67,240.0,665.0,0.0,0,37.0,22.0,32.0,0.0,0.0,0.0,0.0
1995,Elton Sawyer,20,0,0,0.0,29.35,1499.0,4572.0,0.0,0,28.3,14.0,41.0,0.0,0.0,0.0,0.0
2000,Scott Pruett,28,0,1,0.0,31.5,1929.0,6216.0,23.0,3,24.57,10.0,43.0,0.0,3.57,0.0,0.37
2000,Kevin Lepage,32,1,3,0.0,25.81,2795.0,8743.0,38.0,10,24.0,5.0,43.0,3.13,9.38,0.0,0.43
2003,Sterling Marlin,36,0,11,0.0,20.44,3745.0,9621.0,237.0,20,21.42,6.0,43.0,0.0,30.56,0.0,2.46
2005,Bobby Labonte,36,4,7,0.0,22.69,3488.0,9523.0,64.0,17,22.11,2.0,43.0,11.11,19.44,0.0,0.67
2006,Travis Kvapil,31,0,0,0.0,28.19,2451.0,8902.0,4.0,8,33.61,19.0,40.0,0.0,0.0,0.0,0.04
2014,Ryan Truex,23,0,0,0.0,35.61,193.0,5585.0,0.0,0,35.35,20.0,43.0,0.0,0.0,0.0,0.0
2015,Timmy Hill,12,0,0,0.0,39.25,0.0,2805.0,0.0,0,41.75,36.0,43.0,0.0,0.0,0.0,0.0
2020,Ross Chastain,8,0,0,0.0,21.88,0.0,2070.0,1.0,4,26.13,16.0,29.0,0.0,0.0,0.0,0.05
2021,Kurt Busch,36,6,14,1.0,15.5,955.0,8163.0,208.0,26,14.64,1.0,39.0,16.67,38.89,2.78,2.55
2023,Kyle Larson,36,15,18,4.0,14.64,1098.0,8940.0,1127.0,25,10.36,1.0,36.0,41.67,50.0,11.11,12.61
2025,Helio Castroneves,1,0,0,0.0,39.0,0.0,70.0,0.0,0,41.0,39.0,39.0,0.0,0.0,0.0,0.0
2025,J.J. Yeley,10,0,0,0.0,34.4,9.0,2258.0,2.0,0,37.4,30.0,38.0,0.0,0.0,0.0,0.09
1951,Walt Davis,2,0,2,0.0,10.0,,,0.0,0,29.0,10.0,10.0,0.0,100.0,0.0,
1951,Les Bomar,4,0,0,0.0,16.0,,,0.0,0,18.5,14.0,18.0,0.0,0.0,0.0,
1959,Al White,5,0,0,0.0,14.8,872.0,826.0,0.0,0,22.0,11.0,22.0,0.0,0.0,0.0,0.0
1966,Mario Andretti,4,0,0,0.0,26.0,0.0,300.0,1.0,0,21.0,16.0,37.0,0.0,0.0,0.0,0.33
1976,John Haver,1,0,0,0.0,33.0,64.0,49.0,0.0,0,25.0,33.0,33.0,0.0,0.0,0.0,0.0
1980,Dan Gurney,1,0,0,0.0,28.0,0.0,79.0,0.0,0,7.0,28.0,28.0,0.0,0.0,0.0,0.0
1988,Rick Hendrick,1,0,0,0.0,15.0,118.0,94.0,0.0,0,13.0,15.0,15.0,0.0,0.0,0.0,0.0
1989,Ted Thomas,1,0,0,0.0,31.0,70.0,55.0,0.0,0,39.0,31.0,31.0,0.0,0.0,0.0,0.0
1991,Steve Perry,1,0,0,0.0,27.0,82.0,244.0,0.0,0,37.0,27.0,27.0,0.0,0.0,0.0,0.0
1993,Ron Hornaday Jr.,1,0,0,0.0,22.0,97.0,307.0,0.0,0,24.0,22.0,22.0,0.0,0.0,0.0,0.0
1953,Tubby Harrison,2,0,2,0.0,9.0,,161.0,0.0,0,,9.0,9.0,0.0,100.0,0.0,0.0
2000,Ron Hornaday Jr.,1,0,0,0.0,15.0,118.0,90.0,0.0,1,13.0,15.0,15.0,0.0,0.0,0.0,0.0
2017,Bubba Wallace,4,0,0,0.0,17.75,0.0,795.0,0.0,2,22.5,11.0,26.0,0.0,0.0,0.0,0.0
2019,Jamie McMurray,1,0,0,0.0,22.0,15.0,198.0,6.0,0,16.0,22.0,22.0,0.0,0.0,0.0,3.03
2021,Ryan Ellis,1,0,0,0.0,36.0,0.0,254.0,0.0,0,34.0,36.0,36.0,0.0,0.0,0.0,0.0
1951,Jerry Wimbish,2,0,1,0.0,14.5,,51.0,0.0,0,9.0,9.0,20.0,0.0,50.0,0.0,0.0
1962,Art Malone,1,0,1,0.0,10.0,960.0,95.0,0.0,0,13.0,10.0,10.0,0.0,100.0,0.0,0.0
2003,Jason Keller,2,0,0,0.0,29.0,152.0,575.0,0.0,0,27.5,26.0,32.0,0.0,0.0,0.0,0.0
1952,Charles Weidler,5,0,0,0.0,27.6,,639.0,0.0,0,23.8,17.0,40.0,0.0,0.0,0.0,0.0
1954,Fonty Flock,5,2,2,0.0,17.4,,657.0,15.0,0,8.0,2.0,57.0,40.0,40.0,0.0,2.28
1957,Lee Petty,41,20,33,4.0,7.78,,7466.0,449.0,8,7.6,1.0,27.0,48.78,80.49,9.76,6.01
1959,Tim Flock,2,0,1,0.0,16.5,1464.0,223.0,0.0,0,22.5,9.0,24.0,0.0,50.0,0.0,0.0
1962,Ralph Earnhardt,17,2,6,0.0,18.65,5472.0,2022.0,0.0,0,19.69,3.0,45.0,11.76,35.29,0.0,0.0
1962,Fred Lorenzen,19,11,12,2.0,10.95,17554.0,4435.0,439.0,4,7.22,1.0,34.0,57.89,63.16,10.53,9.9
1968,Earl Brooks,40,0,5,0.0,19.68,1953.0,6507.0,0.0,0,22.4,6.0,42.0,0.0,12.5,0.0,0.0
1970,Ben Arnold,29,0,3,0.0,17.93,1997.0,6838.0,78.0,0,22.31,7.0,36.0,0.0,10.34,0.0,1.14
1977,Coo Coo Marlin,11,1,5,0.0,13.82,1004.0,2930.0,1.0,0,17.09,4.0,40.0,9.09,45.45,0.0,0.03
1979,David Pearson,9,4,5,1.0,12.89,1203.0,2271.0,264.0,3,4.78,1.0,37.0,44.44,55.56,11.11,11.62
1982,Connie Saylor,7,0,0,0.0,27.57,346.0,1477.0,3.0,0,27.86,12.0,39.0,0.0,0.0,0.0,0.2
1982,John Anderson,4,0,0,0.0,26.75,103.0,625.0,0.0,0,31.25,17.0,42.0,0.0,0.0,0.0,0.0
1983,Lowell Cowell,1,0,0,0.0,26.0,0.0,93.0,0.0,0,37.0,26.0,26.0,0.0,0.0,0.0,0.0
1984,Trevor Boys,30,0,1,0.0,20.73,3040.0,8719.0,20.0,0,27.4,10.0,41.0,0.0,3.33,0.0,0.23
1984,Neil Bonnett,30,7,14,0.0,13.7,3802.0,9126.0,641.0,5,9.27,2.0,33.0,23.33,46.67,0.0,7.02
1985,Bob Riley,1,0,0,0.0,14.0,0.0,449.0,0.0,0,29.0,14.0,14.0,0.0,0.0,0.0,0.0
1986,A.J. Foyt,5,0,0,0.0,31.0,355.0,640.0,1.0,0,17.0,17.0,42.0,0.0,0.0,0.0,0.16
1999,Ernie Irvan,21,0,5,0.0,24.38,1915.0,5009.0,9.0,6,27.62,6.0,43.0,0.0,23.81,0.0,0.18
2000,Darrell Waltrip,29,0,0,0.0,31.79,1981.0,7018.0,5.0,4,31.48,11.0,43.0,0.0,0.0,0.0,0.07
2001,Stacy Compton,34,0,1,0.0,27.56,2752.0,9424.0,13.0,9,23.79,10.0,43.0,0.0,2.94,0.0,0.14
2002,Hermie Sadler,10,0,0,0.0,31.4,688.0,3458.0,0.0,0,36.0,18.0,41.0,0.0,0.0,0.0,0.0
2005,Terry Labonte,14,0,1,0.0,29.36,1071.0,3485.0,36.0,3,29.36,9.0,42.0,0.0,7.14,0.0,1.03
2006,Reed Sorenson,36,1,5,0.0,23.06,3434.0,9861.0,91.0,19,25.61,5.0,43.0,2.78,13.89,0.0,0.92
2011,Ken Schrader,7,0,0,0.0,28.43,110.0,2472.0,2.0,0,39.0,21.0,33.0,0.0,0.0,0.0,0.08
2013,Josh Wise,35,0,0,0.0,34.89,0.0,7739.0,1.0,3,34.74,19.0,42.0,0.0,0.0,0.0,0.01
2013,Scott Speed,12,0,1,0.0,35.92,99.0,1428.0,3.0,3,34.0,9.0,43.0,0.0,8.33,0.0,0.21
1949,Sara Christian,6,1,2,0.0,13.0,,606.0,0.0,0,17.0,5.0,23.0,16.67,33.33,0.0,0.0
1950,Hugh Darragh,3,0,0,0.0,22.0,,142.0,0.0,0,,16.0,33.0,0.0,0.0,0.0,0.0
1950,Ken Warmington,3,0,0,0.0,17.33,,177.0,0.0,0,,13.0,23.0,0.0,0.0,0.0,0.0
1957,Wally Gore,1,0,0,0.0,13.0,,203.0,0.0,0,20.0,13.0,13.0,0.0,0.0,0.0,0.0
1958,Frankie Schneider,7,5,5,1.0,10.14,1136.0,1212.0,106.0,2,5.86,1.0,29.0,71.43,71.43,14.29,8.75
1958,Johnny Nave,1,0,0,0.0,15.0,0.0,70.0,0.0,0,14.0,15.0,15.0,0.0,0.0,0.0,0.0
1985,Ronnie Thomas,7,0,0,0.0,24.29,631.0,1510.0,0.0,0,27.86,12.0,40.0,0.0,0.0,0.0,0.0
1973,Ben Arnold,1,0,0,0.0,52.0,2.0,9.0,0.0,0,53.0,52.0,52.0,0.0,0.0,0.0,0.0
1974,Eddie Pettyjohn,2,0,0,0.0,28.0,,297.0,1.0,0,13.0,24.0,32.0,0.0,0.0,0.0,0.34
1984,Roy Smith,1,0,0,0.0,26.0,0.0,70.0,0.0,0,16.0,26.0,26.0,0.0,0.0,0.0,0.0
1953,Red Dowdy,1,0,0,0.0,18.0,,,0.0,0,,18.0,18.0,0.0,0.0,0.0,
1954,Ed Samples,1,0,0,0.0,17.0,,36.0,0.0,0,12.0,17.0,17.0,0.0,0.0,0.0,0.0
1956,Bill Tanner,2,0,0,0.0,27.5,,230.0,0.0,0,27.0,23.0,32.0,0.0,0.0,0.0,0.0
1986,Charlie Baker,1,0,0,0.0,18.0,109.0,457.0,0.0,0,34.0,18.0,18.0,0.0,0.0,0.0,0.0
1954,Al Watkins,1,0,0,0.0,15.0,,159.0,0.0,0,,15.0,15.0,0.0,0.0,0.0,0.0
1955,Don Duckworth,1,0,0,0.0,55.0,60.0,147.0,0.0,0,40.0,55.0,55.0,0.0,0.0,0.0,0.0
1957,Art Anderson,1,0,0,0.0,22.0,,14.0,0.0,0,8.0,22.0,22.0,0.0,0.0,0.0,0.0
1972,Cliff Garner,1,0,0,0.0,16.0,0.0,185.0,0.0,0,48.0,16.0,16.0,0.0,0.0,0.0,0.0
1978,Roy Smith,1,0,1,0.0,9.0,138.0,115.0,0.0,0,20.0,9.0,9.0,0.0,100.0,0.0,0.0
1978,Don Puskarich,1,0,0,0.0,31.0,70.0,36.0,0.0,0,28.0,31.0,31.0,0.0,0.0,0.0,0.0
2017,Tommy Regan,1,0,0,0.0,34.0,3.0,107.0,0.0,0,37.0,34.0,34.0,0.0,0.0,0.0,0.0
2020,Cody Ware,1,0,0,0.0,19.0,0.0,200.0,1.0,1,34.0,19.0,19.0,0.0,0.0,0.0,0.5
1954,Paul Pettit,2,1,1,0.0,13.5,,166.0,0.0,0,,5.0,22.0,50.0,50.0,0.0,0.0
1955,Dick Zimmerman,2,0,0,0.0,17.0,144.0,222.0,0.0,0,14.5,12.0,22.0,0.0,0.0,0.0,0.0
1955,Herb Hill,1,0,0,0.0,19.0,70.0,70.0,0.0,0,22.0,19.0,19.0,0.0,0.0,0.0,0.0
1956,Bobby Waddell,8,0,0,0.0,20.63,,490.0,0.0,0,17.13,12.0,29.0,0.0,0.0,0.0,0.0
1958,Mike Batinich,2,0,0,0.0,12.5,,257.0,0.0,0,24.5,12.0,13.0,0.0,0.0,0.0,0.0
1967,Darel Dieringer,19,8,9,1.0,14.74,20194.0,4537.0,765.0,4,6.05,1.0,36.0,42.11,47.37,5.26,16.86
1970,Pete Hamilton,16,10,12,3.0,8.19,1818.0,4069.0,338.0,5,7.0,1.0,30.0,62.5,75.0,18.75,8.31
1979,James Hylton,30,0,5,0.0,16.9,3405.0,8658.0,11.0,0,22.3,6.0,38.0,0.0,16.67,0.0,0.13
1983,Steve Moore,2,0,0,0.0,22.5,191.0,316.0,0.0,0,36.5,22.0,23.0,0.0,0.0,0.0,0.0
1985,James Hylton,1,0,0,0.0,26.0,0.0,201.0,0.0,0,22.0,26.0,26.0,0.0,0.0,0.0,0.0
1986,Bobby Gerhart,4,0,0,0.0,29.75,295.0,575.0,0.0,0,32.5,22.0,35.0,0.0,0.0,0.0,0.0
1987,Lake Speed,13,1,5,0.0,20.54,1345.0,2591.0,1.0,1,15.92,3.0,41.0,7.69,38.46,0.0,0.04
1992,Denny Wilson,1,0,0,0.0,38.0,49.0,9.0,0.0,0,37.0,38.0,38.0,0.0,0.0,0.0,0.0
1993,Jimmy Horton,13,0,0,0.0,32.77,841.0,2198.0,0.0,0,30.08,22.0,41.0,0.0,0.0,0.0,0.0
1996,Sterling Marlin,31,5,10,2.0,16.26,3682.0,8877.0,332.0,13,17.77,1.0,41.0,16.13,32.26,6.45,3.74
1997,Geoff Bodine,29,3,10,0.0,20.59,3046.0,8224.0,68.0,12,15.03,2.0,44.0,10.34,34.48,0.0,0.83
1997,Ted Musgrave,32,5,8,0.0,18.31,3556.0,9286.0,131.0,11,22.47,2.0,38.0,15.63,25.0,0.0,1.41
2007,Regan Smith,7,0,0,0.0,30.0,516.0,1977.0,1.0,2,19.29,24.0,37.0,0.0,0.0,0.0,0.05
2010,Brad Keselowski,36,0,2,0.0,22.36,3485.0,10410.0,41.0,16,23.0,10.0,42.0,0.0,5.56,0.0,0.39
2016,Jimmie Johnson,36,11,16,5.0,13.97,1003.0,10231.0,737.0,26,12.06,1.0,40.0,30.56,44.44,13.89,7.2
2017,Trevor Bayne,36,2,6,0.0,19.47,655.0,10227.0,8.0,20,21.11,3.0,38.0,5.56,16.67,0.0,0.08
1954,Ted Wright,1,0,0,0.0,18.0,,132.0,0.0,0,21.0,18.0,18.0,0.0,0.0,0.0,0.0
1962,Billy Wade,4,0,2,0.0,13.75,2008.0,1054.0,0.0,0,18.0,8.0,19.0,0.0,50.0,0.0,0.0
1968,Blaine Kauffman,2,0,0,0.0,14.5,148.0,710.0,0.0,0,22.0,12.0,17.0,0.0,0.0,0.0,0.0
1972,Frank James,2,0,1,0.0,17.0,136.0,259.0,0.0,0,16.5,9.0,25.0,0.0,50.0,0.0,0.0
1980,A.J. Foyt,1,0,0,0.0,31.0,70.0,69.0,0.0,0,11.0,31.0,31.0,0.0,0.0,0.0,0.0
1982,Mark Stahl,2,0,0,0.0,30.5,143.0,109.0,0.0,0,33.5,22.0,39.0,0.0,0.0,0.0,0.0
1951,Jimmy Ingram,1,0,0,0.0,19.0,,,0.0,0,,19.0,19.0,0.0,0.0,0.0,
1967,Bo Reeder,1,0,0,0.0,12.0,1908.0,159.0,0.0,0,39.0,12.0,12.0,0.0,0.0,0.0,0.0
1962,Weldon Adams,1,0,0,0.0,15.0,176.0,90.0,0.0,0,14.0,15.0,15.0,0.0,0.0,0.0,0.0
1954,Jack Smith,6,0,1,0.0,18.5,,381.0,0.0,0,23.0,6.0,24.0,0.0,16.67,0.0,0.0
1956,John Kieper,8,4,7,1.0,5.75,,1479.0,1.0,3,7.86,1.0,15.0,50.0,87.5,12.5,0.07
1958,Bill Boldt,2,0,1,0.0,17.5,,244.0,0.0,0,10.0,10.0,25.0,0.0,50.0,0.0,0.0
1958,Herbert Estes,11,0,4,0.0,18.0,2576.0,2202.0,0.0,0,21.64,8.0,44.0,0.0,36.36,0.0,0.0
1958,Bill Bade,1,0,0,0.0,23.0,,28.0,0.0,0,15.0,23.0,23.0,0.0,0.0,0.0,0.0
1959,Glen Wood,20,9,13,0.0,9.7,1750.0,4186.0,98.0,5,6.5,2.0,34.0,45.0,65.0,0.0,2.34
1963,Worth McMillion,15,0,4,0.0,14.13,4350.0,4177.0,0.0,0,21.47,8.0,29.0,0.0,26.67,0.0,0.0
1965,Charles Powell,1,0,0,0.0,40.0,100.0,1.0,0.0,0,43.0,40.0,40.0,0.0,0.0,0.0,0.0
1969,Dick Brooks,28,3,12,0.0,17.61,1715.0,6041.0,2.0,0,13.96,3.0,40.0,10.71,42.86,0.0,0.03
1974,James Hylton,29,1,8,0.0,17.66,,6774.0,33.0,0,19.21,5.0,35.0,3.45,27.59,0.0,0.49
1976,Dick Brooks,28,3,18,0.0,14.46,3447.0,7542.0,16.0,0,11.75,3.0,41.0,10.71,64.29,0.0,0.21
1981,Kevin Housby,1,0,0,0.0,36.0,55.0,53.0,0.0,0,36.0,36.0,36.0,0.0,0.0,0.0,0.0
1985,Slick Johnson,6,0,0,0.0,23.0,446.0,1608.0,0.0,0,35.33,15.0,36.0,0.0,0.0,0.0,0.0
1986,H.B. Bailey,4,0,0,0.0,26.75,336.0,918.0,1.0,0,32.25,12.0,41.0,0.0,0.0,0.0,0.11
1987,Trevor Boys,10,0,0,0.0,25.3,303.0,2312.0,5.0,0,31.6,11.0,38.0,0.0,0.0,0.0,0.22
1987,Ken Bouchard,1,0,0,0.0,32.0,67.0,158.0,0.0,0,35.0,32.0,32.0,0.0,0.0,0.0,0.0
1990,Hut Stricklin,24,0,2,0.0,22.33,2316.0,5947.0,1.0,3,23.13,6.0,37.0,0.0,8.33,0.0,0.02
1998,Steve Park,17,0,0,0.0,28.41,1322.0,4596.0,0.0,2,29.82,11.0,41.0,0.0,0.0,0.0,0.0
1998,Kevin Lepage,27,0,2,0.0,27.3,2196.0,7198.0,0.0,5,25.96,6.0,43.0,0.0,7.41,0.0,0.0
2002,Steve Grissom,10,0,1,0.0,28.8,769.0,3070.0,0.0,2,35.9,8.0,40.0,0.0,10.0,0.0,0.0
2008,Kasey Kahne,36,4,14,2.0,18.06,4085.0,10227.0,186.0,21,16.06,1.0,40.0,11.11,38.89,5.56,1.82
2008,Ryan Newman,36,2,8,1.0,20.33,3760.0,10184.0,70.0,18,16.22,1.0,43.0,5.56,22.22,2.78,0.69
2018,Denny Hamlin,36,10,17,0.0,12.56,1060.0,9926.0,380.0,27,10.28,2.0,38.0,27.78,47.22,0.0,3.83
2020,Brad Keselowski,36,13,24,4.0,10.08,1240.0,9739.0,952.0,33,7.61,1.0,39.0,36.11,66.67,11.11,9.78
2025,William Byron,36,11,16,3.0,14.53,1146.0,9263.0,1330.0,29,9.94,1.0,40.0,30.56,44.44,8.33,14.36
1949,Jim Roper,2,1,1,1.0,8.0,,197.0,47.0,0,12.0,1.0,15.0,50.0,50.0,50.0,23.86
1954,Charles McDuffie,2,0,0,0.0,30.5,,150.0,0.0,0,,30.0,31.0,0.0,0.0,0.0,0.0
1956,Nace Mattingly,3,1,1,0.0,29.33,,311.0,0.0,0,29.0,5.0,63.0,33.33,33.33,0.0,0.0
1956,Reggie Ausmus,1,0,0,0.0,29.0,,138.0,0.0,0,37.0,29.0,29.0,0.0,0.0,0.0,0.0
1983,Don Waterman,2,0,0,0.0,22.5,191.0,189.0,0.0,0,21.0,20.0,25.0,0.0,0.0,0.0,0.0
1951,Bill Widenhouse,4,0,0,0.0,20.75,,371.0,0.0,0,36.67,15.0,25.0,0.0,0.0,0.0,0.0
1962,Allan Harley,2,0,0,0.0,34.5,60.0,15.0,0.0,0,33.0,25.0,44.0,0.0,0.0,0.0,0.0
1962,Doug Duvall,1,0,0,0.0,18.0,0.0,59.0,0.0,0,21.0,18.0,18.0,0.0,0.0,0.0,0.0
1965,Pedro Rodriguez,1,1,1,0.0,5.0,0.0,391.0,0.0,0,12.0,5.0,5.0,100.0,100.0,0.0,0.0
1951,Burt Jackson,1,0,1,0.0,7.0,,,0.0,0,22.0,7.0,7.0,0.0,100.0,0.0,
1963,Art Watts,1,0,0,0.0,17.0,1056.0,171.0,0.0,0,10.0,17.0,17.0,0.0,0.0,0.0,0.0
1963,Bruce Worrell,1,0,0,0.0,41.0,64.0,1.0,0.0,0,34.0,41.0,41.0,0.0,0.0,0.0,0.0
1966,Dick Guldstrand,1,0,0,0.0,28.0,500.0,65.0,0.0,0,31.0,28.0,28.0,0.0,0.0,0.0,0.0
1968,Willie Crane,1,0,0,0.0,15.0,108.0,300.0,0.0,0,34.0,15.0,15.0,0.0,0.0,0.0,0.0
1978,Bill Baker,1,0,0,0.0,34.0,61.0,20.0,0.0,0,33.0,34.0,34.0,0.0,0.0,0.0,0.0
2018,David Gilliland,1,0,0,0.0,14.0,0.0,206.0,0.0,0,39.0,14.0,14.0,0.0,0.0,0.0,0.0
1951,Billy Myers,8,1,2,0.0,16.5,,609.0,23.0,0,16.0,3.0,38.0,12.5,25.0,0.0,3.78
1953,Bill Norton,1,0,0,0.0,35.0,,241.0,0.0,0,54.0,35.0,35.0,0.0,0.0,0.0,0.0
1955,Danny Letner,4,2,2,1.0,7.5,892.0,614.0,34.0,1,4.25,1.0,14.0,50.0,50.0,25.0,5.54
1955,Bob Havemann,3,0,2,0.0,11.33,436.0,506.0,0.0,0,18.33,6.0,19.0,0.0,66.67,0.0,0.0
1956,Charles Oldham,1,0,0,0.0,37.0,,,0.0,0,61.0,37.0,37.0,0.0,0.0,0.0,
1959,Shorty Rollins,10,0,4,0.0,15.8,2264.0,1391.0,0.0,0,14.22,6.0,38.0,0.0,40.0,0.0,0.0
1959,Bob Welborn,29,10,13,3.0,15.45,3188.0,3905.0,255.0,4,11.21,1.0,46.0,34.48,44.83,10.34,6.53
1962,Lee Reitzel,8,0,1,0.0,26.13,948.0,1056.0,0.0,0,30.14,8.0,39.0,0.0,12.5,0.0,0.0
1965,Al Self,1,0,0,0.0,26.0,400.0,49.0,0.0,0,30.0,26.0,26.0,0.0,0.0,0.0,0.0
1965,Ned Setzer,8,0,3,0.0,18.38,4828.0,862.0,0.0,0,17.0,6.0,39.0,0.0,37.5,0.0,0.0
1967,Bill Champion,11,0,0,0.0,26.09,4040.0,1889.0,0.0,0,24.55,11.0,39.0,0.0,0.0,0.0,0.0
1970,Harry Shipe,2,0,0,0.0,24.0,54.0,45.0,0.0,0,27.0,24.0,24.0,0.0,0.0,0.0,0.0
1970,Bugs Stevens,3,0,1,0.0,28.0,168.0,458.0,0.0,0,19.33,6.0,40.0,0.0,33.33,0.0,0.0
1971,Joe Clark,1,0,0,0.0,36.0,45.0,21.0,0.0,0,20.0,36.0,36.0,0.0,0.0,0.0,0.0
1974,Richard White,1,0,0,0.0,19.0,,139.0,0.0,0,28.0,19.0,19.0,0.0,0.0,0.0,0.0
1974,Jackie Rogers,22,0,6,0.0,19.55,,4556.0,1.0,0,19.27,7.0,39.0,0.0,27.27,0.0,0.02
1977,Tighe Scott,26,1,1,0.0,20.73,2628.0,6134.0,0.0,0,26.46,5.0,34.0,3.85,3.85,0.0,0.0
1977,Harry Gant,1,0,0,0.0,30.0,73.0,266.0,0.0,0,23.0,30.0,30.0,0.0,0.0,0.0,0.0
1978,Nestor Peles,3,0,0,0.0,21.33,297.0,979.0,0.0,0,35.67,19.0,24.0,0.0,0.0,0.0,0.0
1979,Cale Yarborough,31,19,22,4.0,8.58,4604.0,9677.0,1320.0,12,5.26,1.0,33.0,61.29,70.97,12.9,13.64
1979,Bill Elliott,13,1,5,0.0,14.31,1548.0,3329.0,8.0,0,15.0,2.0,38.0,7.69,38.46,0.0,0.24
1985,Tommy Ellis,14,0,1,0.0,26.43,1100.0,2853.0,0.0,0,17.57,10.0,40.0,0.0,7.14,0.0,0.0
1987,Jimmy Means,28,0,1,0.0,24.86,2483.0,6339.0,21.0,0,30.79,9.0,40.0,0.0,3.57,0.0,0.33
1992,Graham Taylor,2,0,0,0.0,38.0,98.0,17.0,0.0,0,36.5,36.0,40.0,0.0,0.0,0.0,0.0
1994,John Andretti,29,0,0,0.0,28.14,2299.0,7508.0,41.0,1,23.03,11.0,43.0,0.0,0.0,0.0,0.55
1994,Randy MacDonald,1,0,0,0.0,24.0,91.0,466.0,0.0,0,35.0,24.0,24.0,0.0,0.0,0.0,0.0
2008,Dale Earnhardt Jr.,36,10,16,1.0,14.06,4605.0,10574.0,896.0,26,10.28,1.0,41.0,27.78,44.44,2.78,8.47
2014,Alex Kennedy,5,0,0,0.0,34.6,47.0,699.0,0.0,0,39.8,28.0,39.0,0.0,0.0,0.0,0.0
2014,Terry Labonte,4,0,0,0.0,22.0,88.0,693.0,0.0,3,27.0,11.0,33.0,0.0,0.0,0.0,0.0
2016,Reed Sorenson,28,0,0,0.0,33.93,198.0,7695.0,0.0,1,37.46,22.0,40.0,0.0,0.0,0.0,0.0
2020,Reed Sorenson,17,0,0,0.0,33.35,68.0,4356.0,0.0,1,35.94,28.0,39.0,0.0,0.0,0.0,0.0
2021,Ryan Preece,36,1,4,0.0,22.78,551.0,8478.0,12.0,15,24.03,4.0,40.0,2.78,11.11,0.0,0.14
2021,Daniel Suarez,36,1,4,0.0,20.06,641.0,8826.0,74.0,18,20.14,4.0,37.0,2.78,11.11,0.0,0.84
2024,Martin Truex Jr.,36,5,11,0.0,17.39,949.0,9196.0,555.0,26,12.44,2.0,37.0,13.89,30.56,0.0,6.04
2024,Erik Jones,34,1,2,0.0,22.91,510.0,8908.0,0.0,17,26.94,5.0,35.0,2.94,5.88,0.0,0.0
1949,Jimmie Lewallen,3,0,0,0.0,23.67,,,0.0,0,14.0,16.0,30.0,0.0,0.0,0.0,
1952,Ray Atkinson,1,0,0,0.0,19.0,,255.0,0.0,0,23.0,19.0,19.0,0.0,0.0,0.0,0.0
1952,Cotton Owens,4,0,1,0.0,17.25,,391.0,0.0,0,16.5,9.0,29.0,0.0,25.0,0.0,0.0
1954,C.H. Dingler,3,0,1,0.0,18.0,,383.0,0.0,0,,9.0,30.0,0.0,33.33,0.0,0.0
1985,Pancho Carter,1,0,0,0.0,22.0,0.0,336.0,0.0,0,29.0,22.0,22.0,0.0,0.0,0.0,0.0
1986,Butch Miller,3,0,0,0.0,23.33,164.0,799.0,0.0,0,23.33,16.0,33.0,0.0,0.0,0.0,0.0
1993,Rich Woodland Jr.,1,0,0,0.0,38.0,49.0,114.0,0.0,0,39.0,38.0,38.0,0.0,0.0,0.0,0.0
1994,Tim Steele,5,0,0,0.0,38.8,233.0,391.0,0.0,0,31.2,33.0,43.0,0.0,0.0,0.0,0.0
2006,Carl Long,1,0,0,0.0,41.0,40.0,256.0,0.0,0,30.0,41.0,41.0,0.0,0.0,0.0,0.0
2017,Mark Thompson,1,0,0,0.0,39.0,0.0,25.0,0.0,0,36.0,39.0,39.0,0.0,0.0,0.0,0.0
2019,Blake Jones,1,0,0,0.0,31.0,6.0,179.0,0.0,0,35.0,31.0,31.0,0.0,0.0,0.0,0.0
1957,Fred Knapp,2,0,1,0.0,14.0,,216.0,0.0,0,13.0,10.0,18.0,0.0,50.0,0.0,0.0
1975,Alton Jones,2,0,1,0.0,9.0,277.0,790.0,0.0,0,18.0,6.0,12.0,0.0,50.0,0.0,0.0
1991,Mike Wallace,2,0,0,0.0,35.0,116.0,315.0,0.0,0,37.0,31.0,39.0,0.0,0.0,0.0,0.0
2006,Eric McClure,1,0,0,0.0,31.0,70.0,182.0,0.0,0,27.0,31.0,31.0,0.0,0.0,0.0,0.0
1951,Murrace Walker,1,0,0,0.0,74.0,,104.0,0.0,0,36.0,74.0,74.0,0.0,0.0,0.0,0.0
1955,Bob Coleman,1,0,0,0.0,20.0,144.0,152.0,0.0,0,30.0,20.0,20.0,0.0,0.0,0.0,0.0
1961,Harvey Henderson,1,0,0,0.0,20.0,112.0,153.0,0.0,0,21.0,20.0,20.0,0.0,0.0,0.0,0.0
1980,Harry Dinwiddie,1,0,0,0.0,12.0,127.0,173.0,0.0,0,38.0,12.0,12.0,0.0,0.0,0.0,0.0
1984,Phil Good,1,0,0,0.0,24.0,91.0,331.0,0.0,0,32.0,24.0,24.0,0.0,0.0,0.0,0.0
2005,Ted Christopher,2,0,0,0.0,42.0,74.0,58.0,0.0,0,38.0,42.0,42.0,0.0,0.0,0.0,0.0
1953,Herb Thomas,37,27,31,12.0,5.22,0.0,4292.0,1872.0,16,2.65,1.0,26.0,72.97,83.78,32.43,43.62
1953,Snuffy Smith,1,0,0,0.0,14.0,,,0.0,0,,14.0,14.0,0.0,0.0,0.0,
1956,John Lansaw,2,0,0,0.0,24.0,,133.0,0.0,0,23.5,22.0,26.0,0.0,0.0,0.0,0.0
1958,Ken Johnson,1,1,1,0.0,3.0,,149.0,0.0,0,11.0,3.0,3.0,100.0,100.0,0.0,0.0
1964,Ken Anderson,4,0,0,0.0,22.75,702.0,848.0,0.0,0,28.25,14.0,40.0,0.0,0.0,0.0,0.0
1966,Bunkie Blackburn,8,1,1,0.0,30.0,2702.0,770.0,4.0,0,21.5,4.0,44.0,12.5,12.5,0.0,0.52
1967,Wendell Scott,45,0,11,0.0,15.58,20700.0,9217.0,0.0,0,21.18,6.0,40.0,0.0,24.44,0.0,0.0
1967,Paul Goldsmith,21,7,8,0.0,15.33,20350.0,4851.0,398.0,2,8.62,2.0,38.0,33.33,38.1,0.0,8.2
1968,Tiny Lund,17,5,10,0.0,13.35,1440.0,4547.0,1.0,0,8.71,3.0,32.0,29.41,58.82,0.0,0.02
1969,Earle Canavan,1,0,0,0.0,26.0,0.0,62.0,0.0,0,32.0,26.0,26.0,0.0,0.0,0.0,0.0
1973,Walter Ballard,28,0,4,0.0,19.07,1788.0,8048.0,5.0,0,17.86,6.0,48.0,0.0,14.29,0.0,0.06
1973,Cecil Gordon,28,8,18,0.0,11.29,2224.0,8995.0,2.0,0,9.43,3.0,29.0,28.57,64.29,0.0,0.02
1974,David Pearson,19,15,15,7.0,7.95,,4630.0,1167.0,15,2.16,1.0,35.0,78.95,78.95,36.84,25.21
1976,Buddy Baker,30,16,16,1.0,15.5,3745.0,7335.0,1028.0,5,4.53,1.0,39.0,53.33,53.33,3.33,14.01
1983,Jim Sauter,5,0,0,0.0,22.6,176.0,1414.0,0.0,0,21.6,18.0,29.0,0.0,0.0,0.0,0.0
1984,Ken Schrader,5,0,0,0.0,24.4,231.0,1508.0,0.0,0,28.8,17.0,33.0,0.0,0.0,0.0,0.0
1987,Larry Pollard,4,0,0,0.0,19.75,0.0,1415.0,0.0,0,29.25,13.0,27.0,0.0,0.0,0.0,0.0
1987,Ernie Irvan,5,0,1,0.0,18.6,329.0,1341.0,1.0,0,27.8,8.0,29.0,0.0,20.0,0.0,0.07
1988,Tom Rotsell,1,0,0,0.0,22.0,97.0,90.0,0.0,1,39.0,22.0,22.0,0.0,0.0,0.0,0.0
2000,Mike Bliss,25,0,1,0.0,31.12,1748.0,5492.0,4.0,4,30.88,9.0,43.0,0.0,4.0,0.0,0.07
2000,Ryan Newman,1,0,0,0.0,41.0,40.0,176.0,0.0,0,10.0,41.0,41.0,0.0,0.0,0.0,0.0
2012,Tony Raines,7,0,0,0.0,33.86,71.0,771.0,0.0,1,41.43,19.0,40.0,0.0,0.0,0.0,0.0
2013,Travis Kvapil,36,0,0,0.0,30.39,496.0,9035.0,7.0,8,33.94,16.0,42.0,0.0,0.0,0.0,0.08
2019,Brad Keselowski,36,13,19,3.0,12.86,1127.0,9749.0,1085.0,24,10.0,1.0,39.0,36.11,52.78,8.33,11.13
2023,A.J. Allmendinger,36,4,7,1.0,19.58,692.0,9120.0,64.0,20,20.19,1.0,36.0,11.11,19.44,2.78,0.7
2025,Ryan Blaney,36,15,19,4.0,14.61,1144.0,8714.0,852.0,27,14.14,1.0,40.0,41.67,52.78,11.11,9.78
1950,Ralph Dyer,1,0,0,0.0,13.0,,,0.0,0,,13.0,13.0,0.0,0.0,0.0,
1951,J.C. White,4,0,0,0.0,17.75,,128.0,0.0,0,13.5,11.0,26.0,0.0,0.0,0.0,0.0
1952,E.C. Ramsey,7,0,0,0.0,18.86,,826.0,0.0,0,16.4,11.0,34.0,0.0,0.0,0.0,0.0
1967,Dub Simpson,1,0,0,0.0,33.0,160.0,89.0,0.0,0,42.0,33.0,33.0,0.0,0.0,0.0,0.0
2023,Jenson Button,3,0,0,0.0,22.33,45.0,234.0,0.0,2,21.0,18.0,28.0,0.0,0.0,0.0,0.0
1953,Eddie Skinner,4,0,1,0.0,16.5,,,0.0,0,,7.0,27.0,0.0,25.0,0.0,
1954,Art Binkley,1,0,0,0.0,50.0,,21.0,0.0,0,56.0,50.0,50.0,0.0,0.0,0.0,0.0
1956,John Dodd Sr.,1,0,0,0.0,27.0,,28.0,0.0,0,19.0,27.0,27.0,0.0,0.0,0.0,0.0
1963,Sherman Utsman,3,0,3,0.0,8.0,864.0,582.0,0.0,0,11.33,7.0,9.0,0.0,100.0,0.0,0.0
1964,Walt Price,1,0,0,0.0,35.0,100.0,43.0,0.0,0,41.0,35.0,35.0,0.0,0.0,0.0,0.0
1968,Don White,2,0,1,0.0,12.5,0.0,585.0,0.0,0,18.0,6.0,19.0,0.0,50.0,0.0,0.0
1952,Al Fleming,1,0,0,0.0,32.0,,336.0,0.0,0,9.0,32.0,32.0,0.0,0.0,0.0,0.0
1963,Stan Parker,1,0,0,0.0,23.0,48.0,59.0,0.0,0,21.0,23.0,23.0,0.0,0.0,0.0,0.0
1968,Guy Jones,1,0,0,0.0,16.0,0.0,109.0,0.0,0,36.0,16.0,16.0,0.0,0.0,0.0,0.0
1974,Jack Simpson,1,0,0,0.0,16.0,,105.0,0.0,0,30.0,16.0,16.0,0.0,0.0,0.0,0.0
1977,Dale Earnhardt,1,0,0,0.0,38.0,49.0,25.0,0.0,0,36.0,38.0,38.0,0.0,0.0,0.0,0.0
1951,Tommy Moon,2,0,1,0.0,18.5,,,0.0,0,,6.0,31.0,0.0,50.0,0.0,
1952,Glen Larsen,1,0,1,0.0,7.0,,171.0,0.0,0,9.0,7.0,7.0,0.0,100.0,0.0,0.0
1953,Herschel Buchanan,14,4,6,0.0,16.07,,506.0,0.0,1,20.0,3.0,42.0,28.57,42.86,0.0,0.0
1954,Perk Brown,3,0,0,0.0,16.33,,346.0,0.0,0,,12.0,21.0,0.0,0.0,0.0,0.0
1954,Jack Cumiford,1,0,0,0.0,13.0,,170.0,0.0,0,,13.0,13.0,0.0,0.0,0.0,0.0
1956,Ken Love,3,0,0,0.0,36.33,,278.0,0.0,0,55.33,24.0,56.0,0.0,0.0,0.0,0.0
1957,Fred Harb,3,0,0,0.0,13.33,,322.0,0.0,0,22.5,11.0,17.0,0.0,0.0,0.0,0.0
1958,Squirt Johns,2,0,0,0.0,17.5,,105.0,0.0,0,7.0,15.0,20.0,0.0,0.0,0.0,0.0
1958,Bobby Johns,3,1,1,0.0,12.67,,894.0,0.0,0,15.33,4.0,23.0,33.33,33.33,0.0,0.0
1960,Rex White,40,25,35,6.0,5.33,21164.0,8921.0,342.0,13,6.43,1.0,23.0,62.5,87.5,15.0,3.83
1966,Bunk Moore,1,0,0,0.0,14.0,192.0,101.0,0.0,0,18.0,14.0,14.0,0.0,0.0,0.0,0.0
1967,Charlie Glotzbach,9,3,5,0.0,19.0,11444.0,1783.0,4.0,0,11.78,4.0,42.0,33.33,55.56,0.0,0.22
1969,Richard Brickhouse,24,2,9,1.0,19.92,1660.0,3629.0,34.0,2,14.17,1.0,40.0,8.33,37.5,4.17,0.94
1970,Tom Usry,1,0,0,0.0,11.0,0.0,226.0,0.0,0,23.0,11.0,11.0,0.0,0.0,0.0,0.0
1971,D.K. Ulrich,12,0,0,0.0,24.0,412.0,1526.0,0.0,0,27.58,12.0,45.0,0.0,0.0,0.0,0.0
1972,A.J. Foyt,6,5,5,2.0,6.33,0.0,1417.0,344.0,4,2.0,1.0,28.0,83.33,83.33,33.33,24.28
1976,David Pearson,22,16,18,10.0,6.86,3483.0,6194.0,1227.0,14,3.55,1.0,37.0,72.73,81.82,45.45,19.81
1979,Dave Dion,2,0,0,0.0,22.5,191.0,528.0,0.0,0,19.0,19.0,26.0,0.0,0.0,0.0,0.0
1985,Sumner McKnight,1,0,0,0.0,14.0,121.0,91.0,0.0,0,32.0,14.0,14.0,0.0,0.0,0.0,0.0
1986,Jody Ridley,12,0,1,0.0,20.67,1213.0,3183.0,0.0,1,19.08,10.0,42.0,0.0,8.33,0.0,0.0
1987,Davey Allison,22,9,10,2.0,14.18,2739.0,5511.0,710.0,7,9.14,1.0,42.0,40.91,45.45,9.09,12.88
1998,Derrike Cope,28,0,0,0.0,29.93,2065.0,7526.0,16.0,3,23.29,11.0,43.0,0.0,0.0,0.0,0.21
1998,Dennis Setzer,7,0,0,0.0,30.43,502.0,2143.0,0.0,0,30.57,19.0,39.0,0.0,0.0,0.0,0.0
2000,Matt Kenseth,34,4,11,1.0,18.94,3711.0,9466.0,162.0,15,25.18,1.0,42.0,11.76,32.35,2.94,1.71
2001,Michael Waltrip,36,3,3,1.0,25.83,3159.0,9527.0,88.0,10,21.64,1.0,43.0,8.33,8.33,2.78,0.92
2004,Jamie McMurray,36,9,23,0.0,13.22,4622.0,10197.0,224.0,27,15.86,2.0,38.0,25.0,63.89,0.0,2.2
2004,Kirk Shelmerdine,18,0,0,0.0,40.94,723.0,670.0,0.0,0,41.0,37.0,43.0,0.0,0.0,0.0,0.0
2004,Chad Chaffin,1,0,0,0.0,39.0,46.0,100.0,0.0,0,37.0,39.0,39.0,0.0,0.0,0.0,0.0
2007,Michael Waltrip,14,0,2,0.0,25.0,1249.0,3877.0,8.0,3,21.57,10.0,42.0,0.0,14.29,0.0,0.21
2007,P.J. Jones,3,0,0,0.0,24.67,267.0,398.0,0.0,2,38.0,12.0,37.0,0.0,0.0,0.0,0.0
2008,Tony Stewart,36,10,16,1.0,14.92,4487.0,10333.0,633.0,25,17.11,1.0,43.0,27.78,44.44,2.78,6.13
2012,Mike Bliss,19,0,0,0.0,39.47,0.0,831.0,1.0,0,35.47,24.0,43.0,0.0,0.0,0.0,0.12
2015,Brett Moffitt,31,0,1,0.0,30.45,422.0,9432.0,2.0,3,33.81,8.0,42.0,0.0,3.23,0.0,0.02
2016,Joey Logano,36,16,26,3.0,10.53,1132.0,10160.0,703.0,29,8.08,1.0,39.0,44.44,72.22,8.33,6.92
2021,Chris Buescher,36,1,8,0.0,17.31,770.0,8769.0,93.0,27,18.06,3.0,40.0,2.78,22.22,0.0,1.06
2023,Cody Ware,7,0,0,0.0,27.71,65.0,1705.0,1.0,2,30.29,14.0,35.0,0.0,0.0,0.0,0.06
1949,Frank Christian,1,0,1,0.0,6.0,,,0.0,0,,6.0,6.0,0.0,100.0,0.0,
1950,Ed Hamanard,1,0,0,0.0,24.0,,68.0,0.0,0,,24.0,24.0,0.0,0.0,0.0,0.0
1951,Claude Wallington,2,0,1,0.0,15.5,,,0.0,0,,6.0,25.0,0.0,50.0,0.0,
1954,Jerry Keyes,1,0,0,0.0,23.0,,338.0,0.0,0,19.0,23.0,23.0,0.0,0.0,0.0,0.0
1971,John Lyons,1,0,0,0.0,28.0,69.0,35.0,0.0,0,28.0,28.0,28.0,0.0,0.0,0.0,0.0
1972,Ivan Baldwin,1,0,0,0.0,20.0,62.0,123.0,0.0,0,36.0,20.0,20.0,0.0,0.0,0.0,0.0
1981,Mark Stahl,1,0,0,0.0,23.0,94.0,109.0,0.0,0,39.0,23.0,23.0,0.0,0.0,0.0,0.0
1984,Dick May,3,0,0,0.0,21.0,300.0,1174.0,0.0,0,35.33,16.0,28.0,0.0,0.0,0.0,0.0
2010,Scott Riggs,2,0,0,0.0,35.0,116.0,409.0,0.0,0,33.5,28.0,42.0,0.0,0.0,0.0,0.0
2015,Joe Nemechek,1,0,0,0.0,33.0,0.0,318.0,1.0,0,28.0,33.0,33.0,0.0,0.0,0.0,0.31
1953,Obie Chupp,1,0,0,0.0,18.0,,36.0,0.0,0,47.0,18.0,18.0,0.0,0.0,0.0,0.0
1953,George Fleming,1,0,0,0.0,31.0,,33.0,0.0,0,22.0,31.0,31.0,0.0,0.0,0.0,0.0
1957,Bob Havemann,1,0,0,0.0,12.0,,117.0,0.0,0,6.0,12.0,12.0,0.0,0.0,0.0,0.0
1984,Maurice Randall,1,0,0,0.0,30.0,0.0,50.0,0.0,0,30.0,30.0,30.0,0.0,0.0,0.0,0.0
1992,Clay Young,1,0,0,0.0,39.0,46.0,40.0,0.0,0,39.0,39.0,39.0,0.0,0.0,0.0,0.0
1994,Bob Keselowski,1,0,0,0.0,41.0,40.0,17.0,0.0,0,41.0,41.0,41.0,0.0,0.0,0.0,0.0
2013,Ron Fellows,2,0,0,0.0,28.5,31.0,184.0,0.0,1,24.5,22.0,35.0,0.0,0.0,0.0,0.0
1952,Olin Allen,1,0,0,0.0,14.0,,182.0,0.0,0,27.0,14.0,14.0,0.0,0.0,0.0,0.0
1954,Art Faber,1,0,0,0.0,29.0,,61.0,0.0,0,,29.0,29.0,0.0,0.0,0.0,0.0
1963,Fred Thompson,1,0,1,0.0,8.0,288.0,186.0,0.0,0,14.0,8.0,8.0,0.0,100.0,0.0,0.0
1974,Mike James,1,0,0,0.0,18.0,,103.0,0.0,0,28.0,18.0,18.0,0.0,0.0,0.0,0.0
1975,Carl Van Horn,1,0,0,0.0,23.0,94.0,110.0,0.0,0,17.0,23.0,23.0,0.0,0.0,0.0,0.0
1995,Ken Pedersen,1,0,0,0.0,41.0,40.0,25.0,0.0,0,35.0,41.0,41.0,0.0,0.0,0.0,0.0
1950,Bill Rexford,17,5,11,1.0,10.88,,1302.0,98.0,1,20.0,1.0,29.0,29.41,64.71,5.88,7.53
1950,Jim Paschal,6,1,2,0.0,22.5,,669.0,0.0,0,28.33,2.0,53.0,16.67,33.33,0.0,0.0
1950,Lyle Scott,6,0,1,0.0,17.33,,380.0,0.0,0,,8.0,24.0,0.0,16.67,0.0,0.0
1951,Tommy Wells,3,0,0,0.0,24.0,,81.0,0.0,0,,22.0,27.0,0.0,0.0,0.0,0.0
1952,Gene Comstock,8,1,3,0.0,12.63,,1496.0,0.0,0,21.88,4.0,21.0,12.5,37.5,0.0,0.0
1956,George Seeger,2,0,1,0.0,12.0,,205.0,0.0,0,19.0,6.0,18.0,0.0,50.0,0.0,0.0
1961,Jimmy Thompson,3,0,0,0.0,30.0,308.0,267.0,0.0,0,21.67,17.0,47.0,0.0,0.0,0.0,0.0
1966,J.T. Putney,39,4,9,0.0,16.31,21208.0,7840.0,32.0,0,16.05,2.0,40.0,10.26,23.08,0.0,0.41
1968,J.D. McDuffie,32,0,9,0.0,17.75,1370.0,5587.0,0.0,0,19.25,6.0,42.0,0.0,28.13,0.0,0.0
1972,Coo Coo Marlin,20,2,5,0.0,20.95,1202.0,4092.0,31.0,0,10.2,3.0,36.0,10.0,25.0,0.0,0.76
1980,Cale Yarborough,31,19,22,6.0,8.97,4642.0,9440.0,2810.0,16,3.1,1.0,40.0,61.29,70.97,19.35,29.77
1984,Bobby Wawak,4,0,0,0.0,27.5,322.0,874.0,0.0,0,34.25,22.0,32.0,0.0,0.0,0.0,0.0
1989,Dale Jarrett,29,2,5,0.0,22.69,2789.0,7799.0,99.0,3,24.21,5.0,42.0,6.9,17.24,0.0,1.27
1992,Ernie Irvan,29,9,11,3.0,15.62,3580.0,8561.0,477.0,11,7.1,1.0,37.0,31.03,37.93,10.34,5.57
1993,Ed Ferree,2,0,0,0.0,31.5,137.0,511.0,0.0,0,34.0,27.0,36.0,0.0,0.0,0.0,0.0
1999,Jeff Gordon,34,18,21,7.0,12.91,4620.0,9384.0,1320.0,23,7.35,1.0,43.0,52.94,61.76,20.59,14.07
2001,Tony Stewart,36,15,22,3.0,12.56,4763.0,10429.0,465.0,29,17.03,1.0,41.0,41.67,61.11,8.33,4.46
2001,Matt Kenseth,36,4,9,0.0,18.61,3982.0,10341.0,100.0,19,27.81,4.0,42.0,11.11,25.0,0.0,0.97
2008,Joe Nemechek,32,0,0,0.0,33.72,1989.0,8223.0,2.0,7,31.19,11.0,43.0,0.0,0.0,0.0,0.02
2013,Cole Whitt,7,0,0,0.0,33.86,0.0,1920.0,0.0,0,30.29,27.0,40.0,0.0,0.0,0.0,0.0
2016,Ryan Newman,36,2,10,0.0,15.67,920.0,10215.0,24.0,24,14.06,3.0,39.0,5.56,27.78,0.0,0.23
2021,Joey Gase,16,0,0,0.0,32.31,0.0,3232.0,1.0,1,35.31,20.0,39.0,0.0,0.0,0.0,0.03
1952,Gober Sosebee,9,4,5,1.0,10.0,,744.0,215.0,1,11.0,1.0,28.0,44.44,55.56,11.11,28.9
1954,Charles Blewitt,1,0,0,0.0,23.0,,207.0,0.0,0,,23.0,23.0,0.0,0.0,0.0,0.0
1955,Tommy Ringstaff,3,0,1,0.0,21.33,248.0,225.0,0.0,0,17.67,10.0,43.0,0.0,33.33,0.0,0.0
1955,Jim Thompson,2,0,0,0.0,36.5,116.0,357.0,0.0,0,37.5,19.0,54.0,0.0,0.0,0.0,0.0
1974,George England,3,0,0,0.0,27.33,,184.0,0.0,0,30.33,26.0,29.0,0.0,0.0,0.0,0.0
1976,Tommy Ellis,1,0,0,0.0,21.0,100.0,429.0,0.0,0,31.0,21.0,21.0,0.0,0.0,0.0,0.0
1954,Jim Romine,1,0,0,0.0,47.0,,25.0,0.0,0,15.0,47.0,47.0,0.0,0.0,0.0,0.0
1956,Joe Stewart,1,0,0,0.0,23.0,,57.0,0.0,0,25.0,23.0,23.0,0.0,0.0,0.0,0.0
1957,Bill Lone,1,0,0,0.0,15.0,,167.0,0.0,0,24.0,15.0,15.0,0.0,0.0,0.0,0.0
1958,Doug Yates,1,0,0,0.0,38.0,20.0,16.0,0.0,0,32.0,38.0,38.0,0.0,0.0,0.0,0.0
1962,Jim McGuirk,2,0,0,0.0,19.0,432.0,196.0,0.0,0,19.5,14.0,24.0,0.0,0.0,0.0,0.0
1963,Ray Hughes,1,0,0,0.0,13.0,208.0,183.0,0.0,0,21.0,13.0,13.0,0.0,0.0,0.0,0.0
1965,Joe Bill Adams,2,0,1,0.0,20.5,316.0,244.0,0.0,0,21.5,9.0,32.0,0.0,50.0,0.0,0.0
1970,Buck Baker,1,0,0,0.0,17.0,0.0,267.0,0.0,0,31.0,17.0,17.0,0.0,0.0,0.0,0.0
1988,Phil Barkdoll,3,0,0,0.0,31.0,210.0,465.0,0.0,0,34.33,26.0,36.0,0.0,0.0,0.0,0.0
1992,Hershel McGriff,1,0,0,0.0,42.0,37.0,19.0,0.0,0,35.0,42.0,42.0,0.0,0.0,0.0,0.0
2002,Morgan Shepherd,5,0,0,0.0,41.2,202.0,221.0,4.0,0,42.8,40.0,43.0,0.0,0.0,0.0,1.81
2019,Tyler Reddick,2,0,1,0.0,18.0,0.0,462.0,0.0,1,30.0,9.0,27.0,0.0,50.0,0.0,0.0
1951,Bob Read,1,0,0,0.0,40.0,,,0.0,0,,40.0,40.0,0.0,0.0,0.0,
1964,Pop McGinnis,1,0,0,0.0,23.0,84.0,238.0,0.0,0,25.0,23.0,23.0,0.0,0.0,0.0,0.0
1968,George England,1,0,0,0.0,14.0,76.0,235.0,0.0,0,29.0,14.0,14.0,0.0,0.0,0.0,0.0
1977,Glenn Francis,1,0,0,0.0,33.0,64.0,9.0,0.0,0,35.0,33.0,33.0,0.0,0.0,0.0,0.0
2004,Klaus Graf,1,0,0,0.0,17.0,112.0,110.0,0.0,1,38.0,17.0,17.0,0.0,0.0,0.0,0.0
1950,Gayle Warren,10,1,2,0.0,23.1,0.0,429.0,10.0,0,24.5,5.0,68.0,10.0,20.0,0.0,2.33
1951,John Barker,7,0,0,0.0,29.43,,471.0,0.0,0,40.6,12.0,60.0,0.0,0.0,0.0,0.0
1952,Joe Eubanks,19,4,9,0.0,12.68,,2626.0,0.0,1,11.06,3.0,29.0,21.05,47.37,0.0,0.0
1952,Dick Passwater,6,1,3,0.0,13.17,,1366.0,0.0,0,13.5,5.0,25.0,16.67,50.0,0.0,0.0
1953,Ollie Olson,1,0,0,0.0,24.0,,,0.0,0,,24.0,24.0,0.0,0.0,0.0,
1955,Bud Harless,4,0,1,0.0,18.0,248.0,324.0,0.0,0,20.0,8.0,25.0,0.0,25.0,0.0,0.0
1955,Frank Parry,1,0,0,0.0,21.0,,205.0,0.0,0,30.0,21.0,21.0,0.0,0.0,0.0,0.0
1962,Emanuel Zervakis,11,0,2,0.0,19.09,6406.0,2151.0,5.0,0,13.09,6.0,30.0,0.0,18.18,0.0,0.23
1962,Joe Penland,3,0,0,0.0,16.33,464.0,379.0,0.0,0,14.67,14.0,20.0,0.0,0.0,0.0,0.0
1963,Joe Weatherly,53,20,35,3.0,9.08,31330.0,11344.0,878.0,7,7.94,1.0,24.0,37.74,66.04,5.66,7.74
1966,Bobby Allison,33,10,15,3.0,15.06,19470.0,6949.0,714.0,3,13.48,1.0,43.0,30.3,45.45,9.09,10.27
1966,Sonny Lamphear,12,0,1,0.0,25.08,1290.0,618.0,0.0,0,24.42,9.0,39.0,0.0,8.33,0.0,0.0
1966,Roy Mayne,18,1,5,0.0,18.33,11074.0,4065.0,0.0,0,23.0,5.0,43.0,5.56,27.78,0.0,0.0
1966,Doug Cooper,21,3,4,0.0,20.86,3824.0,3191.0,0.0,0,15.19,3.0,42.0,14.29,19.05,0.0,0.0
1969,Bill Champion,49,1,10,0.0,17.29,2811.0,10195.0,0.0,0,16.37,5.0,35.0,2.04,20.41,0.0,0.0
1969,Mack Sellers,3,0,0,0.0,26.67,73.0,164.0,0.0,0,26.33,23.0,31.0,0.0,0.0,0.0,0.0
1970,Joe Frasson,21,0,2,0.0,15.95,1551.0,4866.0,0.0,0,19.62,9.0,28.0,0.0,9.52,0.0,0.0
1970,Joe Clark,1,0,1,0.0,8.0,129.0,136.0,0.0,0,29.0,8.0,8.0,0.0,100.0,0.0,0.0
1970,Bill Pratt,1,0,0,0.0,37.0,0.0,5.0,0.0,0,37.0,37.0,37.0,0.0,0.0,0.0,0.0
1973,Wendell Scott,3,0,0,0.0,27.0,154.0,632.0,0.0,0,45.0,12.0,55.0,0.0,0.0,0.0,0.0
1975,Cecil Gordon,30,7,16,0.0,14.27,3702.0,8577.0,6.0,0,14.33,2.0,37.0,23.33,53.33,0.0,0.07
1980,David Pearson,9,4,5,1.0,13.89,1004.0,1787.0,159.0,4,6.67,1.0,38.0,44.44,55.56,11.11,8.9
1987,Dave Marcis,29,2,7,0.0,19.86,3080.0,6880.0,84.0,3,23.9,3.0,35.0,6.9,24.14,0.0,1.22
1991,Lake Speed,20,0,0,0.0,25.3,1742.0,4513.0,0.0,2,19.9,11.0,40.0,0.0,0.0,0.0,0.0
1999,John Andretti,34,3,10,1.0,22.06,3394.0,8526.0,238.0,10,16.59,1.0,43.0,8.82,29.41,2.94,2.79
2001,Ricky Craven,36,4,7,1.0,23.97,3379.0,9670.0,170.0,12,20.58,1.0,43.0,11.11,19.44,2.78,1.76
2010,Joey Logano,36,7,16,0.0,16.78,4185.0,10564.0,53.0,23,16.19,2.0,39.0,19.44,44.44,0.0,0.5
2013,A.J. Allmendinger,18,0,1,0.0,21.22,410.0,4781.0,0.0,13,22.33,10.0,36.0,0.0,5.56,0.0,0.0
2014,Corey LaJoie,2,0,0,0.0,38.0,0.0,527.0,0.0,0,41.5,35.0,41.0,0.0,0.0,0.0,0.0
2019,Kyle Larson,36,8,17,1.0,15.06,1064.0,9496.0,529.0,25,12.92,1.0,40.0,22.22,47.22,2.78,5.57
2019,Quin Houff,17,0,0,0.0,32.65,77.0,4519.0,0.0,0,33.71,28.0,38.0,0.0,0.0,0.0,0.0
1952,Ken Rauch,1,0,0,0.0,19.0,,133.0,0.0,0,26.0,19.0,19.0,0.0,0.0,0.0,0.0
1955,Sonny Hutchins,1,0,0,0.0,26.0,8.0,15.0,0.0,0,13.0,26.0,26.0,0.0,0.0,0.0,0.0
1956,Ole Anderson,1,0,0,0.0,37.0,,9.0,0.0,0,36.0,37.0,37.0,0.0,0.0,0.0,0.0
1974,Bruce Hill,1,0,0,0.0,13.0,,189.0,0.0,0,33.0,13.0,13.0,0.0,0.0,0.0,0.0
1976,John Ray,2,0,0,0.0,29.5,149.0,145.0,0.0,0,34.0,28.0,31.0,0.0,0.0,0.0,0.0
1982,Kevin Terris,1,0,0,0.0,41.0,40.0,12.0,0.0,0,30.0,41.0,41.0,0.0,0.0,0.0,0.0
1985,Michael Waltrip,5,0,0,0.0,28.0,207.0,1013.0,0.0,0,29.0,18.0,39.0,0.0,0.0,0.0,0.0
1988,Jimmy Hensley,1,0,0,0.0,24.0,0.0,290.0,0.0,0,10.0,24.0,24.0,0.0,0.0,0.0,0.0
1994,Jay Hedgecock,2,0,0,0.0,30.5,143.0,537.0,0.0,0,31.5,25.0,36.0,0.0,0.0,0.0,0.0
1956,Ralph Murray,1,0,0,0.0,29.0,,2.0,0.0,0,28.0,29.0,29.0,0.0,0.0,0.0,0.0
1961,Mike Mitchell,1,0,0,0.0,22.0,,5.0,0.0,0,23.0,22.0,22.0,0.0,0.0,0.0,0.0
1978,Walter Ballard,1,0,0,0.0,30.0,73.0,0.0,0.0,0,30.0,30.0,30.0,0.0,0.0,0.0,
1979,Al Holbert,6,0,1,0.0,26.0,402.0,938.0,5.0,0,15.0,8.0,38.0,0.0,16.67,0.0,0.53
2002,Jay Sauter,2,0,0,0.0,40.0,86.0,359.0,0.0,0,39.0,37.0,43.0,0.0,0.0,0.0,0.0
2025,Timmy Hill,1,0,0,0.0,35.0,0.0,354.0,0.0,0,38.0,35.0,35.0,0.0,0.0,0.0,0.0
1952,Keith Hamner,1,0,0,0.0,18.0,,375.0,0.0,0,41.0,18.0,18.0,0.0,0.0,0.0,0.0
1955,Willard Holt,1,0,0,0.0,17.0,,37.0,0.0,0,16.0,17.0,17.0,0.0,0.0,0.0,0.0
1955,Leland Sewell,1,0,0,0.0,15.0,264.0,176.0,0.0,0,27.0,15.0,15.0,0.0,0.0,0.0,0.0
1959,Dick Blackwell,3,0,0,0.0,20.67,192.0,544.0,0.0,0,22.67,17.0,25.0,0.0,0.0,0.0,0.0
1966,Darrell Bryant,2,0,0,0.0,24.0,430.0,243.0,0.0,0,31.0,11.0,37.0,0.0,0.0,0.0,0.0
1974,Leon Fox,1,0,0,0.0,14.0,,113.0,0.0,0,27.0,14.0,14.0,0.0,0.0,0.0,0.0
1950,John Manning,1,0,0,0.0,15.0,,95.0,0.0,0,,15.0,15.0,0.0,0.0,0.0,0.0
1950,Runt Harris,1,0,0,0.0,19.0,,41.0,0.0,0,,19.0,19.0,0.0,0.0,0.0,0.0
1952,Lawrence Jacquelin,1,0,0,0.0,41.0,,34.0,0.0,0,39.0,41.0,41.0,0.0,0.0,0.0,0.0
1953,Bob Hunter,1,0,0,0.0,41.0,,210.0,0.0,0,56.0,41.0,41.0,0.0,0.0,0.0,0.0
1955,Joe Roletto,1,0,0,0.0,20.0,120.0,212.0,0.0,0,13.0,20.0,20.0,0.0,0.0,0.0,0.0
1956,Ed Cole,12,0,1,0.0,14.75,,1526.0,0.0,0,23.17,8.0,20.0,0.0,8.33,0.0,0.0
1956,Chuck Mahoney,2,0,0,0.0,16.5,,219.0,0.0,0,13.0,16.0,17.0,0.0,0.0,0.0,0.0
1962,Maurice Petty,5,2,3,0.0,12.0,1278.0,800.0,0.0,0,13.4,4.0,26.0,40.0,60.0,0.0,0.0
1962,Bunkie Blackburn,10,1,3,0.0,17.4,8016.0,2325.0,0.0,0,19.8,4.0,43.0,10.0,30.0,0.0,0.0
1965,Buck Baker,31,2,12,0.0,17.32,13136.0,5266.0,0.0,1,15.81,2.0,38.0,6.45,38.71,0.0,0.0
1965,Dick Hutcherson,52,32,37,9.0,7.37,35790.0,11610.0,2065.0,16,4.42,1.0,32.0,61.54,71.15,17.31,17.79
1972,Charlie Glotzbach,3,2,2,0.0,11.0,194.0,709.0,0.0,0,9.0,2.0,28.0,66.67,66.67,0.0,0.0
1972,Dick Brooks,14,0,1,0.0,32.5,344.0,1156.0,3.0,0,19.57,8.0,40.0,0.0,7.14,0.0,0.26
1973,Coo Coo Marlin,21,1,8,0.0,18.52,1364.0,5454.0,15.0,0,11.05,3.0,40.0,4.76,38.1,0.0,0.28
1978,D.K. Ulrich,22,0,3,0.0,17.32,2452.0,6175.0,1.0,0,19.86,9.0,29.0,0.0,13.64,0.0,0.02
1987,Cale Yarborough,16,2,4,0.0,24.75,1450.0,2671.0,11.0,3,19.63,4.0,42.0,12.5,25.0,0.0,0.41
1990,Stan Barrett,1,0,0,0.0,17.0,112.0,74.0,0.0,1,36.0,17.0,17.0,0.0,0.0,0.0,0.0
1990,Mike Chase,3,0,0,0.0,29.33,230.0,340.0,4.0,0,33.33,24.0,39.0,0.0,0.0,0.0,1.18
1993,Jim Sauter,4,0,0,0.0,29.75,295.0,769.0,0.0,0,35.0,19.0,38.0,0.0,0.0,0.0,0.0
1994,Rick Carelli,4,0,0,0.0,30.75,283.0,958.0,0.0,0,35.75,22.0,41.0,0.0,0.0,0.0,0.0
2002,Jerry Nadeau,28,0,1,0.0,27.82,2250.0,7347.0,102.0,6,21.64,8.0,42.0,0.0,3.57,0.0,1.39
2003,Hermie Sadler,10,0,0,0.0,39.1,373.0,1790.0,1.0,0,36.8,30.0,43.0,0.0,0.0,0.0,0.06
2007,Jeff Green,32,0,3,0.0,26.53,2704.0,8664.0,9.0,9,30.94,6.0,43.0,0.0,9.38,0.0,0.1
2010,Greg Biffle,36,9,19,2.0,15.36,4414.0,10410.0,543.0,25,15.94,1.0,41.0,25.0,52.78,5.56,5.22
2013,Ryan Newman,36,6,18,1.0,16.0,1027.0,9994.0,128.0,27,15.61,1.0,40.0,16.67,50.0,2.78,1.28
2013,Ricky Stenhouse Jr.,36,1,3,0.0,18.86,909.0,10416.0,35.0,24,18.33,3.0,40.0,2.78,8.33,0.0,0.34
1954,Sonny Walters,1,0,0,0.0,26.0,,134.0,0.0,0,,26.0,26.0,0.0,0.0,0.0,0.0
1954,Chuck Hansen,6,0,1,0.0,27.17,,694.0,0.0,0,,8.0,46.0,0.0,16.67,0.0,0.0
1962,Ed Livingston,13,0,0,0.0,19.69,3604.0,1758.0,0.0,0,24.54,11.0,36.0,0.0,0.0,0.0,0.0
1964,Jim McElreath,3,0,0,0.0,17.67,0.0,336.0,0.0,0,16.0,13.0,25.0,0.0,0.0,0.0,0.0
1965,Hop Holmes,1,0,0,0.0,15.0,176.0,71.0,0.0,0,9.0,15.0,15.0,0.0,0.0,0.0,0.0
1973,Jim Danielson,1,0,1,0.0,9.0,84.0,176.0,0.0,0,38.0,9.0,9.0,0.0,100.0,0.0,0.0
2016,Jeff Gordon,8,0,2,0.0,13.88,218.0,2571.0,7.0,7,16.38,6.0,27.0,0.0,25.0,0.0,0.27
1953,Johnny Beauchamp,3,0,1,0.0,12.33,,217.0,0.0,0,,8.0,15.0,0.0,33.33,0.0,0.0
1956,Bill Walker,2,0,1,0.0,10.0,,418.0,0.0,0,18.0,8.0,12.0,0.0,50.0,0.0,0.0
1956,Bill Vesler,1,0,0,0.0,23.0,0.0,50.0,0.0,0,19.0,23.0,23.0,0.0,0.0,0.0,0.0
1956,Elmo Langley,1,0,0,0.0,19.0,,338.0,0.0,0,42.0,19.0,19.0,0.0,0.0,0.0,0.0
1967,Clyde Prickett,1,0,0,0.0,20.0,1272.0,104.0,0.0,0,31.0,20.0,20.0,0.0,0.0,0.0,0.0
1967,Joe Clark,1,0,0,0.0,31.0,424.0,52.0,0.0,0,34.0,31.0,31.0,0.0,0.0,0.0,0.0
1969,Max Ledbetter,1,0,0,0.0,22.0,0.0,91.0,0.0,0,22.0,22.0,22.0,0.0,0.0,0.0,0.0
1972,Tiny Lund,4,0,0,0.0,25.5,100.0,638.0,0.0,0,23.0,12.0,38.0,0.0,0.0,0.0,0.0
1975,George Follmer,2,0,0,0.0,26.5,167.0,105.0,0.0,0,22.5,24.0,29.0,0.0,0.0,0.0,0.0
1951,Curtis Hunt,1,0,0,0.0,24.0,,15.0,0.0,0,,24.0,24.0,0.0,0.0,0.0,0.0
1956,Bud Emra,1,0,0,0.0,17.0,,116.0,0.0,0,13.0,17.0,17.0,0.0,0.0,0.0,0.0
1963,Carl Joiner,1,0,0,0.0,25.0,440.0,143.0,0.0,0,40.0,25.0,25.0,0.0,0.0,0.0,0.0
1963,Eddie Gray,1,0,0,0.0,20.0,448.0,131.0,0.0,0,20.0,20.0,20.0,0.0,0.0,0.0,0.0
1966,Dave James,1,0,0,0.0,41.0,100.0,4.0,0.0,0,28.0,41.0,41.0,0.0,0.0,0.0,0.0
1968,Frank Burnett,1,0,0,0.0,17.0,0.0,92.0,0.0,0,37.0,17.0,17.0,0.0,0.0,0.0,0.0
1979,Roy Smith,1,0,0,0.0,21.0,100.0,193.0,0.0,0,30.0,21.0,21.0,0.0,0.0,0.0,0.0
1990,Joe Ruttman,1,0,0,0.0,26.0,85.0,196.0,0.0,0,27.0,26.0,26.0,0.0,0.0,0.0,0.0
1950,Joe Harrison,1,0,0,0.0,40.0,,3.0,0.0,0,31.0,40.0,40.0,0.0,0.0,0.0,0.0
1952,Jimmy Florian,6,0,2,0.0,18.0,,283.0,0.0,0,19.5,10.0,42.0,0.0,33.33,0.0,0.0
1959,Ben Benz,5,0,2,0.0,24.6,1748.0,665.0,0.0,0,31.0,7.0,42.0,0.0,40.0,0.0,0.0
1965,Worth McMillion,10,0,2,0.0,15.4,3354.0,2290.0,0.0,0,25.4,8.0,31.0,0.0,20.0,0.0,0.0
1967,Tom Raley,9,0,0,0.0,24.67,774.0,633.0,0.0,0,20.0,15.0,39.0,0.0,0.0,0.0,0.0
1970,Bill Dennis,25,0,5,0.0,20.56,1432.0,4014.0,0.0,0,20.6,6.0,37.0,0.0,20.0,0.0,0.0
1971,Joe Phipps,2,0,0,0.0,31.5,92.0,73.0,0.0,0,28.5,26.0,37.0,0.0,0.0,0.0,0.0
1972,Richard Petty,31,25,28,8.0,4.68,2872.0,10282.0,2085.0,13,4.1,1.0,26.0,80.65,90.32,25.81,20.28
1974,Gary Bettenhausen,5,1,3,0.0,13.8,,986.0,35.0,0,9.8,4.0,37.0,20.0,60.0,0.0,3.55
1974,Jim Danielson,1,0,0,0.0,11.0,,178.0,0.0,0,20.0,11.0,11.0,0.0,0.0,0.0,0.0
1975,Bob Burcham,3,0,0,0.0,18.0,327.0,733.0,0.0,0,26.67,13.0,23.0,0.0,0.0,0.0,0.0
1976,Cecil Gordon,30,0,5,0.0,18.6,3247.0,7387.0,7.0,0,19.1,6.0,36.0,0.0,16.67,0.0,0.09
1977,Hershel McGriff,2,0,1,0.0,20.5,207.0,120.0,0.0,0,25.0,7.0,34.0,0.0,50.0,0.0,0.0
1977,Bill Seifert,2,0,0,0.0,22.5,191.0,346.0,0.0,0,21.5,12.0,33.0,0.0,0.0,0.0,0.0
1979,Bruce Hill,7,0,0,0.0,20.43,594.0,1352.0,0.0,0,19.43,13.0,41.0,0.0,0.0,0.0,0.0
1979,Harry Gant,25,0,5,0.0,18.68,2664.0,6226.0,29.0,0,13.44,6.0,39.0,0.0,20.0,0.0,0.47
1980,Baxter Price,18,0,0,0.0,23.06,1689.0,4890.0,0.0,0,29.83,14.0,32.0,0.0,0.0,0.0,0.0
1981,Cecil Gordon,25,0,0,0.0,23.4,2320.0,5587.0,0.0,0,29.04,13.0,37.0,0.0,0.0,0.0,0.0
1984,Cale Yarborough,16,10,10,3.0,7.38,2448.0,4387.0,736.0,9,7.38,1.0,21.0,62.5,62.5,18.75,16.78
1988,Davey Allison,29,12,16,2.0,15.07,3631.0,8333.0,611.0,11,13.1,1.0,40.0,41.38,55.17,6.9,7.33
1994,Darrell Waltrip,31,4,13,0.0,15.77,3688.0,9905.0,60.0,10,24.16,3.0,30.0,12.9,41.94,0.0,0.61
1996,Ken Schrader,31,3,10,0.0,17.16,3540.0,9408.0,45.0,7,16.19,3.0,35.0,9.68,32.26,0.0,0.48
1997,Johnny Benson Jr.,32,0,8,0.0,17.63,3575.0,9648.0,19.0,12,22.66,7.0,36.0,0.0,25.0,0.0,0.2
1998,Rick Mast,30,0,1,0.0,28.97,2296.0,7667.0,61.0,3,24.1,8.0,43.0,0.0,3.33,0.0,0.8
2004,Tony Raines,6,0,0,0.0,36.67,318.0,905.0,0.0,0,33.17,28.0,43.0,0.0,0.0,0.0,0.0
2004,Martin Truex Jr.,2,0,0,0.0,34.5,119.0,510.0,0.0,0,34.0,32.0,37.0,0.0,0.0,0.0,0.0
2011,Brian Simo,1,0,0,0.0,33.0,11.0,109.0,0.0,0,40.0,33.0,33.0,0.0,0.0,0.0,0.0
2012,Boris Said,2,0,0,0.0,27.0,34.0,200.0,0.0,1,26.5,25.0,29.0,0.0,0.0,0.0,0.0
2018,Timmy Hill,21,0,0,0.0,35.71,0.0,4393.0,0.0,0,37.14,28.0,40.0,0.0,0.0,0.0,0.0
2022,Brad Keselowski,36,1,6,0.0,19.17,719.0,8950.0,224.0,22,18.92,5.0,36.0,2.78,16.67,0.0,2.5
1954,Ted Lee,2,0,0,0.0,29.0,,492.0,0.0,0,31.0,25.0,33.0,0.0,0.0,0.0,0.0
1954,Ned Jarrett,2,0,0,0.0,19.5,,273.0,0.0,0,,18.0,21.0,0.0,0.0,0.0,0.0
1965,Earl Balmer,9,2,4,0.0,17.89,11636.0,1320.0,32.0,1,5.89,2.0,32.0,22.22,44.44,0.0,2.42
1977,Steve Moore,1,0,0,0.0,19.0,0.0,139.0,0.0,0,40.0,19.0,19.0,0.0,0.0,0.0,0.0
1982,Darryl Sage,5,0,0,0.0,20.6,324.0,1572.0,0.0,0,24.4,16.0,30.0,0.0,0.0,0.0,0.0
2005,Brandon Ash,1,0,0,0.0,42.0,37.0,161.0,0.0,0,18.0,42.0,42.0,0.0,0.0,0.0,0.0
2021,A.J. Allmendinger,5,2,3,1.0,16.0,0.0,338.0,9.0,4,17.0,1.0,38.0,40.0,60.0,20.0,2.66
2023,Kamui Kobayashi,1,0,0,0.0,33.0,0.0,81.0,0.0,0,28.0,33.0,33.0,0.0,0.0,0.0,0.0
1952,June Cleveland,5,1,2,0.0,19.4,,655.0,0.0,0,17.8,4.0,45.0,20.0,40.0,0.0,0.0
1954,Mike Brown,2,0,0,0.0,22.0,,149.0,0.0,0,48.0,14.0,30.0,0.0,0.0,0.0,0.0
1974,A.J. Reno,1,0,0,0.0,45.0,,15.0,0.0,0,48.0,45.0,45.0,0.0,0.0,0.0,0.0
1978,Jerry Jolly,3,0,0,0.0,32.0,201.0,307.0,0.0,0,32.33,20.0,40.0,0.0,0.0,0.0,0.0
1980,Jocko Maggiacomo,2,0,0,0.0,31.5,137.0,280.0,0.0,0,35.0,24.0,39.0,0.0,0.0,0.0,0.0
1951,Joe Rogers,1,0,0,0.0,36.0,,,0.0,0,31.0,36.0,36.0,0.0,0.0,0.0,
1956,Whitey Norman,1,0,1,0.0,10.0,,150.0,0.0,0,24.0,10.0,10.0,0.0,100.0,0.0,0.0
2002,Joe Varde,1,0,0,0.0,42.0,37.0,49.0,0.0,0,43.0,42.0,42.0,0.0,0.0,0.0,0.0
2019,Kyle Weatherman,2,0,0,0.0,33.5,0.0,543.0,0.0,0,35.5,31.0,36.0,0.0,0.0,0.0,0.0
1950,Al Gross,3,1,1,0.0,16.67,,182.0,0.0,1,8.0,4.0,28.0,33.33,33.33,0.0,0.0
1951,Tommy Lane,2,0,1,0.0,18.5,,,0.0,0,,10.0,27.0,0.0,50.0,0.0,
1951,Danny Letner,4,0,2,0.0,18.5,,153.0,0.0,0,16.0,8.0,30.0,0.0,50.0,0.0,0.0
1952,Zane Howell,1,0,0,0.0,14.0,,109.0,0.0,0,17.0,14.0,14.0,0.0,0.0,0.0,0.0
1953,Ed Paskovich,2,0,0,0.0,16.0,,,0.0,0,,13.0,19.0,0.0,0.0,0.0,
1955,Eddie Pagan,2,0,0,0.0,19.0,230.0,287.0,0.0,0,17.0,17.0,21.0,0.0,0.0,0.0,0.0
1956,Gene White,1,0,0,0.0,53.0,,,0.0,0,42.0,53.0,53.0,0.0,0.0,0.0,
1957,John Findlay,3,0,1,0.0,15.33,,382.0,0.0,0,16.0,6.0,27.0,0.0,33.33,0.0,0.0
1958,Ken Rush,11,0,3,0.0,17.55,32.0,1625.0,0.0,0,13.6,6.0,32.0,0.0,27.27,0.0,0.0
1961,Bryant Wallace,2,0,0,0.0,20.5,208.0,81.0,0.0,0,20.0,18.0,23.0,0.0,0.0,0.0,0.0
1965,David Warren,1,0,0,0.0,16.0,160.0,32.0,0.0,0,17.0,16.0,16.0,0.0,0.0,0.0,0.0
1969,Jimmy Vaughn,1,0,1,0.0,7.0,0.0,159.0,0.0,0,23.0,7.0,7.0,0.0,100.0,0.0,0.0
1970,John Soares Jr.,1,1,1,0.0,4.0,141.0,141.0,0.0,0,25.0,4.0,4.0,100.0,100.0,0.0,0.0
1975,Grant Adcox,11,0,1,0.0,23.55,1020.0,1620.0,0.0,0,24.91,7.0,37.0,0.0,9.09,0.0,0.0
1981,Darrell Waltrip,31,21,25,12.0,7.16,4880.0,9575.0,2517.0,22,5.32,1.0,36.0,67.74,80.65,38.71,26.29
1993,Hershel McGriff,1,0,0,0.0,43.0,34.0,27.0,0.0,0,42.0,43.0,43.0,0.0,0.0,0.0,0.0
2001,Ron Fellows,2,0,0,0.0,40.0,96.0,137.0,23.0,0,9.5,38.0,42.0,0.0,0.0,0.0,16.79
2003,John Andretti,29,0,1,0.0,27.14,2379.0,8039.0,4.0,8,27.17,8.0,43.0,0.0,3.45,0.0,0.05
2005,Jimmie Johnson,36,13,22,4.0,12.69,4796.0,10125.0,547.0,28,12.22,1.0,40.0,36.11,61.11,11.11,5.4
2015,Ty Dillon,5,0,0,0.0,21.8,0.0,1033.0,0.0,3,27.8,14.0,28.0,0.0,0.0,0.0,0.0
2017,Dale Earnhardt Jr.,36,1,8,0.0,20.0,662.0,9747.0,47.0,20,17.03,5.0,38.0,2.78,22.22,0.0,0.48
2017,Corey LaJoie,32,0,0,0.0,30.22,0.0,8668.0,0.0,1,34.06,11.0,40.0,0.0,0.0,0.0,0.0
2025,Joey Gase,2,0,0,0.0,32.5,0.0,497.0,0.0,0,38.0,28.0,37.0,0.0,0.0,0.0,0.0
1949,Pepper Cunningham,1,0,0,0.0,33.0,,134.0,0.0,0,15.0,33.0,33.0,0.0,0.0,0.0,0.0
1954,Shelby Colby,1,0,0,0.0,34.0,,82.0,0.0,0,,34.0,34.0,0.0,0.0,0.0,0.0
1958,Ben Benz,4,0,2,0.0,16.0,328.0,831.0,0.0,0,18.5,9.0,26.0,0.0,50.0,0.0,0.0
1959,Joe Halton,6,0,1,0.0,21.83,,898.0,0.0,0,22.17,7.0,41.0,0.0,16.67,0.0,0.0
1960,Smokey Cook,1,0,0,0.0,18.0,144.0,1.0,0.0,0,17.0,18.0,18.0,0.0,0.0,0.0,0.0
1964,Bud Moore,3,0,0,0.0,24.0,368.0,209.0,0.0,0,18.67,20.0,27.0,0.0,0.0,0.0,0.0
1981,Jocko Maggiacomo,1,0,0,0.0,31.0,70.0,189.0,0.0,0,34.0,31.0,31.0,0.0,0.0,0.0,0.0
1982,Dennis Devea,1,0,0,0.0,24.0,0.0,185.0,1.0,0,31.0,24.0,24.0,0.0,0.0,0.0,0.54
2014,Ryan Blaney,2,0,0,0.0,24.5,0.0,457.0,15.0,1,12.5,22.0,27.0,0.0,0.0,0.0,3.28
1952,Joe Deloach,1,0,0,0.0,11.0,,135.0,0.0,0,12.0,11.0,11.0,0.0,0.0,0.0,0.0
1964,Lee Petty,2,0,0,0.0,19.5,244.0,28.0,0.0,0,18.5,17.0,22.0,0.0,0.0,0.0,0.0
1978,Jimmy Lee Capps,3,0,0,0.0,25.67,258.0,586.0,0.0,0,27.0,19.0,35.0,0.0,0.0,0.0,0.0
2018,Hermie Sadler,1,0,0,0.0,40.0,1.0,230.0,0.0,0,31.0,40.0,40.0,0.0,0.0,0.0,0.0
2022,Kimi Raikkonen,1,0,0,0.0,37.0,1.0,44.0,0.0,0,27.0,37.0,37.0,0.0,0.0,0.0,0.0
1955,Possum Jones,1,0,0,0.0,41.0,60.0,276.0,0.0,0,62.0,41.0,41.0,0.0,0.0,0.0,0.0
1956,Richard Riley,1,0,1,0.0,10.0,,141.0,0.0,0,17.0,10.0,10.0,0.0,100.0,0.0,0.0
1962,Jerry Smith,1,0,0,0.0,18.0,128.0,109.0,0.0,0,19.0,18.0,18.0,0.0,0.0,0.0,0.0
1963,Al White,1,0,0,0.0,24.0,60.0,211.0,0.0,0,36.0,24.0,24.0,0.0,0.0,0.0,0.0
1951,Al Miller,1,0,0,0.0,40.0,,115.0,0.0,0,58.0,40.0,40.0,0.0,0.0,0.0,0.0
1951,Jesse James Taylor,10,1,3,0.0,18.1,,519.0,104.0,0,4.4,2.0,58.0,10.0,30.0,0.0,20.04
1953,John Torrese,1,0,0,0.0,13.0,,,0.0,0,,13.0,13.0,0.0,0.0,0.0,
1954,Joe Eubanks,33,11,24,0.0,9.88,,5167.0,0.0,2,13.2,2.0,33.0,33.33,72.73,0.0,0.0
1954,Jim Jones,1,0,0,0.0,26.0,,7.0,0.0,0,,26.0,26.0,0.0,0.0,0.0,0.0
1958,Elgin Holmes,1,0,0,0.0,15.0,,91.0,0.0,0,12.0,15.0,15.0,0.0,0.0,0.0,0.0
1960,Roz Howard,3,0,2,0.0,13.67,1810.0,676.0,0.0,0,14.33,7.0,25.0,0.0,66.67,0.0,0.0
1961,Bobby Johns,14,1,3,0.0,19.21,7590.0,2674.0,63.0,2,9.71,4.0,50.0,7.14,21.43,0.0,2.36
1961,Ken Johnson,2,0,0,0.0,40.5,150.0,36.0,0.0,0,37.5,23.0,58.0,0.0,0.0,0.0,0.0
1964,Dennis Zimmerman,1,0,0,0.0,15.0,220.0,209.0,0.0,0,10.0,15.0,15.0,0.0,0.0,0.0,0.0
1967,Jack Ingram,4,1,1,0.0,17.5,694.0,506.0,0.0,0,10.5,2.0,30.0,25.0,25.0,0.0,0.0
1971,Dick Kranzler,3,0,0,0.0,28.33,204.0,215.0,0.0,0,28.67,14.0,48.0,0.0,0.0,0.0,0.0
1972,Roy Mayne,4,0,0,0.0,39.75,84.0,362.0,0.0,0,35.5,29.0,49.0,0.0,0.0,0.0,0.0
1975,Jim Thirkettle,1,0,0,0.0,32.0,67.0,50.0,0.0,0,22.0,32.0,32.0,0.0,0.0,0.0,0.0
1978,Bobby Wawak,8,0,0,0.0,26.0,680.0,1512.0,0.0,0,31.13,12.0,37.0,0.0,0.0,0.0,0.0
1982,Stan Barrett,1,0,0,0.0,31.0,70.0,65.0,0.0,0,41.0,31.0,31.0,0.0,0.0,0.0,0.0
1989,Ben Hess,9,0,0,0.0,20.22,921.0,3194.0,0.0,0,27.11,15.0,24.0,0.0,0.0,0.0,0.0
1992,Randy Porter,2,0,0,0.0,28.5,155.0,502.0,0.0,0,39.0,24.0,33.0,0.0,0.0,0.0,0.0
1993,Butch Gilliland,1,0,0,0.0,32.0,67.0,71.0,0.0,0,27.0,32.0,32.0,0.0,0.0,0.0,0.0
1994,Loy Allen Jr.,19,0,0,0.0,28.84,1468.0,4446.0,12.0,0,21.47,11.0,42.0,0.0,0.0,0.0,0.27
2000,Michael Waltrip,34,1,1,0.0,27.26,2797.0,8704.0,5.0,7,23.47,3.0,43.0,2.94,2.94,0.0,0.06
2000,Rich Bickle,3,0,0,0.0,28.67,231.0,989.0,0.0,1,33.67,21.0,35.0,0.0,0.0,0.0,0.0
2003,Kyle Petty,33,0,0,0.0,29.85,2414.0,9224.0,3.0,6,33.21,11.0,43.0,0.0,0.0,0.0,0.03
2003,Kenny Wallace,36,0,1,0.0,26.0,3061.0,10339.0,0.0,9,27.75,10.0,42.0,0.0,2.78,0.0,0.0
2011,Kasey Kahne,36,8,15,1.0,15.64,1041.0,9826.0,340.0,25,11.33,1.0,39.0,22.22,41.67,2.78,3.46
2012,Mike Olsen,1,0,0,0.0,33.0,11.0,289.0,0.0,0,42.0,33.0,33.0,0.0,0.0,0.0,0.0
2014,Travis Kvapil,21,0,1,0.0,33.9,214.0,5857.0,2.0,2,36.48,6.0,43.0,0.0,4.76,0.0,0.03
2020,Kyle Busch,36,14,20,1.0,13.83,1071.0,9496.0,516.0,26,9.86,1.0,38.0,38.89,55.56,2.78,5.43
2024,Michael McDowell,36,2,7,0.0,21.31,624.0,9311.0,256.0,18,14.58,2.0,38.0,5.56,19.44,0.0,2.75
1951,Clyde Minter,6,0,1,0.0,21.5,,81.0,0.0,0,18.0,10.0,37.0,0.0,16.67,0.0,0.0
1951,Bill Champion,1,0,1,0.0,9.0,,,0.0,0,,9.0,9.0,0.0,100.0,0.0,
1957,John Dodd Sr.,1,0,1,0.0,10.0,,189.0,0.0,0,10.0,10.0,10.0,0.0,100.0,0.0,0.0
1979,Jody Ridley,3,1,2,0.0,13.67,374.0,787.0,0.0,0,29.33,5.0,26.0,33.33,66.67,0.0,0.0
1980,Dick Skillen,1,0,0,0.0,28.0,79.0,76.0,0.0,0,22.0,28.0,28.0,0.0,0.0,0.0,0.0
1950,Al Tibbetts,1,0,0,0.0,27.0,,48.0,0.0,0,,27.0,27.0,0.0,0.0,0.0,0.0
1952,Smokey Purser,1,0,0,0.0,61.0,,,0.0,0,,61.0,61.0,0.0,0.0,0.0,
1952,Speedy Thompson,2,0,0,0.0,16.5,,409.0,0.0,0,32.5,14.0,19.0,0.0,0.0,0.0,0.0
1954,Don White,1,0,0,0.0,11.0,,38.0,0.0,0,25.0,11.0,11.0,0.0,0.0,0.0,0.0
1954,Victor Geisler,1,0,0,0.0,61.0,0.0,2.0,0.0,0,52.0,61.0,61.0,0.0,0.0,0.0,0.0
1956,Elton Hildreth,1,0,0,0.0,28.0,,122.0,0.0,0,15.0,28.0,28.0,0.0,0.0,0.0,0.0
1983,Joe Booher,1,0,0,0.0,39.0,0.0,2.0,0.0,0,39.0,39.0,39.0,0.0,0.0,0.0,0.0
1993,Jeff Burton,1,0,0,0.0,37.0,52.0,86.0,0.0,0,6.0,37.0,37.0,0.0,0.0,0.0,0.0
1954,Marian Pagan,1,0,0,0.0,18.0,,261.0,0.0,0,,18.0,18.0,0.0,0.0,0.0,0.0
1966,Carl Joiner,1,0,0,0.0,33.0,100.0,41.0,0.0,0,24.0,33.0,33.0,0.0,0.0,0.0,0.0
1978,Bill Dennis,1,0,0,0.0,37.0,52.0,66.0,0.0,0,18.0,37.0,37.0,0.0,0.0,0.0,0.0
1950,Jack Yardley,1,0,0,0.0,73.0,,89.0,0.0,0,69.0,73.0,73.0,0.0,0.0,0.0,0.0
1955,John Kieper,2,1,1,0.0,9.5,570.0,323.0,89.0,0,8.0,2.0,17.0,50.0,50.0,0.0,27.55
1957,Marshall Sargent,5,0,2,0.0,12.6,,541.0,0.0,0,18.2,7.0,20.0,0.0,40.0,0.0,0.0
1963,Major Melton,17,0,0,0.0,18.41,2586.0,2780.0,0.0,0,21.18,11.0,34.0,0.0,0.0,0.0,0.0
1964,Bobby Keck,10,2,5,0.0,10.6,2754.0,2137.0,0.0,0,17.5,4.0,25.0,20.0,50.0,0.0,0.0
1966,Sam McQuagg,16,4,7,1.0,17.56,16068.0,3575.0,175.0,2,8.75,1.0,40.0,25.0,43.75,6.25,4.9
1967,E.J. Trivette,7,0,1,0.0,18.86,2486.0,1418.0,0.0,0,27.57,8.0,37.0,0.0,14.29,0.0,0.0
1968,Ray Hendrick,4,1,4,0.0,6.25,88.0,1295.0,7.0,0,7.25,5.0,7.0,25.0,100.0,0.0,0.54
1969,Bobby Mausgrover,13,0,0,0.0,22.85,403.0,1190.0,0.0,0,26.62,15.0,40.0,0.0,0.0,0.0,0.0
1970,Bobby Allison,46,30,35,3.0,6.83,3860.0,12452.0,1272.0,13,5.33,1.0,39.0,65.22,76.09,6.52,10.22
1970,Ron Grana,3,0,1,0.0,22.0,72.0,243.0,0.0,0,17.67,9.0,30.0,0.0,33.33,0.0,0.0
1973,Ronnie Daniel,5,0,0,0.0,28.6,238.0,1148.0,0.0,0,35.4,16.0,57.0,0.0,0.0,0.0,0.0
1974,Donnie Allison,21,6,10,0.0,17.38,,5101.0,183.0,2,6.19,2.0,40.0,28.57,47.62,0.0,3.59
1974,D.K. Ulrich,15,0,0,0.0,20.33,,3194.0,0.0,0,30.33,12.0,30.0,0.0,0.0,0.0,0.0
1975,Benny Parsons,30,11,17,1.0,14.43,3820.0,8528.0,496.0,4,7.5,1.0,43.0,36.67,56.67,3.33,5.82
1975,Joe Frasson,9,0,1,0.0,22.78,860.0,1352.0,1.0,0,30.78,8.0,37.0,0.0,11.11,0.0,0.07
1976,Walter Ballard,15,0,3,0.0,19.93,1554.0,4537.0,0.0,0,25.6,8.0,37.0,0.0,20.0,0.0,0.0
1991,Mickey Gibbs,15,0,0,0.0,23.2,1401.0,4078.0,0.0,1,27.67,14.0,34.0,0.0,0.0,0.0,0.0
1995,Andy Hillenburg,1,0,0,0.0,36.0,55.0,157.0,0.0,0,42.0,36.0,36.0,0.0,0.0,0.0,0.0
2000,Geoff Bodine,14,0,0,0.0,29.71,1039.0,2780.0,20.0,4,29.07,12.0,43.0,0.0,0.0,0.0,0.72
2002,Dale Jarrett,36,10,18,2.0,15.25,4440.0,9881.0,440.0,23,18.5,1.0,42.0,27.78,50.0,5.56,4.45
2002,Ted Musgrave,5,0,0,0.0,24.2,452.0,1537.0,0.0,2,33.0,16.0,29.0,0.0,0.0,0.0,0.0
2004,Matt Kenseth,36,8,16,2.0,15.67,4376.0,10279.0,477.0,25,21.69,1.0,42.0,22.22,44.44,5.56,4.64
2009,Elliott Sadler,36,1,5,0.0,23.86,3350.0,10122.0,49.0,13,28.69,5.0,41.0,2.78,13.89,0.0,0.48
2016,Denny Hamlin,36,12,22,3.0,11.75,1084.0,10158.0,524.0,29,6.28,1.0,39.0,33.33,61.11,8.33,5.16
2016,Ryan Blaney,36,3,9,0.0,18.5,812.0,10018.0,11.0,23,14.89,4.0,39.0,8.33,25.0,0.0,0.11
2017,David Starr,3,0,0,0.0,34.0,0.0,717.0,0.0,0,35.67,28.0,38.0,0.0,0.0,0.0,0.0
1952,Dick Turcott,1,0,0,0.0,17.0,,163.0,0.0,0,18.0,17.0,17.0,0.0,0.0,0.0,0.0
1955,Nace Mattingly,3,1,1,0.0,10.67,992.0,696.0,0.0,0,17.67,5.0,14.0,33.33,33.33,0.0,0.0
1979,Henry Jones,3,0,0,0.0,28.0,237.0,77.0,0.0,0,27.67,26.0,29.0,0.0,0.0,0.0,0.0
1988,Ben Hess,1,0,0,0.0,20.0,103.0,472.0,0.0,0,36.0,20.0,20.0,0.0,0.0,0.0,0.0
1951,Glenn Dunaway,5,0,2,0.0,12.8,,,0.0,0,17.75,8.0,17.0,0.0,40.0,0.0,
1953,Ray Springer,1,0,0,0.0,11.0,,,0.0,0,,11.0,11.0,0.0,0.0,0.0,
1959,Bud Crothers,3,0,1,0.0,19.33,400.0,867.0,0.0,0,20.33,10.0,27.0,0.0,33.33,0.0,0.0
1970,Les Loeser,1,0,0,0.0,32.0,57.0,38.0,0.0,0,44.0,32.0,32.0,0.0,0.0,0.0,0.0
1972,Roger McCluskey,1,0,0,0.0,27.0,0.0,241.0,0.0,0,19.0,27.0,27.0,0.0,0.0,0.0,0.0
1975,Harry Gant,1,0,0,0.0,31.0,70.0,306.0,0.0,0,11.0,31.0,31.0,0.0,0.0,0.0,0.0
1977,Joe Ruttman,1,0,0,0.0,13.0,124.0,196.0,0.0,0,33.0,13.0,13.0,0.0,0.0,0.0,0.0
1986,Jerry Bowman,2,0,0,0.0,32.5,131.0,255.0,0.0,0,31.5,29.0,36.0,0.0,0.0,0.0,0.0
2002,Hank Parker Jr.,1,0,0,0.0,33.0,64.0,389.0,0.0,0,25.0,33.0,33.0,0.0,0.0,0.0,0.0
1955,Johnny Patterson,1,0,0,0.0,22.0,240.0,342.0,0.0,0,46.0,22.0,22.0,0.0,0.0,0.0,0.0
1979,A.J. Foyt,2,1,2,0.0,6.5,0.0,356.0,7.0,1,7.0,3.0,10.0,50.0,100.0,0.0,1.97
1984,Bob Penrod,1,0,0,0.0,39.0,46.0,55.0,0.0,0,34.0,39.0,39.0,0.0,0.0,0.0,0.0
1950,Barney Smith,1,0,0,0.0,16.0,,366.0,0.0,0,32.0,16.0,16.0,0.0,0.0,0.0,0.0
1951,Walt Sprague,8,0,3,0.0,19.25,,113.0,0.0,0,21.0,7.0,41.0,0.0,37.5,0.0,0.0
1951,Walt Flanders,1,0,0,0.0,31.0,,145.0,0.0,0,51.0,31.0,31.0,0.0,0.0,0.0,0.0
1952,Al Funderburk,1,0,1,0.0,10.0,,,0.0,0,,10.0,10.0,0.0,100.0,0.0,
1952,Ralph Liguori,12,1,6,0.0,16.33,,1671.0,0.0,0,15.17,4.0,40.0,8.33,50.0,0.0,0.0
1955,Gober Sosebee,6,2,2,0.0,17.83,544.0,476.0,0.0,0,9.17,4.0,45.0,33.33,33.33,0.0,0.0
1956,Tom Francis,1,0,0,0.0,28.0,,68.0,0.0,0,31.0,28.0,28.0,0.0,0.0,0.0,0.0
1956,Rex White,24,3,14,0.0,12.0,,4240.0,0.0,0,14.26,3.0,32.0,12.5,58.33,0.0,0.0
1960,Bob Potter,3,0,1,0.0,12.33,1800.0,708.0,0.0,0,11.67,10.0,15.0,0.0,33.33,0.0,0.0
1961,Bunkie Blackburn,5,0,0,0.0,30.6,422.0,478.0,0.0,0,12.6,20.0,39.0,0.0,0.0,0.0,0.0
1964,Doug Yates,16,3,7,0.0,14.44,3778.0,2573.0,9.0,0,10.88,2.0,41.0,18.75,43.75,0.0,0.35
1965,Jeff Hawkins,6,0,0,0.0,23.17,820.0,322.0,0.0,0,24.17,13.0,33.0,0.0,0.0,0.0,0.0
1967,Johnny Steele,5,0,0,0.0,25.4,584.0,402.0,0.0,0,26.4,15.0,40.0,0.0,0.0,0.0,0.0
1971,Ray Elder,4,2,3,1.0,14.0,444.0,564.0,70.0,2,7.5,1.0,46.0,50.0,75.0,25.0,12.41
1971,Marv Acton,11,0,0,0.0,21.0,585.0,1421.0,0.0,0,23.36,11.0,32.0,0.0,0.0,0.0,0.0
1973,Carl Adams,2,0,0,0.0,17.5,134.0,290.0,0.0,0,28.0,13.0,22.0,0.0,0.0,0.0,0.0
1973,L.D. Ottinger,3,1,2,0.0,13.33,226.0,813.0,0.0,0,17.33,2.0,28.0,33.33,66.67,0.0,0.0
1976,Johnny Rutherford,2,0,0,0.0,25.5,0.0,347.0,0.0,0,19.5,20.0,31.0,0.0,0.0,0.0,0.0
1979,Billy Smith,1,0,0,0.0,33.0,64.0,179.0,0.0,0,39.0,33.0,33.0,0.0,0.0,0.0,0.0
1979,Butch Lindley,1,0,0,0.0,28.0,79.0,82.0,0.0,0,14.0,28.0,28.0,0.0,0.0,0.0,0.0
1982,Delma Cowart,5,0,0,0.0,27.0,410.0,775.0,0.0,0,28.6,17.0,33.0,0.0,0.0,0.0,0.0
1985,Trevor Boys,20,0,0,0.0,28.35,1461.0,3673.0,3.0,0,28.65,12.0,41.0,0.0,0.0,0.0,0.08
1989,Ernie Irvan,29,0,4,0.0,21.17,2916.0,8286.0,69.0,2,23.76,6.0,41.0,0.0,13.79,0.0,0.83
1989,Rick Jeffrey,1,0,0,0.0,30.0,73.0,191.0,0.0,0,37.0,30.0,30.0,0.0,0.0,0.0,0.0
1999,Robert Pressley,28,0,0,0.0,30.11,2050.0,7785.0,3.0,2,29.0,14.0,43.0,0.0,0.0,0.0,0.04
1999,Kyle Petty,32,0,9,0.0,22.53,3103.0,8708.0,11.0,12,24.81,7.0,43.0,0.0,28.13,0.0,0.13
2009,Jamie McMurray,36,1,5,1.0,21.44,3604.0,10077.0,33.0,21,22.61,1.0,42.0,2.78,13.89,2.78,0.33
2010,Kevin Harvick,36,16,26,3.0,8.67,5274.0,10645.0,357.0,32,20.97,1.0,35.0,44.44,72.22,8.33,3.35
2013,Tony Raines,11,0,0,0.0,38.36,0.0,1914.0,0.0,1,41.36,29.0,43.0,0.0,0.0,0.0,0.0
2017,Brad Keselowski,36,15,21,3.0,12.42,1197.0,9493.0,778.0,28,8.75,1.0,39.0,41.67,58.33,8.33,8.2
1949,Jim Rathmann,1,0,0,0.0,32.0,,,0.0,0,13.0,32.0,32.0,0.0,0.0,0.0,
1950,Ralph Lyden,1,0,0,0.0,19.0,,,0.0,0,,19.0,19.0,0.0,0.0,0.0,
1952,Doug Congden,1,0,0,0.0,24.0,,30.0,0.0,0,22.0,24.0,24.0,0.0,0.0,0.0,0.0
1955,Elmo Langley,4,0,1,0.0,26.5,260.0,518.0,0.0,0,30.67,8.0,59.0,0.0,25.0,0.0,0.0
1963,Troy Ruttman,5,1,3,0.0,11.6,0.0,796.0,0.0,0,12.8,3.0,26.0,20.0,60.0,0.0,0.0
1963,Bob Hurt,1,0,0,0.0,16.0,0.0,144.0,0.0,0,17.0,16.0,16.0,0.0,0.0,0.0,0.0
1992,Dave Blaney,1,0,0,0.0,31.0,70.0,371.0,0.0,0,36.0,31.0,31.0,0.0,0.0,0.0,0.0
2019,Bayley Currey,10,0,0,0.0,31.9,0.0,2992.0,0.0,0,31.9,25.0,35.0,0.0,0.0,0.0,0.0
1957,Joe Caspolich,1,0,0,0.0,37.0,,66.0,0.0,0,16.0,37.0,37.0,0.0,0.0,0.0,0.0
1962,Bill Whitley,1,0,0,0.0,12.0,0.0,171.0,0.0,0,13.0,12.0,12.0,0.0,0.0,0.0,0.0
1964,Don White,1,0,0,0.0,11.0,0.0,176.0,0.0,0,13.0,11.0,11.0,0.0,0.0,0.0,0.0
1966,Bill Latham,2,0,0,0.0,18.5,240.0,160.0,0.0,0,21.0,15.0,22.0,0.0,0.0,0.0,0.0
1967,Bill Vanderhoff,1,0,0,0.0,18.0,128.0,114.0,0.0,0,19.0,18.0,18.0,0.0,0.0,0.0,0.0
1977,Vince Giamformaggio,1,0,0,0.0,33.0,64.0,93.0,0.0,0,32.0,33.0,33.0,0.0,0.0,0.0,0.0
2000,Tom Hubert,1,0,0,0.0,33.0,64.0,90.0,0.0,1,16.0,33.0,33.0,0.0,0.0,0.0,0.0
2011,Andrew Ranger,1,0,0,0.0,35.0,0.0,75.0,0.0,0,35.0,35.0,35.0,0.0,0.0,0.0,0.0
1953,Roy Bentley,1,0,0,0.0,31.0,,220.0,0.0,0,,31.0,31.0,0.0,0.0,0.0,0.0
1953,Red Knuter,1,0,0,0.0,12.0,,,0.0,0,,12.0,12.0,0.0,0.0,0.0,
1955,Dick Beaty,1,0,0,0.0,53.0,,184.0,0.0,0,19.0,53.0,53.0,0.0,0.0,0.0,0.0
1958,Jimmie Lewallen,1,0,0,0.0,21.0,,389.0,0.0,0,31.0,21.0,21.0,0.0,0.0,0.0,0.0
1968,Don Noel,1,0,0,0.0,32.0,0.0,31.0,0.0,0,32.0,32.0,32.0,0.0,0.0,0.0,0.0
1973,Bud Moore,1,0,0,0.0,29.0,44.0,174.0,0.0,0,31.0,29.0,29.0,0.0,0.0,0.0,0.0
1981,John Borneman,1,0,0,0.0,12.0,127.0,116.0,0.0,0,27.0,12.0,12.0,0.0,0.0,0.0,0.0
1982,Gil Roth,1,0,0,0.0,34.0,61.0,91.0,0.0,0,33.0,34.0,34.0,0.0,0.0,0.0,0.0
1986,Ray Kelly,1,0,0,0.0,36.0,55.0,36.0,0.0,0,40.0,36.0,36.0,0.0,0.0,0.0,0.0
1950,Curtis Turner,16,7,7,4.0,14.56,,1626.0,1110.0,5,5.23,1.0,60.0,43.75,43.75,25.0,68.27
1950,John DuBoise,2,0,0,0.0,19.0,,367.0,0.0,0,68.0,14.0,24.0,0.0,0.0,0.0,0.0
1951,Bob Myers,1,0,0,0.0,15.0,,230.0,0.0,0,32.0,15.0,15.0,0.0,0.0,0.0,0.0
1952,Felix Wilkes,1,0,0,0.0,33.0,,141.0,0.0,0,20.0,33.0,33.0,0.0,0.0,0.0,0.0
1953,Otis Martin,8,0,2,0.0,15.5,,519.0,0.0,0,24.0,6.0,36.0,0.0,25.0,0.0,0.0
1953,Eddie Riker,2,0,1,0.0,17.0,,,0.0,0,,6.0,28.0,0.0,50.0,0.0,
1953,Fireball Roberts,2,0,0,0.0,42.0,0.0,352.0,41.0,0,6.0,39.0,45.0,0.0,0.0,0.0,11.65
1956,Len Fraker,1,0,0,0.0,35.0,,10.0,0.0,0,20.0,35.0,35.0,0.0,0.0,0.0,0.0
1957,Johnny Allen,42,4,17,0.0,12.88,,6033.0,0.0,0,12.32,3.0,35.0,9.52,40.48,0.0,0.0
1957,Emanuel Zervakis,5,0,0,0.0,22.0,,1032.0,0.0,0,18.0,16.0,26.0,0.0,0.0,0.0,0.0
1959,Jack Smith,21,9,12,4.0,10.71,3774.0,3594.0,322.0,5,9.29,1.0,29.0,42.86,57.14,19.05,8.96
1961,John Hamby,4,0,0,0.0,21.5,484.0,745.0,0.0,0,26.75,16.0,26.0,0.0,0.0,0.0,0.0
1963,Jim McGuirk,3,0,0,0.0,26.33,1500.0,212.0,0.0,0,32.33,12.0,38.0,0.0,0.0,0.0,0.0
1965,Larry Hess,10,0,3,0.0,13.5,13148.0,2347.0,0.0,0,19.7,7.0,21.0,0.0,30.0,0.0,0.0
1966,Gil Hearne,2,0,0,0.0,22.0,136.0,319.0,0.0,0,15.0,20.0,24.0,0.0,0.0,0.0,0.0
1969,Gerald Chamberlain,2,0,1,0.0,24.0,39.0,324.0,0.0,0,29.0,10.0,38.0,0.0,50.0,0.0,0.0
1970,Marty Robbins,1,0,0,0.0,32.0,57.0,105.0,0.0,0,33.0,32.0,32.0,0.0,0.0,0.0,0.0
1971,Dick Brooks,20,9,12,0.0,12.7,987.0,4498.0,16.0,2,12.9,2.0,39.0,45.0,60.0,0.0,0.36
1973,Jabe Thomas,25,0,1,0.0,18.56,1622.0,7205.0,0.0,0,28.92,9.0,31.0,0.0,4.0,0.0,0.0
1977,David Pearson,22,16,16,2.0,9.64,3227.0,5694.0,888.0,12,5.36,1.0,37.0,72.73,72.73,9.09,15.6
1979,Dave Watson,4,0,1,0.0,21.0,413.0,1092.0,7.0,0,18.75,8.0,32.0,0.0,25.0,0.0,0.64
1979,Geoff Bodine,3,0,0,0.0,28.67,139.0,443.0,6.0,0,20.0,22.0,35.0,0.0,0.0,0.0,1.35
1983,Laurent Rioux,2,0,0,0.0,18.0,0.0,884.0,0.0,0,22.0,17.0,19.0,0.0,0.0,0.0,0.0
1985,Hershel McGriff,2,0,0,0.0,27.5,161.0,178.0,0.0,0,15.5,26.0,29.0,0.0,0.0,0.0,0.0
1986,Terry Petris,2,0,0,0.0,29.0,152.0,149.0,0.0,0,23.0,24.0,34.0,0.0,0.0,0.0,0.0
1988,Geoff Bodine,29,10,16,1.0,13.03,3799.0,8995.0,464.0,10,6.76,1.0,34.0,34.48,55.17,3.45,5.16
1991,Stanley Smith,12,0,0,0.0,29.67,893.0,1932.0,12.0,0,30.25,21.0,40.0,0.0,0.0,0.0,0.62
1992,Jimmy Spencer,12,3,3,0.0,19.5,1284.0,3803.0,1.0,3,22.75,4.0,37.0,25.0,25.0,0.0,0.03
1998,Randy LaJoie,9,1,3,0.0,26.22,768.0,2750.0,0.0,2,25.33,5.0,43.0,11.11,33.33,0.0,0.0
2000,Rusty Wallace,34,12,20,4.0,12.62,4544.0,9925.0,1731.0,22,9.97,1.0,41.0,35.29,58.82,11.76,17.44
2007,Sam Hornish Jr.,2,0,0,0.0,33.5,125.0,564.0,0.0,0,27.5,30.0,37.0,0.0,0.0,0.0,0.0
2011,Jimmie Johnson,36,14,21,2.0,11.92,1188.0,10560.0,1115.0,29,12.92,1.0,34.0,38.89,58.33,5.56,10.56
2018,Landon Cassill,29,0,0,0.0,29.69,0.0,7832.0,0.0,2,33.9,18.0,38.0,0.0,0.0,0.0,0.0
2022,Landon Cassill,17,1,1,0.0,24.06,0.0,4894.0,2.0,5,31.94,4.0,36.0,5.88,5.88,0.0,0.04
2024,William Byron,36,13,21,3.0,12.94,1130.0,9537.0,357.0,28,9.56,1.0,38.0,36.11,58.33,8.33,3.74
2025,B.J. McLeod,5,0,0,0.0,26.2,0.0,921.0,1.0,2,38.2,16.0,33.0,0.0,0.0,0.0,0.11
1952,Harold Morse,1,0,0,0.0,12.0,,186.0,0.0,0,14.0,12.0,12.0,0.0,0.0,0.0,0.0
1952,Gib Orr,2,0,0,0.0,26.0,,197.0,0.0,0,30.0,11.0,41.0,0.0,0.0,0.0,0.0
1980,Glenn Francis,1,0,0,0.0,32.0,67.0,91.0,0.0,0,29.0,32.0,32.0,0.0,0.0,0.0,0.0
1991,Mark Stahl,2,0,0,0.0,36.5,107.0,30.0,0.0,0,36.5,36.0,37.0,0.0,0.0,0.0,0.0
2010,Jacques Villeneuve,1,0,0,0.0,29.0,76.0,157.0,0.0,0,43.0,29.0,29.0,0.0,0.0,0.0,0.0
2022,Ryan Preece,2,0,0,0.0,31.0,0.0,414.0,0.0,0,19.5,25.0,37.0,0.0,0.0,0.0,0.0
1954,Hap Jones,1,0,0,0.0,43.0,,31.0,0.0,0,55.0,43.0,43.0,0.0,0.0,0.0,0.0
1955,Morris Hill,1,0,0,0.0,15.0,,0.0,0.0,0,15.0,15.0,15.0,0.0,0.0,0.0,
1959,Gerald Duke,1,0,0,0.0,17.0,,249.0,0.0,0,19.0,17.0,17.0,0.0,0.0,0.0,0.0
1969,Don Tomberlin,2,0,0,0.0,30.5,99.0,215.0,0.0,0,13.5,27.0,34.0,0.0,0.0,0.0,0.0
1970,Don White,1,0,0,0.0,39.0,0.0,16.0,0.0,0,14.0,39.0,39.0,0.0,0.0,0.0,0.0
1982,Bob Slawinski,1,0,0,0.0,33.0,64.0,56.0,0.0,0,39.0,33.0,33.0,0.0,0.0,0.0,0.0
1989,Troy Beebe,1,0,0,0.0,24.0,0.0,72.0,0.0,0,32.0,24.0,24.0,0.0,0.0,0.0,0.0
1995,Billy Standridge,2,0,0,0.0,19.5,209.0,594.0,0.0,0,36.0,14.0,25.0,0.0,0.0,0.0,0.0
1951,Rocky DiNatale,1,0,0,0.0,23.0,,,0.0,0,20.0,23.0,23.0,0.0,0.0,0.0,
1953,Jack Culpepper,1,0,0,0.0,15.0,,119.0,0.0,0,21.0,15.0,15.0,0.0,0.0,0.0,0.0
1954,Rick Henderson,3,0,0,0.0,23.67,,509.0,0.0,0,,13.0,29.0,0.0,0.0,0.0,0.0
1959,Johnny Patterson,1,0,0,0.0,30.0,80.0,180.0,0.0,0,50.0,30.0,30.0,0.0,0.0,0.0,0.0
1970,Harold Smith,1,0,0,0.0,33.0,54.0,30.0,0.0,0,36.0,33.0,33.0,0.0,0.0,0.0,0.0
1989,Bill Ingram,1,0,0,0.0,26.0,85.0,181.0,0.0,0,30.0,26.0,26.0,0.0,0.0,0.0,0.0
1950,Herschel Buchanan,2,0,1,0.0,22.5,,3.0,0.0,0,13.0,6.0,39.0,0.0,50.0,0.0,0.0
1951,Buck Baker,11,4,5,0.0,16.55,,338.0,0.0,0,12.5,3.0,56.0,36.36,45.45,0.0,0.0
1954,Jim Paschal,27,5,11,1.0,15.37,,3546.0,193.0,1,14.5,1.0,47.0,18.52,40.74,3.7,5.44
1956,Curtis Turner,13,4,5,1.0,16.54,,1967.0,465.0,2,9.92,1.0,52.0,30.77,38.46,7.69,23.64
1956,Jim Watkins,3,0,0,0.0,15.33,,156.0,0.0,0,16.67,12.0,18.0,0.0,0.0,0.0,0.0
1964,Tiny Lund,22,3,9,0.0,14.14,12598.0,3551.0,14.0,1,15.55,3.0,33.0,13.64,40.91,0.0,0.39
1966,Cale Yarborough,14,3,7,0.0,12.57,15188.0,3831.0,252.0,2,11.0,2.0,26.0,21.43,50.0,0.0,6.58
1968,Dick Johnson (California),11,0,0,0.0,25.0,735.0,2187.0,0.0,0,27.27,13.0,35.0,0.0,0.0,0.0,0.0
1968,H.B. Bailey,2,0,0,0.0,36.0,120.0,187.0,0.0,0,16.0,23.0,49.0,0.0,0.0,0.0,0.0
1969,Don Tarr,12,0,3,0.0,21.42,855.0,1754.0,6.0,0,23.67,6.0,42.0,0.0,25.0,0.0,0.34
1970,Tommy Gale,5,0,1,0.0,23.8,271.0,391.0,0.0,0,22.4,10.0,36.0,0.0,20.0,0.0,0.0
1972,Cale Yarborough,5,1,4,0.0,13.0,266.0,1196.0,9.0,0,11.8,5.0,39.0,20.0,80.0,0.0,0.75
1972,Jim Hurtubise,1,0,0,0.0,22.0,0.0,100.0,0.0,0,9.0,22.0,22.0,0.0,0.0,0.0,0.0
1973,Jim Vandiver,10,0,4,0.0,20.2,616.0,2431.0,0.0,0,17.0,6.0,35.0,0.0,40.0,0.0,0.0
1974,Frank Warren,29,1,2,0.0,18.1,,7342.0,0.0,0,23.41,5.0,34.0,3.45,6.9,0.0,0.0
1979,Lennie Pond,15,0,2,0.0,23.2,1415.0,3043.0,15.0,0,17.27,9.0,38.0,0.0,13.33,0.0,0.49
1980,Dave Marcis,31,4,14,0.0,15.58,3745.0,9012.0,94.0,2,12.68,3.0,39.0,12.9,45.16,0.0,1.04
1980,John Anderson,20,0,2,0.0,23.0,1805.0,4282.0,0.0,0,20.55,9.0,36.0,0.0,10.0,0.0,0.0
1981,Buddy Arrington,31,0,7,0.0,18.1,3384.0,8344.0,0.0,0,24.65,7.0,41.0,0.0,22.58,0.0,0.0
1981,Ricky Rudd,31,14,17,0.0,13.74,3991.0,8942.0,443.0,7,7.65,2.0,40.0,45.16,54.84,0.0,4.95
1981,Bobby Wawak,14,0,1,0.0,25.5,1212.0,2734.0,0.0,0,31.93,10.0,42.0,0.0,7.14,0.0,0.0
1983,Buddy Arrington,30,0,2,0.0,19.33,3158.0,8933.0,1.0,0,26.47,9.0,34.0,0.0,6.67,0.0,0.01
1984,Lennie Pond,12,0,2,0.0,21.42,923.0,3590.0,0.0,0,24.58,9.0,39.0,0.0,16.67,0.0,0.0
1990,Dick Johnson (Australia),3,0,0,0.0,33.33,189.0,166.0,0.0,0,28.67,27.0,39.0,0.0,0.0,0.0,0.0
1992,James Hylton,8,0,0,0.0,34.5,476.0,611.0,0.0,0,38.25,25.0,40.0,0.0,0.0,0.0,0.0
1994,Mark Martin,31,15,20,2.0,11.68,4250.0,9549.0,733.0,17,8.13,1.0,39.0,48.39,64.52,6.45,7.68
1996,Jeff Green,4,0,0,0.0,33.75,247.0,813.0,0.0,0,28.0,26.0,41.0,0.0,0.0,0.0,0.0
1998,Lake Speed,16,0,0,0.0,27.31,1297.0,4790.0,0.0,1,25.31,17.0,41.0,0.0,0.0,0.0,0.0
1999,Dale Jarrett,34,24,29,4.0,6.76,5262.0,9900.0,1061.0,28,13.21,1.0,38.0,70.59,85.29,11.76,10.72
2007,Reed Sorenson,36,3,6,0.0,24.42,3300.0,9122.0,36.0,19,24.39,3.0,43.0,8.33,16.67,0.0,0.39
2007,Jacques Villeneuve,2,0,0,0.0,31.0,140.0,324.0,0.0,1,16.5,21.0,41.0,0.0,0.0,0.0,0.0
2012,Sam Hornish Jr.,20,1,1,0.0,19.35,0.0,5448.0,16.0,9,16.8,5.0,34.0,5.0,5.0,0.0,0.29
2013,Martin Truex Jr.,36,7,15,1.0,15.06,1054.0,10163.0,353.0,29,12.33,1.0,41.0,19.44,41.67,2.78,3.47
2014,Blake Koch,5,0,0,0.0,35.8,0.0,1660.0,1.0,0,41.2,30.0,39.0,0.0,0.0,0.0,0.06
2015,Ricky Stenhouse Jr.,36,1,3,0.0,24.28,712.0,9850.0,3.0,15,23.58,4.0,42.0,2.78,8.33,0.0,0.03
2019,Brendan Gaughan,4,0,1,0.0,19.25,0.0,692.0,5.0,1,31.5,8.0,27.0,0.0,25.0,0.0,0.72
2022,Todd Gilliland,36,1,2,0.0,23.17,531.0,9248.0,11.0,17,27.47,4.0,38.0,2.78,5.56,0.0,0.12
2023,Noah Gragson,21,0,0,0.0,28.24,199.0,4713.0,2.0,4,26.19,12.0,37.0,0.0,0.0,0.0,0.04
1951,Bob Matson,1,0,0,0.0,24.0,,,0.0,0,,24.0,24.0,0.0,0.0,0.0,
1954,Marvin Panch,10,3,7,0.0,9.3,,2100.0,0.0,1,12.5,2.0,22.0,30.0,70.0,0.0,0.0
1955,Ron Hornaday,1,0,0,0.0,14.0,96.0,90.0,0.0,0,23.0,14.0,14.0,0.0,0.0,0.0,0.0
1957,Roger Clemmens,1,0,0,0.0,30.0,,,0.0,0,,30.0,30.0,0.0,0.0,0.0,
1963,Red Foote,3,0,0,0.0,25.33,734.0,316.0,0.0,0,26.33,16.0,31.0,0.0,0.0,0.0,0.0
1966,Blaine Kauffman,1,0,0,0.0,27.0,64.0,33.0,0.0,0,26.0,27.0,27.0,0.0,0.0,0.0,0.0
1976,John Kieper,1,0,0,0.0,35.0,58.0,62.0,0.0,0,38.0,35.0,35.0,0.0,0.0,0.0,0.0
1979,Chris Monoleos,1,0,0,0.0,34.0,61.0,2.0,0.0,0,30.0,34.0,34.0,0.0,0.0,0.0,0.0
1950,Leo Caldwell,1,0,0,0.0,12.0,,,0.0,0,,12.0,12.0,0.0,0.0,0.0,
1962,Steve Garrett,1,0,0,0.0,20.0,0.0,40.0,0.0,0,22.0,20.0,20.0,0.0,0.0,0.0,0.0
1964,Al Self,1,0,0,0.0,43.0,100.0,9.0,0.0,0,43.0,43.0,43.0,0.0,0.0,0.0,0.0
1964,Rodney Williams,2,0,0,0.0,28.5,128.0,115.0,0.0,0,26.5,28.0,29.0,0.0,0.0,0.0,0.0
1976,Billy McGinnis,1,0,0,0.0,34.0,0.0,15.0,0.0,0,25.0,34.0,34.0,0.0,0.0,0.0,0.0
1986,Phil Barkdoll,2,0,0,0.0,30.5,84.0,249.0,3.0,0,29.5,28.0,33.0,0.0,0.0,0.0,1.2
1988,Mark Stahl,1,0,0,0.0,37.0,52.0,233.0,0.0,0,39.0,37.0,37.0,0.0,0.0,0.0,0.0
2021,Parker Kligerman,1,0,0,0.0,20.0,0.0,266.0,0.0,0,40.0,20.0,20.0,0.0,0.0,0.0,0.0
1949,Ralph Zrimsek,1,0,0,0.0,21.0,,59.0,0.0,0,,21.0,21.0,0.0,0.0,0.0,0.0
1952,Bob Flock,2,1,1,1.0,15.0,,538.0,1.0,1,30.5,1.0,29.0,50.0,50.0,50.0,0.19
1954,Gene Roberts,1,0,0,0.0,16.0,,168.0,0.0,0,,16.0,16.0,0.0,0.0,0.0,0.0
1978,Jack Simpson,1,0,0,0.0,22.0,97.0,74.0,0.0,0,35.0,22.0,22.0,0.0,0.0,0.0,0.0
1978,Vince Giamformaggio,1,0,0,0.0,29.0,76.0,41.0,0.0,0,17.0,29.0,29.0,0.0,0.0,0.0,0.0
1950,Glenn Dunaway,7,2,3,0.0,15.43,,866.0,0.0,0,21.5,2.0,39.0,28.57,42.86,0.0,0.0
1951,Ed Massey,3,0,1,0.0,15.33,,,0.0,0,28.0,10.0,21.0,0.0,33.33,0.0,
1953,Wimpy Sipple,1,0,0,0.0,17.0,,,0.0,0,,17.0,17.0,0.0,0.0,0.0,
1953,Bud Jones,1,0,0,0.0,29.0,,36.0,0.0,0,,29.0,29.0,0.0,0.0,0.0,0.0
1956,Bill Widenhouse,6,1,1,0.0,28.33,,511.0,0.0,0,20.17,5.0,53.0,16.67,16.67,0.0,0.0
1957,Joe Weatherly,14,5,7,0.0,13.21,,2059.0,3.0,1,12.08,2.0,40.0,35.71,50.0,0.0,0.15
1959,Don Taylor,2,0,0,0.0,16.0,,430.0,0.0,0,16.0,12.0,20.0,0.0,0.0,0.0,0.0
1960,Kuzie Kuzmanich,2,0,1,0.0,18.0,224.0,115.0,0.0,0,20.0,6.0,30.0,0.0,50.0,0.0,0.0
1961,Herman Beam,41,1,14,0.0,13.29,11842.0,8827.0,0.0,0,18.15,4.0,36.0,2.44,34.15,0.0,0.0
1963,Bob James,10,0,0,0.0,23.8,4222.0,1414.0,0.0,0,17.2,14.0,34.0,0.0,0.0,0.0,0.0
1964,Buddy Baker,33,3,7,0.0,18.52,7394.0,3239.0,0.0,0,16.61,3.0,37.0,9.09,21.21,0.0,0.0
1966,Johnny Steele,2,0,0,0.0,19.0,1748.0,325.0,0.0,0,22.0,13.0,25.0,0.0,0.0,0.0,0.0
1967,Dick Hutcherson,33,22,25,2.0,8.52,33658.0,8893.0,1455.0,9,5.18,1.0,39.0,66.67,75.76,6.06,16.36
1974,Bobby Allison,27,17,17,2.0,11.33,,7523.0,830.0,5,5.89,1.0,31.0,62.96,62.96,7.41,11.03
1977,Terry Bivins,8,0,1,0.0,19.38,841.0,2002.0,0.0,0,25.38,9.0,30.0,0.0,12.5,0.0,0.0
1978,Jocko Maggiacomo,1,0,0,0.0,37.0,52.0,45.0,0.0,0,37.0,37.0,37.0,0.0,0.0,0.0,0.0
1980,Stuart Huffman,2,0,0,0.0,26.0,79.0,517.0,0.0,0,32.0,24.0,28.0,0.0,0.0,0.0,0.0
1988,Larry Pearson,2,0,0,0.0,31.0,140.0,281.0,0.0,0,33.5,21.0,41.0,0.0,0.0,0.0,0.0
1993,Jeff Davis,1,0,0,0.0,42.0,37.0,46.0,0.0,0,40.0,42.0,42.0,0.0,0.0,0.0,0.0
2000,Jeff Fuller,7,0,0,0.0,36.0,390.0,1798.0,1.0,0,22.57,22.0,42.0,0.0,0.0,0.0,0.06
2002,Ron Fellows,1,0,0,0.0,25.0,88.0,110.0,0.0,1,19.0,25.0,25.0,0.0,0.0,0.0,0.0
2004,Greg Biffle,36,4,8,2.0,19.19,3927.0,10210.0,356.0,17,14.19,1.0,40.0,11.11,22.22,5.56,3.49
2007,Patrick Carpentier,3,0,0,0.0,31.67,209.0,625.0,7.0,1,30.67,22.0,40.0,0.0,0.0,0.0,1.12
2009,Tony Raines,13,0,0,0.0,39.77,528.0,1037.0,0.0,0,41.0,25.0,43.0,0.0,0.0,0.0,0.0
2010,Brian Vickers,11,0,3,0.0,20.0,1158.0,3510.0,27.0,6,21.64,6.0,38.0,0.0,27.27,0.0,0.77
2013,Jamie McMurray,36,4,9,1.0,16.47,1007.0,10474.0,71.0,27,17.69,1.0,33.0,11.11,25.0,2.78,0.68
2014,David Stremme,10,0,0,0.0,36.5,75.0,3410.0,0.0,0,37.2,31.0,40.0,0.0,0.0,0.0,0.0
2015,Greg Biffle,36,3,4,0.0,20.0,869.0,10343.0,40.0,20,19.94,2.0,37.0,8.33,11.11,0.0,0.39
2020,Christopher Bell,36,2,7,0.0,20.25,686.0,9428.0,18.0,19,23.94,3.0,39.0,5.56,19.44,0.0,0.19
2021,Aric Almirola,36,2,5,1.0,19.94,659.0,8299.0,51.0,20,19.08,1.0,38.0,5.56,13.89,2.78,0.61
1951,Robert Caswell,3,1,1,0.0,13.67,,247.0,24.0,0,16.0,2.0,20.0,33.33,33.33,0.0,9.72
1976,G.C. Spencer,4,0,0,0.0,27.75,319.0,501.0,0.0,0,26.5,17.0,35.0,0.0,0.0,0.0,0.0
1991,Jimmy Hensley,4,0,1,0.0,13.75,488.0,1708.0,0.0,1,24.75,10.0,20.0,0.0,25.0,0.0,0.0
1951,Harold Kite,2,0,1,0.0,17.5,,384.0,0.0,0,38.0,6.0,29.0,0.0,50.0,0.0,0.0
1956,Rat Garner,1,0,0,0.0,15.0,,216.0,0.0,0,13.0,15.0,15.0,0.0,0.0,0.0,0.0
1964,Johnny Allen,4,0,1,0.0,18.5,1824.0,484.0,0.0,0,14.75,9.0,32.0,0.0,25.0,0.0,0.0
1967,Ranny Dodd,1,0,0,0.0,33.0,212.0,47.0,0.0,0,43.0,33.0,33.0,0.0,0.0,0.0,0.0
1978,Junior Miller,2,0,0,0.0,21.5,197.0,498.0,0.0,0,30.0,15.0,28.0,0.0,0.0,0.0,0.0
1983,David Simko,1,0,0,0.0,37.0,52.0,154.0,0.0,0,30.0,37.0,37.0,0.0,0.0,0.0,0.0
1987,Dave Pletcher,2,0,0,0.0,31.5,137.0,210.0,0.0,0,30.0,27.0,36.0,0.0,0.0,0.0,0.0
1975,Dick Bown,1,0,0,0.0,30.0,73.0,17.0,0.0,0,7.0,30.0,30.0,0.0,0.0,0.0,0.0
1994,Tommy Kendall,1,0,0,0.0,22.0,97.0,88.0,0.0,0,27.0,22.0,22.0,0.0,0.0,0.0,0.0
2010,Geoff Bodine,1,0,0,0.0,41.0,40.0,23.0,0.0,0,40.0,41.0,41.0,0.0,0.0,0.0,0.0
1951,Les Snow,2,0,1,0.0,13.5,,222.0,0.0,0,22.0,6.0,21.0,0.0,50.0,0.0,0.0
1957,Bill Taylor,1,0,0,0.0,30.0,,223.0,0.0,0,28.0,30.0,30.0,0.0,0.0,0.0,0.0
1958,L.D. Austin,46,0,10,0.0,15.87,4936.0,7218.0,0.0,0,20.77,6.0,30.0,0.0,21.74,0.0,0.0
1958,Paul Wilson,1,0,0,0.0,18.0,,58.0,0.0,0,12.0,18.0,18.0,0.0,0.0,0.0,0.0
1959,Bob Burdick,6,1,4,0.0,13.0,2392.0,912.0,25.0,0,3.67,2.0,40.0,16.67,66.67,0.0,2.74
1961,Clyde Palmer,1,0,0,0.0,29.0,16.0,16.0,0.0,0,,29.0,29.0,0.0,0.0,0.0,0.0
1966,Mack Hanbury,2,0,0,0.0,18.0,272.0,220.0,0.0,0,12.0,14.0,22.0,0.0,0.0,0.0,0.0
1967,LeeRoy Yarbrough,15,3,4,1.0,20.27,6960.0,2647.0,34.0,1,9.07,1.0,39.0,20.0,26.67,6.67,1.28
1968,Dave Marcis,10,0,2,0.0,17.8,848.0,3240.0,0.0,0,22.6,7.0,35.0,0.0,20.0,0.0,0.0
1968,Ed Negre,24,0,1,0.0,21.17,925.0,2930.0,0.0,0,20.79,10.0,38.0,0.0,4.17,0.0,0.0
1970,Mel Larson,1,0,1,0.0,9.0,126.0,133.0,0.0,0,40.0,9.0,9.0,0.0,100.0,0.0,0.0
1974,Jabe Thomas,9,0,1,0.0,23.33,,1487.0,0.0,0,27.22,10.0,32.0,0.0,11.11,0.0,0.0
1977,David Sisco,10,0,0,0.0,26.1,847.0,2030.0,0.0,0,26.9,19.0,34.0,0.0,0.0,0.0,0.0
1977,Richard White,2,0,0,0.0,23.5,185.0,251.0,0.0,0,27.5,22.0,25.0,0.0,0.0,0.0,0.0
1980,Roy Smith,3,0,0,0.0,25.67,263.0,223.0,3.0,0,20.67,13.0,36.0,0.0,0.0,0.0,1.35
1986,Jerry Cranmer,5,0,0,0.0,20.4,303.0,1727.0,0.0,0,30.8,13.0,26.0,0.0,0.0,0.0,0.0
1987,J.D. McDuffie,17,0,0,0.0,27.65,1361.0,3459.0,0.0,0,33.88,16.0,41.0,0.0,0.0,0.0,0.0
1999,Ron Fellows,1,1,1,0.0,2.0,175.0,90.0,3.0,1,7.0,2.0,2.0,100.0,100.0,0.0,3.33
2000,Ken Schrader,34,0,2,0.0,21.29,3398.0,9954.0,33.0,12,23.24,9.0,40.0,0.0,5.88,0.0,0.33
2003,Tony Raines,35,0,1,0.0,28.03,2772.0,9152.0,1.0,9,32.49,6.0,42.0,0.0,2.86,0.0,0.01
2006,Denny Hamlin,36,8,20,2.0,12.53,4725.0,10370.0,418.0,29,13.36,1.0,37.0,22.22,55.56,5.56,4.03
2007,Jimmie Johnson,36,20,24,10.0,10.75,5202.0,10318.0,1289.0,26,9.81,1.0,42.0,55.56,66.67,27.78,12.49
2007,Ricky Rudd,31,0,1,0.0,26.29,2622.0,8771.0,11.0,9,28.45,7.0,40.0,0.0,3.23,0.0,0.13
2011,Michael McDowell,32,0,0,0.0,39.78,139.0,1936.0,5.0,1,33.75,30.0,43.0,0.0,0.0,0.0,0.26
2015,Josh Wise,24,0,1,0.0,33.54,254.0,6317.0,3.0,1,36.79,10.0,43.0,0.0,4.17,0.0,0.05
2017,Chase Elliott,36,12,21,0.0,11.97,1142.0,10034.0,560.0,27,10.75,2.0,39.0,33.33,58.33,0.0,5.58
2017,B.J. McLeod,8,0,0,0.0,33.38,0.0,2325.0,0.0,0,37.0,30.0,37.0,0.0,0.0,0.0,0.0
2018,Corey LaJoie,23,0,0,0.0,31.52,144.0,5073.0,0.0,2,32.78,16.0,40.0,0.0,0.0,0.0,0.0
1949,Jimmy Thompson,2,0,2,0.0,9.5,,,0.0,0,,9.0,10.0,0.0,100.0,0.0,
1962,Johnny Sudderth,3,0,0,0.0,37.0,322.0,261.0,0.0,0,31.67,32.0,47.0,0.0,0.0,0.0,0.0
1976,Eddie Bradshaw,2,0,0,0.0,16.5,227.0,224.0,0.0,0,25.5,15.0,18.0,0.0,0.0,0.0,0.0
1977,Robin Schildknecht,2,0,0,0.0,18.0,118.0,581.0,0.0,0,26.5,15.0,21.0,0.0,0.0,0.0,0.0
1977,Walter Ballard,3,0,0,0.0,19.0,318.0,752.0,0.0,0,22.67,16.0,22.0,0.0,0.0,0.0,0.0
1979,Paul Fess,2,0,0,0.0,27.0,164.0,232.0,0.0,0,25.5,22.0,32.0,0.0,0.0,0.0,0.0
2001,Hermie Sadler,3,0,0,0.0,30.67,131.0,1206.0,0.0,0,26.67,27.0,37.0,0.0,0.0,0.0,0.0
1958,Tommie Elliott,1,0,0,0.0,27.0,24.0,40.0,0.0,0,6.0,27.0,27.0,0.0,0.0,0.0,0.0
1976,Jim (J.C.) Danielson,1,0,0,0.0,28.0,79.0,39.0,0.0,0,30.0,28.0,28.0,0.0,0.0,0.0,0.0
1987,Jim Robinson,2,0,0,0.0,24.0,182.0,157.0,0.0,0,25.5,12.0,36.0,0.0,0.0,0.0,0.0
1989,Jack Ely,1,0,0,0.0,35.0,58.0,204.0,0.0,0,37.0,35.0,35.0,0.0,0.0,0.0,0.0
1950,Jimmy Ayers,1,0,0,0.0,22.0,,,0.0,0,22.0,22.0,22.0,0.0,0.0,0.0,
1954,Johnny Zeke,1,0,0,0.0,34.0,,6.0,0.0,0,,34.0,34.0,0.0,0.0,0.0,0.0
1961,Bill Latham,1,0,0,0.0,19.0,294.0,440.0,0.0,0,31.0,19.0,19.0,0.0,0.0,0.0,0.0
1970,Rodney Bruce,1,0,0,0.0,17.0,0.0,261.0,0.0,0,29.0,17.0,17.0,0.0,0.0,0.0,0.0
1979,Bobby Fisher,1,0,0,0.0,31.0,70.0,136.0,0.0,0,18.0,31.0,31.0,0.0,0.0,0.0,0.0
1987,Bobby Baker,1,0,0,0.0,23.0,94.0,380.0,0.0,0,30.0,23.0,23.0,0.0,0.0,0.0,0.0
1952,Frankie Schneider,6,3,4,0.0,8.17,,411.0,0.0,1,13.0,3.0,18.0,50.0,66.67,0.0,0.0
1952,Curtis Turner,7,1,1,0.0,27.0,,500.0,12.0,0,17.67,5.0,61.0,14.29,14.29,0.0,2.4
1955,Eddie Skinner,38,4,15,0.0,13.63,4638.0,5652.0,0.0,0,17.19,5.0,42.0,10.53,39.47,0.0,0.0
1956,John McVitty,4,0,1,0.0,17.25,,431.0,0.0,0,17.75,10.0,20.0,0.0,25.0,0.0,0.0
1956,Royce Haggerty,6,1,2,1.0,12.67,0.0,1017.0,1.0,1,6.83,1.0,26.0,16.67,33.33,16.67,0.1
1957,Bill Hall,1,0,0,0.0,25.0,,25.0,0.0,0,20.0,25.0,25.0,0.0,0.0,0.0,0.0
1958,Jim Blomgren,1,0,0,0.0,27.0,,8.0,0.0,0,28.0,27.0,27.0,0.0,0.0,0.0,0.0
1959,G.C. Spencer,28,1,5,0.0,16.32,3160.0,4552.0,0.0,0,16.5,4.0,34.0,3.57,17.86,0.0,0.0
1960,Gene White,3,0,0,0.0,32.33,234.0,321.0,0.0,0,46.67,26.0,36.0,0.0,0.0,0.0,0.0
1969,James Hylton,52,27,39,0.0,9.31,3753.0,13540.0,212.0,1,9.46,2.0,32.0,51.92,75.0,0.0,1.57
1969,Jim Vandiver,3,1,2,0.0,18.33,24.0,726.0,102.0,1,11.67,2.0,43.0,33.33,66.67,0.0,14.05
1969,Ernie Shaw,1,0,0,0.0,12.0,0.0,149.0,0.0,0,24.0,12.0,12.0,0.0,0.0,0.0,0.0
1970,Buddy Baker,18,6,8,1.0,14.11,1555.0,3611.0,485.0,3,6.44,1.0,34.0,33.33,44.44,5.56,13.43
1971,Frog Fagan,1,0,0,0.0,32.0,19.0,1.0,0.0,0,32.0,32.0,32.0,0.0,0.0,0.0,0.0
1972,Dick May,6,0,1,0.0,22.5,342.0,955.0,0.0,0,31.0,10.0,35.0,0.0,16.67,0.0,0.0
1980,Billie Harvey,4,0,0,0.0,17.75,115.0,805.0,0.0,0,27.0,11.0,27.0,0.0,0.0,0.0,0.0
1983,Harry Gant,30,10,16,1.0,14.07,3790.0,9024.0,60.0,8,11.37,1.0,37.0,33.33,53.33,3.33,0.66
1985,David Pearson,12,0,1,0.0,30.08,879.0,1418.0,2.0,0,9.25,10.0,40.0,0.0,8.33,0.0,0.14
1991,Jim Derhaag,1,0,0,0.0,20.0,103.0,88.0,0.0,0,38.0,20.0,20.0,0.0,0.0,0.0,0.0
1991,Bobby Labonte,2,0,0,0.0,36.0,110.0,128.0,0.0,0,36.5,34.0,38.0,0.0,0.0,0.0,0.0
1993,Bill Elliott,30,6,15,0.0,13.47,3774.0,9329.0,14.0,11,12.87,2.0,39.0,20.0,50.0,0.0,0.15
1997,Ward Burton,31,0,7,0.0,22.71,2987.0,8984.0,139.0,6,21.94,7.0,42.0,0.0,22.58,0.0,1.55
2000,Boris Said,1,0,0,0.0,42.0,37.0,26.0,0.0,0,23.0,42.0,42.0,0.0,0.0,0.0,0.0
2001,Jeff Burton,36,8,16,2.0,15.25,4394.0,10463.0,401.0,22,21.47,1.0,40.0,22.22,44.44,5.56,3.83
2009,Max Papis,15,0,1,0.0,31.13,1047.0,3470.0,0.0,3,33.27,8.0,42.0,0.0,6.67,0.0,0.0
1951,Dave Reiley,1,0,0,0.0,31.0,,,0.0,0,26.0,31.0,31.0,0.0,0.0,0.0,
1954,Bill Morgan,1,0,0,0.0,51.0,,44.0,0.0,0,,51.0,51.0,0.0,0.0,0.0,0.0
1954,Richard Jones,1,0,0,0.0,52.0,,1.0,0.0,0,,52.0,52.0,0.0,0.0,0.0,0.0
1956,Art Binkley,1,0,0,0.0,24.0,,349.0,0.0,0,36.0,24.0,24.0,0.0,0.0,0.0,0.0
1957,Bill Massey,2,0,0,0.0,29.0,,215.0,0.0,0,25.0,18.0,40.0,0.0,0.0,0.0,0.0
1967,Don Noel,1,0,0,0.0,17.0,1484.0,131.0,0.0,0,44.0,17.0,17.0,0.0,0.0,0.0,0.0
1975,Pete Torres,2,0,0,0.0,21.0,200.0,162.0,0.0,0,33.5,16.0,26.0,0.0,0.0,0.0,0.0
1953,Earl Foushee,1,0,0,0.0,27.0,,256.0,0.0,0,,27.0,27.0,0.0,0.0,0.0,0.0
1956,Herbert Estes,1,0,0,0.0,11.0,,178.0,0.0,0,13.0,11.0,11.0,0.0,0.0,0.0,0.0
1957,Keith Olson,1,0,0,0.0,18.0,,17.0,0.0,0,,18.0,18.0,0.0,0.0,0.0,0.0
1963,John Rostek,1,0,0,0.0,16.0,1144.0,172.0,0.0,0,27.0,16.0,16.0,0.0,0.0,0.0,0.0
1968,Scotty Cain,1,0,1,0.0,9.0,0.0,167.0,0.0,0,17.0,9.0,9.0,0.0,100.0,0.0,0.0
1968,Carl Joiner,1,0,0,0.0,41.0,0.0,3.0,0.0,0,41.0,41.0,41.0,0.0,0.0,0.0,0.0
1979,Jocko Maggiacomo,1,0,0,0.0,24.0,91.0,172.0,0.0,0,29.0,24.0,24.0,0.0,0.0,0.0,0.0
1982,Bill Scott (Brevard),1,0,0,0.0,28.0,79.0,75.0,0.0,0,39.0,28.0,28.0,0.0,0.0,0.0,0.0
1995,Ernie Cope,1,0,0,0.0,44.0,31.0,19.0,0.0,0,44.0,44.0,44.0,0.0,0.0,0.0,0.0
1956,Ned Jarrett,2,0,0,0.0,16.5,,244.0,0.0,0,16.0,12.0,21.0,0.0,0.0,0.0,0.0
1956,Al Keller,4,1,2,0.0,15.0,,446.0,0.0,1,15.25,2.0,30.0,25.0,50.0,0.0,0.0
1963,Nelson Stacy,12,4,9,0.0,11.5,14930.0,2816.0,78.0,1,9.5,3.0,34.0,33.33,75.0,0.0,2.77
1963,Roy Mayne,20,1,4,0.0,17.3,4188.0,3857.0,0.0,0,21.8,5.0,40.0,5.0,20.0,0.0,0.0
1966,Charles Triplett,1,0,0,0.0,17.0,144.0,85.0,0.0,0,4.0,17.0,17.0,0.0,0.0,0.0,0.0
1967,Elmo Langley,45,10,24,0.0,12.76,22286.0,9652.0,0.0,0,13.47,2.0,34.0,22.22,53.33,0.0,0.0
1975,Tom Williams,2,0,0,0.0,21.5,0.0,235.0,0.0,0,31.0,20.0,23.0,0.0,0.0,0.0,0.0
1984,J.D. McDuffie,16,0,0,0.0,25.88,1366.0,4064.0,0.0,0,28.0,12.0,39.0,0.0,0.0,0.0,0.0
1989,Davey Allison,29,7,13,2.0,16.21,3481.0,8287.0,241.0,11,15.48,1.0,40.0,24.14,44.83,6.9,2.91
1990,Chad Little,18,0,0,0.0,24.11,1632.0,4822.0,0.0,1,29.11,15.0,40.0,0.0,0.0,0.0,0.0
1991,Derrike Cope,28,1,2,0.0,24.5,2516.0,6803.0,0.0,3,20.96,4.0,41.0,3.57,7.14,0.0,0.0
1997,Jeff Green,20,1,2,0.0,27.65,1624.0,5525.0,18.0,2,25.4,4.0,40.0,5.0,10.0,0.0,0.33
2008,Martin Truex Jr.,36,3,11,0.0,18.25,3989.0,10144.0,58.0,26,17.14,4.0,43.0,8.33,30.56,0.0,0.57
2008,Marcos Ambrose,11,1,1,0.0,29.09,844.0,2448.0,0.0,3,29.36,3.0,43.0,9.09,9.09,0.0,0.0
2011,T.J. Bell,5,0,0,0.0,37.0,29.0,433.0,0.0,0,38.2,29.0,42.0,0.0,0.0,0.0,0.0
2012,Jason Leffler,5,0,0,0.0,37.8,0.0,560.0,0.0,0,37.4,31.0,43.0,0.0,0.0,0.0,0.0
2018,Martin Truex Jr.,36,20,21,4.0,10.72,1251.0,9760.0,1016.0,30,9.94,1.0,40.0,55.56,58.33,11.11,10.41
2022,William Byron,36,5,11,2.0,15.56,1030.0,8878.0,746.0,28,12.5,1.0,38.0,13.89,30.56,5.56,8.4
2025,Alex Bowman,36,6,16,0.0,17.39,876.0,8912.0,165.0,23,15.75,2.0,37.0,16.67,44.44,0.0,1.85
1951,Neil Cole,5,3,3,1.0,10.0,,399.0,45.0,1,5.0,1.0,25.0,60.0,60.0,20.0,11.28
1952,Charles Barry,3,0,0,0.0,16.33,,303.0,0.0,0,16.0,11.0,24.0,0.0,0.0,0.0,0.0
1952,Nelson Stacy,1,0,0,0.0,12.0,,277.0,0.0,0,17.0,12.0,12.0,0.0,0.0,0.0,0.0
1954,Bill Tuten,1,0,0,0.0,11.0,,179.0,0.0,0,,11.0,11.0,0.0,0.0,0.0,0.0
1955,Paul Pettit,2,0,0,0.0,17.5,136.0,50.0,0.0,0,11.0,16.0,19.0,0.0,0.0,0.0,0.0
1955,Pop McGinnis,2,0,0,0.0,40.5,156.0,201.0,0.0,0,38.5,14.0,67.0,0.0,0.0,0.0,0.0
1984,Jerry Jolly,1,0,0,0.0,38.0,49.0,10.0,0.0,0,36.0,38.0,38.0,0.0,0.0,0.0,0.0
1951,Bob Dickson,1,0,0,0.0,29.0,,,0.0,0,25.0,29.0,29.0,0.0,0.0,0.0,
1951,Fred Russell,1,0,1,0.0,8.0,,,0.0,0,,8.0,8.0,0.0,100.0,0.0,
1977,Ron McGee,1,0,0,0.0,31.0,70.0,103.0,0.0,0,40.0,31.0,31.0,0.0,0.0,0.0,0.0
1978,Steve Moore,1,0,0,0.0,27.0,82.0,150.0,0.0,0,40.0,27.0,27.0,0.0,0.0,0.0,0.0
1987,George Follmer,2,0,0,0.0,28.0,163.0,122.0,8.0,0,28.5,16.0,40.0,0.0,0.0,0.0,6.56
1990,Philip Duffie,2,0,0,0.0,29.0,152.0,191.0,0.0,0,39.0,21.0,37.0,0.0,0.0,0.0,0.0
2011,Dennis Setzer,1,0,0,0.0,38.0,0.0,336.0,0.0,0,40.0,38.0,38.0,0.0,0.0,0.0,0.0
1951,Herb Trimble,2,0,1,0.0,38.5,,198.0,0.0,0,66.0,9.0,68.0,0.0,50.0,0.0,0.0
1952,Pete Kelly,2,0,0,0.0,36.5,,231.0,0.0,0,20.0,22.0,51.0,0.0,0.0,0.0,0.0
1954,Fred Starr,2,0,0,0.0,23.5,,169.0,0.0,0,,12.0,35.0,0.0,0.0,0.0,0.0
1955,Archie Nepstad,1,0,0,0.0,25.0,12.0,41.0,0.0,0,11.0,25.0,25.0,0.0,0.0,0.0,0.0
1957,Jake Jacobs,1,0,0,0.0,14.0,,58.0,0.0,0,19.0,14.0,14.0,0.0,0.0,0.0,0.0
1978,Bob Burcham,1,0,0,0.0,22.0,97.0,243.0,0.0,0,38.0,22.0,22.0,0.0,0.0,0.0,0.0
1986,Tommy Gale,1,0,0,0.0,25.0,0.0,175.0,0.0,0,42.0,25.0,25.0,0.0,0.0,0.0,0.0
1987,Jeff Swindell,1,0,0,0.0,34.0,61.0,102.0,0.0,0,33.0,34.0,34.0,0.0,0.0,0.0,0.0
2018,Danica Patrick,1,0,0,0.0,35.0,2.0,101.0,0.0,0,28.0,35.0,35.0,0.0,0.0,0.0,0.0
1950,Pete Keller,1,0,0,0.0,58.0,,281.0,0.0,0,54.0,58.0,58.0,0.0,0.0,0.0,0.0
1951,Dick Meyer,6,3,4,0.0,8.33,,,82.0,0,3.67,2.0,19.0,50.0,66.67,0.0,
1953,Dick Passwater,14,6,11,1.0,7.71,,993.0,3.0,1,12.83,1.0,19.0,42.86,78.57,7.14,0.3
1956,Joel Million,2,0,0,0.0,42.5,,175.0,0.0,0,27.5,18.0,67.0,0.0,0.0,0.0,0.0
1956,Tiny Lund,21,1,8,0.0,13.24,0.0,3988.0,0.0,0,19.0,4.0,30.0,4.76,38.1,0.0,0.0
1957,Bill Walker,3,1,2,0.0,10.33,,355.0,0.0,0,15.67,3.0,18.0,33.33,66.67,0.0,0.0
1958,Roy Tyner,22,1,3,0.0,18.55,956.0,3320.0,0.0,0,19.14,5.0,47.0,4.55,13.64,0.0,0.0
1960,Tommy Herbert,2,0,0,0.0,34.5,140.0,155.0,0.0,0,48.0,24.0,45.0,0.0,0.0,0.0,0.0
1962,Bill McDonald,2,0,0,0.0,16.5,208.0,121.0,0.0,0,16.0,14.0,19.0,0.0,0.0,0.0,0.0
1962,Earl Brooks,8,0,3,0.0,18.5,1208.0,946.0,0.0,0,21.88,8.0,40.0,0.0,37.5,0.0,0.0
1964,Paul Goldsmith,16,3,4,0.0,19.94,11802.0,2281.0,319.0,0,9.44,3.0,34.0,18.75,25.0,0.0,13.99
1964,Jim Paschal,22,10,15,1.0,9.95,25450.0,6030.0,155.0,3,8.77,1.0,30.0,45.45,68.18,4.55,2.57
1964,Bill McMahan,20,1,4,0.0,19.35,7235.0,4134.0,0.0,0,20.7,5.0,41.0,5.0,20.0,0.0,0.0
1965,J.T. Putney,39,10,24,0.0,11.51,20864.0,7931.0,0.0,0,15.15,2.0,36.0,25.64,61.54,0.0,0.0
1966,Earl Balmer,9,2,2,1.0,23.56,5694.0,1378.0,4.0,1,5.67,1.0,41.0,22.22,22.22,11.11,0.29
1966,Ray Hill,6,0,3,0.0,10.17,1580.0,1430.0,0.0,0,17.5,7.0,13.0,0.0,50.0,0.0,0.0
1968,Ervin Pruitt,5,0,1,0.0,19.2,122.0,1376.0,0.0,0,23.0,7.0,38.0,0.0,20.0,0.0,0.0
1975,Coo Coo Marlin,23,4,11,0.0,18.04,2584.0,5199.0,21.0,0,15.74,3.0,42.0,17.39,47.83,0.0,0.4
1985,Phil Parsons,28,0,4,0.0,21.93,2740.0,6678.0,1.0,0,20.46,6.0,41.0,0.0,14.29,0.0,0.01
1990,Richard Petty,29,0,1,0.0,25.03,2556.0,7438.0,5.0,2,26.28,9.0,38.0,0.0,3.45,0.0,0.07
1991,Scott Gaylord,1,0,0,0.0,33.0,64.0,61.0,0.0,0,31.0,33.0,33.0,0.0,0.0,0.0,0.0
1992,Andy Belmont,8,0,0,0.0,34.88,467.0,784.0,0.0,0,36.75,28.0,40.0,0.0,0.0,0.0,0.0
1995,Dave Marcis,28,0,0,0.0,29.14,2126.0,7319.0,3.0,1,30.0,15.0,40.0,0.0,0.0,0.0,0.04
1996,Todd Bodine,10,0,1,0.0,21.5,991.0,3210.0,1.0,2,17.3,10.0,36.0,0.0,10.0,0.0,0.03
2000,Bobby Labonte,34,19,24,4.0,7.44,5130.0,10158.0,465.0,28,11.65,1.0,26.0,55.88,70.59,11.76,4.58
2000,Jeremy Mayfield,31,6,12,2.0,22.23,3181.0,8080.0,846.0,14,18.77,1.0,43.0,19.35,38.71,6.45,10.47
2000,Dale Earnhardt,34,13,24,2.0,9.38,4865.0,10005.0,353.0,28,21.09,1.0,39.0,38.24,70.59,5.88,3.53
2007,Mark Martin,24,5,11,0.0,14.54,2960.0,6405.0,67.0,20,16.25,2.0,43.0,20.83,45.83,0.0,1.05
2016,Matt Kenseth,36,8,19,2.0,13.75,1012.0,10197.0,948.0,29,9.56,1.0,38.0,22.22,52.78,5.56,9.3
1950,Ann Chester,2,0,0,0.0,21.5,,92.0,0.0,0,,21.0,22.0,0.0,0.0,0.0,0.0
1951,James Ward,1,0,0,0.0,26.0,,55.0,0.0,0,29.0,26.0,26.0,0.0,0.0,0.0,0.0
1951,Guy Waller,1,0,0,0.0,27.0,,52.0,0.0,0,16.0,27.0,27.0,0.0,0.0,0.0,0.0
1954,Tom Drake,1,0,0,0.0,16.0,,444.0,0.0,0,29.0,16.0,16.0,0.0,0.0,0.0,0.0
1954,Chuck Meekins,3,0,1,0.0,16.0,,719.0,0.0,0,12.0,8.0,28.0,0.0,33.33,0.0,0.0
1955,Willard Starney,1,0,0,0.0,12.0,0.0,187.0,0.0,0,14.0,12.0,12.0,0.0,0.0,0.0,0.0
1956,Larry Frank,1,0,0,0.0,38.0,,77.0,0.0,0,26.0,38.0,38.0,0.0,0.0,0.0,0.0
1958,Spook Crawford,1,0,0,0.0,14.0,96.0,152.0,0.0,0,13.0,14.0,14.0,0.0,0.0,0.0,0.0
1975,Jimmy Hensley,2,0,1,0.0,17.0,82.0,534.0,0.0,0,11.5,7.0,27.0,0.0,50.0,0.0,0.0
1977,Johnny Rutherford,3,0,0,0.0,34.0,0.0,193.0,0.0,0,25.0,21.0,41.0,0.0,0.0,0.0,0.0
1979,John Borneman,1,0,0,0.0,20.0,103.0,79.0,0.0,0,17.0,20.0,20.0,0.0,0.0,0.0,0.0
1984,Steve Moore,2,0,0,0.0,26.5,167.0,237.0,0.0,0,38.5,18.0,35.0,0.0,0.0,0.0,0.0
1987,Ed Pimm,3,0,0,0.0,34.33,185.0,243.0,1.0,0,34.33,27.0,42.0,0.0,0.0,0.0,0.41
1993,John Andretti,4,0,0,0.0,33.5,250.0,904.0,0.0,0,36.0,24.0,40.0,0.0,0.0,0.0,0.0
1953,Lucky Sawyer,4,0,0,0.0,25.25,,27.0,0.0,0,35.0,15.0,39.0,0.0,0.0,0.0,0.0
1961,Johnny Beauchamp,1,0,0,0.0,16.0,100.0,37.0,0.0,0,24.0,16.0,16.0,0.0,0.0,0.0,0.0
1964,Chuck Daigh,1,0,0,0.0,33.0,100.0,62.0,0.0,0,27.0,33.0,33.0,0.0,0.0,0.0,0.0
1977,Don Graham,1,0,0,0.0,30.0,73.0,118.0,0.0,0,42.0,30.0,30.0,0.0,0.0,0.0,0.0
1986,Mike Skinner,3,0,0,0.0,25.0,264.0,807.0,0.0,0,27.33,22.0,30.0,0.0,0.0,0.0,0.0
1956,Buck Hall,1,0,0,0.0,22.0,,11.0,0.0,0,22.0,22.0,22.0,0.0,0.0,0.0,0.0
1965,Rene Charland,2,0,0,0.0,38.5,192.0,26.0,0.0,0,38.5,38.0,39.0,0.0,0.0,0.0,0.0
1968,Bob Burcham,2,0,0,0.0,24.0,66.0,366.0,0.0,0,14.5,19.0,29.0,0.0,0.0,0.0,0.0
1950,Elmer Wilson,4,0,0,0.0,15.5,,497.0,0.0,0,52.0,11.0,18.0,0.0,0.0,0.0,0.0
1953,Frankie Schneider,1,0,0,0.0,12.0,,,0.0,0,5.0,12.0,12.0,0.0,0.0,0.0,
1956,Bill Amick,13,7,10,0.0,9.62,,2446.0,9.0,2,7.54,2.0,29.0,53.85,76.92,0.0,0.37
1956,Bunk Moore,5,1,2,0.0,13.6,,736.0,0.0,0,16.2,5.0,22.0,20.0,40.0,0.0,0.0
1957,Paul Goldsmith,25,10,15,4.0,11.68,,3759.0,617.0,9,6.25,1.0,44.0,40.0,60.0,16.0,16.41
1958,Bobby Keck,30,0,7,0.0,16.37,2836.0,4660.0,0.0,0,19.24,6.0,46.0,0.0,23.33,0.0,0.0
1959,Elmo Langley,13,1,2,0.0,23.23,1372.0,1694.0,0.0,0,12.25,3.0,45.0,7.69,15.38,0.0,0.0
1960,Bunkie Blackburn,20,1,4,0.0,17.85,3252.0,2789.0,0.0,0,16.5,5.0,46.0,5.0,20.0,0.0,0.0
1961,Reb Wickersham,8,0,1,0.0,21.88,970.0,1343.0,0.0,0,27.0,10.0,35.0,0.0,12.5,0.0,0.0
1961,Wilbur Rakestraw,5,0,1,0.0,28.4,700.0,360.0,0.0,0,25.6,7.0,56.0,0.0,20.0,0.0,0.0
1965,Roy Tyner,28,1,6,0.0,20.32,5882.0,3297.0,0.0,0,22.71,4.0,39.0,3.57,21.43,0.0,0.0
1969,J.D. McDuffie,50,0,12,0.0,17.38,2739.0,10173.0,0.0,0,21.58,6.0,40.0,0.0,24.0,0.0,0.0
1972,James Cox,2,0,0,0.0,27.0,58.0,527.0,0.0,0,36.5,22.0,32.0,0.0,0.0,0.0,0.0
1980,Ronnie Thomas,30,0,4,0.0,20.33,3066.0,7522.0,0.0,0,23.13,8.0,38.0,0.0,13.33,0.0,0.0
1980,Mike Potter,3,0,0,0.0,28.0,237.0,450.0,0.0,0,32.67,18.0,36.0,0.0,0.0,0.0,0.0
1981,Stan Barrett,10,0,1,0.0,21.0,842.0,1559.0,4.0,0,22.4,9.0,36.0,0.0,10.0,0.0,0.26
1982,Rusty Wallace,3,0,0,0.0,33.67,186.0,418.0,0.0,0,21.67,29.0,37.0,0.0,0.0,0.0,0.0
1983,Tom Sneva,2,0,1,0.0,19.5,146.0,274.0,0.0,0,29.0,7.0,32.0,0.0,50.0,0.0,0.0
1984,Joe Ruttman,29,0,8,0.0,20.93,2945.0,6635.0,55.0,3,15.45,6.0,41.0,0.0,27.59,0.0,0.83
1984,David Pearson,11,0,3,0.0,26.18,812.0,1630.0,10.0,1,10.27,9.0,41.0,0.0,27.27,0.0,0.61
1984,L.D. Ottinger,2,0,0,0.0,21.5,100.0,695.0,0.0,0,24.5,21.0,22.0,0.0,0.0,0.0,0.0
1989,Brett Bodine,29,1,6,0.0,19.59,3051.0,8202.0,2.0,6,15.76,5.0,36.0,3.45,20.69,0.0,0.02
1991,Jim Sauter,6,0,0,0.0,30.83,423.0,1012.0,0.0,0,31.33,22.0,37.0,0.0,0.0,0.0,0.0
1994,Rich Bickle,12,0,0,0.0,30.75,849.0,2087.0,0.0,1,28.5,20.0,41.0,0.0,0.0,0.0,0.0
2001,Kurt Busch,35,3,6,0.0,25.54,3081.0,8932.0,160.0,13,29.43,3.0,43.0,8.57,17.14,0.0,1.79
2008,Jimmie Johnson,36,15,22,7.0,10.53,5220.0,10643.0,1959.0,29,8.53,1.0,39.0,41.67,61.11,19.44,18.41
2008,David Reutimann,36,0,4,0.0,23.31,3397.0,10433.0,118.0,14,24.47,9.0,41.0,0.0,11.11,0.0,1.13
2008,Dave Blaney,35,0,2,0.0,27.46,2851.0,9984.0,9.0,9,26.89,9.0,43.0,0.0,5.71,0.0,0.09
2009,Bobby Labonte,36,1,2,0.0,25.72,3128.0,9481.0,15.0,15,26.42,5.0,43.0,2.78,5.56,0.0,0.16
2009,Dale Earnhardt Jr.,36,2,5,0.0,23.25,3422.0,10141.0,146.0,19,22.19,2.0,40.0,5.56,13.89,0.0,1.44
2015,A.J. Allmendinger,36,0,3,0.0,23.08,758.0,10006.0,55.0,18,21.58,6.0,43.0,0.0,8.33,0.0,0.55
2016,David Ragan,36,0,0,0.0,28.56,455.0,9922.0,9.0,8,30.67,16.0,39.0,0.0,0.0,0.0,0.09
2020,Erik Jones,36,9,13,0.0,15.94,868.0,9735.0,65.0,22,17.36,2.0,38.0,25.0,36.11,0.0,0.67
2021,Stewart Friesen,1,0,0,0.0,23.0,0.0,252.0,0.0,0,32.0,23.0,23.0,0.0,0.0,0.0,0.0
1949,Dick Zimmerman,1,0,0,0.0,13.0,,178.0,0.0,0,26.0,13.0,13.0,0.0,0.0,0.0,0.0
1949,Tony Genove,1,0,0,0.0,39.0,,,0.0,0,27.0,39.0,39.0,0.0,0.0,0.0,
1951,Ted Chamberlain,3,0,1,0.0,20.67,,340.0,0.0,0,61.0,8.0,41.0,0.0,33.33,0.0,0.0
1954,Bill Amick,6,1,1,0.0,22.0,,884.0,9.0,1,5.5,2.0,50.0,16.67,16.67,0.0,1.02
1957,Russ Dohlen,1,0,0,0.0,34.0,,0.0,0.0,0,34.0,34.0,34.0,0.0,0.0,0.0,
1958,Jack Russell,1,0,0,0.0,32.0,,74.0,0.0,0,34.0,32.0,32.0,0.0,0.0,0.0,0.0
1966,Billy Stiles,1,0,0,0.0,25.0,16.0,4.0,0.0,0,23.0,25.0,25.0,0.0,0.0,0.0,0.0
1971,Jim Vandiver,7,1,4,0.0,13.57,553.0,1422.0,0.0,0,19.29,5.0,42.0,14.29,57.14,0.0,0.0
1974,Marty Robbins,4,1,2,0.0,17.75,,550.0,0.0,0,23.25,5.0,42.0,25.0,50.0,0.0,0.0
1979,Slick Johnson,4,0,1,0.0,18.5,431.0,1039.0,0.0,0,30.5,10.0,27.0,0.0,25.0,0.0,0.0
1956,Lou Spears,3,0,0,0.0,26.0,,406.0,0.0,0,46.5,23.0,31.0,0.0,0.0,0.0,0.0
1974,Earl Brooks,1,0,0,0.0,40.0,,1.0,0.0,0,34.0,40.0,40.0,0.0,0.0,0.0,0.0
1952,Bud Koehler,1,0,0,0.0,26.0,,140.0,0.0,0,38.0,26.0,26.0,0.0,0.0,0.0,0.0
1962,Frank Sessoms,2,0,0,0.0,14.5,368.0,319.0,0.0,0,17.5,12.0,17.0,0.0,0.0,0.0,0.0
1963,Ron Hornaday,2,0,1,0.0,10.5,2520.0,316.0,0.0,0,29.5,10.0,11.0,0.0,50.0,0.0,0.0
1963,Al Self,1,0,0,0.0,39.0,64.0,1.0,0.0,0,37.0,39.0,39.0,0.0,0.0,0.0,0.0
1986,Grant Adcox,1,0,0,0.0,26.0,85.0,154.0,0.0,0,40.0,26.0,26.0,0.0,0.0,0.0,0.0
2024,David Ragan,1,0,0,0.0,20.0,17.0,200.0,2.0,1,40.0,20.0,20.0,0.0,0.0,0.0,1.0
1950,Jim Rathmann,1,0,0,0.0,12.0,,46.0,0.0,0,17.0,12.0,12.0,0.0,0.0,0.0,0.0
1950,Paul Parks,6,0,1,0.0,17.0,,95.0,0.0,0,3.0,6.0,32.0,0.0,16.67,0.0,0.0
1952,Pappy Hough,4,0,1,0.0,13.25,,565.0,0.0,0,14.67,6.0,19.0,0.0,25.0,0.0,0.0
1955,Johnny Mock,1,0,1,0.0,9.0,136.0,183.0,0.0,0,8.0,9.0,9.0,0.0,100.0,0.0,0.0
1956,Darvin Randahl,7,0,1,0.0,19.43,,492.0,0.0,0,22.29,7.0,29.0,0.0,14.29,0.0,0.0
1957,T.A. Toomes,11,0,1,0.0,20.0,,1920.0,0.0,0,24.55,9.0,50.0,0.0,9.09,0.0,0.0
1958,Neil Castles,15,0,0,0.0,24.67,200.0,1893.0,0.0,0,22.5,15.0,40.0,0.0,0.0,0.0,0.0
1958,Jim Reed,17,10,12,4.0,8.59,3072.0,3693.0,692.0,9,7.41,1.0,32.0,58.82,70.59,23.53,18.74
1958,Don Angel,3,0,0,0.0,20.33,,401.0,0.0,0,20.67,13.0,27.0,0.0,0.0,0.0,0.0
1961,Curtis Crider,41,1,2,0.0,19.34,8414.0,5882.0,0.0,0,21.76,5.0,53.0,2.44,4.88,0.0,0.0
1961,Dick Smith,3,1,1,0.0,12.33,672.0,191.0,0.0,0,9.0,3.0,19.0,33.33,33.33,0.0,0.0
1964,Fred Lorenzen,17,10,10,8.0,11.35,18200.0,4426.0,2375.0,9,4.18,1.0,33.0,58.82,58.82,47.06,53.66
1965,Bill Boldt,1,0,0,0.0,35.0,100.0,19.0,0.0,0,41.0,35.0,35.0,0.0,0.0,0.0,0.0
1966,Dick Hutcherson,14,8,9,3.0,13.86,9392.0,3152.0,400.0,4,6.0,1.0,42.0,57.14,64.29,21.43,12.69
1967,Max Ledbetter,10,0,4,0.0,14.7,2804.0,2394.0,0.0,0,23.3,7.0,24.0,0.0,40.0,0.0,0.0
1976,Clyde Lynn,1,0,0,0.0,24.0,91.0,123.0,0.0,0,25.0,24.0,24.0,0.0,0.0,0.0,0.0
1983,Delma Cowart,4,0,0,0.0,31.25,277.0,643.0,0.0,0,36.0,24.0,35.0,0.0,0.0,0.0,0.0
1984,Lake Speed,19,2,7,0.0,18.32,2023.0,4814.0,122.0,3,11.79,3.0,42.0,10.53,36.84,0.0,2.53
1986,Lake Speed,5,0,2,0.0,14.6,608.0,1779.0,10.0,0,19.6,10.0,22.0,0.0,40.0,0.0,0.56
1988,Bobby Allison,13,3,6,1.0,13.62,1654.0,4303.0,104.0,2,17.92,1.0,39.0,23.08,46.15,7.69,2.42
1988,Jocko Maggiacomo,3,0,0,0.0,35.0,174.0,125.0,0.0,0,33.67,30.0,40.0,0.0,0.0,0.0,0.0
1991,Richard Petty,29,0,1,0.0,22.03,2817.0,8341.0,1.0,2,26.55,9.0,41.0,0.0,3.45,0.0,0.01
1994,Jimmy Spencer,29,3,4,2.0,25.1,2613.0,6904.0,47.0,3,21.52,1.0,43.0,10.34,13.79,6.9,0.68
1999,Ward Burton,34,6,16,0.0,16.09,4062.0,9828.0,243.0,16,15.71,2.0,43.0,17.65,47.06,0.0,2.47
2003,Mark Martin,36,5,10,0.0,20.25,3769.0,9544.0,159.0,19,20.69,2.0,43.0,13.89,27.78,0.0,1.67
2005,Matt Kenseth,36,12,17,1.0,15.39,4451.0,10183.0,1001.0,24,17.03,1.0,42.0,33.33,47.22,2.78,9.83
2005,Mike Garvey,9,0,0,0.0,36.33,491.0,1576.0,1.0,0,36.56,25.0,43.0,0.0,0.0,0.0,0.06
2006,Boris Said,4,1,2,0.0,21.5,415.0,379.0,10.0,3,16.0,4.0,42.0,25.0,50.0,0.0,2.64
2007,Bill Elliott,20,0,0,0.0,28.35,1579.0,5364.0,5.0,4,30.25,11.0,38.0,0.0,0.0,0.0,0.09
2008,Robby Gordon,36,0,3,0.0,28.97,2770.0,9881.0,4.0,9,30.94,6.0,43.0,0.0,8.33,0.0,0.04
2010,Boris Said,6,0,1,0.0,30.17,448.0,917.0,9.0,2,32.17,8.0,40.0,0.0,16.67,0.0,0.98
2014,Paul Menard,36,5,13,0.0,17.86,944.0,10185.0,45.0,23,16.67,3.0,42.0,13.89,36.11,0.0,0.44
2018,Ross Chastain,34,0,0,0.0,28.44,0.0,8945.0,1.0,3,31.76,18.0,39.0,0.0,0.0,0.0,0.01
2022,Andy Lally,1,0,0,0.0,39.0,0.0,19.0,0.0,0,39.0,39.0,39.0,0.0,0.0,0.0,0.0
2024,J.J. Yeley,8,0,0,0.0,33.63,0.0,1593.0,1.0,1,37.63,23.0,40.0,0.0,0.0,0.0,0.06
1949,Billy Carden,1,0,0,0.0,15.0,,,0.0,0,3.0,15.0,15.0,0.0,0.0,0.0,
1951,Lloyd Porter,2,0,0,0.0,28.5,,,0.0,0,27.0,28.0,29.0,0.0,0.0,0.0,
1974,Kenny Brightbill,2,0,2,0.0,9.0,,663.0,0.0,0,21.0,8.0,10.0,0.0,100.0,0.0,0.0
1989,Grant Adcox,3,0,0,0.0,23.0,282.0,541.0,0.0,1,38.0,13.0,32.0,0.0,0.0,0.0,0.0
1950,Russell Bennett,2,0,0,0.0,17.0,,123.0,0.0,0,,14.0,20.0,0.0,0.0,0.0,0.0
1952,Gordon Bishop,2,0,0,0.0,35.5,,,0.0,0,,15.0,56.0,0.0,0.0,0.0,
1953,Lou Thomas,1,0,0,0.0,24.0,,,0.0,0,,24.0,24.0,0.0,0.0,0.0,
1958,Jerry Green,1,0,0,0.0,25.0,,154.0,0.0,0,26.0,25.0,25.0,0.0,0.0,0.0,0.0
1959,Herb Lewis,1,0,0,0.0,20.0,,221.0,0.0,0,9.0,20.0,20.0,0.0,0.0,0.0,0.0
1964,Cotton Owens,2,2,2,1.0,1.5,980.0,466.0,54.0,1,4.0,1.0,2.0,100.0,100.0,50.0,11.59
1983,Blackie Wangerin,2,0,0,0.0,36.5,107.0,48.0,0.0,0,31.5,34.0,39.0,0.0,0.0,0.0,0.0
2021,Justin Allgaier,2,0,0,0.0,32.5,0.0,194.0,0.0,0,30.0,25.0,40.0,0.0,0.0,0.0,0.0
1954,Tom Rivers,1,0,0,0.0,14.0,,45.0,0.0,0,,14.0,14.0,0.0,0.0,0.0,0.0
1978,Norm Palmer,2,0,0,0.0,24.5,179.0,119.0,0.0,0,9.0,14.0,35.0,0.0,0.0,0.0,0.0
2005,David Reutimann,1,0,0,0.0,22.0,97.0,336.0,0.0,1,26.0,22.0,22.0,0.0,0.0,0.0,0.0
1950,Fireball Roberts,9,4,5,1.0,11.0,,1138.0,60.0,2,13.86,1.0,33.0,44.44,55.56,11.11,5.27
1950,Jimmie Lewallen,3,1,1,0.0,22.67,,330.0,0.0,0,24.0,4.0,43.0,33.33,33.33,0.0,0.0
1951,Roscoe Thompson,3,0,0,0.0,18.67,,64.0,0.0,0,7.0,14.0,24.0,0.0,0.0,0.0,0.0
1952,Lee Petty,32,21,27,3.0,6.56,,5094.0,191.0,8,11.69,1.0,32.0,65.63,84.38,9.38,3.75
1952,Gene Darragh,3,0,0,0.0,37.33,,237.0,0.0,0,37.0,19.0,62.0,0.0,0.0,0.0,0.0
1952,Bill Deakin,1,0,0,0.0,18.0,,225.0,0.0,0,41.0,18.0,18.0,0.0,0.0,0.0,0.0
1954,Arden Mounts,12,0,1,0.0,19.83,,1592.0,0.0,0,21.0,9.0,45.0,0.0,8.33,0.0,0.0
1955,Clarence DeZalia,5,0,0,0.0,25.4,276.0,691.0,0.0,0,34.4,14.0,49.0,0.0,0.0,0.0,0.0
1956,Pete Yow,11,0,2,0.0,18.55,,1221.0,0.0,0,24.18,9.0,50.0,0.0,18.18,0.0,0.0
1957,George West,1,0,0,0.0,47.0,,,0.0,0,54.0,47.0,47.0,0.0,0.0,0.0,
1957,Art Watts,5,2,3,1.0,7.0,,689.0,100.0,2,1.0,1.0,11.0,40.0,60.0,20.0,14.51
1957,Billy Rafter,4,0,1,0.0,18.5,,250.0,0.0,0,17.75,10.0,24.0,0.0,25.0,0.0,0.0
1960,Bobby Johns,19,8,10,1.0,12.74,14964.0,3695.0,454.0,3,7.79,1.0,40.0,42.11,52.63,5.26,12.29
1960,Bob Ross,3,0,0,0.0,19.67,230.0,105.0,0.0,0,24.5,11.0,29.0,0.0,0.0,0.0,0.0
1961,Scotty Cain,4,0,1,0.0,18.0,784.0,218.0,0.0,0,6.0,8.0,32.0,0.0,25.0,0.0,0.0
1963,Bobby Isaac,27,3,7,0.0,14.56,12012.0,4991.0,30.0,1,11.26,3.0,31.0,11.11,25.93,0.0,0.6
1964,Dave MacDonald,5,1,3,0.0,12.2,7650.0,661.0,0.0,1,13.2,2.0,24.0,20.0,60.0,0.0,0.0
1964,Jim Dimeo,3,0,1,0.0,19.0,522.0,368.0,0.0,0,26.0,8.0,36.0,0.0,33.33,0.0,0.0
1973,Hugh Pearson,2,0,0,0.0,32.0,76.0,94.0,0.0,0,28.0,28.0,36.0,0.0,0.0,0.0,0.0
1973,Dick Trickle,1,1,1,0.0,5.0,92.0,327.0,0.0,0,8.0,5.0,5.0,100.0,100.0,0.0,0.0
1974,Dub Simpson,1,0,0,0.0,19.0,,157.0,0.0,0,24.0,19.0,19.0,0.0,0.0,0.0,0.0
1983,Dean Roper,2,0,0,0.0,16.5,227.0,364.0,0.0,0,28.5,15.0,18.0,0.0,0.0,0.0,0.0
1987,Charlie Rudolph,4,0,0,0.0,22.5,382.0,924.0,0.0,0,36.25,13.0,36.0,0.0,0.0,0.0,0.0
1990,Mickey Gibbs,9,0,0,0.0,26.56,755.0,1837.0,1.0,0,31.56,15.0,39.0,0.0,0.0,0.0,0.05
1995,Dale Jarrett,31,9,14,1.0,17.42,3584.0,8671.0,324.0,16,18.42,1.0,42.0,29.03,45.16,3.23,3.74
1998,John Andretti,33,3,10,0.0,17.94,3682.0,9181.0,137.0,17,15.94,3.0,42.0,9.09,30.3,0.0,1.49
2000,Dick Trickle,6,0,0,0.0,30.83,423.0,1807.0,0.0,0,28.17,23.0,39.0,0.0,0.0,0.0,0.0
2004,Bobby Labonte,36,5,11,0.0,15.75,4277.0,10590.0,41.0,21,16.81,2.0,35.0,13.89,30.56,0.0,0.39
2005,Hermie Sadler,12,0,0,0.0,34.42,717.0,3311.0,0.0,0,37.25,29.0,42.0,0.0,0.0,0.0,0.0
2011,Andy Pilgrim,1,0,0,0.0,26.0,18.0,110.0,0.0,1,43.0,26.0,26.0,0.0,0.0,0.0,0.0
2020,Ty Dillon,36,1,2,0.0,22.0,556.0,9495.0,13.0,14,25.64,3.0,39.0,2.78,5.56,0.0,0.14
2022,Garrett Smithley,6,0,0,0.0,27.67,0.0,1662.0,0.0,2,33.5,21.0,33.0,0.0,0.0,0.0,0.0
1950,Joe Merola,2,0,0,0.0,25.0,,0.0,0.0,0,,21.0,29.0,0.0,0.0,0.0,
1952,Johnny Patterson,5,2,2,0.0,10.4,,1054.0,0.0,0,15.8,2.0,18.0,40.0,40.0,0.0,0.0
1952,Mike Ernest,1,0,0,0.0,15.0,,268.0,0.0,0,21.0,15.0,15.0,0.0,0.0,0.0,0.0
1954,Junie Lancaster,1,0,0,0.0,24.0,,202.0,0.0,0,,24.0,24.0,0.0,0.0,0.0,0.0
1954,Bill Tanner,1,0,0,0.0,61.0,,4.0,0.0,0,,61.0,61.0,0.0,0.0,0.0,0.0
1955,Joe Guide,2,0,0,0.0,18.0,384.0,275.0,0.0,0,23.5,13.0,23.0,0.0,0.0,0.0,0.0
1962,Dick Getty,5,0,2,0.0,13.0,1108.0,525.0,0.0,0,15.8,7.0,18.0,0.0,40.0,0.0,0.0
1974,Jimmy Crawford,4,0,0,0.0,28.0,,559.0,0.0,0,31.0,19.0,36.0,0.0,0.0,0.0,0.0
1979,Kevin Housby,1,0,0,0.0,16.0,115.0,149.0,0.0,0,25.0,16.0,16.0,0.0,0.0,0.0,0.0
2011,Brian Keselowski,1,0,0,0.0,41.0,3.0,28.0,0.0,0,12.0,41.0,41.0,0.0,0.0,0.0,0.0
1954,Jerry Wimbish,1,0,0,0.0,14.0,,92.0,0.0,0,,14.0,14.0,0.0,0.0,0.0,0.0
1965,Walt Hansgen,1,0,1,0.0,6.0,0.0,58.0,0.0,0,17.0,6.0,6.0,0.0,100.0,0.0,0.0
1974,Jack Donohue,2,0,0,0.0,24.0,,333.0,0.0,0,29.0,19.0,29.0,0.0,0.0,0.0,0.0
2019,D.J. Kennington,1,0,0,0.0,32.0,0.0,489.0,0.0,0,35.0,32.0,32.0,0.0,0.0,0.0,0.0
1950,Robert Sprague,1,0,0,0.0,12.0,,,0.0,0,,12.0,12.0,0.0,0.0,0.0,
1955,Tiny Lund,1,0,0,0.0,25.0,24.0,65.0,0.0,0,23.0,25.0,25.0,0.0,0.0,0.0,0.0
1979,Darrell Busham,1,0,0,0.0,24.0,0.0,101.0,0.0,0,24.0,24.0,24.0,0.0,0.0,0.0,0.0
1952,Red Tomlinson,2,0,0,0.0,23.0,,311.0,0.0,0,31.5,18.0,28.0,0.0,0.0,0.0,0.0
1958,Chester Barron,1,0,0,0.0,31.0,,49.0,0.0,0,26.0,31.0,31.0,0.0,0.0,0.0,0.0
1959,Lloyd Dane,2,1,2,0.0,4.5,,578.0,0.0,1,17.5,2.0,7.0,50.0,100.0,0.0,0.0
1962,Buddy Baker,31,5,10,0.0,15.16,9828.0,5454.0,0.0,0,16.77,3.0,37.0,16.13,32.26,0.0,0.0
1963,Paul Clark,4,0,0,0.0,31.75,436.0,470.0,0.0,0,20.5,20.0,44.0,0.0,0.0,0.0,0.0
1970,Jimmy Watson,1,0,0,0.0,14.0,74.0,451.0,0.0,0,27.0,14.0,14.0,0.0,0.0,0.0,0.0
1971,Ron Grable,1,0,0,0.0,23.0,84.0,77.0,0.0,0,33.0,23.0,23.0,0.0,0.0,0.0,0.0
1975,Dick May,9,0,1,0.0,21.89,631.0,1688.0,0.0,0,29.22,8.0,37.0,0.0,11.11,0.0,0.0
1976,D.K. Ulrich,30,0,2,0.0,17.97,3280.0,8489.0,0.0,0,22.0,7.0,38.0,0.0,6.67,0.0,0.0
1977,Earle Canavan,5,0,0,0.0,30.6,301.0,646.0,0.0,0,28.2,23.0,36.0,0.0,0.0,0.0,0.0
1977,Ramo Stott,5,0,0,0.0,25.0,440.0,688.0,0.0,0,20.2,11.0,40.0,0.0,0.0,0.0,0.0
1979,Dave Marcis,25,1,6,0.0,18.48,2736.0,6834.0,20.0,0,15.2,5.0,37.0,4.0,24.0,0.0,0.29
1982,Tommy Gale,26,0,0,0.0,19.81,2698.0,7566.0,1.0,0,29.15,11.0,37.0,0.0,0.0,0.0,0.01
1984,Delma Cowart,2,0,0,0.0,29.0,152.0,533.0,0.0,0,36.5,22.0,36.0,0.0,0.0,0.0,0.0
1987,Greg Sacks,16,0,0,0.0,29.75,1100.0,2705.0,1.0,0,24.25,19.0,42.0,0.0,0.0,0.0,0.04
1990,Dale Earnhardt,29,18,23,9.0,8.03,4430.0,9162.0,2438.0,20,5.86,1.0,34.0,62.07,79.31,31.03,26.61
1996,Geoff Bodine,31,2,6,1.0,20.55,3218.0,8918.0,90.0,9,22.42,1.0,40.0,6.45,19.35,3.23,1.01
1999,Jeremy Mayfield,34,5,12,0.0,18.85,3743.0,9870.0,221.0,12,18.88,2.0,41.0,14.71,35.29,0.0,2.24
1999,Bill Elliott,34,1,2,0.0,22.74,3246.0,9764.0,14.0,8,21.12,5.0,41.0,2.94,5.88,0.0,0.14
2001,Todd Bodine,35,2,2,0.0,26.8,2960.0,9161.0,110.0,8,16.69,5.0,43.0,5.71,5.71,0.0,1.2
2008,Regan Smith,34,0,0,0.0,28.24,2672.0,10328.0,2.0,9,25.76,14.0,42.0,0.0,0.0,0.0,0.02
2008,Ken Schrader,15,0,0,0.0,31.33,1040.0,5136.0,1.0,3,29.8,16.0,42.0,0.0,0.0,0.0,0.02
2010,Travis Kvapil,34,0,0,0.0,29.47,2576.0,9694.0,9.0,6,37.24,18.0,41.0,0.0,0.0,0.0,0.09
2011,Boris Said,2,0,0,0.0,25.0,38.0,202.0,0.0,2,22.5,22.0,28.0,0.0,0.0,0.0,0.0
2012,Bill Elliott,2,0,0,0.0,37.0,14.0,160.0,0.0,0,21.0,37.0,37.0,0.0,0.0,0.0,0.0
2013,Mark Martin,28,1,5,0.0,20.89,649.0,8276.0,98.0,18,18.14,3.0,42.0,3.57,17.86,0.0,1.18
2014,Jamie McMurray,36,7,13,0.0,16.19,1014.0,10225.0,368.0,27,14.5,3.0,42.0,19.44,36.11,0.0,3.6
2016,Aric Almirola,36,0,1,0.0,23.31,638.0,9747.0,1.0,15,23.89,8.0,40.0,0.0,2.78,0.0,0.01
2017,Paul Menard,36,2,3,0.0,19.64,631.0,10405.0,5.0,20,21.67,3.0,36.0,5.56,8.33,0.0,0.05
2021,Garrett Smithley,27,0,0,0.0,31.26,0.0,6535.0,0.0,5,34.15,24.0,36.0,0.0,0.0,0.0,0.0
2024,Josh Berry,36,2,4,0.0,22.72,579.0,9058.0,96.0,17,20.33,3.0,38.0,5.56,11.11,0.0,1.06
2024,Brad Keselowski,36,9,14,1.0,15.61,938.0,9493.0,318.0,29,18.83,1.0,36.0,25.0,38.89,2.78,3.35
1949,Jack Russell,3,0,2,0.0,19.0,,178.0,0.0,0,29.0,7.0,42.0,0.0,66.67,0.0,0.0
1951,Bill Norton,3,2,3,1.0,4.0,,200.0,19.0,1,10.0,1.0,8.0,66.67,100.0,33.33,9.5
1952,Julian Petty,1,0,1,0.0,7.0,,193.0,0.0,0,22.0,7.0,7.0,0.0,100.0,0.0,0.0
1954,Charles Brinkley,2,0,0,0.0,35.0,,319.0,0.0,0,30.0,28.0,42.0,0.0,0.0,0.0,0.0
1955,Bill Gross,3,0,0,0.0,16.33,232.0,352.0,0.0,0,18.5,11.0,21.0,0.0,0.0,0.0,0.0
1957,Junior Johnson,1,0,0,0.0,20.0,,102.0,0.0,0,11.0,20.0,20.0,0.0,0.0,0.0,0.0
1971,Junior Spencer,1,0,0,0.0,26.0,40.0,112.0,0.0,0,8.0,26.0,26.0,0.0,0.0,0.0,0.0
1982,Derrike Cope,1,0,0,0.0,36.0,55.0,42.0,0.0,0,39.0,36.0,36.0,0.0,0.0,0.0,0.0
1990,Mike Potter,3,0,0,0.0,31.0,210.0,463.0,0.0,0,36.0,25.0,38.0,0.0,0.0,0.0,0.0
1992,Randy Baker,1,0,0,0.0,25.0,88.0,459.0,0.0,0,38.0,25.0,25.0,0.0,0.0,0.0,0.0
1997,Tom Hubert,1,0,0,0.0,28.0,79.0,73.0,0.0,0,27.0,28.0,28.0,0.0,0.0,0.0,0.0
1951,Ted Swaim,2,0,0,0.0,28.5,,360.0,0.0,0,28.0,22.0,35.0,0.0,0.0,0.0,0.0
1953,Dick Fellows,1,0,1,0.0,9.0,,,0.0,0,,9.0,9.0,0.0,100.0,0.0,
1961,Marvin Heinis,2,0,0,0.0,22.0,240.0,132.0,0.0,0,20.5,18.0,26.0,0.0,0.0,0.0,0.0
1972,A.J. Cox,1,0,0,0.0,33.0,0.0,2.0,0.0,0,32.0,33.0,33.0,0.0,0.0,0.0,0.0
1973,Pete Hamilton,2,0,0,0.0,39.5,46.0,71.0,0.0,0,6.0,39.0,40.0,0.0,0.0,0.0,0.0
1983,Billie Harvey,1,0,0,0.0,37.0,0.0,1.0,0.0,0,30.0,37.0,37.0,0.0,0.0,0.0,0.0
2004,Johnny Benson Jr.,4,0,0,0.0,31.75,271.0,742.0,0.0,0,32.0,27.0,40.0,0.0,0.0,0.0,0.0
1966,Dan Gurney,1,1,1,1.0,1.0,0.0,185.0,148.0,1,2.0,1.0,1.0,100.0,100.0,100.0,80.0
1974,Eddie Bradshaw,1,0,1,0.0,9.0,,123.0,0.0,0,34.0,9.0,9.0,0.0,100.0,0.0,0.0
1974,Bob Whitlow,1,0,0,0.0,19.0,,183.0,0.0,0,29.0,19.0,19.0,0.0,0.0,0.0,0.0
1987,Mark Martin,1,0,0,0.0,39.0,46.0,68.0,0.0,0,41.0,39.0,39.0,0.0,0.0,0.0,0.0
1951,Andy Pierce,4,0,0,0.0,24.75,,,0.0,0,11.0,18.0,33.0,0.0,0.0,0.0,
1951,Bill Majot,3,0,0,0.0,24.67,,233.0,0.0,0,56.0,11.0,34.0,0.0,0.0,0.0,0.0
1956,Bob Ruppert,2,0,0,0.0,18.5,,164.0,0.0,0,17.0,13.0,24.0,0.0,0.0,0.0,0.0
1956,Bill West,2,0,0,0.0,17.5,,291.0,0.0,0,22.0,14.0,21.0,0.0,0.0,0.0,0.0
1956,Ralph Moody,35,13,21,4.0,12.31,0.0,5258.0,309.0,11,8.12,1.0,57.0,37.14,60.0,11.43,5.88
1957,Larry Frank,4,0,0,0.0,15.25,,1113.0,0.0,0,19.25,13.0,20.0,0.0,0.0,0.0,0.0
1958,Bob Bolheimer,2,0,0,0.0,39.0,80.0,209.0,0.0,0,46.0,34.0,44.0,0.0,0.0,0.0,0.0
1960,Tim Flock,2,0,1,0.0,21.5,890.0,235.0,0.0,0,16.5,9.0,34.0,0.0,50.0,0.0,0.0
1961,Jim Blomgren,4,1,2,0.0,14.25,768.0,401.0,0.0,0,12.33,4.0,24.0,25.0,50.0,0.0,0.0
1965,Jerry Grant,3,0,1,0.0,12.0,2352.0,327.0,0.0,0,17.33,9.0,16.0,0.0,33.33,0.0,0.0
1967,J.T. Putney,29,1,10,0.0,17.66,16448.0,6110.0,0.0,0,20.62,3.0,44.0,3.45,34.48,0.0,0.0
1969,E.J. Trivette,49,0,15,0.0,15.18,2991.0,11113.0,0.0,0,19.96,8.0,36.0,0.0,30.61,0.0,0.0
1973,Darrell Waltrip,19,1,5,0.0,21.32,886.0,3783.0,26.0,0,10.58,2.0,38.0,5.26,26.32,0.0,0.69
1982,James Hylton,14,0,0,0.0,18.29,1514.0,4551.0,0.0,0,29.79,12.0,25.0,0.0,0.0,0.0,0.0
1984,Bobby Allison,30,13,19,2.0,11.9,4094.0,9051.0,1160.0,11,12.03,1.0,36.0,43.33,63.33,6.67,12.82
1984,Ron Bouchard,30,5,10,0.0,15.4,3609.0,9201.0,111.0,3,12.6,2.0,35.0,16.67,33.33,0.0,1.21
1992,Buddy Baker,3,0,0,0.0,26.0,255.0,547.0,0.0,0,32.33,11.0,36.0,0.0,0.0,0.0,0.0
1993,Darrell Waltrip,30,4,10,0.0,16.83,3479.0,9194.0,151.0,13,21.57,3.0,37.0,13.33,33.33,0.0,1.64
1994,Phil Parsons,3,0,0,0.0,27.33,243.0,757.0,0.0,0,32.33,15.0,36.0,0.0,0.0,0.0,0.0
1999,Jerry Nadeau,34,1,2,0.0,28.15,2686.0,9476.0,9.0,3,21.06,5.0,43.0,2.94,5.88,0.0,0.09
2011,Dave Blaney,35,1,1,0.0,29.66,508.0,9402.0,28.0,5,36.06,3.0,43.0,2.86,2.86,0.0,0.3
2014,Reed Sorenson,36,0,0,0.0,29.78,516.0,9856.0,7.0,5,35.28,14.0,42.0,0.0,0.0,0.0,0.07
2017,Landon Cassill,36,0,0,0.0,26.47,382.0,9815.0,12.0,5,29.36,16.0,39.0,0.0,0.0,0.0,0.12
2019,Cody Ware,13,0,0,0.0,34.77,0.0,2465.0,0.0,0,34.54,28.0,40.0,0.0,0.0,0.0,0.0
2021,Timmy Hill,13,0,0,0.0,33.77,0.0,1868.0,0.0,1,38.0,27.0,38.0,0.0,0.0,0.0,0.0
2022,B.J. McLeod,29,0,1,0.0,29.14,0.0,6986.0,8.0,4,34.24,7.0,36.0,0.0,3.45,0.0,0.11
1962,Bobby Johns,13,2,3,1.0,20.15,5670.0,2745.0,614.0,1,7.23,1.0,31.0,15.38,23.08,7.69,22.37
1964,Dan Gurney,4,1,2,1.0,15.25,0.0,433.0,142.0,1,11.25,1.0,36.0,25.0,50.0,25.0,32.79
1985,Rick Wilson,2,0,0,0.0,23.5,109.0,432.0,0.0,0,31.5,18.0,29.0,0.0,0.0,0.0,0.0
2012,Austin Dillon,1,0,0,0.0,24.0,0.0,198.0,0.0,0,22.0,24.0,24.0,0.0,0.0,0.0,0.0
1957,Lamoine Frey,3,0,2,0.0,13.33,,330.0,0.0,0,12.0,7.0,24.0,0.0,66.67,0.0,0.0
1964,Bruce Worrell,1,0,0,0.0,16.0,1300.0,161.0,0.0,0,38.0,16.0,16.0,0.0,0.0,0.0,0.0
1949,Frankie Schneider,1,0,1,0.0,6.0,,,0.0,0,,6.0,6.0,0.0,100.0,0.0,
1965,Jack Goodwin,1,0,0,0.0,28.0,16.0,0.0,0.0,0,28.0,28.0,28.0,0.0,0.0,0.0,
1979,Steve Gray,1,0,0,0.0,39.0,46.0,1.0,0.0,0,30.0,39.0,39.0,0.0,0.0,0.0,0.0
1998,Dan Pardus,1,0,0,0.0,36.0,55.0,99.0,0.0,0,26.0,36.0,36.0,0.0,0.0,0.0,0.0
1950,Weldon Adams,4,2,3,0.0,7.25,,560.0,0.0,0,35.33,3.0,15.0,50.0,75.0,0.0,0.0
1951,Weldon Adams,11,0,2,0.0,22.55,,246.0,0.0,0,23.13,6.0,73.0,0.0,18.18,0.0,0.0
1952,Bill Blair,19,10,13,1.0,10.26,,2427.0,120.0,5,10.44,1.0,44.0,52.63,68.42,5.26,4.94
1957,Ben Eyerly,1,0,0,0.0,21.0,,41.0,0.0,0,21.0,21.0,21.0,0.0,0.0,0.0,0.0
1957,Jimmie Lewallen,7,0,0,0.0,16.71,,895.0,0.0,0,11.0,14.0,20.0,0.0,0.0,0.0,0.0
1958,Dick Walters,4,0,0,0.0,17.0,56.0,305.0,0.0,0,20.25,14.0,19.0,0.0,0.0,0.0,0.0
1966,Rene Charland,5,1,1,0.0,25.0,794.0,452.0,0.0,0,22.6,3.0,50.0,20.0,20.0,0.0,0.0
1967,Red Farmer,4,0,0,0.0,24.5,2546.0,610.0,7.0,0,24.0,11.0,42.0,0.0,0.0,0.0,1.15
1970,David Pearson,19,9,11,1.0,12.79,1716.0,4210.0,580.0,4,5.79,1.0,39.0,47.37,57.89,5.26,13.78
1971,Mike Kittlekow,1,0,0,0.0,31.0,60.0,38.0,0.0,0,38.0,31.0,31.0,0.0,0.0,0.0,0.0
1971,G.C. Spencer,17,2,6,0.0,20.24,1008.0,3325.0,12.0,0,14.82,5.0,36.0,11.76,35.29,0.0,0.36
1975,Frank Warren,28,0,0,0.0,16.86,3148.0,8225.0,0.0,0,22.18,12.0,26.0,0.0,0.0,0.0,0.0
1978,Bobby Allison,30,14,22,5.0,9.4,4367.0,9284.0,1046.0,9,6.87,1.0,38.0,46.67,73.33,16.67,11.27
1988,Ron Esau,2,0,0,0.0,28.5,100.0,231.0,0.0,1,32.5,21.0,36.0,0.0,0.0,0.0,0.0
1988,Donnie Allison,1,0,0,0.0,35.0,58.0,114.0,0.0,0,41.0,35.0,35.0,0.0,0.0,0.0,0.0
1992,Brett Bodine,29,2,13,0.0,15.41,3491.0,8581.0,237.0,10,8.07,3.0,41.0,6.9,44.83,0.0,2.76
1992,Jimmy Horton,9,0,0,0.0,29.89,660.0,2166.0,0.0,0,32.89,22.0,38.0,0.0,0.0,0.0,0.0
1998,Michael Waltrip,32,0,5,0.0,20.0,3340.0,9519.0,14.0,9,26.31,9.0,40.0,0.0,15.63,0.0,0.15
1998,Dave Marcis,13,0,0,0.0,30.38,949.0,3378.0,13.0,2,32.31,12.0,43.0,0.0,0.0,0.0,0.38
2005,Boris Said,9,1,1,0.0,25.44,791.0,1710.0,0.0,3,25.78,3.0,35.0,11.11,11.11,0.0,0.0
2006,Brandon Whitt,1,0,0,0.0,43.0,34.0,123.0,0.0,0,37.0,43.0,43.0,0.0,0.0,0.0,0.0
2007,Jamie McMurray,36,3,9,1.0,22.17,3556.0,10087.0,69.0,17,20.83,1.0,41.0,8.33,25.0,2.78,0.68
2008,Tony Raines,11,0,0,0.0,30.09,800.0,3289.0,0.0,1,28.91,17.0,40.0,0.0,0.0,0.0,0.0
2011,Marcos Ambrose,36,5,12,1.0,18.28,936.0,10212.0,49.0,22,17.53,1.0,39.0,13.89,33.33,2.78,0.48
2018,William Byron,36,0,4,0.0,22.08,587.0,9352.0,61.0,13,17.67,6.0,39.0,0.0,11.11,0.0,0.65
2022,Ross Chastain,36,15,21,2.0,13.25,1101.0,9052.0,692.0,25,14.42,1.0,40.0,41.67,58.33,5.56,7.64
2024,Ryan Preece,36,1,5,0.0,20.89,619.0,9232.0,2.0,22,25.78,4.0,39.0,2.78,13.89,0.0,0.02
2024,Josh Williams,2,0,0,0.0,32.0,0.0,415.0,0.0,0,31.5,27.0,37.0,0.0,0.0,0.0,0.0
2024,Josh Bilicki,4,0,0,0.0,32.0,0.0,765.0,0.0,2,37.25,28.0,37.0,0.0,0.0,0.0,0.0
1952,Buck McCardell,3,0,0,0.0,30.0,,49.0,0.0,0,12.67,20.0,37.0,0.0,0.0,0.0,0.0
1954,Bob Havemann,2,0,1,0.0,9.5,,694.0,0.0,0,14.0,8.0,11.0,0.0,50.0,0.0,0.0
1957,Walt James,1,0,0,0.0,30.0,,14.0,0.0,0,28.0,30.0,30.0,0.0,0.0,0.0,0.0
1976,Larry Phillips,1,0,0,0.0,13.0,0.0,188.0,0.0,0,24.0,13.0,13.0,0.0,0.0,0.0,0.0
1977,Earl Brooks,6,0,0,0.0,23.67,552.0,1260.0,0.0,0,29.83,17.0,25.0,0.0,0.0,0.0,0.0
1979,Mike Potter,4,0,0,0.0,24.0,209.0,1021.0,0.0,0,27.75,16.0,35.0,0.0,0.0,0.0,0.0
1985,Phil Barkdoll,2,0,0,0.0,28.5,155.0,200.0,0.0,0,30.0,22.0,35.0,0.0,0.0,0.0,0.0
2011,Bill Elliott,5,0,0,0.0,24.0,100.0,1460.0,0.0,2,35.8,12.0,30.0,0.0,0.0,0.0,0.0
1952,Bob Shaw,1,0,0,0.0,21.0,,112.0,0.0,0,29.0,21.0,21.0,0.0,0.0,0.0,0.0
1954,Andy Winfree,3,0,1,0.0,14.67,,301.0,0.0,0,,8.0,24.0,0.0,33.33,0.0,0.0
1963,Jack Deniston,1,0,0,0.0,12.0,224.0,187.0,0.0,0,18.0,12.0,12.0,0.0,0.0,0.0,0.0
1972,Max Berrier,1,0,0,0.0,18.0,0.0,349.0,0.0,0,7.0,18.0,18.0,0.0,0.0,0.0,0.0
1974,Terry Link,2,0,0,0.0,40.0,,146.0,0.0,0,31.5,37.0,43.0,0.0,0.0,0.0,0.0
1976,Don Reynolds,1,0,0,0.0,18.0,109.0,83.0,0.0,0,31.0,18.0,18.0,0.0,0.0,0.0,0.0
1976,Ernie Stierly,1,0,0,0.0,33.0,64.0,21.0,0.0,0,32.0,33.0,33.0,0.0,0.0,0.0,0.0
1985,Edward Cooper,1,0,0,0.0,36.0,55.0,7.0,0.0,0,35.0,36.0,36.0,0.0,0.0,0.0,0.0
1987,Irv Hoerr,1,0,0,0.0,22.0,0.0,114.0,0.0,0,18.0,22.0,22.0,0.0,0.0,0.0,0.0
1996,Jack Sprague,2,0,0,0.0,32.5,136.0,333.0,2.0,0,23.0,23.0,42.0,0.0,0.0,0.0,0.6
2002,Robert Pressley,1,0,0,0.0,22.0,97.0,190.0,0.0,0,31.0,22.0,22.0,0.0,0.0,0.0,0.0
1952,Dick Stacey,1,0,0,0.0,22.0,,175.0,0.0,0,43.0,22.0,22.0,0.0,0.0,0.0,0.0
1954,J. Christopher,1,0,0,0.0,39.0,,23.0,0.0,0,,39.0,39.0,0.0,0.0,0.0,0.0
1954,Ken Kiser,1,0,0,0.0,18.0,,164.0,0.0,0,,18.0,18.0,0.0,0.0,0.0,0.0
1980,Ferrel Harris,2,0,0,0.0,30.0,0.0,359.0,0.0,0,29.5,20.0,40.0,0.0,0.0,0.0,0.0
1985,Rick Baldwin,2,0,0,0.0,25.5,173.0,458.0,0.0,0,34.0,23.0,28.0,0.0,0.0,0.0,0.0
2005,Brian Simo,1,0,1,0.0,10.0,134.0,110.0,0.0,1,22.0,10.0,10.0,0.0,100.0,0.0,0.0
1950,Ray Erickson,2,0,0,0.0,21.0,,137.0,31.0,0,11.0,18.0,24.0,0.0,0.0,0.0,22.63
1950,Bob Smith,2,0,0,0.0,31.5,,419.0,0.0,0,20.0,21.0,42.0,0.0,0.0,0.0,0.0
1956,Bill Champion,14,0,4,0.0,15.86,,2297.0,0.0,0,14.79,6.0,27.0,0.0,28.57,0.0,0.0
1959,Bob Hundley,1,0,0,0.0,13.0,,141.0,0.0,0,20.0,13.0,13.0,0.0,0.0,0.0,0.0
1960,Red Farmer,2,0,0,0.0,38.0,120.0,103.0,0.0,0,37.5,20.0,56.0,0.0,0.0,0.0,0.0
1962,Jim Reed,4,1,1,0.0,19.25,712.0,919.0,0.0,0,11.75,5.0,29.0,25.0,25.0,0.0,0.0
1963,Jerome Warren,5,0,0,0.0,27.2,294.0,171.0,0.0,0,26.8,18.0,35.0,0.0,0.0,0.0,0.0
1967,Buddy Arrington,15,1,5,0.0,17.0,9768.0,3072.0,0.0,0,21.4,5.0,39.0,6.67,33.33,0.0,0.0
1974,Dean Dalton,14,0,0,0.0,24.43,,2414.0,6.0,0,21.14,12.0,49.0,0.0,0.0,0.0,0.25
1982,Dale Earnhardt,30,7,12,1.0,18.8,3402.0,7208.0,1062.0,6,10.6,1.0,42.0,23.33,40.0,3.33,14.73
1983,D.K. Ulrich,22,0,2,0.0,18.0,2400.0,6983.0,0.0,0,28.14,10.0,33.0,0.0,9.09,0.0,0.0
1985,Lennie Pond,12,0,0,0.0,21.42,1107.0,2831.0,3.0,0,28.5,13.0,39.0,0.0,0.0,0.0,0.11
1985,Ron Bouchard,28,5,12,0.0,16.61,3267.0,7723.0,77.0,4,13.89,2.0,38.0,17.86,42.86,0.0,1.0
1986,Bobby Wawak,6,0,0,0.0,27.67,480.0,1270.0,0.0,0,35.5,19.0,38.0,0.0,0.0,0.0,0.0
1987,Buddy Arrington,20,0,0,0.0,20.95,2003.0,5746.0,0.0,0,29.45,11.0,37.0,0.0,0.0,0.0,0.0
1988,Dale Jarrett,29,0,1,0.0,24.34,2622.0,6556.0,5.0,4,24.48,8.0,41.0,0.0,3.45,0.0,0.08
1990,Geoff Bodine,29,11,19,3.0,11.38,4017.0,8852.0,976.0,17,8.14,1.0,36.0,37.93,65.52,10.34,11.03
1992,Johnny McFadden,5,0,0,0.0,39.0,230.0,37.0,0.0,0,38.0,37.0,40.0,0.0,0.0,0.0,0.0
1997,Ernie Irvan,32,5,13,1.0,19.16,3534.0,8757.0,439.0,15,19.09,1.0,41.0,15.63,40.63,3.13,5.01
2000,Robby Gordon,17,1,2,0.0,29.18,1309.0,3933.0,14.0,4,29.88,4.0,41.0,5.88,11.76,0.0,0.36
2000,Robert Pressley,34,1,1,0.0,24.65,3055.0,9183.0,14.0,8,25.24,5.0,43.0,2.94,2.94,0.0,0.15
2001,Ron Hornaday Jr.,32,0,1,0.0,30.5,2305.0,8659.0,29.0,6,27.5,9.0,42.0,0.0,3.13,0.0,0.33
2004,Michael Waltrip,36,2,9,0.0,19.25,3878.0,10179.0,192.0,20,20.22,2.0,38.0,5.56,25.0,0.0,1.89
2004,Larry Gunselman,5,0,0,0.0,37.8,248.0,454.0,0.0,0,41.2,33.0,43.0,0.0,0.0,0.0,0.0
2010,Max Papis,18,0,0,0.0,36.61,957.0,2433.0,0.0,1,32.44,22.0,43.0,0.0,0.0,0.0,0.0
2015,Ryan Preece,5,0,0,0.0,37.0,35.0,1463.0,0.0,0,40.0,32.0,42.0,0.0,0.0,0.0,0.0
2017,Ricky Stenhouse Jr.,36,4,9,2.0,17.08,766.0,9979.0,56.0,24,15.94,1.0,39.0,11.11,25.0,5.56,0.56
2024,Denny Hamlin,36,12,18,3.0,13.89,1135.0,9488.0,943.0,30,11.75,1.0,38.0,33.33,50.0,8.33,9.94
2025,Shane van Gisbergen,36,5,7,5.0,21.0,674.0,8897.0,312.0,20,21.92,1.0,38.0,13.89,19.44,13.89,3.51
1951,Sammy Packard,2,0,0,0.0,25.0,,,0.0,0,10.0,25.0,25.0,0.0,0.0,0.0,
1955,Jim Cramblitt,2,0,0,0.0,19.5,116.0,200.0,0.0,0,27.0,13.0,26.0,0.0,0.0,0.0,0.0
1958,Volney Schulze,7,0,0,0.0,16.57,576.0,845.0,0.0,0,19.71,12.0,25.0,0.0,0.0,0.0,0.0
1959,Mike Price,1,0,0,0.0,30.0,,72.0,0.0,0,23.0,30.0,30.0,0.0,0.0,0.0,0.0
1965,Arthur Page,1,0,0,0.0,17.0,144.0,43.0,0.0,0,16.0,17.0,17.0,0.0,0.0,0.0,0.0
1965,Roy Mayne,13,1,5,0.0,15.54,8710.0,2430.0,0.0,0,24.31,4.0,31.0,7.69,38.46,0.0,0.0
1969,Jim Lineberger,1,0,0,0.0,34.0,51.0,131.0,0.0,0,37.0,34.0,34.0,0.0,0.0,0.0,0.0
1971,Bobby Brack,5,0,0,0.0,23.4,297.0,946.0,0.0,0,32.0,12.0,33.0,0.0,0.0,0.0,0.0
1974,Johnny Rutherford,3,0,0,0.0,29.0,,325.0,2.0,0,23.67,24.0,39.0,0.0,0.0,0.0,0.62
1974,Joe Frasson,14,0,3,0.0,24.64,,2141.0,13.0,0,22.71,7.0,42.0,0.0,21.43,0.0,0.61
1976,Don Puskarich,3,0,0,0.0,21.0,300.0,343.0,0.0,0,29.33,15.0,27.0,0.0,0.0,0.0,0.0
2005,Jerry Robertson,1,0,0,0.0,41.0,40.0,51.0,0.0,0,43.0,41.0,41.0,0.0,0.0,0.0,0.0
2017,Justin Marks,1,0,0,0.0,40.0,0.0,16.0,0.0,0,31.0,40.0,40.0,0.0,0.0,0.0,0.0
1956,Frank Edwards,1,0,0,0.0,12.0,,182.0,0.0,0,23.0,12.0,12.0,0.0,0.0,0.0,0.0
1972,Sam Stanley,1,0,0,0.0,34.0,34.0,17.0,0.0,0,26.0,34.0,34.0,0.0,0.0,0.0,0.0
1963,Johnny Sudderth,1,0,0,0.0,45.0,0.0,16.0,0.0,0,26.0,45.0,45.0,0.0,0.0,0.0,0.0
1971,Speedy Thompson,1,0,0,0.0,16.0,0.0,376.0,0.0,0,9.0,16.0,16.0,0.0,0.0,0.0,0.0
1973,Maynard Troyer,1,0,0,0.0,23.0,56.0,150.0,0.0,0,21.0,23.0,23.0,0.0,0.0,0.0,0.0
1977,Phil Finney,1,0,0,0.0,35.0,58.0,148.0,0.0,0,35.0,35.0,35.0,0.0,0.0,0.0,0.0
1988,Randy Baker,1,0,0,0.0,36.0,55.0,135.0,0.0,0,37.0,36.0,36.0,0.0,0.0,0.0,0.0
2011,Jeff Green,1,0,0,0.0,43.0,0.0,11.0,0.0,0,36.0,43.0,43.0,0.0,0.0,0.0,0.0
1950,George Hartley,8,0,2,0.0,13.63,,371.0,0.0,0,22.5,6.0,29.0,0.0,25.0,0.0,0.0
1951,Bud Erb,3,0,0,0.0,18.33,,,0.0,0,11.0,13.0,24.0,0.0,0.0,0.0,
1952,Herb Thomas,32,19,22,8.0,8.28,0.0,5134.0,863.0,14,4.19,1.0,37.0,59.38,68.75,25.0,16.81
1953,Gordon Bracken,6,0,1,0.0,19.67,,221.0,0.0,0,23.0,10.0,30.0,0.0,16.67,0.0,0.0
1954,Red Duvall,1,0,0,0.0,25.0,,49.0,0.0,0,,25.0,25.0,0.0,0.0,0.0,0.0
1956,Jim Sills,1,0,0,0.0,11.0,,76.0,0.0,0,23.0,11.0,11.0,0.0,0.0,0.0,0.0
1958,Bill Benson,5,0,0,0.0,20.4,352.0,549.0,0.0,0,22.75,16.0,33.0,0.0,0.0,0.0,0.0
1960,Darrell Dake,2,0,1,0.0,11.0,1400.0,235.0,0.0,1,12.0,6.0,16.0,0.0,50.0,0.0,0.0
1966,Bob Derrington,11,0,1,0.0,23.09,4122.0,1155.0,0.0,0,27.55,10.0,48.0,0.0,9.09,0.0,0.0
1969,Ray Elder,4,0,4,0.0,7.75,433.0,642.0,0.0,0,11.25,6.0,10.0,0.0,100.0,0.0,0.0
1970,James Cox,7,0,0,0.0,26.86,154.0,318.0,0.0,0,27.0,23.0,34.0,0.0,0.0,0.0,0.0
1972,Neil Castles,21,0,1,0.0,27.38,986.0,4075.0,0.0,0,25.71,10.0,48.0,0.0,4.76,0.0,0.0
1973,G.C. Spencer,10,0,1,0.0,27.0,480.0,1459.0,0.0,0,18.5,8.0,41.0,0.0,10.0,0.0,0.0
1974,Jimmy Hensley,2,0,1,0.0,12.5,,668.0,9.0,0,4.5,6.0,19.0,0.0,50.0,0.0,1.35
1983,Benny Parsons,16,4,5,0.0,18.94,1657.0,2847.0,115.0,3,8.94,2.0,42.0,25.0,31.25,0.0,4.04
1983,Ken Ragan,8,0,0,0.0,19.5,836.0,1984.0,0.0,0,30.5,12.0,38.0,0.0,0.0,0.0,0.0
1983,Bobby Gerhart,2,0,0,0.0,36.0,110.0,69.0,0.0,0,29.5,34.0,38.0,0.0,0.0,0.0,0.0
1990,Dale Jarrett,24,1,7,0.0,19.42,2558.0,6801.0,73.0,4,15.17,4.0,39.0,4.17,29.17,0.0,1.07
1995,Robert Pressley,31,0,1,0.0,25.87,2663.0,8191.0,37.0,3,20.71,10.0,42.0,0.0,3.23,0.0,0.45
1996,Bobby Labonte,31,5,14,1.0,17.35,3590.0,8916.0,337.0,12,11.77,1.0,41.0,16.13,45.16,3.23,3.78
2001,Ricky Rudd,36,14,22,2.0,13.17,4706.0,10536.0,569.0,26,13.08,1.0,42.0,38.89,61.11,5.56,5.4
2004,Jeremy Mayfield,36,5,13,1.0,16.89,4183.0,10393.0,387.0,21,12.53,1.0,38.0,13.89,36.11,2.78,3.72
2006,Mike Bliss,6,0,0,0.0,32.83,387.0,1310.0,0.0,0,27.0,23.0,42.0,0.0,0.0,0.0,0.0
2014,Kyle Busch,36,9,15,1.0,17.58,969.0,9882.0,453.0,25,13.14,1.0,42.0,25.0,41.67,2.78,4.58
2018,David Ragan,36,0,1,0.0,22.89,520.0,9882.0,0.0,8,24.17,6.0,39.0,0.0,2.78,0.0,0.0
2019,William Byron,36,5,13,0.0,14.89,991.0,10149.0,233.0,23,12.42,2.0,39.0,13.89,36.11,0.0,2.3
2020,Cole Custer,36,2,7,1.0,19.22,667.0,9364.0,5.0,22,19.83,1.0,39.0,5.56,19.44,2.78,0.05
2023,Ty Dillon,36,0,0,0.0,27.47,364.0,8331.0,11.0,15,31.92,11.0,40.0,0.0,0.0,0.0,0.13
1951,Chuck Stimus,1,0,1,0.0,7.0,,,0.0,0,,7.0,7.0,0.0,100.0,0.0,
1951,Cal Johnson,2,0,2,0.0,8.5,,,0.0,0,19.0,7.0,10.0,0.0,100.0,0.0,
1954,Johnny Patterson,4,1,1,0.0,26.5,,582.0,0.0,0,18.5,4.0,49.0,25.0,25.0,0.0,0.0
1954,Bud Chaddock,1,0,0,0.0,38.0,,66.0,0.0,0,,38.0,38.0,0.0,0.0,0.0,0.0
1956,Bill Poor,1,0,0,0.0,17.0,,364.0,0.0,0,30.0,17.0,17.0,0.0,0.0,0.0,0.0
1979,Jerry Jolly,1,0,0,0.0,22.0,97.0,99.0,0.0,0,32.0,22.0,22.0,0.0,0.0,0.0,0.0
1981,H.B. Bailey,4,0,0,0.0,26.75,288.0,605.0,0.0,0,31.0,15.0,40.0,0.0,0.0,0.0,0.0
1983,Sumner McKnight,2,0,0,0.0,17.0,224.0,204.0,0.0,0,36.0,15.0,19.0,0.0,0.0,0.0,0.0
2006,Morgan Shepherd,2,0,0,0.0,42.5,71.0,79.0,0.0,0,42.0,42.0,43.0,0.0,0.0,0.0,0.0
2016,Patrick Carpentier,2,0,0,0.0,35.5,11.0,272.0,0.0,0,37.0,34.0,37.0,0.0,0.0,0.0,0.0
2018,Blake Jones,3,0,0,0.0,30.0,21.0,968.0,0.0,0,38.67,27.0,33.0,0.0,0.0,0.0,0.0
1960,Al White,2,0,1,0.0,8.5,0.0,643.0,0.0,0,19.5,6.0,11.0,0.0,50.0,0.0,0.0
1965,Billy DeCoster,2,0,1,0.0,13.5,1712.0,253.0,0.0,0,11.5,10.0,17.0,0.0,50.0,0.0,0.0
1967,Dan Gurney,1,0,0,0.0,14.0,0.0,143.0,36.0,0,3.0,14.0,14.0,0.0,0.0,0.0,25.17
1981,Blackie Wangerin,1,0,0,0.0,42.0,37.0,17.0,0.0,0,30.0,42.0,42.0,0.0,0.0,0.0,0.0
2017,Regan Smith,2,0,0,0.0,28.0,0.0,728.0,0.0,0,27.5,22.0,34.0,0.0,0.0,0.0,0.0
1951,Jim Hart,1,0,0,0.0,16.0,,,0.0,0,,16.0,16.0,0.0,0.0,0.0,
1953,Ernie Weidler,1,0,0,0.0,18.0,,,0.0,0,,18.0,18.0,0.0,0.0,0.0,
1959,Clarence DeZalia,1,0,0,0.0,18.0,104.0,136.0,0.0,0,20.0,18.0,18.0,0.0,0.0,0.0,0.0
1959,Shorty York,1,0,0,0.0,12.0,,185.0,0.0,0,13.0,12.0,12.0,0.0,0.0,0.0,0.0
1965,Darrell Bryant,3,0,0,0.0,20.67,430.0,392.0,0.0,0,25.0,15.0,26.0,0.0,0.0,0.0,0.0
1951,Bill Stickler,3,0,0,0.0,21.0,,,0.0,0,17.0,12.0,35.0,0.0,0.0,0.0,
1951,Dick Linder,10,0,2,0.0,20.9,,21.0,0.0,0,6.5,10.0,39.0,0.0,20.0,0.0,0.0
1957,Tom Pistone,2,1,1,0.0,8.0,,588.0,0.0,1,6.0,3.0,13.0,50.0,50.0,0.0,0.0
1959,Jack Austin,1,0,0,0.0,15.0,,54.0,0.0,0,11.0,15.0,15.0,0.0,0.0,0.0,0.0
1962,Junior Johnson,23,7,8,1.0,17.57,11140.0,3663.0,648.0,4,6.09,1.0,38.0,30.43,34.78,4.35,17.69
1962,LeeRoy Yarbrough,12,1,1,0.0,24.17,4240.0,1478.0,0.0,0,19.42,5.0,43.0,8.33,8.33,0.0,0.0
1963,Larry Frank,11,2,2,0.0,15.73,6078.0,2397.0,5.0,1,13.82,3.0,26.0,18.18,18.18,0.0,0.21
1964,Darel Dieringer,27,6,13,1.0,13.44,19972.0,5662.0,238.0,2,8.3,1.0,31.0,22.22,48.15,3.7,4.2
1965,Nat Reeder,1,0,0,0.0,13.0,1600.0,160.0,0.0,0,39.0,13.0,13.0,0.0,0.0,0.0,0.0
1965,Fred Lorenzen,17,5,6,4.0,15.12,18448.0,3677.0,981.0,5,3.47,1.0,31.0,29.41,35.29,23.53,26.68
1965,Billy Cantrell,1,0,0,0.0,39.0,0.0,2.0,0.0,0,24.0,39.0,39.0,0.0,0.0,0.0,0.0
1966,Clyde Lynn,40,1,15,0.0,14.65,14648.0,9383.0,0.0,0,20.38,2.0,41.0,2.5,37.5,0.0,0.0
1973,Benny Parsons,28,15,21,1.0,10.07,2317.0,9311.0,10.0,1,7.71,1.0,38.0,53.57,75.0,3.57,0.11
1976,Bobby Isaac,2,0,1,0.0,22.0,49.0,512.0,0.0,0,23.5,6.0,38.0,0.0,50.0,0.0,0.0
1978,Buddy Arrington,30,1,7,0.0,14.27,3626.0,9580.0,0.0,0,23.27,5.0,35.0,3.33,23.33,0.0,0.0
1981,Richard Childress,21,1,1,0.0,19.95,2144.0,5218.0,16.0,1,18.19,4.0,39.0,4.76,4.76,0.0,0.31
1988,Rusty Wallace,29,19,23,6.0,7.07,4464.0,9222.0,907.0,21,8.17,1.0,35.0,65.52,79.31,20.69,9.84
1991,Irv Hoerr,3,0,0,0.0,31.0,210.0,243.0,0.0,0,21.0,19.0,38.0,0.0,0.0,0.0,0.0
1994,Chuck Bown,13,0,1,0.0,23.38,1211.0,3714.0,0.0,1,22.15,7.0,41.0,0.0,7.69,0.0,0.0
2004,Greg Sacks,3,0,0,0.0,41.67,114.0,32.0,0.0,0,36.33,41.0,42.0,0.0,0.0,0.0,0.0
2006,Terry Labonte,17,1,1,0.0,29.29,1303.0,4450.0,23.0,4,35.71,3.0,43.0,5.88,5.88,0.0,0.52
2015,Alex Bowman,35,0,0,0.0,31.6,436.0,9212.0,3.0,5,34.37,16.0,43.0,0.0,0.0,0.0,0.03
2016,Kasey Kahne,36,3,13,0.0,15.64,913.0,10355.0,0.0,26,16.94,3.0,39.0,8.33,36.11,0.0,0.0
2017,Ray Black Jr.,3,0,0,0.0,37.33,0.0,605.0,0.0,0,36.33,34.0,40.0,0.0,0.0,0.0,0.0
2024,Daniel Suarez,36,4,9,1.0,17.86,761.0,9595.0,209.0,26,20.69,1.0,40.0,11.11,25.0,2.78,2.18
1951,Bill Remaly,1,0,0,0.0,29.0,,80.0,0.0,0,,29.0,29.0,0.0,0.0,0.0,0.0
1956,Bill Bade,1,0,0,0.0,22.0,,214.0,0.0,0,24.0,22.0,22.0,0.0,0.0,0.0,0.0
1957,Ed Brown,1,0,0,0.0,17.0,,52.0,0.0,0,17.0,17.0,17.0,0.0,0.0,0.0,0.0
1963,Joel Davis,3,0,0,0.0,16.0,480.0,280.0,0.0,0,15.67,12.0,20.0,0.0,0.0,0.0,0.0
1966,Larry Frank,2,0,2,0.0,9.5,3738.0,232.0,0.0,1,14.0,9.0,10.0,0.0,100.0,0.0,0.0
1967,Jerry Grant,4,1,1,0.0,22.5,34.0,313.0,0.0,0,18.5,5.0,31.0,25.0,25.0,0.0,0.0
1969,Swede Savage,4,1,2,0.0,16.75,0.0,924.0,0.0,1,17.75,5.0,36.0,25.0,50.0,0.0,0.0
2023,Brennan Poole,7,0,0,0.0,32.71,0.0,1224.0,0.0,0,33.29,28.0,39.0,0.0,0.0,0.0,0.0
1967,Mario Andretti,6,1,3,1.0,14.83,0.0,867.0,137.0,2,13.33,1.0,27.0,16.67,50.0,16.67,15.8
1979,Hal Callentine,2,0,0,0.0,17.5,94.0,279.0,0.0,0,27.5,12.0,23.0,0.0,0.0,0.0,0.0
1951,Tom Jerris,1,1,1,0.0,5.0,,,0.0,0,,5.0,5.0,100.0,100.0,0.0,
1957,Cale Yarborough,1,0,0,0.0,42.0,,31.0,0.0,0,44.0,42.0,42.0,0.0,0.0,0.0,0.0
1962,Ken Rush,1,0,0,0.0,18.0,256.0,463.0,0.0,0,31.0,18.0,18.0,0.0,0.0,0.0,0.0
1964,Frank Warren,2,0,0,0.0,13.0,1509.0,266.0,0.0,0,14.5,13.0,13.0,0.0,0.0,0.0,0.0
1972,John Hren,1,0,0,0.0,29.0,44.0,45.0,0.0,0,39.0,29.0,29.0,0.0,0.0,0.0,0.0
1977,Bill Osborne,1,0,0,0.0,23.0,0.0,188.0,0.0,0,31.0,23.0,23.0,0.0,0.0,0.0,0.0
1951,Bob Moore,2,0,0,0.0,29.5,,,0.0,0,,27.0,32.0,0.0,0.0,0.0,
1957,E.J. Brewer,1,0,0,0.0,13.0,,138.0,0.0,0,17.0,13.0,13.0,0.0,0.0,0.0,0.0
1965,Earl Brooks,1,0,0,0.0,24.0,32.0,0.0,0.0,0,18.0,24.0,24.0,0.0,0.0,0.0,
2002,Tom Hubert,1,0,0,0.0,24.0,91.0,90.0,0.0,1,40.0,24.0,24.0,0.0,0.0,0.0,0.0
2004,Austin Cameron,1,0,0,0.0,38.0,49.0,78.0,0.0,0,32.0,38.0,38.0,0.0,0.0,0.0,0.0
1950,Pee Wee Martin,2,0,0,0.0,21.0,,344.0,12.0,0,30.0,12.0,30.0,0.0,0.0,0.0,3.49
1952,Harold Wright,1,0,0,0.0,13.0,,162.0,0.0,0,11.0,13.0,13.0,0.0,0.0,0.0,0.0
1953,Nick Nicolette,2,0,0,0.0,26.0,,,0.0,0,20.0,20.0,32.0,0.0,0.0,0.0,
1956,Leroy DeShields,1,0,0,0.0,25.0,,75.0,0.0,0,28.0,25.0,25.0,0.0,0.0,0.0,0.0
1957,Johnny Dodson,4,0,1,0.0,14.75,,404.0,0.0,0,15.67,10.0,22.0,0.0,25.0,0.0,0.0
1959,Bob Potter,2,0,0,0.0,43.5,88.0,46.0,0.0,0,35.0,34.0,53.0,0.0,0.0,0.0,0.0
1959,Owen Loggins,1,0,0,0.0,14.0,,57.0,0.0,0,6.0,14.0,14.0,0.0,0.0,0.0,0.0
1960,Jim Cook,3,1,1,1.0,12.33,2178.0,560.0,1.0,1,22.0,1.0,21.0,33.33,33.33,33.33,0.18
1964,Bill Widenhouse,1,0,0,0.0,16.0,160.0,153.0,0.0,0,15.0,16.0,16.0,0.0,0.0,0.0,0.0
1964,Earl Brooks,29,0,8,0.0,16.38,4820.0,3988.0,0.0,0,20.0,6.0,29.0,0.0,27.59,0.0,0.0
1968,George Davis,6,0,1,0.0,27.33,249.0,576.0,0.0,0,23.67,7.0,40.0,0.0,16.67,0.0,0.0
1970,Larry Baumel,23,0,1,0.0,26.09,1138.0,2731.0,0.0,0,23.22,9.0,40.0,0.0,4.35,0.0,0.0
1973,Eddie Bond,6,0,0,0.0,23.83,264.0,1407.0,0.0,0,35.0,12.0,31.0,0.0,0.0,0.0,0.0
1977,Christine Beckers,1,0,0,0.0,37.0,0.0,33.0,0.0,0,37.0,37.0,37.0,0.0,0.0,0.0,0.0
1978,Kenny Brightbill,1,0,0,0.0,23.0,0.0,177.0,0.0,0,26.0,23.0,23.0,0.0,0.0,0.0,0.0
1980,Bruce Hill,6,0,0,0.0,35.0,348.0,418.0,0.0,0,31.17,27.0,41.0,0.0,0.0,0.0,0.0
1990,Bobby Hillin Jr.,29,1,4,0.0,19.79,3048.0,8281.0,60.0,4,23.66,5.0,42.0,3.45,13.79,0.0,0.72
1990,John Alexander,1,0,0,0.0,38.0,49.0,35.0,0.0,0,39.0,38.0,38.0,0.0,0.0,0.0,0.0
1995,Geoff Bodine,31,1,4,0.0,18.65,3357.0,9257.0,13.0,10,23.48,5.0,35.0,3.23,12.9,0.0,0.14
1999,Joe Nemechek,34,1,3,1.0,25.94,2956.0,9410.0,159.0,5,19.21,1.0,42.0,2.94,8.82,2.94,1.69
2000,Casey Atwood,3,0,1,0.0,18.0,328.0,1160.0,0.0,0,20.67,10.0,25.0,0.0,33.33,0.0,0.0
2009,Denny Hamlin,36,15,20,4.0,13.17,4806.0,10031.0,1380.0,27,14.39,1.0,42.0,41.67,55.56,11.11,13.76
2011,A.J. Allmendinger,36,1,10,0.0,16.06,1013.0,10387.0,51.0,24,14.86,5.0,37.0,2.78,27.78,0.0,0.49
2022,Kyle Larson,36,13,19,3.0,14.08,1120.0,8750.0,635.0,26,7.86,1.0,37.0,36.11,52.78,8.33,7.26
2022,Alex Bowman,31,4,12,1.0,16.68,738.0,7195.0,137.0,19,13.97,1.0,36.0,12.9,38.71,3.23,1.9
1949,Felix Wilkes,3,0,0,0.0,30.67,,38.0,0.0,0,20.0,24.0,41.0,0.0,0.0,0.0,0.0
1949,Erwin Blatt,1,0,0,0.0,15.0,,176.0,0.0,0,40.0,15.0,15.0,0.0,0.0,0.0,0.0
1954,Bill Bade,3,0,1,0.0,23.33,,832.0,0.0,0,7.0,10.0,36.0,0.0,33.33,0.0,0.0
1954,Billy Minter,4,0,0,0.0,22.5,,412.0,0.0,0,,15.0,38.0,0.0,0.0,0.0,0.0
1962,Lee Petty,1,1,1,0.0,5.0,588.0,499.0,0.0,0,5.0,5.0,5.0,100.0,100.0,0.0,0.0
1966,Paul Connors,3,0,1,0.0,11.67,3986.0,668.0,0.0,0,23.33,6.0,17.0,0.0,33.33,0.0,0.0
1966,Buzz Gregory,2,0,0,0.0,20.5,480.0,563.0,0.0,0,22.5,18.0,23.0,0.0,0.0,0.0,0.0
1979,Richard Brickhouse,1,0,0,0.0,39.0,46.0,15.0,0.0,0,35.0,39.0,39.0,0.0,0.0,0.0,0.0
1988,Bob Schacht,3,0,0,0.0,35.33,98.0,165.0,0.0,0,30.0,30.0,40.0,0.0,0.0,0.0,0.0
1950,Richard Cummings,1,0,0,0.0,42.0,,,0.0,0,,42.0,42.0,0.0,0.0,0.0,
1951,June Cleveland,1,0,0,0.0,28.0,,,0.0,0,,28.0,28.0,0.0,0.0,0.0,
1954,Wimpy Ervin,2,0,0,0.0,24.5,,132.0,0.0,0,,13.0,36.0,0.0,0.0,0.0,0.0
1955,John Dodd Sr.,2,0,0,0.0,11.5,232.0,292.0,0.0,0,15.5,11.0,12.0,0.0,0.0,0.0,0.0
1964,Skip Hudson,1,0,1,0.0,8.0,1900.0,178.0,0.0,0,9.0,8.0,8.0,0.0,100.0,0.0,0.0
1966,Ernie Gahan,1,0,0,0.0,19.0,112.0,114.0,0.0,0,27.0,19.0,19.0,0.0,0.0,0.0,0.0
1972,Bob Kauf,2,0,0,0.0,34.0,68.0,178.0,0.0,0,39.0,29.0,39.0,0.0,0.0,0.0,0.0
1981,Glenn Jarrett,3,0,0,0.0,23.67,276.0,679.0,0.0,0,26.0,19.0,27.0,0.0,0.0,0.0,0.0
2013,Victor Gonzalez Jr.,2,0,0,0.0,39.0,10.0,148.0,0.0,0,38.0,37.0,41.0,0.0,0.0,0.0,0.0
1957,Dean Layfield,1,1,1,0.0,4.0,,97.0,0.0,0,9.0,4.0,4.0,100.0,100.0,0.0,0.0
1964,Wally Dallenbach Sr.,1,0,0,0.0,13.0,208.0,142.0,0.0,0,14.0,13.0,13.0,0.0,0.0,0.0,0.0
1970,Bunkie Blackburn,1,0,0,0.0,37.0,0.0,35.0,0.0,0,10.0,37.0,37.0,0.0,0.0,0.0,0.0
1978,Rocky Moran,3,0,0,0.0,25.33,261.0,289.0,0.0,0,30.33,20.0,30.0,0.0,0.0,0.0,0.0
2002,P.J. Jones,1,1,1,0.0,4.0,160.0,90.0,0.0,1,14.0,4.0,4.0,100.0,100.0,0.0,0.0
1955,Jimmy Massey,11,4,8,0.0,10.18,2924.0,1915.0,0.0,0,17.18,3.0,27.0,36.36,72.73,0.0,0.0
1957,Bobby Waddell,1,0,0,0.0,23.0,,39.0,0.0,0,24.0,23.0,23.0,0.0,0.0,0.0,0.0
1960,David Pearson,22,3,7,0.0,15.36,5956.0,3885.0,0.0,1,14.68,2.0,32.0,13.64,31.82,0.0,0.0
1961,Friday Hassler,7,0,1,0.0,26.29,3192.0,939.0,0.0,0,32.17,7.0,41.0,0.0,14.29,0.0,0.0
1962,Cotton Owens,16,7,8,0.0,13.56,4984.0,2000.0,36.0,3,7.0,2.0,41.0,43.75,50.0,0.0,1.8
1962,Worth McMillion,4,0,0,0.0,16.5,808.0,1105.0,0.0,0,23.25,12.0,24.0,0.0,0.0,0.0,0.0
1964,Bobby Isaac,20,5,7,1.0,14.5,13252.0,3163.0,134.0,3,8.5,1.0,27.0,25.0,35.0,5.0,4.24
1965,Dan Gurney,1,1,1,1.0,1.0,0.0,185.0,126.0,1,11.0,1.0,1.0,100.0,100.0,100.0,68.11
1967,Bobby Wawak,14,0,3,0.0,21.64,9078.0,2225.0,0.0,0,22.43,7.0,43.0,0.0,21.43,0.0,0.0
1969,James Cox,8,0,0,0.0,24.13,138.0,606.0,0.0,0,25.0,17.0,32.0,0.0,0.0,0.0,0.0
1989,Terry Byers,3,0,0,0.0,20.33,306.0,773.0,0.0,0,36.33,19.0,21.0,0.0,0.0,0.0,0.0
1989,Randy LaJoie,1,0,0,0.0,28.0,79.0,178.0,0.0,0,32.0,28.0,28.0,0.0,0.0,0.0,0.0
1990,Kyle Petty,29,2,14,1.0,15.52,3501.0,8795.0,852.0,10,12.0,1.0,41.0,6.9,48.28,3.45,9.69
1990,Greg Sacks,16,2,4,0.0,20.75,1663.0,3790.0,107.0,4,18.56,2.0,40.0,12.5,25.0,0.0,2.82
2000,Terry Labonte,32,3,6,0.0,19.13,3433.0,9335.0,34.0,13,28.69,2.0,43.0,9.38,18.75,0.0,0.36
2006,Jamie McMurray,36,3,7,0.0,23.58,3405.0,9869.0,154.0,17,25.31,2.0,42.0,8.33,19.44,0.0,1.56
2007,Dave Blaney,33,1,4,0.0,26.88,2781.0,8742.0,42.0,9,21.52,3.0,43.0,3.03,12.12,0.0,0.48
2007,Tony Raines,34,0,1,0.0,25.82,2920.0,9988.0,6.0,10,27.76,9.0,41.0,0.0,2.94,0.0,0.06
2012,Ken Schrader,13,0,0,0.0,32.77,146.0,3660.0,0.0,0,39.54,29.0,42.0,0.0,0.0,0.0,0.0
2018,Chris Buescher,36,2,2,0.0,21.0,584.0,9759.0,1.0,13,21.61,5.0,37.0,5.56,5.56,0.0,0.01
2018,Jeffrey Earnhardt,17,0,0,0.0,30.88,110.0,4056.0,0.0,2,33.53,11.0,39.0,0.0,0.0,0.0,0.0
2025,Cole Custer,36,2,3,0.0,23.58,486.0,9070.0,10.0,23,23.64,4.0,36.0,5.56,8.33,0.0,0.11
1957,Mickey McGreevey,3,0,0,0.0,17.33,,189.0,0.0,0,23.0,11.0,29.0,0.0,0.0,0.0,0.0
1960,Jerry Roedell,1,0,0,0.0,31.0,76.0,168.0,0.0,0,28.0,31.0,31.0,0.0,0.0,0.0,0.0
1962,Jimmy Thompson,3,0,0,0.0,18.33,2346.0,847.0,0.0,0,28.67,13.0,22.0,0.0,0.0,0.0,0.0
1972,Hershel McGriff,4,2,3,0.0,7.0,352.0,727.0,3.0,0,6.5,5.0,12.0,50.0,75.0,0.0,0.41
1974,G.C. Spencer,10,0,1,0.0,29.0,,1205.0,3.0,0,20.0,6.0,39.0,0.0,10.0,0.0,0.25
1976,John A. Utsman,4,0,0,0.0,15.0,345.0,1276.0,0.0,0,29.25,12.0,19.0,0.0,0.0,0.0,0.0
1987,Tommy Ellis,4,0,0,0.0,30.5,286.0,564.0,0.0,0,23.75,17.0,40.0,0.0,0.0,0.0,0.0
1950,Red Ryder,1,0,0,0.0,18.0,,,0.0,0,,18.0,18.0,0.0,0.0,0.0,
1950,Bob Moore,2,0,0,0.0,27.5,,,0.0,0,,26.0,29.0,0.0,0.0,0.0,
1956,Sam Speers,1,0,1,0.0,9.0,,119.0,0.0,0,4.0,9.0,9.0,0.0,100.0,0.0,0.0
1958,Eddie McDonald,1,0,0,0.0,19.0,,177.0,0.0,0,25.0,19.0,19.0,0.0,0.0,0.0,0.0
1958,Bill Walker,1,0,0,0.0,14.0,,160.0,0.0,0,19.0,14.0,14.0,0.0,0.0,0.0,0.0
1959,Bill Woolkin,1,0,0,0.0,15.0,112.0,109.0,0.0,0,14.0,15.0,15.0,0.0,0.0,0.0,0.0
1971,Rolf Stommelen,1,0,0,0.0,39.0,0.0,53.0,0.0,0,6.0,39.0,39.0,0.0,0.0,0.0,0.0
1973,H.B. Bailey,2,0,0,0.0,25.0,104.0,243.0,0.0,0,25.0,11.0,39.0,0.0,0.0,0.0,0.0
2010,Terry Labonte,2,0,0,0.0,40.5,83.0,333.0,0.0,0,40.0,40.0,41.0,0.0,0.0,0.0,0.0
1949,Clarence Burris,1,0,0,0.0,11.0,,165.0,0.0,0,,11.0,11.0,0.0,0.0,0.0,0.0
1960,Charlie Chapman,1,0,0,0.0,12.0,360.0,152.0,0.0,0,13.0,12.0,12.0,0.0,0.0,0.0,0.0
1960,Bill Cook,1,0,0,0.0,18.0,240.0,137.0,0.0,0,26.0,18.0,18.0,0.0,0.0,0.0,0.0
1963,Danny Weinberg,1,0,0,0.0,42.0,88.0,27.0,0.0,0,14.0,42.0,42.0,0.0,0.0,0.0,0.0
1963,Tom Cox,2,0,0,0.0,42.0,82.0,8.0,0.0,0,38.5,38.0,46.0,0.0,0.0,0.0,0.0
1964,Gene Lovelace,1,0,0,0.0,11.0,240.0,125.0,0.0,0,6.0,11.0,11.0,0.0,0.0,0.0,0.0
1982,J.R. Charbonneau,1,0,0,0.0,32.0,0.0,118.0,0.0,0,25.0,32.0,32.0,0.0,0.0,0.0,0.0
1995,Doug George,2,0,0,0.0,36.0,110.0,251.0,0.0,0,42.5,31.0,41.0,0.0,0.0,0.0,0.0
2025,Burt Myers,1,0,0,0.0,36.0,1.0,388.0,0.0,0,38.0,36.0,36.0,0.0,0.0,0.0,0.0
1950,Bill Joslin,2,0,0,0.0,17.5,,,0.0,0,,17.0,18.0,0.0,0.0,0.0,
1950,Lee Morgan,1,0,0,0.0,31.0,,342.0,0.0,0,5.0,31.0,31.0,0.0,0.0,0.0,0.0
1953,Buck Mason,2,0,0,0.0,18.0,,,0.0,0,,17.0,19.0,0.0,0.0,0.0,
1954,Mason Bright,2,0,0,0.0,24.5,,200.0,0.0,0,29.0,16.0,33.0,0.0,0.0,0.0,0.0
1955,Pee Wee Jones,2,0,0,0.0,17.0,144.0,204.0,0.0,0,10.0,13.0,21.0,0.0,0.0,0.0,0.0
1957,Danny Letner,5,0,1,0.0,15.6,,546.0,0.0,0,13.4,7.0,27.0,0.0,20.0,0.0,0.0
1957,Bill Bowman,4,0,1,0.0,14.5,,817.0,0.0,0,20.75,8.0,17.0,0.0,25.0,0.0,0.0
1958,Bill Olson,1,0,0,0.0,16.0,,162.0,0.0,0,27.0,16.0,16.0,0.0,0.0,0.0,0.0
1958,Bob Finale,1,0,1,0.0,9.0,,138.0,0.0,0,16.0,9.0,9.0,0.0,100.0,0.0,0.0
1958,John Walker,1,0,1,0.0,10.0,160.0,135.0,0.0,0,20.0,10.0,10.0,0.0,100.0,0.0,0.0
1959,Charley Griffith,6,1,3,0.0,17.17,0.0,438.0,0.0,0,13.33,3.0,39.0,16.67,50.0,0.0,0.0
1960,Doug Yates,24,3,8,0.0,16.04,6286.0,4030.0,39.0,1,13.5,3.0,36.0,12.5,33.33,0.0,0.97
1961,Brian Naylor,2,0,0,0.0,37.0,130.0,86.0,0.0,0,32.5,32.0,42.0,0.0,0.0,0.0,0.0
1966,Lionel Johnson,5,0,0,0.0,28.4,574.0,328.0,0.0,0,26.4,17.0,39.0,0.0,0.0,0.0,0.0
1967,Jim Hunter,3,1,1,0.0,16.0,644.0,382.0,0.0,0,15.33,3.0,33.0,33.33,33.33,0.0,0.0
1970,Dick Trickle,2,0,0,0.0,21.5,0.0,176.0,0.0,0,29.0,17.0,26.0,0.0,0.0,0.0,0.0
1971,Don Noel,3,0,0,0.0,30.67,183.0,164.0,0.0,0,23.67,15.0,44.0,0.0,0.0,0.0,0.0
1973,Bobby Allison,27,15,16,2.0,13.11,2096.0,8072.0,22.0,3,4.63,1.0,42.0,55.56,59.26,7.41,0.27
1975,Dick Brooks,25,6,15,0.0,13.48,3182.0,7344.0,60.0,2,9.2,2.0,38.0,24.0,60.0,0.0,0.82
1975,Don Hall,1,0,0,0.0,11.0,130.0,188.0,0.0,0,30.0,11.0,11.0,0.0,0.0,0.0,0.0
1976,Tommy Gale,12,0,0,0.0,26.42,1005.0,2205.0,0.0,0,28.42,15.0,40.0,0.0,0.0,0.0,0.0
1977,A.J. Foyt,6,1,3,0.0,16.83,0.0,1058.0,20.0,1,4.17,5.0,38.0,16.67,50.0,0.0,1.89
1979,Darrell Waltrip,31,19,22,7.0,7.0,4819.0,9994.0,2130.0,13,4.84,1.0,29.0,61.29,70.97,22.58,21.31
1980,Connie Saylor,5,0,0,0.0,24.4,227.0,1171.0,5.0,0,22.4,14.0,39.0,0.0,0.0,0.0,0.43
1989,Hut Stricklin,27,1,4,0.0,21.15,2708.0,7557.0,3.0,2,28.37,4.0,41.0,3.7,14.81,0.0,0.04
1991,Mark Martin,29,14,17,1.0,12.03,3914.0,8907.0,663.0,16,7.93,1.0,35.0,48.28,58.62,3.45,7.44
2002,Boris Said,2,0,0,0.0,27.0,164.0,172.0,0.0,1,19.5,13.0,41.0,0.0,0.0,0.0,0.0
2002,Tim Sauter,2,0,0,0.0,35.5,113.0,607.0,0.0,0,41.5,34.0,37.0,0.0,0.0,0.0,0.0
2003,Johnny Miller,2,0,0,0.0,30.0,146.0,199.0,0.0,1,34.0,24.0,36.0,0.0,0.0,0.0,0.0
2005,Dave Blaney,36,0,2,0.0,24.14,3289.0,10212.0,24.0,14,23.39,6.0,38.0,0.0,5.56,0.0,0.24
2005,Stanton Barrett,8,0,0,0.0,38.13,389.0,1527.0,0.0,0,37.63,30.0,43.0,0.0,0.0,0.0,0.0
2012,Greg Biffle,36,12,21,2.0,10.19,1240.0,10397.0,721.0,32,9.92,1.0,27.0,33.33,58.33,5.56,6.93
2019,Joe Nemechek,7,0,0,0.0,32.43,0.0,1951.0,0.0,1,36.57,29.0,38.0,0.0,0.0,0.0,0.0
2021,Brad Keselowski,36,10,17,1.0,12.97,1079.0,9062.0,331.0,27,11.44,1.0,35.0,27.78,47.22,2.78,3.65
2023,Michael McDowell,36,2,8,1.0,19.03,749.0,9126.0,97.0,22,16.97,1.0,36.0,5.56,22.22,2.78,1.06
1950,Lew Fattman,1,0,0,0.0,22.0,,105.0,0.0,0,,22.0,22.0,0.0,0.0,0.0,0.0
1951,Jerry Russo,1,0,0,0.0,22.0,,,0.0,0,3.0,22.0,22.0,0.0,0.0,0.0,
1957,Herman Beam,1,0,0,0.0,20.0,,,0.0,0,,20.0,20.0,0.0,0.0,0.0,
1962,L.D. Austin,1,0,0,0.0,23.0,64.0,53.0,0.0,0,19.0,23.0,23.0,0.0,0.0,0.0,0.0
1981,Ernie Cline,1,0,0,0.0,30.0,73.0,77.0,0.0,0,29.0,30.0,30.0,0.0,0.0,0.0,0.0
2005,Jeff Fuller,2,0,0,0.0,43.0,68.0,39.0,0.0,0,41.0,43.0,43.0,0.0,0.0,0.0,0.0
2017,Josh Bilicki,2,0,0,0.0,36.0,0.0,390.0,0.0,0,35.5,36.0,36.0,0.0,0.0,0.0,0.0
2022,Greg Biffle,5,0,0,0.0,32.4,24.0,784.0,1.0,1,32.6,20.0,37.0,0.0,0.0,0.0,0.13
1950,Dick Hallock,1,0,0,0.0,43.0,,,0.0,0,,43.0,43.0,0.0,0.0,0.0,
1953,Hershel McGriff,2,0,0,0.0,16.5,,274.0,101.0,0,6.0,14.0,19.0,0.0,0.0,0.0,36.86
1956,Bill Parks,2,0,0,0.0,25.5,,205.0,0.0,0,24.5,19.0,32.0,0.0,0.0,0.0,0.0
1963,Jimmy Griggs,1,0,0,0.0,12.0,280.0,304.0,0.0,0,14.0,12.0,12.0,0.0,0.0,0.0,0.0
1951,Buck Clardy,1,0,0,0.0,30.0,,,0.0,0,41.0,30.0,30.0,0.0,0.0,0.0,
1954,Jim Graham,2,0,1,0.0,8.5,,530.0,0.0,0,,6.0,11.0,0.0,50.0,0.0,0.0
1963,Nace Mattingly,1,0,1,0.0,6.0,320.0,288.0,0.0,0,6.0,6.0,6.0,0.0,100.0,0.0,0.0
1980,Steve Gray,1,0,0,0.0,40.0,0.0,35.0,0.0,0,37.0,40.0,40.0,0.0,0.0,0.0,0.0
1987,Patty Moise,1,0,0,0.0,33.0,64.0,53.0,0.0,0,30.0,33.0,33.0,0.0,0.0,0.0,0.0
1991,Mark Reed,1,0,0,0.0,34.0,61.0,177.0,0.0,0,36.0,34.0,34.0,0.0,0.0,0.0,0.0
2005,Joey McCarthy,1,0,0,0.0,31.0,70.0,295.0,0.0,0,39.0,31.0,31.0,0.0,0.0,0.0,0.0
1950,Louise Smith,5,0,0,0.0,24.4,,84.0,0.0,0,25.0,19.0,41.0,0.0,0.0,0.0,0.0
1951,Dudley Froy,2,0,0,0.0,13.0,,,0.0,0,16.0,13.0,13.0,0.0,0.0,0.0,
1953,Fonty Flock,32,17,17,4.0,10.38,0.0,2195.0,581.0,5,7.64,1.0,35.0,53.13,53.13,12.5,26.47
1953,Ralph Dutton,4,0,0,0.0,22.25,,46.0,0.0,0,,15.0,31.0,0.0,0.0,0.0,0.0
1956,Johnny Roberts,4,0,0,0.0,17.0,,461.0,0.0,0,17.75,12.0,20.0,0.0,0.0,0.0,0.0
1957,Bob Welborn,5,3,3,1.0,8.8,,1152.0,457.0,1,4.4,1.0,21.0,60.0,60.0,20.0,39.67
1961,Buck Baker,42,11,15,1.0,14.21,13746.0,7195.0,225.0,4,11.14,1.0,42.0,26.19,35.71,2.38,3.13
1961,Larry Thomas,14,0,4,0.0,15.36,3140.0,2830.0,0.0,0,20.0,7.0,32.0,0.0,28.57,0.0,0.0
1966,Walter Wallace,1,0,0,0.0,16.0,480.0,379.0,0.0,0,22.0,16.0,16.0,0.0,0.0,0.0,0.0
1966,Ernest Eury,8,0,1,0.0,19.88,1404.0,1221.0,0.0,0,24.0,6.0,39.0,0.0,12.5,0.0,0.0
1967,Sam McQuagg,15,3,3,0.0,21.87,7444.0,2244.0,17.0,0,10.0,4.0,35.0,20.0,20.0,0.0,0.76
1967,Don Biederman,22,0,1,0.0,20.77,5850.0,2679.0,0.0,0,26.82,7.0,34.0,0.0,4.55,0.0,0.0
1970,Ray Elder,4,0,1,0.0,15.0,342.0,441.0,0.0,0,19.0,6.0,24.0,0.0,25.0,0.0,0.0
1971,Harry Schilling,3,0,0,0.0,31.33,177.0,222.0,0.0,0,35.67,25.0,37.0,0.0,0.0,0.0,0.0
1975,Cale Yarborough,27,13,13,3.0,14.78,3295.0,7353.0,2542.0,5,6.52,1.0,41.0,48.15,48.15,11.11,34.57
1977,Dave Marcis,18,5,7,0.0,16.67,1931.0,4386.0,92.0,1,10.11,4.0,36.0,27.78,38.89,0.0,2.1
1978,Dick May,28,0,2,0.0,19.43,2936.0,7221.0,0.0,0,26.79,8.0,38.0,0.0,7.14,0.0,0.0
1980,Steve Moore,4,0,0,0.0,20.0,412.0,735.0,0.0,0,32.25,13.0,35.0,0.0,0.0,0.0,0.0
1983,Ricky Rudd,30,7,14,2.0,15.27,3693.0,8581.0,871.0,7,6.57,1.0,37.0,23.33,46.67,6.67,10.15
1983,Jerry Bowman,5,0,0,0.0,26.4,419.0,1183.0,0.0,0,31.0,13.0,36.0,0.0,0.0,0.0,0.0
1984,Jerry Bowman,5,0,0,0.0,31.2,347.0,834.0,0.0,0,30.2,18.0,38.0,0.0,0.0,0.0,0.0
1989,Jimmy Horton,5,0,0,0.0,29.2,377.0,955.0,0.0,0,31.6,13.0,37.0,0.0,0.0,0.0,0.0
1992,Jerry O'Neil,6,0,0,0.0,30.5,429.0,958.0,0.0,1,34.5,21.0,37.0,0.0,0.0,0.0,0.0
1993,Bobby Labonte,30,0,6,0.0,19.13,3221.0,9295.0,33.0,7,20.77,7.0,41.0,0.0,20.0,0.0,0.36
1997,Bobby Labonte,32,9,18,1.0,13.72,4101.0,9482.0,484.0,21,13.31,1.0,40.0,28.13,56.25,3.13,5.1
1998,Mark Martin,33,22,26,7.0,8.64,4964.0,9830.0,1730.0,26,8.88,1.0,40.0,66.67,78.79,21.21,17.6
2003,Bobby Hamilton Jr.,2,0,0,0.0,20.5,203.0,590.0,0.0,1,27.0,14.0,27.0,0.0,0.0,0.0,0.0
2009,Juan Pablo Montoya,36,7,18,0.0,14.25,4503.0,10336.0,388.0,28,12.75,2.0,38.0,19.44,50.0,0.0,3.75
2010,David Stremme,11,0,0,0.0,29.64,825.0,3176.0,2.0,1,36.36,24.0,37.0,0.0,0.0,0.0,0.06
2011,Casey Mears,35,0,0,0.0,28.77,541.0,8825.0,10.0,6,31.43,12.0,42.0,0.0,0.0,0.0,0.11
2015,David Gilliland,36,0,0,0.0,29.36,533.0,10093.0,7.0,5,33.72,11.0,43.0,0.0,0.0,0.0,0.07
2018,J.J. Yeley,18,0,0,0.0,31.0,0.0,4674.0,0.0,2,34.67,17.0,38.0,0.0,0.0,0.0,0.0
2019,Reed Sorenson,25,0,0,0.0,32.72,118.0,5854.0,0.0,2,35.84,18.0,39.0,0.0,0.0,0.0,0.0
2023,Martin Truex Jr.,36,9,17,3.0,13.33,1114.0,8986.0,899.0,30,11.17,1.0,36.0,25.0,47.22,8.33,10.0
2023,Chandler Smith,3,0,0,0.0,14.33,0.0,751.0,0.0,3,35.67,11.0,17.0,0.0,0.0,0.0,0.0
1955,Doug Cox,2,0,0,0.0,30.5,156.0,406.0,0.0,0,38.5,14.0,47.0,0.0,0.0,0.0,0.0
1957,Dick Walters,3,0,1,0.0,18.67,,499.0,0.0,0,16.67,10.0,31.0,0.0,33.33,0.0,0.0
1959,Fuzzy Clifton,1,0,1,0.0,9.0,,214.0,0.0,0,7.0,9.0,9.0,0.0,100.0,0.0,0.0
1962,Tiny Lund,10,0,0,0.0,18.9,4384.0,2487.0,8.0,0,23.3,12.0,27.0,0.0,0.0,0.0,0.32
1979,Nelson Oswald,6,0,0,0.0,25.5,431.0,842.0,0.0,0,27.17,22.0,28.0,0.0,0.0,0.0,0.0
2021,Bayley Currey,1,0,0,0.0,32.0,0.0,253.0,0.0,0,33.0,32.0,32.0,0.0,0.0,0.0,0.0
2024,Derek Kraus,6,0,0,0.0,29.67,44.0,1580.0,8.0,2,30.0,25.0,35.0,0.0,0.0,0.0,0.51
1974,Phil Finney,1,0,0,0.0,31.0,,100.0,0.0,0,45.0,31.0,31.0,0.0,0.0,0.0,0.0
1987,Bill Schmitt,2,0,0,0.0,34.5,119.0,99.0,0.0,0,34.5,33.0,36.0,0.0,0.0,0.0,0.0
2011,Ron Fellows,1,0,0,0.0,30.0,0.0,91.0,0.0,0,38.0,30.0,30.0,0.0,0.0,0.0,0.0
1951,Ben Gregory,1,0,0,0.0,12.0,,,0.0,0,5.0,12.0,12.0,0.0,0.0,0.0,
1952,Carson Dyer,1,0,1,0.0,7.0,,283.0,0.0,0,4.0,7.0,7.0,0.0,100.0,0.0,0.0
1954,Allen Adkins,2,2,2,0.0,3.5,,545.0,0.0,0,,3.0,4.0,100.0,100.0,0.0,0.0
1957,Royce Haggerty,2,0,0,0.0,14.0,,172.0,0.0,0,6.0,13.0,15.0,0.0,0.0,0.0,0.0
1957,Lyle Matlock,1,0,0,0.0,27.0,,47.0,0.0,0,24.0,27.0,27.0,0.0,0.0,0.0,0.0
1966,Norm Nelson,1,0,1,0.0,9.0,0.0,176.0,0.0,0,14.0,9.0,9.0,0.0,100.0,0.0,0.0
1981,Baxter Price,2,0,0,0.0,32.0,73.0,17.0,0.0,0,30.5,30.0,34.0,0.0,0.0,0.0,0.0
1991,Chuck Bown,1,0,0,0.0,26.0,85.0,391.0,0.0,0,31.0,26.0,26.0,0.0,0.0,0.0,0.0
1950,Bill Osborne,1,0,0,0.0,50.0,,311.0,0.0,0,46.0,50.0,50.0,0.0,0.0,0.0,0.0
1953,Coleman Lawrence,8,0,1,0.0,18.38,0.0,263.0,0.0,0,33.0,10.0,27.0,0.0,12.5,0.0,0.0
1953,Bob Cameron,1,0,1,0.0,6.0,,,0.0,0,,6.0,6.0,0.0,100.0,0.0,
1953,Charlie Hoff,1,0,0,0.0,15.0,,,0.0,0,,15.0,15.0,0.0,0.0,0.0,
1953,Bob Sampson,1,0,0,0.0,13.0,,172.0,0.0,0,,13.0,13.0,0.0,0.0,0.0,0.0
1956,Johnny Dodson,11,0,4,0.0,16.82,,1842.0,0.0,0,20.36,7.0,45.0,0.0,36.36,0.0,0.0
1958,Lennie Page,8,0,2,0.0,17.25,836.0,901.0,0.0,0,18.43,7.0,44.0,0.0,25.0,0.0,0.0
1960,Bob Burdick,2,0,1,0.0,33.5,190.0,71.0,0.0,1,8.0,7.0,60.0,0.0,50.0,0.0,0.0
1963,LeeRoy Yarbrough,14,1,5,0.0,16.86,6086.0,2564.0,8.0,0,16.21,5.0,34.0,7.14,35.71,0.0,0.31
1964,Elmo Langley,14,0,5,0.0,14.86,4720.0,2739.0,0.0,0,15.64,6.0,42.0,0.0,35.71,0.0,0.0
1965,Bill Amick,1,0,0,0.0,18.0,1100.0,95.0,0.0,0,6.0,18.0,18.0,0.0,0.0,0.0,0.0
1969,Pete Hazelwood,16,0,1,0.0,17.69,598.0,2367.0,0.0,0,23.13,10.0,28.0,0.0,6.25,0.0,0.0
1970,Ed Howland,1,0,0,0.0,23.0,84.0,91.0,0.0,0,39.0,23.0,23.0,0.0,0.0,0.0,0.0
1977,Benny Parsons,30,20,22,4.0,7.77,4570.0,9410.0,1400.0,15,4.73,1.0,27.0,66.67,73.33,13.33,14.88
1977,Jimmy Means,26,0,6,0.0,20.65,2640.0,6010.0,0.0,0,23.96,8.0,40.0,0.0,23.08,0.0,0.0
1977,Ron Hutcherson,5,0,1,0.0,17.8,217.0,1104.0,0.0,0,13.8,6.0,32.0,0.0,20.0,0.0,0.0
1977,Roland Wlodyka,5,0,0,0.0,30.0,219.0,501.0,0.0,0,33.2,15.0,39.0,0.0,0.0,0.0,0.0
1980,Tommy Gale,29,0,0,0.0,21.17,2885.0,7615.0,0.0,0,24.03,11.0,36.0,0.0,0.0,0.0,0.0
1985,Bobby Wawak,14,0,0,0.0,25.21,1223.0,3157.0,0.0,0,34.29,13.0,37.0,0.0,0.0,0.0,0.0
1988,Rick Mast,2,0,0,0.0,30.0,0.0,512.0,2.0,0,23.5,28.0,32.0,0.0,0.0,0.0,0.39
1992,T.W. Taylor,1,0,0,0.0,35.0,58.0,138.0,0.0,0,40.0,35.0,35.0,0.0,0.0,0.0,0.0
1993,Jimmy Means,18,0,0,0.0,27.28,1471.0,4764.0,2.0,0,33.61,16.0,39.0,0.0,0.0,0.0,0.04
1998,Jeremy Mayfield,33,12,16,1.0,14.21,4157.0,9745.0,471.0,17,17.52,1.0,42.0,36.36,48.48,3.03,4.83
2003,Dale Earnhardt Jr.,36,13,21,2.0,12.72,4815.0,10505.0,1046.0,25,12.47,1.0,41.0,36.11,58.33,5.56,9.96
2011,Scott Riggs,4,0,0,0.0,42.25,0.0,95.0,0.0,0,39.5,42.0,43.0,0.0,0.0,0.0,0.0
2019,Matt DiBenedetto,36,3,7,0.0,18.31,692.0,9839.0,152.0,21,20.47,2.0,39.0,8.33,19.44,0.0,1.54
2021,Anthony Alfredo,36,0,1,0.0,27.5,352.0,8056.0,5.0,10,29.08,10.0,39.0,0.0,2.78,0.0,0.06
1954,Wallace Simpson,1,0,0,0.0,19.0,,143.0,0.0,0,,19.0,19.0,0.0,0.0,0.0,0.0
1969,Sam Rose,1,0,0,0.0,27.0,72.0,65.0,0.0,0,43.0,27.0,27.0,0.0,0.0,0.0,0.0
1974,Walt Price,2,0,0,0.0,26.0,,136.0,0.0,0,30.5,21.0,31.0,0.0,0.0,0.0,0.0
1976,Jimmy Insolo,3,1,2,0.0,10.67,307.0,454.0,0.0,1,16.67,3.0,21.0,33.33,66.67,0.0,0.0
2006,Brandon Ash,2,0,0,0.0,40.5,88.0,183.0,1.0,0,41.5,38.0,43.0,0.0,0.0,0.0,0.55
1962,Jim Locke,1,0,0,0.0,35.0,90.0,140.0,0.0,0,45.0,35.0,35.0,0.0,0.0,0.0,0.0
1971,Buddy Arrington,1,0,0,0.0,14.0,0.0,472.0,0.0,0,21.0,14.0,14.0,0.0,0.0,0.0,0.0
1975,Earl Ross,1,0,0,0.0,13.0,0.0,372.0,0.0,0,31.0,13.0,13.0,0.0,0.0,0.0,0.0
1952,Rags Carter,1,0,1,0.0,6.0,,183.0,0.0,0,15.0,6.0,6.0,0.0,100.0,0.0,0.0
1963,James Norton,1,0,0,0.0,40.0,0.0,84.0,0.0,0,33.0,40.0,40.0,0.0,0.0,0.0,0.0
1974,George Behlman,1,0,0,0.0,29.0,,25.0,0.0,0,31.0,29.0,29.0,0.0,0.0,0.0,0.0
1974,John Banks,1,0,0,0.0,33.0,,14.0,0.0,0,33.0,33.0,33.0,0.0,0.0,0.0,0.0
1950,Jim V. Cook,1,0,0,0.0,23.0,,,0.0,0,,23.0,23.0,0.0,0.0,0.0,
1954,Mel Krueger,2,0,0,0.0,24.5,,208.0,0.0,0,50.0,13.0,36.0,0.0,0.0,0.0,0.0
1957,Tim Flock,1,0,0,0.0,12.0,,,0.0,0,10.0,12.0,12.0,0.0,0.0,0.0,
1958,Rex White,22,13,17,2.0,8.09,4708.0,3993.0,471.0,8,5.14,1.0,37.0,59.09,77.27,9.09,11.8
1958,Possum Jones,11,1,3,0.0,14.55,960.0,1870.0,28.0,0,14.45,5.0,29.0,9.09,27.27,0.0,1.5
1958,Arley Scranton,2,0,0,0.0,36.0,,17.0,0.0,0,14.0,26.0,46.0,0.0,0.0,0.0,0.0
1959,Gober Sosebee,1,0,0,0.0,49.0,880.0,44.0,0.0,0,36.0,49.0,49.0,0.0,0.0,0.0,0.0
1959,Bill Morton,3,0,0,0.0,22.67,242.0,398.0,0.0,0,15.0,13.0,32.0,0.0,0.0,0.0,0.0
1960,E.J. Trivette,10,0,0,0.0,25.8,912.0,1000.0,0.0,0,27.6,11.0,48.0,0.0,0.0,0.0,0.0
1961,Jim Stewart,1,0,0,0.0,12.0,224.0,93.0,0.0,0,,12.0,12.0,0.0,0.0,0.0,0.0
1961,Keith Wilkinson,1,0,0,0.0,18.0,128.0,74.0,0.0,0,,18.0,18.0,0.0,0.0,0.0,0.0
1964,Ronnie Chumley,2,0,0,0.0,23.5,0.0,59.0,0.0,0,21.0,13.0,34.0,0.0,0.0,0.0,0.0
1964,Doug Wilson,4,0,0,0.0,20.75,724.0,1086.0,0.0,0,26.75,15.0,32.0,0.0,0.0,0.0,0.0
1965,Junior Johnson,36,18,19,13.0,11.44,18486.0,7144.0,3998.0,14,3.28,1.0,44.0,50.0,52.78,36.11,55.96
1966,Wayne Smith,23,0,1,0.0,23.09,7442.0,4108.0,0.0,0,29.09,9.0,40.0,0.0,4.35,0.0,0.0
1966,Blackie Watt,20,0,9,0.0,14.8,8518.0,4071.0,0.0,0,21.15,6.0,31.0,0.0,45.0,0.0,0.0
1966,Don Israel,1,0,1,0.0,9.0,272.0,188.0,0.0,0,18.0,9.0,9.0,0.0,100.0,0.0,0.0
1969,Dick Johnson (California),22,0,4,0.0,19.68,1055.0,3803.0,0.0,0,15.82,6.0,37.0,0.0,18.18,0.0,0.0
1969,Roy Mayne,13,0,0,0.0,21.92,924.0,2865.0,0.0,0,28.54,11.0,50.0,0.0,0.0,0.0,0.0
1972,Wayne Smith,3,0,1,0.0,29.0,132.0,270.0,0.0,0,32.0,9.0,41.0,0.0,33.33,0.0,0.0
1973,Billy Scott,1,0,0,0.0,22.0,58.0,340.0,0.0,0,23.0,22.0,22.0,0.0,0.0,0.0,0.0
1973,Charles Barrett,4,0,1,0.0,23.75,130.0,726.0,9.0,0,29.75,10.0,40.0,0.0,25.0,0.0,1.24
1975,Richie Panch,14,1,4,0.0,25.14,1243.0,2276.0,8.0,0,15.64,5.0,49.0,7.14,28.57,0.0,0.35
1975,Jackie Rogers,8,0,1,0.0,26.38,502.0,913.0,2.0,0,22.75,9.0,38.0,0.0,12.5,0.0,0.22
1975,Billy Hagan,1,0,0,0.0,19.0,106.0,175.0,0.0,0,23.0,19.0,19.0,0.0,0.0,0.0,0.0
1976,J.D. McDuffie,30,1,8,0.0,16.87,3400.0,7954.0,0.0,0,24.2,5.0,27.0,3.33,26.67,0.0,0.0
1978,Coo Coo Marlin,9,0,2,0.0,26.56,765.0,1518.0,4.0,0,11.44,7.0,41.0,0.0,22.22,0.0,0.26
1979,J.D. McDuffie,31,1,7,0.0,17.48,3473.0,8014.0,118.0,0,20.03,5.0,31.0,3.23,22.58,0.0,1.47
1983,Cecil Gordon,8,0,0,0.0,22.38,649.0,1831.0,0.0,0,32.25,15.0,33.0,0.0,0.0,0.0,0.0
1986,J.D. McDuffie,20,0,0,0.0,24.0,1825.0,4750.0,1.0,0,31.85,14.0,37.0,0.0,0.0,0.0,0.02
1986,Michael Waltrip,28,0,0,0.0,20.61,2853.0,7952.0,6.0,0,24.79,11.0,39.0,0.0,0.0,0.0,0.08
1987,David Simko,4,0,0,0.0,29.75,295.0,850.0,0.0,0,34.5,26.0,35.0,0.0,0.0,0.0,0.0
1989,Chad Little,8,0,0,0.0,29.25,602.0,1936.0,0.0,0,29.88,18.0,37.0,0.0,0.0,0.0,0.0
1993,Ernie Irvan,30,12,14,3.0,14.6,3834.0,8242.0,1120.0,13,7.67,1.0,37.0,40.0,46.67,10.0,13.59
1996,Rick Mast,31,1,5,0.0,20.32,3190.0,8972.0,1.0,9,21.74,4.0,41.0,3.23,16.13,0.0,0.01
1997,Kyle Petty,32,2,9,0.0,19.06,3455.0,9191.0,210.0,13,26.41,3.0,40.0,6.25,28.13,0.0,2.28
2002,Bobby Hamilton,31,0,3,0.0,24.1,2832.0,8824.0,57.0,12,26.58,9.0,43.0,0.0,9.68,0.0,0.65
2004,Hermie Sadler,16,0,0,0.0,36.69,852.0,2671.0,1.0,1,37.38,23.0,43.0,0.0,0.0,0.0,0.04
2005,Tony Raines,6,0,0,0.0,31.33,419.0,1715.0,2.0,1,30.17,22.0,38.0,0.0,0.0,0.0,0.12
2006,Kasey Kahne,36,12,19,6.0,15.47,4497.0,10044.0,744.0,26,12.78,1.0,39.0,33.33,52.78,16.67,7.41
2010,Kevin Conway,27,0,0,0.0,32.44,1778.0,6734.0,1.0,3,40.19,14.0,41.0,0.0,0.0,0.0,0.01
2012,Paul Menard,36,1,9,0.0,15.47,1031.0,10406.0,26.0,24,16.19,3.0,31.0,2.78,25.0,0.0,0.25
2012,Michael McDowell,30,0,0,0.0,37.8,187.0,3001.0,1.0,0,29.1,23.0,43.0,0.0,0.0,0.0,0.03
2012,Robert Richardson Jr.,2,0,0,0.0,31.0,0.0,362.0,0.0,0,41.0,27.0,35.0,0.0,0.0,0.0,0.0
2020,Bubba Wallace,36,1,5,0.0,21.08,601.0,9079.0,14.0,18,22.22,5.0,38.0,2.78,13.89,0.0,0.15
2023,Ryan Blaney,36,8,18,3.0,14.08,1056.0,9060.0,562.0,29,12.69,1.0,36.0,22.22,50.0,8.33,6.2
1962,E.J. Trivette,1,0,0,0.0,37.0,28.0,29.0,0.0,0,35.0,37.0,37.0,0.0,0.0,0.0,0.0
1963,A.J. Foyt,5,2,2,0.0,16.0,0.0,639.0,64.0,2,10.8,2.0,37.0,40.0,40.0,0.0,10.02
1965,Rock Harn,2,0,0,0.0,31.5,220.0,331.0,0.0,0,29.0,23.0,40.0,0.0,0.0,0.0,0.0
1968,Jack Ingram,4,0,2,0.0,18.0,199.0,805.0,0.0,0,12.5,7.0,33.0,0.0,50.0,0.0,0.0
1962,Lester Hicks,2,0,0,0.0,23.0,140.0,264.0,0.0,0,28.0,20.0,26.0,0.0,0.0,0.0,0.0
1980,Janet Guthrie,2,0,0,0.0,19.5,209.0,327.0,0.0,0,19.5,11.0,28.0,0.0,0.0,0.0,0.0
1981,Delma Cowart,1,0,0,0.0,18.0,109.0,315.0,0.0,0,40.0,18.0,18.0,0.0,0.0,0.0,0.0
1982,Trevor Boys,1,0,0,0.0,22.0,97.0,105.0,0.0,0,40.0,22.0,22.0,0.0,0.0,0.0,0.0
2004,P.J. Jones,5,0,0,0.0,33.6,316.0,584.0,1.0,0,36.0,22.0,43.0,0.0,0.0,0.0,0.17
2015,Bobby Labonte,4,0,0,0.0,29.25,60.0,589.0,1.0,3,37.0,23.0,43.0,0.0,0.0,0.0,0.17
2021,David Starr,7,0,0,0.0,31.29,0.0,1991.0,0.0,0,38.0,23.0,36.0,0.0,0.0,0.0,0.0
1950,Roland Stone,1,0,0,0.0,45.0,,,0.0,0,,45.0,45.0,0.0,0.0,0.0,
1951,Ralph Liguori,1,0,0,0.0,40.0,,20.0,0.0,0,,40.0,40.0,0.0,0.0,0.0,0.0
1952,Barney Smith,3,0,2,0.0,9.33,,647.0,0.0,0,10.67,6.0,12.0,0.0,66.67,0.0,0.0
1956,Russ Graham,2,0,0,0.0,40.0,,153.0,0.0,0,31.0,12.0,68.0,0.0,0.0,0.0,0.0
1956,Dan Galullo,1,0,0,0.0,21.0,,34.0,0.0,0,,21.0,21.0,0.0,0.0,0.0,0.0
1972,Jimmy Insolo,1,0,0,0.0,19.0,64.0,130.0,0.0,0,10.0,19.0,19.0,0.0,0.0,0.0,0.0
1978,Jim Vandiver,2,0,0,0.0,32.5,131.0,362.0,0.0,0,29.5,27.0,38.0,0.0,0.0,0.0,0.0
1986,Rick Baldwin,2,0,0,0.0,29.0,0.0,393.0,0.0,0,28.5,24.0,34.0,0.0,0.0,0.0,0.0
2019,Jeb Burton,2,0,0,0.0,33.0,0.0,555.0,0.0,0,31.5,31.0,35.0,0.0,0.0,0.0,0.0
1954,Sam Hawks,3,0,1,0.0,18.0,,677.0,0.0,0,,7.0,27.0,0.0,33.33,0.0,0.0
1965,Rod Eulenfeld,1,0,0,0.0,16.0,160.0,0.0,0.0,0,5.0,16.0,16.0,0.0,0.0,0.0,
1966,Jim Cook,1,0,0,0.0,38.0,100.0,14.0,0.0,0,42.0,38.0,38.0,0.0,0.0,0.0,0.0
1966,Joe Clark,1,0,0,0.0,42.0,100.0,4.0,0.0,0,37.0,42.0,42.0,0.0,0.0,0.0,0.0
1953,Jim Paschal,23,6,9,1.0,14.78,,1179.0,73.0,1,24.0,1.0,41.0,26.09,39.13,4.35,6.19
1953,George Clark,2,0,0,0.0,22.0,,,0.0,0,,21.0,23.0,0.0,0.0,0.0,
1953,Buck Smith,5,0,1,0.0,16.0,,,0.0,0,,9.0,19.0,0.0,20.0,0.0,
1956,Ed Kretz,1,0,0,0.0,60.0,,,0.0,0,4.0,60.0,60.0,0.0,0.0,0.0,
1957,Bill Morton,5,0,4,0.0,9.4,,653.0,0.0,0,16.75,7.0,12.0,0.0,80.0,0.0,0.0
1958,Peck Markota,1,0,0,0.0,34.0,,98.0,0.0,0,11.0,34.0,34.0,0.0,0.0,0.0,0.0
1958,Hylan Micka,1,0,0,0.0,36.0,,66.0,0.0,0,33.0,36.0,36.0,0.0,0.0,0.0,0.0
1965,Larry Manning,10,0,1,0.0,14.4,3880.0,1683.0,0.0,0,21.6,10.0,29.0,0.0,10.0,0.0,0.0
1966,Toy Bolton,3,0,2,0.0,18.0,680.0,455.0,0.0,0,18.33,8.0,38.0,0.0,66.67,0.0,0.0
1969,Tiny Lund,1,0,1,0.0,9.0,0.0,152.0,28.0,0,13.0,9.0,9.0,0.0,100.0,0.0,18.42
1971,Ed Negre,43,0,2,0.0,20.77,2529.0,8359.0,0.0,0,22.42,8.0,44.0,0.0,4.65,0.0,0.0
1971,Bill Seifert,37,0,4,0.0,21.41,2370.0,6552.0,0.0,0,22.08,6.0,38.0,0.0,10.81,0.0,0.0
1977,Jim Thirkettle,2,0,0,0.0,20.0,206.0,154.0,0.0,0,12.5,16.0,24.0,0.0,0.0,0.0,0.0
1983,Buddy Baker,21,5,12,1.0,14.81,2611.0,5111.0,174.0,6,10.57,1.0,32.0,23.81,57.14,4.76,3.4
1987,Ron Shephard,2,0,0,0.0,30.0,146.0,198.0,0.0,0,38.5,21.0,39.0,0.0,0.0,0.0,0.0
1994,Dale Jarrett,30,4,9,1.0,18.67,3298.0,8410.0,55.0,8,22.7,1.0,40.0,13.33,30.0,3.33,0.65
1995,Chad Little,2,0,0,0.0,30.0,146.0,195.0,0.0,0,19.5,18.0,42.0,0.0,0.0,0.0,0.0
2006,Scott Wimmer,24,0,0,0.0,29.38,1812.0,6929.0,5.0,7,34.96,12.0,42.0,0.0,0.0,0.0,0.07
2008,Michael McDowell,20,0,0,0.0,30.15,1466.0,5419.0,3.0,8,32.35,20.0,43.0,0.0,0.0,0.0,0.06
2014,A.J. Allmendinger,36,2,5,1.0,20.17,868.0,10280.0,69.0,19,19.67,1.0,43.0,5.56,13.89,2.78,0.67
2015,Michael McDowell,16,0,0,0.0,30.69,213.0,4541.0,0.0,2,29.31,20.0,42.0,0.0,0.0,0.0,0.0
2023,Joey Logano,36,11,17,1.0,14.94,945.0,8681.0,308.0,29,11.92,1.0,37.0,30.56,47.22,2.78,3.55
1952,Bruce Atchley,6,0,0,0.0,19.33,,307.0,0.0,0,17.6,15.0,26.0,0.0,0.0,0.0,0.0
1954,Dick Freeman,1,0,0,0.0,31.0,,20.0,0.0,0,25.0,31.0,31.0,0.0,0.0,0.0,0.0
1954,Dan Danello,1,0,0,0.0,27.0,,199.0,0.0,0,,27.0,27.0,0.0,0.0,0.0,0.0
1957,Johnny Frank,1,0,0,0.0,18.0,,111.0,0.0,0,26.0,18.0,18.0,0.0,0.0,0.0,0.0
1957,Ray Davis,1,0,0,0.0,21.0,,78.0,0.0,0,15.0,21.0,21.0,0.0,0.0,0.0,0.0
1961,George Alsobrook,8,0,1,0.0,25.5,1392.0,938.0,0.0,0,24.38,6.0,41.0,0.0,12.5,0.0,0.0
1963,Paul Goldsmith,6,1,1,0.0,25.0,0.0,545.0,22.0,1,7.5,2.0,40.0,16.67,16.67,0.0,4.04
1966,Ned Setzer,2,0,0,0.0,22.5,410.0,147.0,0.0,0,28.5,15.0,30.0,0.0,0.0,0.0,0.0
1969,George Bauer,2,0,0,0.0,22.0,0.0,203.0,0.0,0,30.0,21.0,23.0,0.0,0.0,0.0,0.0
1976,Chuck Bown,5,0,0,0.0,22.6,481.0,568.0,3.0,0,13.4,16.0,31.0,0.0,0.0,0.0,0.53
2011,Michael Waltrip,3,0,1,0.0,25.67,56.0,403.0,1.0,1,14.33,9.0,40.0,0.0,33.33,0.0,0.25
1951,Louis Luther,1,0,0,0.0,18.0,,,0.0,0,,18.0,18.0,0.0,0.0,0.0,
1959,Russ Whitman,1,0,0,0.0,20.0,72.0,27.0,0.0,0,17.0,20.0,20.0,0.0,0.0,0.0,0.0
1964,Bob Welborn,3,2,2,0.0,7.0,1016.0,506.0,125.0,0,6.67,5.0,11.0,66.67,66.67,0.0,24.7
1984,Rick Newsom,1,0,0,0.0,29.0,76.0,242.0,0.0,0,34.0,29.0,29.0,0.0,0.0,0.0,0.0
1951,V.E. Miller,1,0,0,0.0,15.0,,,0.0,0,,15.0,15.0,0.0,0.0,0.0,
1951,Jimmy Warden,1,0,0,0.0,50.0,,314.0,0.0,0,69.0,50.0,50.0,0.0,0.0,0.0,0.0
1954,Al Bolinger,1,0,0,0.0,17.0,,103.0,0.0,0,,17.0,17.0,0.0,0.0,0.0,0.0
1954,Earl Beer,1,0,0,0.0,12.0,,46.0,0.0,0,,12.0,12.0,0.0,0.0,0.0,0.0
1977,Carl Joiner,1,0,0,0.0,31.0,70.0,10.0,0.0,0,19.0,31.0,31.0,0.0,0.0,0.0,0.0
1950,Dick Shuebruk,1,0,0,0.0,21.0,,,0.0,0,,21.0,21.0,0.0,0.0,0.0,
1951,Ray Duhigg,6,0,0,0.0,22.83,,213.0,0.0,0,46.0,13.0,28.0,0.0,0.0,0.0,0.0
1952,Chuck Garrett,1,0,0,0.0,36.0,,109.0,0.0,0,35.0,36.0,36.0,0.0,0.0,0.0,0.0
1953,Dick Linder,1,0,0,0.0,11.0,,176.0,0.0,0,26.0,11.0,11.0,0.0,0.0,0.0,0.0
1954,Andy Biddle,1,0,0,0.0,16.0,,142.0,0.0,0,,16.0,16.0,0.0,0.0,0.0,0.0
1956,Jimmy Pardue,2,0,0,0.0,13.0,,170.0,0.0,0,19.5,11.0,15.0,0.0,0.0,0.0,0.0
1957,Jim Hurtubise,2,0,1,0.0,11.5,,244.0,0.0,0,14.5,10.0,13.0,0.0,50.0,0.0,0.0
1959,Joe Weatherly,17,6,10,0.0,13.71,3404.0,2776.0,189.0,2,10.18,2.0,43.0,35.29,58.82,0.0,6.81
1959,Jim Cook,2,0,1,0.0,16.0,,357.0,0.0,0,14.0,8.0,24.0,0.0,50.0,0.0,0.0
1961,Fred Harb,27,1,8,0.0,16.48,4526.0,4039.0,0.0,0,12.81,4.0,41.0,3.7,29.63,0.0,0.0
1965,Elmo Langley,35,3,9,0.0,16.06,10982.0,5748.0,19.0,0,14.83,3.0,35.0,8.57,25.71,0.0,0.33
1966,Elmo Langley,47,12,20,2.0,14.53,19116.0,9461.0,308.0,2,9.55,1.0,45.0,25.53,42.55,4.26,3.26
1970,Robert Hale,1,0,0,0.0,14.0,0.0,123.0,0.0,0,20.0,14.0,14.0,0.0,0.0,0.0,0.0
1971,Richard Childress,12,0,0,0.0,24.83,516.0,1394.0,0.0,0,25.67,18.0,36.0,0.0,0.0,0.0,0.0
1972,Jimmy Finger,2,0,0,0.0,21.0,120.0,214.0,0.0,0,21.5,11.0,31.0,0.0,0.0,0.0,0.0
1975,Charlie Glotzbach,2,0,1,0.0,21.0,60.0,454.0,1.0,0,11.0,6.0,36.0,0.0,50.0,0.0,0.22
1976,Travis Tiller,9,0,0,0.0,24.11,816.0,2012.0,0.0,0,30.0,17.0,33.0,0.0,0.0,0.0,0.0
1981,James Hylton,28,0,0,0.0,21.64,2756.0,7047.0,12.0,0,27.64,11.0,39.0,0.0,0.0,0.0,0.17
1982,Bobby Allison,30,14,20,8.0,9.33,4417.0,9184.0,2423.0,12,7.7,1.0,27.0,46.67,66.67,26.67,26.38
1983,Neil Bonnett,30,10,17,2.0,12.27,3842.0,9418.0,650.0,8,8.77,1.0,35.0,33.33,56.67,6.67,6.9
1984,Sterling Marlin,14,0,2,0.0,25.71,1207.0,2737.0,0.0,0,26.57,8.0,39.0,0.0,14.29,0.0,0.0
1986,Buddy Arrington,26,0,0,0.0,18.81,2776.0,8152.0,4.0,0,29.42,12.0,25.0,0.0,0.0,0.0,0.05
1986,Jocko Maggiacomo,2,0,0,0.0,37.5,101.0,14.0,0.0,0,34.5,36.0,39.0,0.0,0.0,0.0,0.0
1990,Ron Esau,1,0,0,0.0,25.0,88.0,383.0,0.0,0,33.0,25.0,25.0,0.0,0.0,0.0,0.0
1993,Joe Ruttman,5,1,1,0.0,27.0,417.0,1165.0,0.0,1,27.8,5.0,38.0,20.0,20.0,0.0,0.0
2000,Kenny Irwin Jr.,17,1,1,0.0,26.47,1440.0,4304.0,2.0,4,27.53,4.0,42.0,5.88,5.88,0.0,0.05
2000,Ricky Rudd,34,12,19,0.0,11.53,4575.0,10048.0,362.0,24,12.68,2.0,38.0,35.29,55.88,0.0,3.6
2001,Scott Pruett,2,0,0,0.0,11.5,262.0,202.0,3.0,2,9.5,11.0,12.0,0.0,0.0,0.0,1.49
2003,Brett Bodine,6,0,0,0.0,33.33,308.0,1850.0,0.0,0,33.83,24.0,42.0,0.0,0.0,0.0,0.0
2006,Robby Gordon,36,1,3,0.0,25.33,3163.0,9200.0,8.0,16,27.47,4.0,43.0,2.78,8.33,0.0,0.09
2006,Tony Raines,29,0,1,0.0,24.45,2609.0,8728.0,28.0,11,31.76,7.0,40.0,0.0,3.45,0.0,0.32
2008,Scott Riggs,34,0,1,0.0,25.82,2947.0,10036.0,16.0,12,25.68,7.0,43.0,0.0,2.94,0.0,0.16
2011,Jeff Burton,36,2,5,0.0,18.28,935.0,10457.0,94.0,23,20.69,2.0,36.0,5.56,13.89,0.0,0.9
2012,Carl Edwards,36,3,13,0.0,15.56,1030.0,9968.0,254.0,25,14.5,5.0,39.0,8.33,36.11,0.0,2.55
2015,Aric Almirola,36,3,6,0.0,17.92,940.0,9992.0,3.0,25,22.36,4.0,43.0,8.33,16.67,0.0,0.03
2021,Chris Windom,1,0,0,0.0,33.0,4.0,62.0,0.0,0,36.0,33.0,33.0,0.0,0.0,0.0,0.0
2023,Harrison Burton,36,0,2,0.0,24.67,450.0,8924.0,25.0,17,25.31,6.0,36.0,0.0,5.56,0.0,0.28
2024,Austin Dillon,36,1,5,1.0,22.56,568.0,9323.0,36.0,20,19.39,1.0,37.0,2.78,13.89,2.78,0.39
2024,Christopher Bell,36,15,23,3.0,12.81,1153.0,9298.0,1145.0,26,11.22,1.0,38.0,41.67,63.89,8.33,12.31
2025,Chris Buescher,36,5,16,0.0,14.33,911.0,9399.0,47.0,28,12.47,2.0,34.0,13.89,44.44,0.0,0.5
1951,Ronnie Kohler,5,2,3,0.0,10.6,,,0.0,0,21.0,3.0,29.0,40.0,60.0,0.0,
1954,John Kieper,1,0,0,0.0,20.0,,420.0,0.0,0,15.0,20.0,20.0,0.0,0.0,0.0,0.0
1954,Elmer Musclow,1,0,0,0.0,15.0,,171.0,0.0,0,,15.0,15.0,0.0,0.0,0.0,0.0
1969,Bob Cooper,1,0,0,0.0,44.0,21.0,55.0,0.0,0,40.0,44.0,44.0,0.0,0.0,0.0,0.0
1993,James Hylton,2,0,0,0.0,37.0,104.0,86.0,0.0,0,37.5,34.0,40.0,0.0,0.0,0.0,0.0
2015,Kyle Fowler,1,0,0,0.0,41.0,3.0,373.0,0.0,0,40.0,41.0,41.0,0.0,0.0,0.0,0.0
2024,Justin Allgaier,1,0,0,0.0,13.0,0.0,249.0,0.0,1,10.0,13.0,13.0,0.0,0.0,0.0,0.0
1963,Earl Brooks,3,1,1,0.0,18.67,568.0,783.0,0.0,0,24.0,5.0,29.0,33.33,33.33,0.0,0.0
1970,Roger McCluskey,1,1,1,0.0,2.0,0.0,193.0,2.0,1,13.0,2.0,2.0,100.0,100.0,0.0,1.04
2004,Mike Skinner,1,0,0,0.0,22.0,97.0,198.0,0.0,0,43.0,22.0,22.0,0.0,0.0,0.0,0.0
2009,Mike Wallace,2,0,0,0.0,41.0,80.0,61.0,0.0,0,36.0,39.0,43.0,0.0,0.0,0.0,0.0
1951,Tip R. Key,1,0,0,0.0,40.0,,,0.0,0,35.0,40.0,40.0,0.0,0.0,0.0,
1951,Gwyn Staley,2,0,0,0.0,38.5,,303.0,0.0,0,34.0,25.0,52.0,0.0,0.0,0.0,0.0
1954,Al Metz,1,0,0,0.0,11.0,,131.0,0.0,0,,11.0,11.0,0.0,0.0,0.0,0.0
1954,Bob Grossman,1,1,1,0.0,5.0,,49.0,0.0,0,4.0,5.0,5.0,100.0,100.0,0.0,0.0
1963,Skip Hudson,1,0,0,0.0,26.0,64.0,75.0,0.0,0,17.0,26.0,26.0,0.0,0.0,0.0,0.0
1966,Eldon Yarbrough,1,0,0,0.0,29.0,100.0,74.0,0.0,0,19.0,29.0,29.0,0.0,0.0,0.0,0.0
1954,Dick Jennette,1,0,0,0.0,17.0,,115.0,0.0,0,,17.0,17.0,0.0,0.0,0.0,0.0
1956,Jack Choquette,2,0,1,0.0,38.5,,173.0,0.0,0,10.5,9.0,68.0,0.0,50.0,0.0,0.0
1958,Ron Hornaday,2,0,0,0.0,33.5,,53.0,0.0,0,17.0,22.0,45.0,0.0,0.0,0.0,0.0
1958,Emanuel Zervakis,6,0,0,0.0,32.83,32.0,457.0,0.0,0,12.5,21.0,55.0,0.0,0.0,0.0,0.0
1959,Bernie Hentges,2,0,0,0.0,24.5,200.0,176.0,0.0,0,25.5,12.0,37.0,0.0,0.0,0.0,0.0
1961,J.C. Hendrix,2,0,1,0.0,18.5,1424.0,456.0,0.0,0,31.0,10.0,27.0,0.0,50.0,0.0,0.0
1962,George Green,46,1,15,0.0,15.04,12132.0,9279.0,0.0,0,20.04,5.0,44.0,2.17,32.61,0.0,0.0
1964,Buck Baker,35,15,18,2.0,10.97,22286.0,7263.0,159.0,5,10.09,1.0,29.0,42.86,51.43,5.71,2.19
1964,Jimmy Massey,1,0,0,0.0,26.0,16.0,0.0,0.0,0,11.0,26.0,26.0,0.0,0.0,0.0,
1965,Raymond Carter,9,0,2,0.0,21.33,1672.0,638.0,0.0,0,21.44,7.0,36.0,0.0,22.22,0.0,0.0
1970,Bill Seifert,39,1,4,0.0,20.38,1962.0,5162.0,0.0,0,20.0,5.0,47.0,2.56,10.26,0.0,0.0
1973,Mel Larson,10,0,0,0.0,26.2,384.0,2160.0,0.0,0,32.0,13.0,44.0,0.0,0.0,0.0,0.0
1976,Donnie Allison,9,2,5,1.0,17.78,988.0,2178.0,104.0,2,7.67,1.0,35.0,22.22,55.56,11.11,4.78
1985,Ken Schrader,28,0,3,0.0,18.43,3024.0,7786.0,4.0,0,21.29,10.0,40.0,0.0,10.71,0.0,0.05
1985,Mike Stolarcyk,1,0,0,0.0,32.0,67.0,116.0,0.0,0,37.0,32.0,32.0,0.0,0.0,0.0,0.0
1987,Bill Elliott,29,16,20,6.0,9.86,4207.0,8902.0,1399.0,17,6.1,1.0,34.0,55.17,68.97,20.69,15.72
1988,Dave Mader III,1,0,0,0.0,24.0,91.0,271.0,0.0,0,27.0,24.0,24.0,0.0,0.0,0.0,0.0
2005,Elliott Sadler,36,1,12,0.0,17.58,4084.0,10495.0,383.0,24,14.11,2.0,39.0,2.78,33.33,0.0,3.65
2006,Kyle Busch,36,10,18,1.0,15.5,4441.0,10013.0,571.0,27,14.86,1.0,40.0,27.78,50.0,2.78,5.7
2010,Clint Bowyer,36,7,18,2.0,14.44,4526.0,10133.0,400.0,28,14.94,1.0,40.0,19.44,50.0,5.56,3.95
2015,Justin Allgaier,36,0,1,0.0,27.69,588.0,9526.0,1.0,11,26.39,8.0,43.0,0.0,2.78,0.0,0.01
2019,Stanton Barrett,1,0,0,0.0,35.0,2.0,132.0,0.0,0,39.0,35.0,35.0,0.0,0.0,0.0,0.0
2022,Josh Williams,3,0,0,0.0,27.0,0.0,446.0,0.0,2,37.0,25.0,31.0,0.0,0.0,0.0,0.0
1951,Bill Harrison,1,0,0,0.0,12.0,,133.0,0.0,0,22.0,12.0,12.0,0.0,0.0,0.0,0.0
1954,Ben Gregory,4,2,2,0.0,9.25,,1232.0,0.0,0,2.0,4.0,18.0,50.0,50.0,0.0,0.0
1954,Woody Brown,4,0,0,0.0,17.5,,991.0,0.0,0,5.0,13.0,24.0,0.0,0.0,0.0,0.0
1957,Lou Spears,3,0,0,0.0,17.67,,351.0,0.0,0,21.67,11.0,22.0,0.0,0.0,0.0,0.0
1959,Benny Rakestraw,7,1,1,0.0,18.86,0.0,1144.0,0.0,0,22.57,4.0,34.0,14.29,14.29,0.0,0.0
1964,Mark Hurley,9,0,1,0.0,21.11,1392.0,1082.0,0.0,0,18.67,9.0,32.0,0.0,11.11,0.0,0.0
1965,Joe Holder,2,0,0,0.0,21.5,144.0,135.0,0.0,0,21.5,20.0,23.0,0.0,0.0,0.0,0.0
2016,A.J. Allmendinger,36,2,9,0.0,17.81,840.0,10018.0,29.0,26,17.17,2.0,38.0,5.56,25.0,0.0,0.29
1977,Jim Raptis,3,0,0,0.0,36.33,89.0,116.0,0.0,0,30.67,30.0,40.0,0.0,0.0,0.0,0.0
1994,Chad Little,1,0,0,0.0,29.0,81.0,196.0,1.0,0,17.0,29.0,29.0,0.0,0.0,0.0,0.51
1951,Dick Bailey,2,0,0,0.0,28.0,,,0.0,0,,15.0,41.0,0.0,0.0,0.0,
1952,Joe Guide,2,0,0,0.0,52.0,,200.0,0.0,0,36.0,46.0,58.0,0.0,0.0,0.0,0.0
1953,John McGorrien,1,0,0,0.0,20.0,,,0.0,0,,20.0,20.0,0.0,0.0,0.0,
1954,Matt Gowan,1,0,0,0.0,17.0,,53.0,0.0,0,,17.0,17.0,0.0,0.0,0.0,0.0
1951,Ben Lalomia,1,0,0,0.0,39.0,,,0.0,0,5.0,39.0,39.0,0.0,0.0,0.0,
1951,Jack Gaynor,1,0,0,0.0,24.0,,,0.0,0,23.0,24.0,24.0,0.0,0.0,0.0,
1952,Al Conroy,1,0,0,0.0,36.0,,308.0,0.0,0,32.0,36.0,36.0,0.0,0.0,0.0,0.0
1954,B. Fisher,1,0,0,0.0,38.0,,29.0,0.0,0,,38.0,38.0,0.0,0.0,0.0,0.0
1957,Ed Jackson,1,0,0,0.0,13.0,,72.0,0.0,0,22.0,13.0,13.0,0.0,0.0,0.0,0.0
1969,Worth McMillion,1,0,0,0.0,14.0,74.0,328.0,0.0,0,27.0,14.0,14.0,0.0,0.0,0.0,0.0
1979,Ron Hutcherson,1,0,0,0.0,41.0,0.0,0.0,0.0,0,41.0,41.0,41.0,0.0,0.0,0.0,
1950,Joe Littlejohn,1,0,0,0.0,35.0,,7.0,0.0,0,1.0,35.0,35.0,0.0,0.0,0.0,0.0
1955,FiFi Scott,2,0,0,0.0,18.0,24.0,216.0,0.0,0,24.0,13.0,23.0,0.0,0.0,0.0,0.0
1960,T.C. Hunt,3,0,0,0.0,34.33,264.0,353.0,0.0,0,30.67,25.0,46.0,0.0,0.0,0.0,0.0
1960,Ron Hornaday,3,1,1,0.0,12.67,476.0,283.0,0.0,0,11.5,4.0,22.0,33.33,33.33,0.0,0.0
1961,Jim Cook,4,1,2,0.0,12.75,1016.0,314.0,0.0,0,8.33,4.0,20.0,25.0,50.0,0.0,0.0
1965,H.B. Bailey,5,1,3,0.0,12.6,7340.0,811.0,0.0,0,14.2,5.0,32.0,20.0,60.0,0.0,0.0
1967,Worth McMillion,2,0,2,0.0,6.5,818.0,497.0,0.0,0,26.5,6.0,7.0,0.0,100.0,0.0,0.0
1967,G.T. Nolan,1,0,0,0.0,12.0,280.0,144.0,0.0,0,28.0,12.0,12.0,0.0,0.0,0.0,0.0
1969,Bob Burcham,1,0,0,0.0,34.0,0.0,2.0,0.0,0,36.0,34.0,34.0,0.0,0.0,0.0,0.0
1970,Neil Castles,47,12,24,0.0,13.66,3158.0,10297.0,31.0,0,14.85,2.0,50.0,25.53,51.06,0.0,0.3
1970,Earl Brooks,21,0,1,0.0,23.71,884.0,1782.0,0.0,0,21.1,8.0,37.0,0.0,4.76,0.0,0.0
1971,Eddie Yarboro,7,0,0,0.0,21.14,443.0,1624.0,0.0,0,29.57,12.0,40.0,0.0,0.0,0.0,0.0
1972,Ben Arnold,26,0,7,0.0,16.0,1820.0,6976.0,0.0,0,19.73,6.0,36.0,0.0,26.92,0.0,0.0
1973,David Ray Boggs,1,0,0,0.0,29.0,44.0,116.0,0.0,0,29.0,29.0,29.0,0.0,0.0,0.0,0.0
1975,John Martin,1,0,0,0.0,30.0,73.0,53.0,0.0,0,29.0,30.0,30.0,0.0,0.0,0.0,0.0
1977,Donnie Allison,17,9,10,2.0,14.71,1970.0,4133.0,1163.0,7,4.24,1.0,42.0,52.94,58.82,11.76,28.14
1978,David Pearson,22,11,11,4.0,15.64,2756.0,5375.0,758.0,8,4.68,1.0,38.0,50.0,50.0,18.18,14.1
1985,Kyle Petty,28,7,12,0.0,13.68,3523.0,8796.0,75.0,5,12.32,2.0,37.0,25.0,42.86,0.0,0.85
1985,Dick Brooks,4,0,1,0.0,22.5,249.0,1076.0,0.0,0,25.0,10.0,38.0,0.0,25.0,0.0,0.0
1985,Eddie Bierschwale,26,0,0,0.0,23.62,2396.0,6559.0,0.0,0,31.19,15.0,34.0,0.0,0.0,0.0,0.0
1990,Irv Hoerr,2,0,2,0.0,9.0,281.0,164.0,3.0,2,23.0,8.0,10.0,0.0,100.0,0.0,1.83
1999,Elliott Sadler,34,0,1,0.0,23.21,3191.0,9851.0,5.0,9,28.79,10.0,40.0,0.0,2.94,0.0,0.05
2000,Kenny Wallace,34,1,1,0.0,26.38,2874.0,8900.0,17.0,7,21.91,2.0,43.0,2.94,2.94,0.0,0.19
2004,Travis Kvapil,3,0,0,0.0,30.67,213.0,979.0,0.0,1,19.0,21.0,39.0,0.0,0.0,0.0,0.0
2009,Greg Biffle,36,10,16,0.0,13.97,4541.0,10241.0,551.0,30,13.86,3.0,39.0,27.78,44.44,0.0,5.38
2009,Jimmie Johnson,36,16,24,7.0,11.08,5156.0,10298.0,2238.0,30,8.25,1.0,38.0,44.44,66.67,19.44,21.73
2012,Brendan Gaughan,4,0,0,0.0,31.5,50.0,1057.0,0.0,0,33.0,22.0,43.0,0.0,0.0,0.0,0.0
2012,Scott Riggs,20,0,0,0.0,41.2,56.0,511.0,0.0,0,36.55,37.0,43.0,0.0,0.0,0.0,0.0
2013,Marcos Ambrose,36,0,6,0.0,19.92,872.0,10129.0,71.0,20,17.42,6.0,42.0,0.0,16.67,0.0,0.7
2014,Dale Earnhardt Jr.,36,12,20,4.0,12.19,1175.0,9818.0,383.0,29,16.14,1.0,43.0,33.33,55.56,11.11,3.9
2015,Kasey Kahne,36,3,10,0.0,18.14,939.0,9896.0,66.0,22,14.86,4.0,43.0,8.33,27.78,0.0,0.67
2018,Derrike Cope,3,0,0,0.0,34.67,8.0,642.0,0.0,0,37.33,33.0,37.0,0.0,0.0,0.0,0.0
1949,Garland Smith,1,0,0,0.0,18.0,,,0.0,0,,18.0,18.0,0.0,0.0,0.0,
1960,Bob Eichlor,1,0,0,0.0,39.0,84.0,39.0,0.0,0,26.0,39.0,39.0,0.0,0.0,0.0,0.0
1962,Darel Dieringer,14,1,3,0.0,19.36,4548.0,3179.0,17.0,0,16.93,5.0,38.0,7.14,21.43,0.0,0.53
1966,Don White,8,3,5,0.0,10.63,0.0,1961.0,8.0,1,9.25,2.0,27.0,37.5,62.5,0.0,0.41
1969,Marty Kinerk,1,0,0,0.0,34.0,51.0,40.0,0.0,0,18.0,34.0,34.0,0.0,0.0,0.0,0.0
2016,Regan Smith,35,1,2,0.0,28.26,452.0,9598.0,8.0,6,31.09,3.0,39.0,2.86,5.71,0.0,0.08
1974,Jim Vandiver,7,0,1,0.0,24.71,,1061.0,1.0,0,18.14,8.0,39.0,0.0,14.29,0.0,0.09
1977,Jimmy Lee Capps,3,0,0,0.0,23.0,282.0,815.0,0.0,0,26.67,18.0,33.0,0.0,0.0,0.0,0.0
1983,Roy Smith,1,0,0,0.0,36.0,55.0,36.0,0.0,0,14.0,36.0,36.0,0.0,0.0,0.0,0.0
2001,Shawna Robinson,1,0,0,0.0,34.0,61.0,197.0,0.0,0,32.0,34.0,34.0,0.0,0.0,0.0,0.0
2010,Tony Raines,9,0,0,0.0,34.56,534.0,2671.0,0.0,0,40.78,28.0,42.0,0.0,0.0,0.0,0.0
1950,John Borden,2,0,0,0.0,14.0,,,0.0,0,,12.0,16.0,0.0,0.0,0.0,
1950,Sara Christian,1,0,0,0.0,14.0,,,0.0,0,,14.0,14.0,0.0,0.0,0.0,
1954,Nero Steptoe,1,0,0,0.0,29.0,,35.0,0.0,0,43.0,29.0,29.0,0.0,0.0,0.0,0.0
1956,Buzz Auckland,1,0,0,0.0,33.0,,43.0,0.0,0,30.0,33.0,33.0,0.0,0.0,0.0,0.0
1956,Vince Cougineri,1,0,0,0.0,12.0,,256.0,0.0,0,23.0,12.0,12.0,0.0,0.0,0.0,0.0
1956,Mario Rossi,1,0,0,0.0,31.0,,97.0,0.0,0,24.0,31.0,31.0,0.0,0.0,0.0,0.0
1986,Tommie Crozier,2,0,0,0.0,33.5,125.0,354.0,0.0,0,37.0,28.0,39.0,0.0,0.0,0.0,0.0
1991,Kerry Teague,1,0,0,0.0,37.0,52.0,124.0,0.0,0,37.0,37.0,37.0,0.0,0.0,0.0,0.0
1953,Byron Clouse,1,0,1,0.0,7.0,,,0.0,0,,7.0,7.0,0.0,100.0,0.0,
1982,David Simko,2,0,0,0.0,34.5,43.0,100.0,0.0,0,32.0,29.0,40.0,0.0,0.0,0.0,0.0
1950,Jack Smith,3,1,1,0.0,19.33,0.0,376.0,65.0,0,12.67,2.0,29.0,33.33,33.33,0.0,17.29
1953,Dick Meyer,1,1,1,0.0,4.0,,355.0,0.0,0,13.0,4.0,4.0,100.0,100.0,0.0,0.0
1958,Jim McCorkindale,1,0,0,0.0,30.0,,120.0,0.0,0,12.0,30.0,30.0,0.0,0.0,0.0,0.0
1960,Paul Parks,3,0,0,0.0,27.67,202.0,273.0,0.0,0,43.0,18.0,37.0,0.0,0.0,0.0,0.0
1965,Fritz Wilson,1,0,0,0.0,21.0,0.0,84.0,0.0,0,34.0,21.0,21.0,0.0,0.0,0.0,0.0
1965,Henley Gray,38,1,7,0.0,17.39,9552.0,5291.0,0.0,0,19.74,5.0,39.0,2.63,18.42,0.0,0.0
1969,Cecil Gordon,51,1,8,0.0,16.63,3002.0,10744.0,0.0,0,21.86,5.0,38.0,1.96,15.69,0.0,0.0
1972,Robert Wales,2,0,0,0.0,49.0,8.0,14.0,0.0,0,39.5,48.0,50.0,0.0,0.0,0.0,0.0
1977,Richard Petty,30,20,23,5.0,7.53,4614.0,8840.0,1403.0,13,4.43,1.0,32.0,66.67,76.67,16.67,15.87
1982,Harry Gant,30,9,16,2.0,13.7,3877.0,8454.0,420.0,6,6.57,1.0,38.0,30.0,53.33,6.67,4.97
1982,Darrell Waltrip,30,17,20,12.0,9.13,4489.0,9455.0,3026.0,15,3.77,1.0,36.0,56.67,66.67,40.0,32.0
1989,Ken Schrader,29,10,14,1.0,13.21,3786.0,8675.0,364.0,12,7.24,1.0,37.0,34.48,48.28,3.45,4.2
1999,Geoff Bodine,34,1,2,0.0,24.74,3053.0,9535.0,9.0,6,21.68,3.0,41.0,2.94,5.88,0.0,0.09
2001,Hut Stricklin,22,0,1,0.0,27.59,1770.0,6215.0,0.0,4,29.14,6.0,40.0,0.0,4.55,0.0,0.0
2002,Kevin Lepage,3,0,0,0.0,39.67,132.0,494.0,0.0,0,29.33,36.0,43.0,0.0,0.0,0.0,0.0
2006,Dale Earnhardt Jr.,36,10,17,1.0,13.5,4641.0,10358.0,444.0,30,19.19,1.0,43.0,27.78,47.22,2.78,4.29
2011,Mike Bliss,18,0,0,0.0,30.11,0.0,5311.0,3.0,0,40.0,21.0,36.0,0.0,0.0,0.0,0.06
2013,David Gilliland,36,1,2,0.0,26.19,648.0,10046.0,8.0,10,29.36,2.0,39.0,2.78,5.56,0.0,0.08
2014,Kasey Kahne,36,3,11,1.0,17.61,966.0,10275.0,218.0,23,17.25,1.0,42.0,8.33,30.56,2.78,2.12
2014,Josh Wise,35,0,0,0.0,32.43,405.0,9254.0,0.0,4,33.94,20.0,42.0,0.0,0.0,0.0,0.0
2020,Austin Dillon,35,4,9,1.0,16.17,840.0,9469.0,135.0,23,15.37,1.0,39.0,11.43,25.71,2.86,1.43
2021,Shane Golobic,1,0,0,0.0,37.0,1.0,39.0,0.0,0,35.0,37.0,37.0,0.0,0.0,0.0,0.0
2022,Kevin Harvick,36,9,17,2.0,14.33,923.0,8942.0,119.0,28,17.5,1.0,36.0,25.0,47.22,5.56,1.33
1961,Bob Devine,1,0,0,0.0,15.0,280.0,92.0,0.0,0,10.0,15.0,15.0,0.0,0.0,0.0,0.0
1965,Fred Harb,5,1,2,0.0,12.0,1148.0,766.0,0.0,0,7.6,5.0,19.0,20.0,40.0,0.0,0.0
1968,Curtis Turner,6,1,4,0.0,8.83,456.0,1448.0,0.0,0,7.67,4.0,15.0,16.67,66.67,0.0,0.0
1977,Dick Skillen,1,0,0,0.0,36.0,55.0,38.0,0.0,0,38.0,36.0,36.0,0.0,0.0,0.0,0.0
1983,Donnie Allison,2,0,0,0.0,25.0,0.0,138.0,0.0,0,20.5,14.0,36.0,0.0,0.0,0.0,0.0
2022,Justin Allgaier,2,0,0,0.0,33.0,0.0,260.0,0.0,0,29.0,30.0,36.0,0.0,0.0,0.0,0.0
1956,Jack Montgangelo,1,0,0,0.0,20.0,,206.0,0.0,0,31.0,20.0,20.0,0.0,0.0,0.0,0.0
1957,Reds Kagle,1,0,0,0.0,32.0,,23.0,0.0,0,14.0,32.0,32.0,0.0,0.0,0.0,0.0
2001,Dave Marcis,3,0,0,0.0,35.33,171.0,837.0,0.0,0,18.67,32.0,38.0,0.0,0.0,0.0,0.0
2017,Ross Chastain,2,0,0,0.0,29.0,0.0,751.0,0.0,0,34.0,20.0,38.0,0.0,0.0,0.0,0.0
1957,Al Stearn,1,0,0,0.0,15.0,,57.0,0.0,0,12.0,15.0,15.0,0.0,0.0,0.0,0.0
1962,John Dodd Jr.,2,0,0,0.0,34.5,220.0,78.0,0.0,0,29.5,29.0,40.0,0.0,0.0,0.0,0.0
1965,Jack Anderson,2,0,0,0.0,21.5,432.0,18.0,0.0,0,18.0,12.0,31.0,0.0,0.0,0.0,0.0
1980,Mike Alexander,1,0,1,0.0,10.0,0.0,409.0,0.0,0,12.0,10.0,10.0,0.0,100.0,0.0,0.0
1985,Ed Sanger,1,0,0,0.0,26.0,85.0,358.0,0.0,0,29.0,26.0,26.0,0.0,0.0,0.0,0.0
2005,Wayne Anderson,1,0,0,0.0,43.0,34.0,16.0,0.0,0,35.0,43.0,43.0,0.0,0.0,0.0,0.0
1950,Virgil Livengood,1,0,0,0.0,35.0,,338.0,0.0,0,6.0,35.0,35.0,0.0,0.0,0.0,0.0
1950,Bub King,1,0,0,0.0,45.0,,329.0,0.0,0,29.0,45.0,45.0,0.0,0.0,0.0,0.0
1951,Bobby Myers,2,0,0,0.0,20.5,,199.0,0.0,0,34.0,16.0,25.0,0.0,0.0,0.0,0.0
1952,Jack Smith,8,0,2,0.0,16.13,,883.0,186.0,0,10.5,6.0,31.0,0.0,25.0,0.0,21.06
1953,Tim Flock,26,11,18,1.0,10.85,,1990.0,291.0,3,4.25,1.0,39.0,42.31,69.23,3.85,14.62
1953,John Ross,1,0,0,0.0,11.0,,,0.0,0,,11.0,11.0,0.0,0.0,0.0,
1953,Bill Cleveland,2,0,1,0.0,23.5,,,0.0,0,,10.0,37.0,0.0,50.0,0.0,
1954,Allan Clarke,1,0,0,0.0,15.0,,166.0,0.0,0,,15.0,15.0,0.0,0.0,0.0,0.0
1956,Red Farmer,3,0,0,0.0,22.67,,324.0,0.0,0,24.33,15.0,36.0,0.0,0.0,0.0,0.0
1958,Bill Jones,1,0,0,0.0,18.0,,160.0,0.0,0,31.0,18.0,18.0,0.0,0.0,0.0,0.0
1958,Peck Peckham,11,0,0,0.0,20.91,1112.0,1263.0,0.0,0,24.22,13.0,53.0,0.0,0.0,0.0,0.0
1959,Bill Taylor,3,0,0,0.0,17.67,,827.0,0.0,0,22.0,12.0,22.0,0.0,0.0,0.0,0.0
1962,Jack Smith,51,27,35,5.0,8.59,22870.0,10781.0,902.0,12,7.58,1.0,34.0,52.94,68.63,9.8,8.37
1963,Johnny Allen,8,0,1,0.0,25.5,1382.0,743.0,0.0,0,18.63,9.0,40.0,0.0,12.5,0.0,0.0
1964,Possum Jones,5,0,0,0.0,22.0,580.0,531.0,0.0,0,20.6,11.0,39.0,0.0,0.0,0.0,0.0
1967,George Davis,21,1,6,0.0,16.57,5434.0,3342.0,0.0,0,18.67,5.0,37.0,4.76,28.57,0.0,0.0
1968,John Sears,49,5,24,0.0,13.02,2962.0,11077.0,0.0,0,11.61,3.0,42.0,10.2,48.98,0.0,0.0
1969,Bobby Isaac,50,29,33,17.0,9.98,3300.0,12308.0,5053.0,22,3.56,1.0,41.0,58.0,66.0,34.0,41.05
1969,Billy Hagan,1,0,1,0.0,8.0,0.0,155.0,0.0,0,29.0,8.0,8.0,0.0,100.0,0.0,0.0
1971,Bill Champion,45,3,14,0.0,16.62,3058.0,10518.0,0.0,0,16.22,5.0,43.0,6.67,31.11,0.0,0.0
1972,Paul Jett,2,0,1,0.0,14.0,148.0,391.0,0.0,0,40.0,10.0,18.0,0.0,50.0,0.0,0.0
1975,Elmo Langley,29,2,7,0.0,15.52,3399.0,8602.0,0.0,0,24.55,5.0,27.0,6.9,24.14,0.0,0.0
1976,Darrell Waltrip,30,10,12,1.0,17.37,3505.0,7780.0,534.0,4,6.2,1.0,40.0,33.33,40.0,3.33,6.86
1978,Wayne Morgan,2,0,0,0.0,34.0,122.0,19.0,0.0,0,35.0,29.0,39.0,0.0,0.0,0.0,0.0
1985,Jimmy Means,28,0,0,0.0,24.0,2548.0,6774.0,0.0,0,27.89,12.0,42.0,0.0,0.0,0.0,0.0
1991,Ernie Irvan,29,11,19,2.0,12.1,3925.0,8720.0,584.0,16,8.41,1.0,33.0,37.93,65.52,6.9,6.7
2004,Derrike Cope,18,0,0,0.0,34.83,1058.0,4058.0,1.0,0,37.44,25.0,42.0,0.0,0.0,0.0,0.02
2005,Jamie McMurray,36,4,10,0.0,16.75,4130.0,10405.0,39.0,24,21.42,2.0,40.0,11.11,27.78,0.0,0.37
2009,Kevin Harvick,36,5,9,0.0,19.94,3796.0,10237.0,159.0,23,20.89,2.0,41.0,13.89,25.0,0.0,1.55
2010,Elliott Sadler,36,0,1,0.0,24.78,3234.0,10363.0,32.0,12,24.75,9.0,41.0,0.0,2.78,0.0,0.31
2011,Clint Bowyer,36,4,16,1.0,15.47,1047.0,10441.0,345.0,25,16.42,1.0,36.0,11.11,44.44,2.78,3.3
2011,Trevor Bayne,17,1,1,1.0,25.82,0.0,4036.0,11.0,7,18.82,1.0,41.0,5.88,5.88,5.88,0.27
2019,Martin Truex Jr.,36,15,24,7.0,9.75,1285.0,10152.0,1371.0,26,13.11,1.0,35.0,41.67,66.67,19.44,13.5
2025,Joey Logano,36,7,13,1.0,15.33,955.0,9361.0,577.0,31,13.28,1.0,39.0,19.44,36.11,2.78,6.16
1962,Woodie Wilson,3,0,1,0.0,30.0,466.0,70.0,0.0,0,32.0,7.0,42.0,0.0,33.33,0.0,0.0
1967,Jim Hurtubise,2,0,1,0.0,18.0,36.0,196.0,0.0,0,28.0,9.0,27.0,0.0,50.0,0.0,0.0
1969,Paul Dorrity,1,0,0,0.0,20.0,93.0,129.0,0.0,0,20.0,20.0,20.0,0.0,0.0,0.0,0.0
1974,Don Reynolds,2,0,1,0.0,14.0,,303.0,0.0,0,34.5,10.0,18.0,0.0,50.0,0.0,0.0
1979,Wayne Watercutter,3,0,0,0.0,23.33,212.0,681.0,0.0,0,28.0,12.0,32.0,0.0,0.0,0.0,0.0
1989,Tommy Ellis,3,0,0,0.0,21.0,115.0,996.0,0.0,0,20.0,16.0,29.0,0.0,0.0,0.0,0.0
2006,Todd Bodine,2,0,0,0.0,30.5,143.0,475.0,0.0,0,27.0,19.0,42.0,0.0,0.0,0.0,0.0
2011,Stephen Leicht,1,0,0,0.0,24.0,20.0,399.0,0.0,0,40.0,24.0,24.0,0.0,0.0,0.0,0.0
2015,T.J. Bell,1,0,0,0.0,37.0,7.0,325.0,0.0,0,43.0,37.0,37.0,0.0,0.0,0.0,0.0
2018,Regan Smith,11,0,1,0.0,23.0,157.0,3162.0,10.0,4,28.45,10.0,39.0,0.0,9.09,0.0,0.32
1950,Bob Burkhart,1,0,0,0.0,41.0,,,0.0,0,,41.0,41.0,0.0,0.0,0.0,
1961,Doc Lee,1,0,0,0.0,15.0,,135.0,0.0,0,22.0,15.0,15.0,0.0,0.0,0.0,0.0
1966,Bob Cooper,2,0,1,0.0,12.5,666.0,634.0,0.0,0,17.0,8.0,17.0,0.0,50.0,0.0,0.0
1971,Vic Elford,1,0,0,0.0,20.0,0.0,46.0,0.0,0,14.0,20.0,20.0,0.0,0.0,0.0,0.0
1979,Jim Thirkettle,1,0,1,0.0,8.0,142.0,117.0,0.0,0,14.0,8.0,8.0,0.0,100.0,0.0,0.0
1979,Don Graham,1,0,0,0.0,22.0,97.0,100.0,0.0,0,35.0,22.0,22.0,0.0,0.0,0.0,0.0
1986,Johnny Coy Jr.,2,0,0,0.0,26.5,167.0,591.0,0.0,0,37.0,17.0,36.0,0.0,0.0,0.0,0.0
2012,Hermie Sadler,1,0,0,0.0,31.0,13.0,505.0,0.0,0,41.0,31.0,31.0,0.0,0.0,0.0,0.0
1952,Bill Holland,1,0,0,0.0,30.0,,123.0,0.0,0,36.0,30.0,30.0,0.0,0.0,0.0,0.0
1953,Max King,1,0,0,0.0,16.0,,,0.0,0,,16.0,16.0,0.0,0.0,0.0,
1963,Harold Beal,1,0,0,0.0,20.0,792.0,164.0,0.0,0,41.0,20.0,20.0,0.0,0.0,0.0,0.0
1969,George Ashbrook,1,0,0,0.0,13.0,76.0,262.0,0.0,0,29.0,13.0,13.0,0.0,0.0,0.0,0.0
1983,Ed Baugess,1,0,0,0.0,30.0,73.0,13.0,0.0,0,29.0,30.0,30.0,0.0,0.0,0.0,0.0
2002,Scott Pruett,1,0,1,0.0,6.0,150.0,90.0,0.0,1,19.0,6.0,6.0,0.0,100.0,0.0,0.0
1953,Chet Williams,2,0,0,0.0,22.0,,374.0,0.0,0,33.5,17.0,27.0,0.0,0.0,0.0,0.0
1956,Eddie Skinner,6,0,0,0.0,21.33,,427.0,0.0,0,32.33,14.0,28.0,0.0,0.0,0.0,0.0
1957,Bill Hidden,2,0,0,0.0,16.0,,121.0,0.0,0,18.0,12.0,20.0,0.0,0.0,0.0,0.0
1962,Glenn Killian,1,0,0,0.0,24.0,32.0,3.0,0.0,0,19.0,24.0,24.0,0.0,0.0,0.0,0.0
1964,Bobby Johns,12,0,2,0.0,21.67,5436.0,1806.0,0.0,0,15.25,9.0,36.0,0.0,16.67,0.0,0.0
1965,Tiny Lund,30,8,17,1.0,12.5,12820.0,5224.0,209.0,1,13.43,1.0,39.0,26.67,56.67,3.33,4.0
1968,Bill Seifert,44,1,9,0.0,18.23,2171.0,8103.0,0.0,0,22.0,5.0,43.0,2.27,20.45,0.0,0.0
1970,Cale Yarborough,19,11,13,3.0,10.68,1058.0,5034.0,957.0,4,4.84,1.0,40.0,57.89,68.42,15.79,19.01
1970,Buddy Arrington,19,0,2,0.0,23.84,1114.0,2855.0,0.0,0,18.95,6.0,42.0,0.0,10.53,0.0,0.0
1970,Fred Lorenzen,7,1,1,0.0,27.14,231.0,1165.0,50.0,0,9.57,3.0,49.0,14.29,14.29,0.0,4.29
1970,Bob Senneker,1,0,0,0.0,21.0,90.0,175.0,0.0,0,30.0,21.0,21.0,0.0,0.0,0.0,0.0
1971,Tommy Gale,9,0,1,0.0,19.89,728.0,1616.0,0.0,0,27.89,9.0,37.0,0.0,11.11,0.0,0.0
1973,Charlie Glotzbach,5,0,1,0.0,26.0,250.0,1048.0,0.0,0,13.4,8.0,37.0,0.0,20.0,0.0,0.0
1974,Earl Ross,21,5,10,1.0,12.38,,5860.0,127.0,2,12.24,1.0,50.0,23.81,47.62,4.76,2.17
1976,Dick Skillen,5,0,0,0.0,24.0,455.0,810.0,0.0,0,30.4,17.0,31.0,0.0,0.0,0.0,0.0
1980,Ed Hale,1,0,0,0.0,29.0,76.0,37.0,0.0,0,35.0,29.0,29.0,0.0,0.0,0.0,0.0
1980,Stan Barrett,3,0,1,0.0,11.33,0.0,987.0,0.0,0,23.0,10.0,13.0,0.0,33.33,0.0,0.0
1985,Morgan Shepherd,16,1,2,0.0,25.38,1406.0,2951.0,1.0,0,19.5,5.0,39.0,6.25,12.5,0.0,0.03
1985,Alan Kulwicki,5,0,0,0.0,20.4,509.0,1843.0,0.0,0,25.8,13.0,27.0,0.0,0.0,0.0,0.0
1988,Brett Bodine,29,2,5,0.0,22.38,2833.0,7789.0,200.0,3,15.66,3.0,43.0,6.9,17.24,0.0,2.57
1992,Morgan Shepherd,29,3,11,0.0,14.31,3549.0,9093.0,60.0,7,13.48,2.0,38.0,10.34,37.93,0.0,0.66
1992,Dale Jarrett,29,2,8,0.0,17.76,3251.0,8586.0,103.0,8,16.52,2.0,39.0,6.9,27.59,0.0,1.2
1993,Rick Wilson,29,0,1,0.0,24.0,2647.0,8117.0,1.0,2,20.28,8.0,36.0,0.0,3.45,0.0,0.01
1996,Dale Earnhardt,31,13,17,2.0,10.65,4327.0,9530.0,616.0,21,14.61,1.0,32.0,41.94,54.84,6.45,6.46
2010,Tony Stewart,36,9,17,2.0,13.86,4628.0,10738.0,537.0,27,13.19,1.0,32.0,25.0,47.22,5.56,5.0
2010,Jeff Gordon,36,11,17,0.0,13.39,4669.0,10545.0,919.0,30,12.67,2.0,37.0,30.56,47.22,0.0,8.72
2015,Travis Kvapil,4,0,0,0.0,35.5,0.0,698.0,0.0,0,41.5,32.0,40.0,0.0,0.0,0.0,0.0
2018,D.J. Kennington,10,0,0,0.0,26.5,0.0,2962.0,0.0,2,33.9,13.0,34.0,0.0,0.0,0.0,0.0
2019,Landon Cassill,36,0,0,0.0,29.28,0.0,9419.0,1.0,4,30.92,11.0,40.0,0.0,0.0,0.0,0.01
2020,Chris Buescher,36,2,8,0.0,19.56,664.0,9361.0,33.0,20,18.64,3.0,38.0,5.56,22.22,0.0,0.35
2025,Chase Elliott,36,11,19,2.0,12.61,1087.0,9045.0,454.0,32,16.14,1.0,40.0,30.56,52.78,5.56,5.02
1949,Dick Linder,3,1,1,0.0,16.0,,416.0,0.0,0,35.0,2.0,26.0,33.33,33.33,0.0,0.0
1950,Bill Greever,1,0,0,0.0,17.0,,128.0,0.0,0,,17.0,17.0,0.0,0.0,0.0,0.0
1950,Dick Jerrett,3,0,2,0.0,10.67,,184.0,0.0,0,,9.0,13.0,0.0,66.67,0.0,0.0
1951,Rusty Rushton,2,0,0,0.0,22.5,,,0.0,0,7.0,19.0,26.0,0.0,0.0,0.0,
1952,Francis Radaker,1,0,0,0.0,27.0,,64.0,0.0,0,26.0,27.0,27.0,0.0,0.0,0.0,0.0
1954,Billy Vee,1,0,0,0.0,16.0,,168.0,0.0,0,,16.0,16.0,0.0,0.0,0.0,0.0
1955,Max Berrier,2,0,0,0.0,16.0,,232.0,0.0,0,19.0,14.0,18.0,0.0,0.0,0.0,0.0
1958,Lloyd Ragon,2,0,1,0.0,12.5,352.0,225.0,0.0,0,15.0,8.0,17.0,0.0,50.0,0.0,0.0
1961,Buzz Woodward,1,0,1,0.0,7.0,,456.0,0.0,0,11.0,7.0,7.0,0.0,100.0,0.0,0.0
1965,Frank Warren,4,0,1,0.0,22.0,3814.0,769.0,0.0,0,30.25,8.0,43.0,0.0,25.0,0.0,0.0
1968,Gene Black,7,0,0,0.0,20.0,181.0,762.0,0.0,0,20.14,11.0,31.0,0.0,0.0,0.0,0.0
1969,Parnelli Jones,1,0,0,0.0,37.0,0.0,22.0,0.0,0,10.0,37.0,37.0,0.0,0.0,0.0,0.0
1999,Loy Allen Jr.,2,0,0,0.0,40.0,86.0,306.0,0.0,0,37.0,40.0,40.0,0.0,0.0,0.0,0.0
2025,Josh Bilicki,6,0,0,0.0,32.83,0.0,933.0,0.0,1,36.33,21.0,39.0,0.0,0.0,0.0,0.0
1950,Pepper Cunningham,2,0,2,0.0,8.0,,130.0,0.0,0,,6.0,10.0,0.0,100.0,0.0,0.0
1956,Arnold Denley,1,0,0,0.0,29.0,,5.0,0.0,0,24.0,29.0,29.0,0.0,0.0,0.0,0.0
1983,Jimmy Walker,2,0,0,0.0,28.0,76.0,289.0,0.0,0,22.0,27.0,29.0,0.0,0.0,0.0,0.0
1985,Randy LaJoie,1,0,0,0.0,14.0,0.0,319.0,0.0,0,16.0,14.0,14.0,0.0,0.0,0.0,0.0
1992,A.J. Foyt,1,0,0,0.0,21.0,100.0,195.0,0.0,0,39.0,21.0,21.0,0.0,0.0,0.0,0.0
1952,W.H. Baker,1,0,0,0.0,22.0,,368.0,0.0,0,57.0,22.0,22.0,0.0,0.0,0.0,0.0
1955,Bob Flock,1,1,1,0.0,5.0,504.0,195.0,0.0,0,8.0,5.0,5.0,100.0,100.0,0.0,0.0
1960,Lee Parris,1,0,0,0.0,14.0,120.0,129.0,0.0,0,15.0,14.0,14.0,0.0,0.0,0.0,0.0
1955,John McVitty,7,0,2,0.0,14.0,684.0,951.0,0.0,0,18.29,8.0,20.0,0.0,28.57,0.0,0.0
1959,Cotton Owens,37,13,22,1.0,10.38,7455.0,6733.0,208.0,5,9.42,1.0,33.0,35.14,59.46,2.7,3.09
1959,Bob Price,2,0,0,0.0,18.0,,427.0,0.0,0,4.0,11.0,25.0,0.0,0.0,0.0,0.0
1960,Glen Wood,9,6,7,3.0,6.78,244.0,2206.0,766.0,4,2.56,1.0,25.0,66.67,77.78,33.33,34.72
1961,George Green,11,1,3,0.0,16.64,2066.0,1926.0,0.0,0,21.91,4.0,28.0,9.09,27.27,0.0,0.0
1968,Al Unser Sr.,2,1,2,0.0,5.0,0.0,382.0,1.0,1,11.0,4.0,6.0,50.0,100.0,0.0,0.26
1969,Henley Gray,48,0,5,0.0,18.48,2517.0,8954.0,0.0,0,25.19,8.0,42.0,0.0,10.42,0.0,0.0
1970,LeeRoy Yarbrough,19,8,11,1.0,13.84,625.0,4249.0,251.0,4,6.26,1.0,30.0,42.11,57.89,5.26,5.91
1970,Jim Paschal,1,0,0,0.0,20.0,0.0,325.0,11.0,0,11.0,20.0,20.0,0.0,0.0,0.0,3.38
1974,Randy Hutchison,1,0,0,0.0,27.0,,66.0,0.0,0,14.0,27.0,27.0,0.0,0.0,0.0,0.0
1978,Ronnie Thomas,27,0,2,0.0,20.63,2733.0,7287.0,0.0,0,25.22,9.0,33.0,0.0,7.41,0.0,0.0
1981,Dale Earnhardt,31,9,17,0.0,13.52,3978.0,8134.0,300.0,7,7.97,2.0,35.0,29.03,54.84,0.0,3.69
1981,Rick Wilson,8,0,0,0.0,28.13,639.0,989.0,7.0,0,17.5,11.0,42.0,0.0,0.0,0.0,0.71
1982,Al Loquasto,5,0,0,0.0,26.4,115.0,519.0,0.0,0,28.0,16.0,36.0,0.0,0.0,0.0,0.0
1986,John Krebs,2,0,0,0.0,34.0,122.0,94.0,0.0,0,38.0,26.0,42.0,0.0,0.0,0.0,0.0
1988,Gary Collins,1,0,0,0.0,33.0,64.0,212.0,0.0,0,39.0,33.0,33.0,0.0,0.0,0.0,0.0
1990,Rick Mast,20,0,1,0.0,25.75,1719.0,5335.0,0.0,1,24.2,7.0,39.0,0.0,5.0,0.0,0.0
1990,Ted Kennedy,1,0,0,0.0,43.0,34.0,11.0,0.0,0,39.0,43.0,43.0,0.0,0.0,0.0,0.0
1996,Ted Musgrave,31,2,7,0.0,17.61,3466.0,9352.0,5.0,12,21.16,3.0,36.0,6.45,22.58,0.0,0.05
1997,Rick Mast,29,0,2,0.0,24.9,2569.0,8415.0,1.0,6,24.38,9.0,42.0,0.0,6.9,0.0,0.01
1998,Billy Standridge,4,0,0,0.0,33.5,250.0,568.0,0.0,0,28.25,28.0,43.0,0.0,0.0,0.0,0.0
2000,Steve Park,34,6,13,1.0,17.15,3934.0,9925.0,289.0,18,17.15,1.0,43.0,17.65,38.24,2.94,2.91
2005,Ricky Rudd,36,2,9,0.0,20.75,3692.0,9841.0,30.0,19,21.44,2.0,41.0,5.56,25.0,0.0,0.3
2005,Bobby Hamilton,3,0,0,0.0,32.0,201.0,818.0,0.0,1,32.67,27.0,39.0,0.0,0.0,0.0,0.0
2008,David Ragan,36,6,14,0.0,15.56,4299.0,10661.0,27.0,25,17.44,3.0,42.0,16.67,38.89,0.0,0.25
2014,Carl Edwards,36,7,14,2.0,15.06,1059.0,10457.0,135.0,27,13.53,1.0,41.0,19.44,38.89,5.56,1.29
2014,Mike Wallace,6,0,0,0.0,34.67,0.0,1927.0,0.0,0,39.17,26.0,40.0,0.0,0.0,0.0,0.0
2015,Matt Kenseth,34,12,20,5.0,14.32,1046.0,9267.0,927.0,29,11.53,1.0,42.0,35.29,58.82,14.71,10.0
2016,Danica Patrick,36,0,0,0.0,22.03,689.0,10326.0,30.0,14,25.14,11.0,38.0,0.0,0.0,0.0,0.29
2017,Kurt Busch,36,6,15,1.0,16.5,865.0,9837.0,16.0,22,11.78,1.0,37.0,16.67,41.67,2.78,0.16
2018,Ryan Blaney,36,8,16,1.0,14.83,1076.0,9525.0,660.0,27,9.36,1.0,40.0,22.22,44.44,2.78,6.93
2021,Alex Bowman,36,8,16,4.0,15.08,954.0,8499.0,161.0,25,13.67,1.0,38.0,22.22,44.44,11.11,1.89
2025,Michael McDowell,36,3,6,0.0,18.19,734.0,9425.0,96.0,24,15.69,4.0,35.0,8.33,16.67,0.0,1.02
1958,Nace Mattingly,4,0,1,0.0,17.0,136.0,332.0,0.0,0,12.67,9.0,26.0,0.0,25.0,0.0,0.0
1958,Thomas Aiken,1,0,0,0.0,12.0,128.0,93.0,0.0,0,19.0,12.0,12.0,0.0,0.0,0.0,0.0
1964,Jim Hurtubise,1,0,0,0.0,23.0,0.0,77.0,2.0,0,21.0,23.0,23.0,0.0,0.0,0.0,2.6
1988,Connie Saylor,2,0,0,0.0,30.0,100.0,496.0,0.0,0,34.5,21.0,39.0,0.0,0.0,0.0,0.0
2011,Patrick Carpentier,1,0,0,0.0,30.0,0.0,265.0,0.0,0,40.0,30.0,30.0,0.0,0.0,0.0,0.0
1953,Fred Moore,2,0,1,0.0,14.0,,,0.0,0,,10.0,18.0,0.0,50.0,0.0,
1956,Possum Jones,1,0,0,0.0,22.0,,336.0,0.0,0,65.0,22.0,22.0,0.0,0.0,0.0,0.0
1965,Bud Harless,5,0,0,0.0,26.6,932.0,849.0,0.0,0,28.0,18.0,43.0,0.0,0.0,0.0,0.0
1980,Bob Riley,2,0,0,0.0,33.0,0.0,196.0,0.0,0,33.0,27.0,39.0,0.0,0.0,0.0,0.0
1989,Rich Bickle,2,0,0,0.0,30.5,143.0,355.0,0.0,0,40.0,22.0,39.0,0.0,0.0,0.0,0.0
1952,Billy Myers,1,0,0,0.0,14.0,,220.0,0.0,0,33.0,14.0,14.0,0.0,0.0,0.0,0.0
1966,Skip Hudson,1,0,0,0.0,35.0,100.0,30.0,0.0,0,22.0,35.0,35.0,0.0,0.0,0.0,0.0
1978,Steve Pfeifer,1,0,0,0.0,32.0,67.0,98.0,0.0,0,39.0,32.0,32.0,0.0,0.0,0.0,0.0
1983,Tommy Ellis,1,0,0,0.0,15.0,118.0,386.0,0.0,0,35.0,15.0,15.0,0.0,0.0,0.0,0.0
